"BehaviorSpace results (NetLogo 7.0.3)","Table version 2.0"
"netlogo/coherence_model_tencon.nlogox"
"H001_batch2_proportion_sweep_full"
"07/03/2026 09:28:48:851 +1000"
"min-pxcor","max-pxcor","min-pycor","max-pycor"
"-16","16","-16","16"
"[run number]","population","coupling-strength","noise-level","perturb-duration","recovery-tolerance","perturbation-regime","perturbation-strength","identity-pull-weight","social-pull-weight","metabolic-rate","shock-multiplier","recovery-rate","fatigue-threshold","fatigue-saturation","fatigue-intensity","cost-decay-rate","fatigue-enabled?","controlled-variance?","selective-identity-pull","human-update-rate","ai-influence-radius","ai-tie-strength-multiplier","ai-noise-multiplier","human-noise-multiplier","coordination-regime","human-regime-bias-mean","ai-regime-bias-mean","ai-proportion","[step]","recovery-time","max-deviation","heading-variance","diversity-index","human-heading-variance","ai-heading-variance","human-diversity-index","ai-diversity-index","mean-cumulative-cost","human-mean-cost","ai-mean-cost","human-ai-cost-ratio","mean-alignment-work","human-mean-alignment-work","ai-mean-alignment-work","human-ai-work-ratio","cost-gini","max-fatigue-level","human-max-fatigue","ai-max-fatigue","mean-fatigue-level","human-mean-fatigue","ai-mean-fatigue","agents-fatigued","initial-coupling-bias-variance","num-humans","num-ais"
"7","100","0.4","0.35","144","5","single","60","0.2","0.5","0.1","1","0.05","500","2000","0.5","0.01","true","false","all","5","8","1.5","0.3","1","coherence","0.3","0.8","0","3000","0","16.822336236542043","82.3394529095532","0.45744140505307335","82.3394529095532","0","0.45744140505307335","0","11.377817217828596","11.377817217828596","0","0","1050.935925497392","1050.935925497392","0","0","0.08026673730169853","0","0","0","0","0","0","0","0.0830967287391211","100","0"
"8","100","0.4","0.35","144","5","single","60","0.2","0.5","0.1","1","0.05","500","2000","0.5","0.01","true","false","all","5","8","1.5","0.3","1","coherence","0.3","0.8","0","3000","176","17.368798854161156","87.24618493539091","0.4847010274188384","87.24618493539091","0","0.4847010274188384","0","11.616720067107758","11.616720067107758","0","0","1174.1768897308848","1174.1768897308848","0","0","0.10157722888641985","0","0","0","0","0","0","0","0.0782811861142113","100","0"
"1","100","0.4","0.35","144","5","single","60","0.2","0.5","0.1","1","0.05","500","2000","0.5","0.01","true","false","all","5","8","1.5","0.3","1","coherence","0.3","0.8","0","3000","0","14.444962782278381","85.33346450486975","0.47407480280483194","85.33346450486975","0","0.47407480280483194","0","11.359344413399908","11.359344413399908","0","0","1091.9877382790178","1091.9877382790178","0","0","0.07962276807770863","0","0","0","0","0","0","0","0.08331886421803193","100","0"
"2","100","0.4","0.35","144","5","single","60","0.2","0.5","0.1","1","0.05","500","2000","0.5","0.01","true","false","all","5","8","1.5","0.3","1","coherence","0.3","0.8","0","3000","11","22.58857669879079","84.15258370197098","0.4675143538998388","84.15258370197098","0","0.4675143538998388","0","11.18544627452589","11.18544627452589","0","0","963.8470981861834","963.8470981861834","0","0","0.07813806343014451","0","0","0","0","0","0","0","0.07622264170202835","100","0"
"5","100","0.4","0.35","144","5","single","60","0.2","0.5","0.1","1","0.05","500","2000","0.5","0.01","true","false","all","5","8","1.5","0.3","1","coherence","0.3","0.8","0","3000","591","11.188382973146972","86.62088788464821","0.4812271549147123","86.62088788464821","0","0.4812271549147123","0","11.232484722201312","11.232484722201312","0","0","934.2286254932328","934.2286254932328","0","0","0.07377630213716535","0","0","0","0","0","0","0","0.08390551677128807","100","0"
"6","100","0.4","0.35","144","5","single","60","0.2","0.5","0.1","1","0.05","500","2000","0.5","0.01","true","false","all","5","8","1.5","0.3","1","coherence","0.3","0.8","0","3000","56","21.58475844450848","86.96094681502984","0.48311637119461026","86.96094681502984","0","0.48311637119461026","0","11.242044854629238","11.242044854629238","0","0","983.4478812960155","983.4478812960155","0","0","0.07612908631108595","0","0","0","0","0","0","0","0.07569174550115275","100","0"
"3","100","0.4","0.35","144","5","single","60","0.2","0.5","0.1","1","0.05","500","2000","0.5","0.01","true","false","all","5","8","1.5","0.3","1","coherence","0.3","0.8","0","3000","0","16.055469626505115","86.18382078093033","0.47879900433850187","86.18382078093033","0","0.47879900433850187","0","11.318945741386047","11.318945741386047","0","0","1079.5327941764494","1079.5327941764494","0","0","0.08966691420773842","0","0","0","0","0","0","0","0.09827160058265365","100","0"
"4","100","0.4","0.35","144","5","single","60","0.2","0.5","0.1","1","0.05","500","2000","0.5","0.01","true","false","all","5","8","1.5","0.3","1","coherence","0.3","0.8","0","3000","0","11.428414022040343","95.18243450475677","0.5287913028042043","95.18243450475677","0","0.5287913028042043","0","11.006577929315709","11.006577929315709","0","0","1033.520213645616","1033.520213645616","0","0","0.07884904814852511","0","0","0","0","0","0","0","0.07483473687046459","100","0"
"10","100","0.4","0.35","144","5","single","60","0.2","0.5","0.1","1","0.05","500","2000","0.5","0.01","true","false","all","5","8","1.5","0.3","1","coherence","0.3","0.8","0","3000","0","16.261201553032805","95.03163386537076","0.527953521474282","95.03163386537076","0","0.527953521474282","0","11.44019551827814","11.44019551827814","0","0","1077.348552847909","1077.348552847909","0","0","0.07908837204927521","0","0","0","0","0","0","0","0.08301605176725656","100","0"
"9","100","0.4","0.35","144","5","single","60","0.2","0.5","0.1","1","0.05","500","2000","0.5","0.01","true","false","all","5","8","1.5","0.3","1","coherence","0.3","0.8","0","3000","181","23.500942657399904","100.52873574779659","0.5584929763766477","100.52873574779659","0","0.5584929763766477","0","11.232207800516896","11.232207800516896","0","0","1040.4005964852458","1040.4005964852458","0","0","0.06933859606883619","0","0","0","0","0","0","0","0.0912539851637882","100","0"
"11","100","0.4","0.35","144","5","single","60","0.2","0.5","0.1","1","0.05","500","2000","0.5","0.01","true","false","all","5","8","1.5","0.3","1","coherence","0.3","0.8","0","3000","0","20.49215021575003","68.91910225386586","0.3828839014103659","68.91910225386586","0","0.3828839014103659","0","10.996574013854993","10.996574013854993","0","0","926.2914501810884","926.2914501810884","0","0","0.08353084748431217","0","0","0","0","0","0","0","0.08162547621347956","100","0"
"13","100","0.4","0.35","144","5","single","60","0.2","0.5","0.1","1","0.05","500","2000","0.5","0.01","true","false","all","5","8","1.5","0.3","1","coherence","0.3","0.8","0","3000","0","16.892642195826653","95.31708938230048","0.5295393854572249","95.31708938230048","0","0.5295393854572249","0","11.29817608339991","11.29817608339991","0","0","1058.125404721578","1058.125404721578","0","0","0.09348798540135284","0","0","0","0","0","0","0","0.08775103135945941","100","0"
"12","100","0.4","0.35","144","5","single","60","0.2","0.5","0.1","1","0.05","500","2000","0.5","0.01","true","false","all","5","8","1.5","0.3","1","coherence","0.3","0.8","0","3000","0","10.567968827718886","86.86875072929952","0.48260417071833067","86.86875072929952","0","0.48260417071833067","0","11.595110757722995","11.595110757722995","0","0","1183.3064814352917","1183.3064814352917","0","0","0.09274642560234403","0","0","0","0","0","0","0","0.0904564506070003","100","0"
"15","100","0.4","0.35","144","5","single","60","0.2","0.5","0.1","1","0.05","500","2000","0.5","0.01","true","false","all","5","8","1.5","0.3","1","coherence","0.3","0.8","0","3000","0","11.907063635609816","95.79807875643709","0.5322115486468727","95.79807875643709","0","0.5322115486468727","0","10.834640998446616","10.834640998446616","0","0","960.4975869208004","960.4975869208004","0","0","0.06901720899405861","0","0","0","0","0","0","0","0.09013573706399348","100","0"
"16","100","0.4","0.35","144","5","single","60","0.2","0.5","0.1","1","0.05","500","2000","0.5","0.01","true","false","all","5","8","1.5","0.3","1","coherence","0.3","0.8","0","3000","0","12.916780133765954","100.28262590346833","0.5571256994637129","100.28262590346833","0","0.5571256994637129","0","11.32213615848958","11.32213615848958","0","0","1167.1451574984662","1167.1451574984662","0","0","0.08848514464657264","0","0","0","0","0","0","0","0.07696295620310856","100","0"
"14","100","0.4","0.35","144","5","single","60","0.2","0.5","0.1","1","0.05","500","2000","0.5","0.01","true","false","all","5","8","1.5","0.3","1","coherence","0.3","0.8","0","3000","0","15.07362853110159","79.30339570032208","0.4405744205573449","79.30339570032208","0","0.4405744205573449","0","11.201926711223066","11.201926711223066","0","0","1082.135765409007","1082.135765409007","0","0","0.0876676388994082","0","0","0","0","0","0","0","0.07334711212937974","100","0"
"17","100","0.4","0.35","144","5","single","60","0.2","0.5","0.1","1","0.05","500","2000","0.5","0.01","true","false","all","5","8","1.5","0.3","1","coherence","0.3","0.8","0","3000","0","13.544644226354336","97.30362158098706","0.5405756754499281","97.30362158098706","0","0.5405756754499281","0","11.33600682301127","11.33600682301127","0","0","993.7500016912918","993.7500016912918","0","0","0.09083576352598","0","0","0","0","0","0","0","0.0906743489858299","100","0"
"18","100","0.4","0.35","144","5","single","60","0.2","0.5","0.1","1","0.05","500","2000","0.5","0.01","true","false","all","5","8","1.5","0.3","1","coherence","0.3","0.8","0","3000","0","18.302395064906378","80.70532108547035","0.4483628949192797","80.70532108547035","0","0.4483628949192797","0","11.256566288442137","11.256566288442137","0","0","993.4527372495977","993.4527372495977","0","0","0.07304538139043215","0","0","0","0","0","0","0","0.08241286621623518","100","0"
"19","100","0.4","0.35","144","5","single","60","0.2","0.5","0.1","1","0.05","500","2000","0.5","0.01","true","false","all","5","8","1.5","0.3","1","coherence","0.3","0.8","0","3000","56","13.913061072741982","88.59336633194394","0.4921853685107997","88.59336633194394","0","0.4921853685107997","0","10.899553815230798","10.899553815230798","0","0","856.1618380626588","856.1618380626588","0","0","0.06924559179277279","0","0","0","0","0","0","0","0.08935891003201045","100","0"
"22","100","0.4","0.35","144","5","single","60","0.2","0.5","0.1","1","0.05","500","2000","0.5","0.01","true","false","all","5","8","1.5","0.3","1","coherence","0.3","0.8","0","3000","31","16.44283709232404","95.81725862748088","0.532318103486005","95.81725862748088","0","0.532318103486005","0","11.052704442651287","11.052704442651287","0","0","1128.8943299318357","1128.8943299318357","0","0","0.0890837949620451","0","0","0","0","0","0","0","0.07113308069312185","100","0"
"20","100","0.4","0.35","144","5","single","60","0.2","0.5","0.1","1","0.05","500","2000","0.5","0.01","true","false","all","5","8","1.5","0.3","1","coherence","0.3","0.8","0","3000","0","8.975231840330139","86.3648575130951","0.47980476396163946","86.3648575130951","0","0.47980476396163946","0","11.209226708687993","11.209226708687993","0","0","1028.3914421828247","1028.3914421828247","0","0","0.0781850999170659","0","0","0","0","0","0","0","0.08109641193056764","100","0"
"23","100","0.4","0.35","144","5","single","60","0.2","0.5","0.1","1","0.05","500","2000","0.5","0.01","true","false","all","5","8","1.5","0.3","1","coherence","0.3","0.8","0","3000","0","10.000572678908284","93.67147846403786","0.5203971025779881","93.67147846403786","0","0.5203971025779881","0","11.045507656462302","11.045507656462302","0","0","973.085253425289","973.085253425289","0","0","0.07693366307604155","0","0","0","0","0","0","0","0.09799952516952476","100","0"
"21","100","0.4","0.35","144","5","single","60","0.2","0.5","0.1","1","0.05","500","2000","0.5","0.01","true","false","all","5","8","1.5","0.3","1","coherence","0.3","0.8","0","3000","776","16.813839187340932","98.16563626644933","0.5453646459247184","98.16563626644933","0","0.5453646459247184","0","11.440746630833305","11.440746630833305","0","0","1010.4743608329486","1010.4743608329486","0","0","0.09190759851359931","0","0","0","0","0","0","0","0.08876511784649463","100","0"
"24","100","0.4","0.35","144","5","single","60","0.2","0.5","0.1","1","0.05","500","2000","0.5","0.01","true","false","all","5","8","1.5","0.3","1","coherence","0.3","0.8","0","3000","566","14.658606084415283","97.32002626912963","0.5406668126062757","97.32002626912963","0","0.5406668126062757","0","11.345787170614972","11.345787170614972","0","0","982.0231909003828","982.0231909003828","0","0","0.0886567857284517","0","0","0","0","0","0","0","0.09578382218291996","100","0"
"25","100","0.4","0.35","144","5","single","60","0.2","0.5","0.1","1","0.05","500","2000","0.5","0.01","true","false","all","5","8","1.5","0.3","1","coherence","0.3","0.8","0","3000","401","24.535101563655033","73.4212126391997","0.40789562577333166","73.4212126391997","0","0.40789562577333166","0","11.060661410753493","11.060661410753493","0","0","996.4119272900369","996.4119272900369","0","0","0.07766408676725023","0","0","0","0","0","0","0","0.07814183055587672","100","0"
"26","100","0.4","0.35","144","5","single","60","0.2","0.5","0.1","1","0.05","500","2000","0.5","0.01","true","false","all","5","8","1.5","0.3","1","coherence","0.3","0.8","0","3000","256","23.509608449316374","98.8185804850456","0.5489921138058089","98.8185804850456","0","0.5489921138058089","0","11.374638934520776","11.374638934520776","0","0","1116.1484597573606","1116.1484597573606","0","0","0.08332294577897081","0","0","0","0","0","0","0","0.07479822715823639","100","0"
"27","100","0.4","0.35","144","5","single","60","0.2","0.5","0.1","1","0.05","500","2000","0.5","0.01","true","false","all","5","8","1.5","0.3","1","coherence","0.3","0.8","0","3000","0","22.63483314305317","85.56648092878389","0.4753693384932438","85.56648092878389","0","0.4753693384932438","0","11.561850938937548","11.561850938937548","0","0","1183.9510841868023","1183.9510841868023","0","0","0.08921995718668141","0","0","0","0","0","0","0","0.09317941064808713","100","0"
"28","100","0.4","0.35","144","5","single","60","0.2","0.5","0.1","1","0.05","500","2000","0.5","0.01","true","false","all","5","8","1.5","0.3","1","coherence","0.3","0.8","0","3000","6","18.548070102268866","108.05932343715092","0.6003295746508385","108.05932343715092","0","0.6003295746508385","0","11.25676319385044","11.25676319385044","0","0","1096.3150979113068","1096.3150979113068","0","0","0.07931173371377143","0","0","0","0","0","0","0","0.08703073576764539","100","0"
"29","100","0.4","0.35","144","5","single","60","0.2","0.5","0.1","1","0.05","500","2000","0.5","0.01","true","false","all","5","8","1.5","0.3","1","coherence","0.3","0.8","0","3000","0","13.59605749294954","83.37736829338895","0.4632076016299386","83.37736829338895","0","0.4632076016299386","0","11.6398015427562","11.6398015427562","0","0","1200.092737700579","1200.092737700579","0","0","0.10196271492458941","0","0","0","0","0","0","0","0.07892296389547723","100","0"
"30","100","0.4","0.35","144","5","single","60","0.2","0.5","0.1","1","0.05","500","2000","0.5","0.01","true","false","all","5","8","1.5","0.3","1","coherence","0.3","0.8","0","3000","0","9.701376689787395","81.12531503129647","0.45069619461831373","81.12531503129647","0","0.45069619461831373","0","11.253650795308067","11.253650795308067","0","0","1171.6793471246713","1171.6793471246713","0","0","0.08676157326304046","0","0","0","0","0","0","0","0.0774678143008092","100","0"
"31","100","0.4","0.35","144","5","single","60","0.2","0.5","0.1","1","0.05","500","2000","0.5","0.01","true","false","all","5","8","1.5","0.3","1","coherence","0.3","0.8","0.1","3000","0","9.501024403992005","92.4047148330973","0.5133595268505405","90.90520813638895","92.30042618690916","0.5050289340910498","0.5127801454828287","12.019858431585822","11.358978417567823","17.967778557747845","0.6321860201616154","1212.3393253681988","1037.4749967852686","2786.118282614573","0.37237291871602535","0.12329158519257533","0","0","0","0","0","0","0","0.07667454949697229","90","10"
"32","100","0.4","0.35","144","5","single","60","0.2","0.5","0.1","1","0.05","500","2000","0.5","0.01","true","false","all","5","8","1.5","0.3","1","coherence","0.3","0.8","0.1","3000","0","9.893666150504274","90.74673486542586","0.5041485270301437","86.02038128373808","126.97401840047212","0.4778910071318782","0.7054112133359562","11.86667582993624","11.201222206675611","17.855758439281907","0.6273170778359882","1467.3033523469308","1094.1506165799703","4825.677974249574","0.22673510798244226","0.11209937556551797","0","0","0","0","0","0","0","0.08321116409176602","90","10"
"33","100","0.4","0.35","144","5","single","60","0.2","0.5","0.1","1","0.05","500","2000","0.5","0.01","true","false","all","5","8","1.5","0.3","1","coherence","0.3","0.8","0.1","3000","0","7.35382815581228","84.25675756485387","0.4680930975825215","84.64731607155133","80.54761237196773","0.4702628670641741","0.4474867353998207","12.639434600129986","11.785730057964285","20.322775479621235","0.5799271890683675","1639.8893640293227","1225.9985360591015","5364.906815761317","0.2285218696543425","0.14137818768903254","0","0","0","0","0","0","0","0.08551322785402292","90","10"
"34","100","0.4","0.35","144","5","single","60","0.2","0.5","0.1","1","0.05","500","2000","0.5","0.01","true","false","all","5","8","1.5","0.3","1","coherence","0.3","0.8","0.1","3000","0","11.169812799994943","106.10665423799149","0.5894814124332861","104.92686010866557","110.51721627523469","0.5829270006036976","0.6139845348624149","12.051579209882307","11.331454529658854","18.532701331893442","0.6114302673274208","1670.222511294153","1106.5787146103737","6743.016681448165","0.16410736720478042","0.1264634078876632","0","0","0","0","0","0","0","0.08097106971216086","90","10"
"35","100","0.4","0.35","144","5","single","60","0.2","0.5","0.1","1","0.05","500","2000","0.5","0.01","true","false","all","5","8","1.5","0.3","1","coherence","0.3","0.8","0.1","3000","0","14.086959466840312","83.53386610699441","0.46407703392774674","82.73882991088405","84.8563501032525","0.45966016617157807","0.4714241672402916","12.353701609033227","11.540486209891164","19.6726402013118","0.586626202268551","1897.9934208936697","1287.0781630764732","7396.230741248432","0.1740181192426162","0.13833968236316818","0","0","0","0","0","0","0","0.07840517103733642","90","10"
"36","100","0.4","0.35","144","5","single","60","0.2","0.5","0.1","1","0.05","500","2000","0.5","0.01","true","false","all","5","8","1.5","0.3","1","coherence","0.3","0.8","0.1","3000","46","25.327569578224","97.32666995733769","0.5407037219852093","93.08332421484303","74.39999908365726","0.5171295789713501","0.4133333282425404","12.008211977809646","11.227480517621034","19.034795119507212","0.5898398405200015","1489.269223909289","1126.8533194433915","4751.012364102366","0.2371817274056482","0.1284047782145139","0","0","0","0","0","0","0","0.09142705950012552","90","10"
"37","100","0.4","0.35","144","5","single","60","0.2","0.5","0.1","1","0.05","500","2000","0.5","0.01","true","false","all","5","8","1.5","0.3","1","coherence","0.3","0.8","0.1","3000","61","13.855047869605045","79.73225767584626","0.44295698708803477","79.53456824651964","81.24955019057317","0.44185871248066466","0.45138638994762875","11.903642797136861","11.239157603266841","17.884009541967007","0.6284473052249714","1386.522840638039","1064.1541257314313","4287.841274797509","0.24817945850425294","0.12279360800801231","0","0","0","0","0","0","0","0.09282043907238058","90","10"
"38","100","0.4","0.35","144","5","single","60","0.2","0.5","0.1","1","0.05","500","2000","0.5","0.01","true","false","all","5","8","1.5","0.3","1","coherence","0.3","0.8","0.1","3000","0","9.415082454018119","85.22868801086923","0.4734927111714958","87.87369399860852","64.68380332887057","0.4881871888811584","0.3593544629381698","11.87273474657114","11.10032512353492","18.82442135389713","0.5896768306897717","1586.0179198587273","1159.2556158334771","5426.878656085982","0.2136136975411139","0.11646858106400826","0","0","0","0","0","0","0","0.07101627201911621","90","10"
"39","100","0.4","0.35","144","5","single","60","0.2","0.5","0.1","1","0.05","500","2000","0.5","0.01","true","false","all","5","8","1.5","0.3","1","coherence","0.3","0.8","0.1","3000","401","17.746128088210796","84.9057543570002","0.4716986353166678","85.81393934440712","56.344566467684615","0.4767441074689284","0.31302536926491453","12.014860353800675","11.473310346655683","16.88881041810556","0.6793439006429829","1392.4356676830178","1037.1156208382804","4590.316089285656","0.22593555665132337","0.11204560324507296","0","0","0","0","0","0","0","0.07905439613379146","90","10"
"40","100","0.4","0.35","144","5","single","60","0.2","0.5","0.1","1","0.05","500","2000","0.5","0.01","true","false","all","5","8","1.5","0.3","1","coherence","0.3","0.8","0.1","3000","0","17.930044185015035","91.33537037801096","0.5074187243222832","88.3390402479004","102.23336146021639","0.4907724458216689","0.5679631192234244","12.126056748606288","11.31538971941464","19.422060011331084","0.5826050229899967","1527.4205603940575","1120.9266960064667","5185.865339882379","0.2161503669186848","0.11919736424830618","0","0","0","0","0","0","0","0.07476115496117385","90","10"
"41","100","0.4","0.35","144","5","single","60","0.2","0.5","0.1","1","0.05","500","2000","0.5","0.01","true","false","all","5","8","1.5","0.3","1","coherence","0.3","0.8","0.1","3000","0","13.963978387138638","92.81994708310998","0.5156663726839443","90.47751932773528","90.18973246435235","0.5026528851540849","0.501054069246402","11.787539870452541","11.229836762120676","16.806867845439342","0.6681695164972671","1310.4685536240736","987.3393908482426","4218.631018606553","0.23404260445948383","0.10356732601199514","0","0","0","0","0","0","0","0.0801585790223458","90","10"
"42","100","0.4","0.35","144","5","single","60","0.2","0.5","0.1","1","0.05","500","2000","0.5","0.01","true","false","all","5","8","1.5","0.3","1","coherence","0.3","0.8","0.1","3000","101","22.862009073418918","104.64326003626313","0.5813514446459063","104.51985386858914","101.90425681354255","0.5806658548254953","0.5661347600752363","11.748522146719463","11.104150141813854","17.54787019086997","0.6327919012981565","1405.8683714118454","1019.1859946137004","4886.009762595151","0.20859270532287486","0.12431683153518747","0","0","0","0","0","0","0","0.09219533458828813","90","10"
"44","100","0.4","0.35","144","5","single","60","0.2","0.5","0.1","1","0.05","500","2000","0.5","0.01","true","false","all","5","8","1.5","0.3","1","coherence","0.3","0.8","0.1","3000","0","11.226297924013906","99.77018886278303","0.5542788270154613","100.85874522930564","69.04935361245492","0.5603263623850313","0.383607520069194","11.829006336198843","11.202807231219396","17.464798281013902","0.6414507085030602","1582.2907990179017","1158.845429613547","5393.299123657094","0.21486763538302617","0.11873868731647197","0","0","0","0","0","0","0","0.08872603208231616","90","10"
"43","100","0.4","0.35","144","5","single","60","0.2","0.5","0.1","1","0.05","500","2000","0.5","0.01","true","false","all","5","8","1.5","0.3","1","coherence","0.3","0.8","0.1","3000","126","11.65841131046021","91.05567505930347","0.5058648614405749","92.4206337182803","63.267334021732246","0.5134479651015572","0.3514851890096236","11.999956187098796","11.17655111702313","19.410601817779835","0.575796218063964","1529.5286593172482","1142.558313114778","5012.261775139476","0.22795264181567695","0.12675901247756105","0","0","0","0","0","0","0","0.0884861653110711","90","10"
"45","100","0.4","0.35","144","5","single","60","0.2","0.5","0.1","1","0.05","500","2000","0.5","0.01","true","false","all","5","8","1.5","0.3","1","coherence","0.3","0.8","0.1","3000","0","12.329402509908192","84.57820648360634","0.4698789249089241","83.55482058746794","91.5749573679141","0.46419344770815524","0.5087497631550784","12.06370926483872","11.1545548058811","20.246099395457314","0.5509483376528264","1560.3189590240777","994.5384365762618","6652.343661054418","0.1495019631049284","0.12288179649739317","0","0","0","0","0","0","0","0.080078431178912","90","10"
"46","100","0.4","0.35","144","5","single","60","0.2","0.5","0.1","1","0.05","500","2000","0.5","0.01","true","false","all","5","8","1.5","0.3","1","coherence","0.3","0.8","0.1","3000","81","14.036471292348395","79.1422302844081","0.43967905713560057","78.28604165463213","77.5796059279749","0.4349224536368452","0.43099781071097165","11.973791012680968","11.366035774242432","17.443588158627833","0.6515881750292664","1505.749266371351","1170.4570917997441","4523.3788375158065","0.25875725510590825","0.11390765442787476","0","0","0","0","0","0","0","0.0802032970329034","90","10"
"47","100","0.4","0.35","144","5","single","60","0.2","0.5","0.1","1","0.05","500","2000","0.5","0.01","true","false","all","5","8","1.5","0.3","1","coherence","0.3","0.8","0.1","3000","211","21.695350932650825","73.79558273821826","0.40997545965676807","77.38507677569609","39.21873134572793","0.4299170931983116","0.21788184080959963","11.78165112587571","11.162878496043701","17.35060479436383","0.6433711463285617","1463.4216752401667","1125.565482527241","4504.1274096565","0.24989645721702175","0.10930537632873971","0","0","0","0","0","0","0","0.0901689740990699","90","10"
"48","100","0.4","0.35","144","5","single","60","0.2","0.5","0.1","1","0.05","500","2000","0.5","0.01","true","false","all","5","8","1.5","0.3","1","coherence","0.3","0.8","0.1","3000","0","14.644193291604608","96.53637939368991","0.5363132188538329","99.00709311638218","55.86663018075359","0.5500394062021232","0.3103701676708533","12.138548361781634","11.44231706097016","18.404630069084924","0.621708614518166","1406.4322468261028","1092.4623500937041","4232.161317417695","0.25813343777743425","0.12719266123553274","0","0","0","0","0","0","0","0.0932122897485718","90","10"
"49","100","0.4","0.35","144","5","single","60","0.2","0.5","0.1","1","0.05","500","2000","0.5","0.01","true","false","all","5","8","1.5","0.3","1","coherence","0.3","0.8","0.1","3000","386","26.661286910533562","96.26291796412573","0.5347939886895874","94.59154081098283","105.03409347876769","0.5255085600610158","0.5835227415487094","12.196389914716228","11.29475236545087","20.311127858104392","0.5560869117833911","1449.3574872981603","1074.9215407369652","4819.281006348918","0.22304603929940264","0.12420526917926322","0","0","0","0","0","0","0","0.0809627344734435","90","10"
"50","100","0.4","0.35","144","5","single","60","0.2","0.5","0.1","1","0.05","500","2000","0.5","0.01","true","false","all","5","8","1.5","0.3","1","coherence","0.3","0.8","0.1","3000","109","19.806884738180813","107.48267305801006","0.5971259614333893","105.41600711352635","121.2284839789683","0.5856444839640352","0.673491577660935","11.556582716984144","10.855779822445633","17.863808767830736","0.6076968223033594","1587.5367065723187","910.9957722816075","7676.405115188728","0.11867479094857676","0.10197365416926685","0","0","0","0","0","0","0","0.08767076467811498","90","10"
"51","100","0.4","0.35","144","5","single","60","0.2","0.5","0.1","1","0.05","500","2000","0.5","0.01","true","false","all","5","8","1.5","0.3","1","coherence","0.3","0.8","0.1","3000","116","9.27445308708134","94.52769478243343","0.5251538599024079","90.69587580205427","112.89536163438315","0.5038659766780793","0.6271964535243508","11.91961241838663","11.188631556013164","18.498440179747845","0.6048418919267862","1518.9525807605723","1023.0703203102304","5981.892924813648","0.1710278557589029","0.12290420999616414","0","0","0","0","0","0","0","0.08587774647935836","90","10"
"53","100","0.4","0.35","144","5","single","60","0.2","0.5","0.1","1","0.05","500","2000","0.5","0.01","true","false","all","5","8","1.5","0.3","1","coherence","0.3","0.8","0.1","3000","0","13.63520357986664","92.19648232249715","0.5122026795694286","96.69564208122205","51.75205848539241","0.5371980115623447","0.2875114360299578","12.441284302592138","11.514707284468454","20.78047746570531","0.554111776472487","1616.692807830682","1172.548593510695","5613.990736710569","0.20886186823274527","0.14036456419472265","0","0","0","0","0","0","0","0.08759495868779522","90","10"
"52","100","0.4","0.35","144","5","single","60","0.2","0.5","0.1","1","0.05","500","2000","0.5","0.01","true","false","all","5","8","1.5","0.3","1","coherence","0.3","0.8","0.1","3000","0","20.8282781387029","98.19457795355376","0.5455254330752987","97.6532879305224","102.28215987152564","0.54251826628068","0.5682342215084758","11.907393480394385","11.167674744594583","18.56486210259269","0.6015490275597011","1505.7894007340337","1201.053194512483","4248.415256727995","0.2827061673433258","0.1275905490546636","0","0","0","0","0","0","0","0.08184550361069404","90","10"
"54","100","0.4","0.35","144","5","single","60","0.2","0.5","0.1","1","0.05","500","2000","0.5","0.01","true","false","all","5","8","1.5","0.3","1","coherence","0.3","0.8","0.1","3000","706","21.173478975344224","95.45292679013708","0.5302940377229838","96.55315473004143","79.13346424369003","0.5364064151668968","0.43963035690938906","12.264336622399332","11.25822453061328","21.3193454484738","0.5280755245428619","1651.4888185187924","976.3568674437577","7727.6763781941045","0.12634546526803755","0.14461672817148208","0","0","0","0","0","0","0","0.08801081954374831","90","10"
"55","100","0.4","0.35","144","5","single","60","0.2","0.5","0.1","1","0.05","500","2000","0.5","0.01","true","false","all","5","8","1.5","0.3","1","coherence","0.3","0.8","0.1","3000","56","13.691106859690493","81.5538412864064","0.4530768960355911","82.68277166906968","66.0387265072828","0.4593487314948316","0.36688181392934893","11.80974280000171","11.12100232612951","18.008407064851493","0.617545032499587","1525.2592925407685","1128.5235092140902","5095.881342480866","0.22145796445579768","0.11291861019351712","0","0","0","0","0","0","0","0.07727219964274089","90","10"
"56","100","0.4","0.35","144","5","single","60","0.2","0.5","0.1","1","0.05","500","2000","0.5","0.01","true","false","all","5","8","1.5","0.3","1","coherence","0.3","0.8","0.1","3000","0","16.356944726986058","93.13276056887162","0.5174042253826201","94.29008492967024","65.69727188425443","0.5238338051648347","0.3649848438014135","12.135093354315488","11.182628413861675","20.707277818399852","0.5400337268824941","1587.7882134929416","1012.6928977494002","6763.646055184811","0.14972588593294278","0.13712534545044064","0","0","0","0","0","0","0","0.08032565946146682","90","10"
"57","100","0.4","0.35","144","5","single","60","0.2","0.5","0.1","1","0.05","500","2000","0.5","0.01","true","false","all","5","8","1.5","0.3","1","coherence","0.3","0.8","0.1","3000","0","10.138782300689329","87.91803075079554","0.48843350417108633","92.81893976226925","48.52423644248706","0.5156607764570514","0.2695790913471503","11.92924149606286","11.264586911998679","17.91113275264043","0.6289153828273687","1459.5466805611752","964.6193453888734","5913.892697111889","0.16311072838030283","0.11713451250971363","0","0","0","0","0","0","0","0.08912897603468566","90","10"
"58","100","0.4","0.35","144","5","single","60","0.2","0.5","0.1","1","0.05","500","2000","0.5","0.01","true","false","all","5","8","1.5","0.3","1","coherence","0.3","0.8","0.1","3000","0","16.34097903232707","81.26149761063807","0.4514527645035449","81.17596985729223","70.07768359670396","0.45097761031829015","0.3893204644261331","12.416197319598222","11.646698675017683","19.341685120823193","0.6021553242265787","1811.837841898578","1209.0152625810688","7237.24105575616","0.16705471784990156","0.13308423299352556","0","0","0","0","0","0","0","0.07891968917944743","90","10"
"59","100","0.4","0.35","144","5","single","60","0.2","0.5","0.1","1","0.05","500","2000","0.5","0.01","true","false","all","5","8","1.5","0.3","1","coherence","0.3","0.8","0.1","3000","21","12.316562682930396","97.64403597407752","0.542466866522653","96.9038758244201","104.03616730646918","0.5383548656912228","0.5779787072581621","11.744520376310884","11.110144913646788","17.45389954028773","0.636542274578924","1204.511350165016","979.1667843943329","3232.6124421011646","0.3029026219294896","0.10112558952987794","0","0","0","0","0","0","0","0.08005137987612537","90","10"
"60","100","0.4","0.35","144","5","single","60","0.2","0.5","0.1","1","0.05","500","2000","0.5","0.01","true","false","all","5","8","1.5","0.3","1","coherence","0.3","0.8","0.1","3000","164","20.19929781929706","87.9976902371907","0.4888760568732816","87.20643429855846","97.59191665499498","0.48448019054754704","0.5421773147499721","12.342243435534176","11.376794779931021","21.031281335962568","0.540946345502839","1792.0484089882482","1161.9030773746438","7463.356393510685","0.15568103894715615","0.13939511579086616","0","0","0","0","0","0","0","0.08786722036126965","90","10"
"61","100","0.4","0.35","144","5","single","60","0.2","0.5","0.1","1","0.05","500","2000","0.5","0.01","true","false","all","5","8","1.5","0.3","1","coherence","0.3","0.8","0.2","3000","116","11.734621993964339","82.47988320410688","0.4582215733561493","87.06408704160948","60.643829068802575","0.483689372453386","0.3369101614933476","12.709180066745695","11.283015323855732","18.413839038305547","0.6127464946545985","1796.0167788044023","1055.8608636002994","4756.640439620812","0.22197617772523295","0.1474753971280931","0","0","0","0","0","0","0","0.08970912784908269","80","20"
"62","100","0.4","0.35","144","5","single","60","0.2","0.5","0.1","1","0.05","500","2000","0.5","0.01","true","false","all","5","8","1.5","0.3","1","coherence","0.3","0.8","0.2","3000","7","13.835685384868071","96.31215864828891","0.5350675480460495","93.09700929121155","108.81148646004124","0.5172056071733975","0.6045082581113402","12.434445002958062","10.94583450957661","18.388886976483853","0.5952418177116651","1887.59707992927","993.9890428033996","5462.029228432751","0.1819816411141049","0.1436146932021114","0","0","0","0","0","0","0","0.09324223782674687","80","20"
"63","100","0.4","0.35","144","5","single","60","0.2","0.5","0.1","1","0.05","500","2000","0.5","0.01","true","false","all","5","8","1.5","0.3","1","coherence","0.3","0.8","0.2","3000","6","16.28222068899794","100.23052456341604","0.5568362475745335","102.67917336656691","77.20414399424916","0.5704398520364828","0.42891191107916204","12.491367284533332","11.27234715003408","17.367447822530327","0.6490502960032366","1677.8063440003962","1117.1433521944741","3920.4583112240825","0.284952233517226","0.12822323588247375","0","0","0","0","0","0","0","0.0710006035761859","80","20"
"64","100","0.4","0.35","144","5","single","60","0.2","0.5","0.1","1","0.05","500","2000","0.5","0.01","true","false","all","5","8","1.5","0.3","1","coherence","0.3","0.8","0.2","3000","1","10.21119996095787","92.41218776716092","0.513401043150894","94.08062936378012","82.57539561754184","0.5226701631321118","0.45875219787523247","13.00557257586579","11.485360017315472","19.08642281006705","0.6017555060793044","2113.7112634799855","1298.7065737208156","5373.730022516671","0.24167692985673928","0.14723961050723489","0","0","0","0","0","0","0","0.08660359509891741","80","20"
"66","100","0.4","0.35","144","5","single","60","0.2","0.5","0.1","1","0.05","500","2000","0.5","0.01","true","false","all","5","8","1.5","0.3","1","coherence","0.3","0.8","0.2","3000","0","10.371368429701548","81.41422298218433","0.4523012387899129","82.61033437515985","76.56399371498313","0.4589463020842214","0.42535552063879517","12.45104502373037","11.038129103440742","18.10270870488888","0.6097501364787331","1779.3550846566814","1139.5878570464756","4338.423995097504","0.26267323302983536","0.13701403752862462","0","0","0","0","0","0","0","0.08371288568160924","80","20"
"65","100","0.4","0.35","144","5","single","60","0.2","0.5","0.1","1","0.05","500","2000","0.5","0.01","true","false","all","5","8","1.5","0.3","1","coherence","0.3","0.8","0.2","3000","237","13.435187834418073","100.50681731970406","0.5583712073316892","100.07128821388038","85.58543973147019","0.5559516011882243","0.4754746651748344","12.638160659862944","11.36171618271742","17.74393856844505","0.6403153470629422","1862.8629958548395","1134.3148745415683","4777.055481107925","0.23745063858427093","0.13850199385304784","0","0","0","0","0","0","0","0.08016977427559574","80","20"
"67","100","0.4","0.35","144","5","single","60","0.2","0.5","0.1","1","0.05","500","2000","0.5","0.01","true","false","all","5","8","1.5","0.3","1","coherence","0.3","0.8","0.2","3000","16","12.238428839484982","82.01634801353936","0.45564637785299644","79.69064649879007","91.21969531256289","0.4427258138821671","0.5067760850697939","12.519900251551306","11.325072092691505","17.299212886990514","0.6546582302139461","1882.9005212913348","1178.3508669755583","4701.099138554438","0.2506543325818683","0.13047678910616822","0","0","0","0","0","0","0","0.0840877872387217","80","20"
"68","100","0.4","0.35","144","5","single","60","0.2","0.5","0.1","1","0.05","500","2000","0.5","0.01","true","false","all","5","8","1.5","0.3","1","coherence","0.3","0.8","0.2","3000","0","18.192138853066993","93.03099606445397","0.5168388670247442","95.7452443520094","66.5597474001995","0.53191802417783","0.3697763744455528","12.983016817959829","11.353608504982525","19.50065006986906","0.5822169242719383","2320.550038661903","1269.7666700963323","6523.683512924186","0.19463952651608166","0.16184467071714614","0","0","0","0","0","0","0","0.08366125005106576","80","20"
"69","100","0.4","0.35","144","5","single","60","0.2","0.5","0.1","1","0.05","500","2000","0.5","0.01","true","false","all","5","8","1.5","0.3","1","coherence","0.3","0.8","0.2","3000","26","10.590559901288188","87.73032087945185","0.4873906715525103","84.8439039819406","99.73131486258208","0.47135502212189223","0.5540628603476783","13.430238787220675","11.737520179677928","20.201113217391686","0.5810333348150725","2225.960256569501","1299.1642384227239","5933.1443291566075","0.21896724002454854","0.15743435169337805","0","0","0","0","0","0","0","0.08663202950403649","80","20"
"70","100","0.4","0.35","144","5","single","60","0.2","0.5","0.1","1","0.05","500","2000","0.5","0.01","true","false","all","5","8","1.5","0.3","1","coherence","0.3","0.8","0.2","3000","0","13.488363100290613","91.25679129243137","0.506982173846841","88.0292348821441","99.91838915980453","0.4890513049008005","0.555102161998914","13.202135717449341","11.544136784194016","19.834131450470636","0.5820338951076223","1976.6354498598603","1174.5907352119073","5184.814308451672","0.22654441708688156","0.1561939506225558","0","0","0","0","0","0","0","0.06781334118503761","80","20"
"71","100","0.4","0.35","144","5","single","60","0.2","0.5","0.1","1","0.05","500","2000","0.5","0.01","true","false","all","5","8","1.5","0.3","1","coherence","0.3","0.8","0.2","3000","0","14.706193063629343","106.67122381556622","0.592617910086479","103.33874102451549","117.2336516779524","0.5741041168028638","0.6512980648775133","12.399411956326007","11.104705848534598","17.578236387491636","0.6317303740684995","2283.1396305765356","1117.060123458837","6947.457659047327","0.16078689187895165","0.13409381726249903","0","0","0","0","0","0","0","0.08361750365273501","80","20"
"73","100","0.4","0.35","144","5","single","60","0.2","0.5","0.1","1","0.05","500","2000","0.5","0.01","true","false","all","5","8","1.5","0.3","1","coherence","0.3","0.8","0.2","3000","71","19.348518668635307","71.84581916145993","0.3991434397858885","74.1521221004455","64.08074895070686","0.4119562338913639","0.35600416083726033","12.591175021003265","11.354360890259453","17.538431543978493","0.6473988772478215","2400.129650703782","1242.4914612366842","7030.682408572173","0.17672416261069832","0.1436390404642589","0","0","0","0","0","0","0","0.0863151215294906","80","20"
"74","100","0.4","0.35","144","5","single","60","0.2","0.5","0.1","1","0.05","500","2000","0.5","0.01","true","false","all","5","8","1.5","0.3","1","coherence","0.3","0.8","0.2","3000","34","23.933415959400634","70.60485756287629","0.39224920868264607","71.16882495683754","68.56884006223045","0.39538236087131967","0.3809380003457247","12.184980834315061","10.719581082806116","18.046579840350848","0.5939951601708986","2048.9266502336386","995.6446551748053","6262.054630468972","0.15899648181450626","0.14235299885490926","0","0","0","0","0","0","0","0.09075611514496508","80","20"
"72","100","0.4","0.35","144","5","single","60","0.2","0.5","0.1","1","0.05","500","2000","0.5","0.01","true","false","all","5","8","1.5","0.3","1","coherence","0.3","0.8","0.2","3000","536","23.014031634282844","74.85713722961668","0.4158729846089816","77.40752603028751","56.22666979625776","0.4300418112793751","0.31237038775698756","13.215075982518554","11.552417225235471","19.865711011650895","0.5815254847138458","2371.833154210887","1167.508719235676","7189.130894111729","0.16239914621556364","0.15895139233075528","0","0","0","0","0","0","0","0.09373391739763666","80","20"
"75","100","0.4","0.35","144","5","single","60","0.2","0.5","0.1","1","0.05","500","2000","0.5","0.01","true","false","all","5","8","1.5","0.3","1","coherence","0.3","0.8","0.2","3000","21","14.13326550640872","79.49848498652138","0.44165824992511876","80.88513756255949","74.13080512350629","0.44936187534755273","0.41183780624170163","12.987334515242164","11.639403588084978","18.37905822387088","0.6332970626845081","2406.3712138596784","1417.3259484831","6362.552275365993","0.22276059781395993","0.1431232100744002","0","0","0","0","0","0","0","0.07985337958013089","80","20"
"76","100","0.4","0.35","144","5","single","60","0.2","0.5","0.1","1","0.05","500","2000","0.5","0.01","true","false","all","5","8","1.5","0.3","1","coherence","0.3","0.8","0.2","3000","0","12.610307325577978","81.33235082083364","0.4518463934490758","82.25145052274013","78.0125403259938","0.4569525029041118","0.43340300181107666","12.327147305560903","10.951637675123177","17.82918582731181","0.6142533810123181","1531.535490094825","952.3217072610712","3848.390621429843","0.24745973081787687","0.1441086888576517","0","0","0","0","0","0","0","0.0907741034035408","80","20"
"77","100","0.4","0.35","144","5","single","60","0.2","0.5","0.1","1","0.05","500","2000","0.5","0.01","true","false","all","5","8","1.5","0.3","1","coherence","0.3","0.8","0.2","3000","6","16.088711151650344","79.10983063955644","0.43949905910864684","77.28255605890753","86.73309125876757","0.4293475336605974","0.4818505069931532","12.824301021184715","11.309637231295142","18.882956180743037","0.5989336162750183","1857.376525756252","1112.2390635549232","4837.926374561566","0.22989995660190654","0.14740238831330843","0","0","0","0","0","0","0","0.08135889168718252","80","20"
"78","100","0.4","0.35","144","5","single","60","0.2","0.5","0.1","1","0.05","500","2000","0.5","0.01","true","false","all","5","8","1.5","0.3","1","coherence","0.3","0.8","0.2","3000","11","21.545760533410316","90.57623936021037","0.5032013297789465","89.8212871103669","78.06382344421976","0.49900715061314943","0.43368790802344315","12.670030123986088","11.236077588716821","18.405840265063144","0.6104626263678095","2063.4497514070476","1175.2622606641085","5616.199714378805","0.20926290382002577","0.14599145461427643","0","0","0","0","0","0","0","0.0876974117460422","80","20"
"79","100","0.4","0.35","144","5","single","60","0.2","0.5","0.1","1","0.05","500","2000","0.5","0.01","true","false","all","5","8","1.5","0.3","1","coherence","0.3","0.8","0.2","3000","0","14.009048864070621","93.20151509826059","0.5177861949903366","95.7267179883315","78.81230080890344","0.531815099935175","0.4378461156050191","13.292376700270204","11.334236442368224","21.124937731878155","0.5365334840852347","2153.2928776132426","1161.0177511471666","6122.393383477551","0.1896346213688907","0.17828040119832766","0","0","0","0","0","0","0","0.07418973781279141","80","20"
"81","100","0.4","0.35","144","5","single","60","0.2","0.5","0.1","1","0.05","500","2000","0.5","0.01","true","false","all","5","8","1.5","0.3","1","coherence","0.3","0.8","0.2","3000","81","19.615109539335336","100.12409694118038","0.5562449830065577","98.41145186402966","102.81384940597438","0.5467302881334981","0.5711880522554132","12.759149712252022","11.224678824929757","18.897033261541083","0.59399158955676","1713.2931005768273","986.0483283952333","4622.272189303205","0.21332545726691107","0.14119319882849712","0","0","0","0","0","0","0","0.07627543396370134","80","20"
"80","100","0.4","0.35","144","5","single","60","0.2","0.5","0.1","1","0.05","500","2000","0.5","0.01","true","false","all","5","8","1.5","0.3","1","coherence","0.3","0.8","0.2","3000","6","15.40045591592893","80.05064369694834","0.44472579831637965","83.56829581372726","66.33871078571046","0.46426831007626257","0.368548393253947","12.753095752282547","11.525311307395217","17.66423353183184","0.6524659723630819","2055.222226098137","1207.4301661500276","5446.39046589057","0.22169364714334594","0.1350411188579359","0","0","0","0","0","0","0","0.08887680157398607","80","20"
"82","100","0.4","0.35","144","5","single","60","0.2","0.5","0.1","1","0.05","500","2000","0.5","0.01","true","false","all","5","8","1.5","0.3","1","coherence","0.3","0.8","0.2","3000","410","20.940784282513718","70.11416380839367","0.3895231322688537","74.99379432504978","54.02887702426034","0.41663219069472096","0.3001604279125574","12.202792190755567","11.05702192125025","16.785873268776864","0.6587099607035186","1774.7307876841674","973.8857854918349","4978.110796453491","0.19563360987980638","0.1297416168122647","0","0","0","0","0","0","0","0.07637149313493208","80","20"
"84","100","0.4","0.35","144","5","single","60","0.2","0.5","0.1","1","0.05","500","2000","0.5","0.01","true","false","all","5","8","1.5","0.3","1","coherence","0.3","0.8","0.2","3000","3","17.75491565878373","98.4818716643203","0.5471215092462238","93.61291446419081","117.21588826400696","0.5200717470232823","0.6511993792444831","12.576248240237584","11.3275810805692","17.570916878911113","0.6446778593645696","1890.9017353641955","1186.0408054174616","4710.345455151129","0.25179486657829614","0.13595229811825016","0","0","0","0","0","0","0","0.09222986550809813","80","20"
"83","100","0.4","0.35","144","5","single","60","0.2","0.5","0.1","1","0.05","500","2000","0.5","0.01","true","false","all","5","8","1.5","0.3","1","coherence","0.3","0.8","0.2","3000","31","19.52701059788282","102.52466467915824","0.5695814704397679","99.90934107213306","113.12378452986006","0.5550518948451837","0.6284654696103337","12.708351991708126","11.40676407033086","17.91470367721719","0.6367263604162916","2116.8195935556096","1301.0634418347718","5379.84420043897","0.24184035696212383","0.1425793716101762","0","0","0","0","0","0","0","0.08372102918996986","80","20"
"85","100","0.4","0.35","144","5","single","60","0.2","0.5","0.1","1","0.05","500","2000","0.5","0.01","true","false","all","5","8","1.5","0.3","1","coherence","0.3","0.8","0.2","3000","0","12.75700071880982","96.2040482746512","0.5344669348591733","92.47313355289128","107.84818668013145","0.513739630849396","0.599156592667397","12.58341480297761","11.107179625128332","18.48835551437471","0.600766229126895","1951.4854120423886","1114.6039091055304","5299.011423789818","0.21034185812499598","0.15179967110452264","0","0","0","0","0","0","0","0.0844536266457063","80","20"
"86","100","0.4","0.35","144","5","single","60","0.2","0.5","0.1","1","0.05","500","2000","0.5","0.01","true","false","all","5","8","1.5","0.3","1","coherence","0.3","0.8","0.2","3000","81","17.181612540451667","91.4256959993514","0.50792053332973","92.31555992786198","87.34775213440614","0.5128642218214554","0.4852652896355896","12.980555736919706","11.138185936681506","20.350034937872486","0.5473300645765852","2091.6660858876444","964.4945855214479","6600.352087352429","0.14612774784690788","0.16217025270350227","0","0","0","0","0","0","0","0.08170458254730398","80","20"
"87","100","0.4","0.35","144","5","single","60","0.2","0.5","0.1","1","0.05","500","2000","0.5","0.01","true","false","all","5","8","1.5","0.3","1","coherence","0.3","0.8","0.2","3000","0","21.22738207091166","91.40832986494577","0.5078240548052543","89.5183275899201","99.02645256840091","0.4973240421662228","0.5501469587133384","12.707323023199145","11.259224408347581","18.49971748260542","0.6086160190788968","1897.372078789321","1126.5049787720016","4980.840478858597","0.22616764852307614","0.14752751135134834","0","0","0","0","0","0","0","0.09792509554513665","80","20"
"88","100","0.4","0.35","144","5","single","60","0.2","0.5","0.1","1","0.05","500","2000","0.5","0.01","true","false","all","5","8","1.5","0.3","1","coherence","0.3","0.8","0.2","3000","86","22.66016929632633","75.86104554956373","0.42145025305313183","78.12322560679829","64.44061186387749","0.43401792003776823","0.35800339924376384","12.35075279442968","11.075948065994151","17.449971708171766","0.6347258466217064","1789.6225562939635","1093.3403331825739","4574.751448739522","0.2389944777183078","0.1350682340666598","0","0","0","0","0","0","0","0.07950451438436797","80","20"
"90","100","0.4","0.35","144","5","single","60","0.2","0.5","0.1","1","0.05","500","2000","0.5","0.01","true","false","all","5","8","1.5","0.3","1","coherence","0.3","0.8","0.2","3000","16","10.839097325358239","83.94385401686623","0.4663547445381457","88.29422895782739","66.35406873994619","0.4905234942101521","0.36863371522192323","13.007786733633068","11.294027623662878","19.862823173513863","0.5686013274650165","2277.9164557093486","1161.5773729696043","6743.27278666833","0.17225721244231448","0.16661437882467633","0","0","0","0","0","0","0","0.08518529792882272","80","20"
"89","100","0.4","0.35","144","5","single","60","0.2","0.5","0.1","1","0.05","500","2000","0.5","0.01","true","false","all","5","8","1.5","0.3","1","coherence","0.3","0.8","0.2","3000","111","15.385205675046493","94.96500689509557","0.5275833716394198","96.6448022944357","88.0766325092633","0.5369155683024206","0.4893146250514628","12.59437266010974","11.217382432149696","18.102333571949927","0.6196649944364819","1816.3651968953293","1068.659052658233","4807.189773843713","0.22230431976554968","0.1327194320151288","0","0","0","0","0","0","0","0.07100947454367261","80","20"
"91","100","0.4","0.35","144","5","single","60","0.2","0.5","0.1","1","0.05","500","2000","0.5","0.01","true","false","all","5","8","1.5","0.3","1","coherence","0.3","0.8","0.3","3000","0","9.396078534848002","89.07190947995394","0.4948439415552997","98.59190669525256","65.14064698063102","0.5477328149736254","0.36189248322572787","13.44126743358003","11.255562459561835","18.54124570628917","0.6070553531224692","2281.479543749563","1177.3080313217695","4857.879739414415","0.24235018042329848","0.15747174175752132","0","0","0","0","0","0","0","0.08214381298899809","70","30"
"92","100","0.4","0.35","144","5","single","60","0.2","0.5","0.1","1","0.05","500","2000","0.5","0.01","true","false","all","5","8","1.5","0.3","1","coherence","0.3","0.8","0.3","3000","101","25.5020854281712","103.3342089257796","0.5740789384765533","105.54915728521644","96.02087198109065","0.5863842071400913","0.5334492887838369","12.574597313868491","10.929016175550874","16.414286636609575","0.6658234023509351","2088.1528363991138","946.7167992139067","4751.503589831264","0.19924572954969114","0.12611178664182932","0","0","0","0","0","0","0","0.08546386371063484","70","30"
"93","100","0.4","0.35","144","5","single","60","0.2","0.5","0.1","1","0.05","500","2000","0.5","0.01","true","false","all","5","8","1.5","0.3","1","coherence","0.3","0.8","0.3","3000","121","24.740076452065622","109.31070787086483","0.6072817103936935","101.85845168365891","120.98537747931378","0.5658802871314385","0.6721409859961877","12.933848367865927","11.199050706555957","16.981709577589204","0.6594772249158806","1752.279150064593","1022.1906366102952","3455.8190147912887","0.295788243607436","0.13165052015004797","0","0","0","0","0","0","0","0.09009872292495451","70","30"
"94","100","0.4","0.35","144","5","single","60","0.2","0.5","0.1","1","0.05","500","2000","0.5","0.01","true","false","all","5","8","1.5","0.3","1","coherence","0.3","0.8","0.3","3000","0","13.387028570839973","78.28136845213402","0.43489649140074454","80.35189315860642","71.17344651147297","0.4463994064367023","0.3954080361748499","13.163671820770539","11.224561747891252","17.688261990822216","0.634576859711557","2461.0457021688667","1008.5400630597792","5850.225526756736","0.17239336474245232","0.143279671102007","0","0","0","0","0","0","0","0.07831501576681905","70","30"
"95","100","0.4","0.35","144","5","single","60","0.2","0.5","0.1","1","0.05","500","2000","0.5","0.01","true","false","all","5","8","1.5","0.3","1","coherence","0.3","0.8","0.3","3000","301","28.8182013677813","104.01751031474923","0.5778750573041624","99.11438780743887","114.13423022897769","0.5506354878191049","0.6340790568276538","12.990770057731863","11.092043807047638","17.421131309328413","0.6367005454524203","2072.7227884053545","1141.8606710174915","4244.734395643703","0.2690063887600043","0.13911827035241497","0","0","0","0","0","0","0","0.07684476440685235","70","30"
"96","100","0.4","0.35","144","5","single","60","0.2","0.5","0.1","1","0.05","500","2000","0.5","0.01","true","false","all","5","8","1.5","0.3","1","coherence","0.3","0.8","0.3","3000","121","16.161265412993615","78.86002412718135","0.43811124515100747","86.28003787850616","61.51716230157431","0.4793335437694787","0.34176201278652396","13.558076790626192","11.28914112384889","18.852260013106573","0.5988216328440403","2142.6077824945946","1121.7282209235261","4524.660092827087","0.24791436216430798","0.16920738221120457","0","0","0","0","0","0","0","0.08351083250663068","70","30"
"97","100","0.4","0.35","144","5","single","60","0.2","0.5","0.1","1","0.05","500","2000","0.5","0.01","true","false","all","5","8","1.5","0.3","1","coherence","0.3","0.8","0.3","3000","86","16.78101094167458","101.60603004878351","0.564477944715464","98.70194943577","106.53461744891807","0.5483441635320556","0.5918589858273227","13.620316153850085","11.164045821808337","19.351613595280824","0.5769051643595682","2566.925272754784","1002.633468606017","6216.939482435241","0.16127444563981422","0.17049125040215451","0","0","0","0","0","0","0","0.07737381326676057","70","30"
"98","100","0.4","0.35","144","5","single","60","0.2","0.5","0.1","1","0.05","500","2000","0.5","0.01","true","false","all","5","8","1.5","0.3","1","coherence","0.3","0.8","0.3","3000","0","9.721730481632221","93.13715575173404","0.5174286430651891","94.69574862191051","85.39607854865386","0.5260874923439472","0.4744226586036326","13.438213633346543","11.340271584008283","18.33341174846915","0.6185576225306346","1972.5923558553684","1118.0771802259637","3966.4610989906423","0.2818828049291809","0.15965205265901883","0","0","0","0","0","0","0","0.08384761093424495","70","30"
"99","100","0.4","0.35","144","5","single","60","0.2","0.5","0.1","1","0.05","500","2000","0.5","0.01","true","false","all","5","8","1.5","0.3","1","coherence","0.3","0.8","0.3","3000","23","15.76427916686329","80.91458622336114","0.449525479018673","84.84066855222156","71.59892480965597","0.471337047512342","0.39777180449808874","13.1846597626489","11.249906443879313","17.699084173111274","0.6356208227412322","2314.6507911603976","1246.0234999714698","4808.114470601227","0.2591501320507582","0.15048181907320513","0","0","0","0","0","0","0","0.08897360522791968","70","30"
"100","100","0.4","0.35","144","5","single","60","0.2","0.5","0.1","1","0.05","500","2000","0.5","0.01","true","false","all","5","8","1.5","0.3","1","coherence","0.3","0.8","0.3","3000","0","11.007218628356014","92.24134162228458","0.512451897901581","87.8523821918785","102.89471394056686","0.48806878995488057","0.5716372996698159","13.172385111852675","11.24086163651838","17.679273220966035","0.6358214784071392","2486.8179326988825","1057.842646301876","5821.093600958566","0.18172575787609385","0.15086248859396179","0","0","0","0","0","0","0","0.07690037053278129","70","30"
"101","100","0.4","0.35","144","5","single","60","0.2","0.5","0.1","1","0.05","500","2000","0.5","0.01","true","false","all","5","8","1.5","0.3","1","coherence","0.3","0.8","0.3","3000","0","12.722544766116172","89.1564779666614","0.4953137664814522","85.36945266555082","98.24281302054965","0.4742747370308379","0.5457934056697202","13.403969664401892","11.320706612135107","18.264916786357727","0.6198060875147632","2526.814348028426","1250.0108887874553","5506.022419590694","0.22702611677349077","0.15244838824905438","0","0","0","0","0","0","0","0.08327729170747084","70","30"
"102","100","0.4","0.35","144","5","single","60","0.2","0.5","0.1","1","0.05","500","2000","0.5","0.01","true","false","all","5","8","1.5","0.3","1","coherence","0.3","0.8","0.3","3000","0","11.908965665160963","87.81140169109602","0.487841120506089","97.34330325695886","60.4632764762541","0.540796129205327","0.335907091534745","13.40930076195881","11.506597114314976","17.84894260646108","0.644665477838992","2041.5168566376333","1103.8895465749918","4229.313913450459","0.2610091303613807","0.14795582990605793","0","0","0","0","0","0","0","0.07400702056013599","70","30"
"103","100","0.4","0.35","144","5","single","60","0.2","0.5","0.1","1","0.05","500","2000","0.5","0.01","true","false","all","5","8","1.5","0.3","1","coherence","0.3","0.8","0.3","3000","0","20.57057443556876","74.07777384617276","0.41154318803429313","71.25460212002386","80.63491296935204","0.39585890066679924","0.44797173871862245","13.62361165965743","11.648140370553799","18.23304466756594","0.6388477943716239","2735.8600422303157","1329.1618157800526","6018.155903947596","0.22085865454369374","0.1515199877715494","0","0","0","0","0","0","0","0.07535884727149442","70","30"
"104","100","0.4","0.35","144","5","single","60","0.2","0.5","0.1","1","0.05","500","2000","0.5","0.01","true","false","all","5","8","1.5","0.3","1","coherence","0.3","0.8","0.3","3000","46","20.146023976023585","77.71822568301825","0.4317679204612125","76.5368381893673","80.42842430046355","0.4252046566075961","0.4468245794470197","13.725306164377814","11.637350877240019","18.597201834366004","0.6257581640983866","2492.096833456083","1430.910024036657","4968.1993887680765","0.28801380783380115","0.1578591570165766","0","0","0","0","0","0","0","0.08036293667821379","70","30"
"105","100","0.4","0.35","144","5","single","60","0.2","0.5","0.1","1","0.05","500","2000","0.5","0.01","true","false","all","5","8","1.5","0.3","1","coherence","0.3","0.8","0.3","3000","0","16.885473585846626","89.25375160805153","0.4958541756002863","96.16823681123019","72.93196787941181","0.5342679822846121","0.40517759933006564","13.303229872655317","11.108608018952792","18.424014197961192","0.602941785627916","2250.5842056868864","1078.237337189372","4986.060232181085","0.21625036340921044","0.1615377453913256","0","0","0","0","0","0","0","0.08292146286076084","70","30"
"106","100","0.4","0.35","144","5","single","60","0.2","0.5","0.1","1","0.05","500","2000","0.5","0.01","true","false","all","5","8","1.5","0.3","1","coherence","0.3","0.8","0.3","3000","71","23.758285389162793","71.24492526924963","0.3958051403847202","78.17362030135901","53.76556368528407","0.4342978905631056","0.2986975760293559","13.083477267528734","11.362229576708756","17.099721879441997","0.6644686771408199","2476.38742852995","1233.837249190658","5375.671180321631","0.22952245548561187","0.1383759648129559","0","0","0","0","0","0","0","0.08644055890875313","70","30"
"107","100","0.4","0.35","144","5","single","60","0.2","0.5","0.1","1","0.05","500","2000","0.5","0.01","true","false","all","5","8","1.5","0.3","1","coherence","0.3","0.8","0.3","3000","1","16.735643256408224","103.31721700324285","0.5739845389069047","111.64245514533182","80.82182679287827","0.6202358619185101","0.4490101488493237","12.943887684494209","11.052713642959189","17.356627114742594","0.6368007775872015","2675.6662824496516","1133.0340537711415","6275.141482699508","0.1805591247456178","0.14167700175812858","0","0","0","0","0","0","0","0.08725842146850502","70","30"
"108","100","0.4","0.35","144","5","single","60","0.2","0.5","0.1","1","0.05","500","2000","0.5","0.01","true","false","all","5","8","1.5","0.3","1","coherence","0.3","0.8","0.3","3000","0","11.441575481987229","94.9685601866773","0.5276031121482072","86.05752481613771","104.9357639097547","0.478097360089654","0.5829764661653039","13.579032138472298","11.314059575428093","18.863968118908826","0.5997709232813602","2449.1515283096464","1165.729194665305","5443.803640146444","0.21413872941125134","0.1630874009671206","0","0","0","0","0","0","0","0.09023967310367925","70","30"
"109","100","0.4","0.35","144","5","single","60","0.2","0.5","0.1","1","0.05","500","2000","0.5","0.01","true","false","all","5","8","1.5","0.3","1","coherence","0.3","0.8","0.3","3000","97","19.846987494636892","65.00946797552167","0.3611637109751204","62.97723936826693","66.99000439373188","0.3498735520459274","0.37216669107628825","13.044691604835522","11.34595362123114","17.008413566579076","0.6670788887404251","2345.4517026523476","1109.8015878872661","5228.635303770868","0.2122545412732999","0.133579369097947","0","0","0","0","0","0","0","0.08943582998882757","70","30"
"110","100","0.4","0.35","144","5","single","60","0.2","0.5","0.1","1","0.05","500","2000","0.5","0.01","true","false","all","5","8","1.5","0.3","1","coherence","0.3","0.8","0.3","3000","210","16.79734188324788","89.14070459754744","0.4952261366530413","90.86662484437325","69.5914762252323","0.5048145824687402","0.38661931236240166","13.517461450266078","11.351481570606579","18.57141450280489","0.6112340860677111","2185.9966010405305","1019.2132148418391","4908.49116883748","0.20764287431390607","0.16338795259986338","0","0","0","0","0","0","0","0.0788748962011084","70","30"
"111","100","0.4","0.35","144","5","single","60","0.2","0.5","0.1","1","0.05","500","2000","0.5","0.01","true","false","all","5","8","1.5","0.3","1","coherence","0.3","0.8","0.3","3000","215","24.40475707371462","105.4055691374057","0.5855864952078095","99.8855115245179","114.13764845570317","0.5549195084695439","0.6340980469761287","13.330633487828766","10.997757779419137","18.774010140784586","0.5857969446563603","2539.17517148485","875.4536217599072","6421.192120843051","0.13633817604027193","0.16971355202700655","0","0","0","0","0","0","0","0.07880204091899778","70","30"
"112","100","0.4","0.35","144","5","single","60","0.2","0.5","0.1","1","0.05","500","2000","0.5","0.01","true","false","all","5","8","1.5","0.3","1","coherence","0.3","0.8","0.3","3000","38","18.148879926083993","87.75406169718093","0.4875225649843385","85.62228818494839","92.62653760953948","0.47567937880526884","0.5145918756085527","13.627536584604975","11.707280029567926","18.10813521302476","0.646520466731834","2702.549284859295","1335.8534052219638","5891.506337346405","0.22674225040783816","0.15383704074763482","0","0","0","0","0","0","0","0.09746065282284588","70","30"
"113","100","0.4","0.35","144","5","single","60","0.2","0.5","0.1","1","0.05","500","2000","0.5","0.01","true","false","all","5","8","1.5","0.3","1","coherence","0.3","0.8","0.3","3000","16","9.894893111456526","71.53168583340978","0.39739825463005435","70.63898251999733","72.8997292433984","0.3924387917777629","0.40499849579665775","13.137710160563481","11.342320197097626","17.326953408650482","0.6546055691149361","2096.2936236453843","1318.519466495844","3911.0999903276474","0.33712241306962526","0.1437161661730193","0","0","0","0","0","0","0","0.07437350663520478","70","30"
"114","100","0.4","0.35","144","5","single","60","0.2","0.5","0.1","1","0.05","500","2000","0.5","0.01","true","false","all","5","8","1.5","0.3","1","coherence","0.3","0.8","0.3","3000","163","19.36220092776165","102.4376365860408","0.56909798103356","98.39033606021933","111.95311641080166","0.5466129781123296","0.621961757837787","13.183564859439803","11.305238835415048","17.566325582164243","0.6435744790529031","2247.6553818101356","1068.1427042129706","4999.851629536852","0.21363488026381994","0.14708048241436722","0","0","0","0","0","0","0","0.0946867441553503","70","30"
"116","100","0.4","0.35","144","5","single","60","0.2","0.5","0.1","1","0.05","500","2000","0.5","0.01","true","false","all","5","8","1.5","0.3","1","coherence","0.3","0.8","0.3","3000","0","16.024571123996765","85.14195131259679","0.4730108406255377","79.61385766374242","84.22674386075353","0.44229920924301347","0.46792635478196404","14.564614158283334","11.587309929238934","21.511657359386906","0.5386525889499935","2879.323970585053","1222.6576866878036","6744.878633011971","0.18127200698670212","0.1982814170472611","0","0","0","0","0","0","0","0.08376680440573847","70","30"
"115","100","0.4","0.35","144","5","single","60","0.2","0.5","0.1","1","0.05","500","2000","0.5","0.01","true","false","all","5","8","1.5","0.3","1","coherence","0.3","0.8","0.3","3000","0","11.735433180545414","94.29239115675604","0.5238466175375336","86.43385510455921","111.90303317386598","0.48018808391421786","0.6216835176325888","13.430722242777602","11.058927014965164","18.964911107673284","0.5831256973564551","2238.6724443140874","960.808364691967","5220.355296765699","0.18405037781379394","0.1743913080846442","0","0","0","0","0","0","0","0.08556878140993944","70","30"
"117","100","0.4","0.35","144","5","single","60","0.2","0.5","0.1","1","0.05","500","2000","0.5","0.01","true","false","all","5","8","1.5","0.3","1","coherence","0.3","0.8","0.3","3000","0","13.289098364062355","75.77989723150993","0.4209994290639441","78.29604798799728","69.47344706334677","0.43497804437776266","0.38596359479637093","13.017017170555418","11.168160214882048","17.331016733793287","0.6444030599258236","2396.681354427465","1292.5806174783786","4972.916407308668","0.2599240589644097","0.14048306531660626","0","0","0","0","0","0","0","0.08425634703519463","70","30"
"119","100","0.4","0.35","144","5","single","60","0.2","0.5","0.1","1","0.05","500","2000","0.5","0.01","true","false","all","5","8","1.5","0.3","1","coherence","0.3","0.8","0.3","3000","0","22.439001976785846","77.04745954858028","0.4280414419365571","77.94526604622655","75.18693656372922","0.43302925581236973","0.417705203131829","13.47421359319077","11.469260039261503","18.15243855235906","0.6318302638061252","2300.583727871062","1267.6148686481492","4710.8443993911915","0.269084427584144","0.14628860053542647","0","0","0","0","0","0","0","0.08720893937986839","70","30"
"118","100","0.4","0.35","144","5","single","60","0.2","0.5","0.1","1","0.05","500","2000","0.5","0.01","true","false","all","5","8","1.5","0.3","1","coherence","0.3","0.8","0.3","3000","0","9.274319284352785","104.37781849703481","0.5798767694279712","101.28597175690057","108.05262779308865","0.562699843093892","0.6002923766282703","13.351962329119042","11.4165314649831","17.867967678769567","0.6389384439366341","2576.0239104929065","1291.1554679228232","5574.050276489764","0.23163685361229344","0.1443601981341538","0","0","0","0","0","0","0","0.09202549168954945","70","30"
"120","100","0.4","0.35","144","5","single","60","0.2","0.5","0.1","1","0.05","500","2000","0.5","0.01","true","false","all","5","8","1.5","0.3","1","coherence","0.3","0.8","0.3","3000","0","13.799124890666775","77.78300597442653","0.4321278109690363","79.18203952631916","74.76750844074532","0.439900219590662","0.41537504689302956","13.685657767050834","11.2924366611243","19.269840347546054","0.5860160986005447","2609.789793537097","1227.9903581530416","5833.988476099891","0.21048899276776967","0.17272695030549934","0","0","0","0","0","0","0","0.08987684508349791","70","30"
"121","100","0.4","0.35","144","5","single","60","0.2","0.5","0.1","1","0.05","500","2000","0.5","0.01","true","false","all","5","8","1.5","0.3","1","coherence","0.3","0.8","0.5","3000","-1","27.7244530068521","100.90437980891762","0.5605798878273202","90.00193848994982","112.44655661284852","0.5000107693886101","0.6247030922936029","2948.8641381026164","2906.405339084726","2991.322937120505","0.9716120259093383","2483.9540001871983","727.8040351724354","4240.103965201963","0.17164768627029853","0.02802362983629747","1","1","1","1","1","1","100","0.08206176844240587","50","50"
"122","100","0.4","0.35","144","5","single","60","0.2","0.5","0.1","1","0.05","500","2000","0.5","0.01","true","false","all","5","8","1.5","0.3","1","coherence","0.3","0.8","0.5","3000","1096","22.285744968191807","83.61865791128021","0.4645480995071123","82.35603405554357","84.20457066411299","0.45753352253079765","0.4678031703561833","14.904027714753878","11.38405273657399","18.42400269293376","0.6178924811458133","3202.5348978669203","1100.7287668241927","5304.341028909643","0.2075147055638046","0.15983056217795366","0","0","0","0","0","0","0","0.08563786170185986","50","50"
"123","100","0.4","0.35","144","5","single","60","0.2","0.5","0.1","1","0.05","500","2000","0.5","0.01","true","false","all","5","8","1.5","0.3","1","coherence","0.3","0.8","0.5","3000","1","10.835681345732723","75.82834590495874","0.4212685883608819","79.89686032939608","72.02918301975515","0.44387144627442265","0.40016212788752864","14.726689437238893","11.48768687329483","17.965692001182962","0.6394235675719262","3130.670394438872","1174.2185133081036","5087.1222755696435","0.2308217592777672","0.15193878460894195","0","0","0","0","0","0","0","0.08271904853821212","50","50"
"124","100","0.4","0.35","144","5","single","60","0.2","0.5","0.1","1","0.05","500","2000","0.5","0.01","true","false","all","5","8","1.5","0.3","1","coherence","0.3","0.8","0.5","3000","54","19.533805831704882","104.52541330937316","0.5806967406076287","90.04693143996228","117.52936925074474","0.5002607302220127","0.6529409402819152","14.343545967818551","11.177099973118038","17.50999196251906","0.6383269619451073","3092.104121625163","917.3059381392574","5266.90230511107","0.1741642212062851","0.1430662645573022","0","0","0","0","0","0","0","0.08515433761929198","50","50"
"125","100","0.4","0.35","144","5","single","60","0.2","0.5","0.1","1","0.05","500","2000","0.5","0.01","true","false","all","5","8","1.5","0.3","1","coherence","0.3","0.8","0.5","3000","1","13.334684132514482","78.07053701977884","0.433725205665438","68.60077290675201","82.70350679184793","0.3811154050375112","0.45946392662137736","14.457183474298429","11.230524515282774","17.683842433314087","0.6350726408942611","2962.2098102840287","1236.69695843323","4687.7226621348245","0.26381615286729204","0.14937005575478834","0","0","0","0","0","0","0","0.09368878307700815","50","50"
"126","100","0.4","0.35","144","5","single","60","0.2","0.5","0.1","1","0.05","500","2000","0.5","0.01","true","false","all","5","8","1.5","0.3","1","coherence","0.3","0.8","0.5","3000","221","22.839001331301375","70.65655016589814","0.3925363898105452","68.19647804269758","73.52735965789324","0.378869322459431","0.40848533143274024","13.949915027817697","11.05671004926245","16.84312000637294","0.6564526076569495","3353.312218309767","1005.5175507672222","5701.106885852313","0.1763723380213205","0.1284968585334214","0","0","0","0","0","0","0","0.09708978595551374","50","50"
"127","100","0.4","0.35","144","5","single","60","0.2","0.5","0.1","1","0.05","500","2000","0.5","0.01","true","false","all","5","8","1.5","0.3","1","coherence","0.3","0.8","0.5","3000","396","27.768979687175488","104.27840116614107","0.5793244509230059","109.41978894053369","97.191493434754","0.6078877163362983","0.5399527413041889","14.656773149205362","11.478467564780528","17.835078733630198","0.6435893968405358","3225.2950933432403","1158.1657436593935","5292.424443027088","0.21883462978584564","0.15605673742404758","0","0","0","0","0","0","0","0.08082945965552532","50","50"
"128","100","0.4","0.35","144","5","single","60","0.2","0.5","0.1","1","0.05","500","2000","0.5","0.01","true","false","all","5","8","1.5","0.3","1","coherence","0.3","0.8","0.5","3000","150","27.69582203073915","72.11549858762623","0.40064165882014574","78.0759800279563","54.61963213060209","0.43375544459975723","0.30344240072556716","13.889284667625862","11.125437987146324","16.65313134810539","0.6680688306954387","3222.2526141479334","802.1872413077988","5642.317986988064","0.14217334846383164","0.12779829319361014","0","0","0","0","0","0","0","0.07547452760242956","50","50"
"129","100","0.4","0.35","144","5","single","60","0.2","0.5","0.1","1","0.05","500","2000","0.5","0.01","true","false","all","5","8","1.5","0.3","1","coherence","0.3","0.8","0.5","3000","1","21.143228180321955","86.44369256972023","0.48024273649844573","99.4615925858973","64.6732244798871","0.552564403254985","0.3592956915549283","14.246920318220258","11.374580307775256","17.119260328665266","0.6644317622023158","3404.262299783412","1394.3197115733644","5414.204887993464","0.2575299125944432","0.13175936075850148","0","0","0","0","0","0","0","0.0743051003154435","50","50"
"130","100","0.4","0.35","144","5","single","60","0.2","0.5","0.1","1","0.05","500","2000","0.5","0.01","true","false","all","5","8","1.5","0.3","1","coherence","0.3","0.8","0.5","3000","51","15.553846710769648","84.63060140925052","0.4701700078291695","86.24671718803297","73.85248714279619","0.47914842882240544","0.4102915952377566","14.708531752402756","11.245700359066714","18.171363145738802","0.6188693863456155","2992.967326258646","1085.328133267055","4900.606519250236","0.22146812420130882","0.1592548404818337","0","0","0","0","0","0","0","0.08753931249973264","50","50"
"131","100","0.4","0.35","144","5","single","60","0.2","0.5","0.1","1","0.05","500","2000","0.5","0.01","true","false","all","5","8","1.5","0.3","1","coherence","0.3","0.8","0.5","3000","0","20.748661705588887","77.55901033427735","0.43088339074598525","85.24750088841523","69.7968013128263","0.4735972271578624","0.3877600072934795","14.60277603326233","11.519757636039204","17.685794430485473","0.6513565269187056","3421.458065019468","1484.200229256292","5358.715900782642","0.2769693816086657","0.1536979714506539","0","0","0","0","0","0","0","0.09254697834460474","50","50"
"132","100","0.4","0.35","144","5","single","60","0.2","0.5","0.1","1","0.05","500","2000","0.5","0.01","true","false","all","5","8","1.5","0.3","1","coherence","0.3","0.8","0.5","3000","46","15.698888776605116","76.64560385990367","0.42580891033279816","82.83079486699074","69.09299038652011","0.46017108259439304","0.3838499465917784","14.670084908207846","11.147855542901073","18.19231427351461","0.6127783071080046","3510.2499293556048","977.8578294670999","6042.642029244109","0.1618262052815038","0.1648867903191482","0","0","0","0","0","0","0","0.09382265303324462","50","50"
"133","100","0.4","0.35","144","5","single","60","0.2","0.5","0.1","1","0.05","500","2000","0.5","0.01","true","false","all","5","8","1.5","0.3","1","coherence","0.3","0.8","0.5","3000","148","16.666698648627644","80.08088753322642","0.4448938196290356","86.00912697634072","73.67795299990871","0.4778284832018929","0.4093219611106039","14.977466946539597","11.588235421141421","18.366698471937774","0.6309373151003119","3993.5315616048947","1320.5752235132748","6666.487899696515","0.19809159536213852","0.16003884032829374","0","0","0","0","0","0","0","0.08657112679221599","50","50"
"134","100","0.4","0.35","144","5","single","60","0.2","0.5","0.1","1","0.05","500","2000","0.5","0.01","true","false","all","5","8","1.5","0.3","1","coherence","0.3","0.8","0.5","3000","177","18.78003280870827","105.20374522536817","0.5844652512520454","104.95157602178084","105.38285293798255","0.5830643112321158","0.5854602940999031","14.750321726210075","11.144670278100575","18.355973174319573","0.6071413469753935","3906.5799403968895","1101.465294618935","6711.694586174837","0.16411135525859616","0.1549168994710659","0","0","0","0","0","0","0","0.06675285958629541","50","50"
"135","100","0.4","0.35","144","5","single","60","0.2","0.5","0.1","1","0.05","500","2000","0.5","0.01","true","false","all","5","8","1.5","0.3","1","coherence","0.3","0.8","0.5","3000","0","18.5951210070491","89.67724775493","0.4982069319718333","88.44085399457381","89.42743378440909","0.4913380777476323","0.4968190765800505","15.23551785738974","11.28623639985194","19.184799314927524","0.588290563512448","3530.0474324236384","1111.2225193836173","5948.87234546366","0.1867954891032391","0.18103929825427523","0","0","0","0","0","0","0","0.09638074061464574","50","50"
"136","100","0.4","0.35","144","5","single","60","0.2","0.5","0.1","1","0.05","500","2000","0.5","0.01","true","false","all","5","8","1.5","0.3","1","coherence","0.3","0.8","0.5","3000","0","14.37849890280377","90.77878016368628","0.5043265564649237","94.03728955578279","87.57930386772257","0.5224293864210156","0.4865516881540143","15.32036100761795","11.399348456415096","19.241373558820822","0.5924394337840447","4203.310515603159","1382.1954773845034","7024.425553821817","0.19676989481830087","0.17520784658644772","0","0","0","0","0","0","0","0.08343464539618242","50","50"
"137","100","0.4","0.35","144","5","single","60","0.2","0.5","0.1","1","0.05","500","2000","0.5","0.01","true","false","all","5","8","1.5","0.3","1","coherence","0.3","0.8","0.5","3000","246","24.420423079173972","68.45606562019763","0.38031147566776463","78.07086148515985","60.165784396914205","0.43372700825088806","0.33425435776063445","14.12751372399701","11.204559589909316","17.05046785808471","0.6571408880488004","3686.556691782705","1045.4068872598948","6327.706496305515","0.16521102675515434","0.13341036004289086","0","0","0","0","0","0","0","0.08831366738716816","50","50"
"138","100","0.4","0.35","144","5","single","60","0.2","0.5","0.1","1","0.05","500","2000","0.5","0.01","true","false","all","5","8","1.5","0.3","1","coherence","0.3","0.8","0.5","3000","0","9.669009939925445","111.9054128635356","0.6216967381307533","93.84428258494296","125.57806831674957","0.5213571254719054","0.6976559350930531","14.272939832943345","11.336033446994247","17.209846218892434","0.6586946392670207","3371.766964117674","1206.8634331527353","5536.670495082613","0.21797638747413434","0.13948899915134594","0","0","0","0","0","0","0","0.07810422642114562","50","50"
"139","100","0.4","0.35","144","5","single","60","0.2","0.5","0.1","1","0.05","500","2000","0.5","0.01","true","false","all","5","8","1.5","0.3","1","coherence","0.3","0.8","0.5","3000","4","11.332066454224773","82.6211676738118","0.4590064870767322","85.747479269957","76.70572827822728","0.4763748848330944","0.4261429348790405","15.104752747537036","11.37892857812443","18.83057691694964","0.6042793393059621","3662.4874819290185","1090.7810992599912","6234.193864598048","0.1749674653934298","0.1716862705947111","0","0","0","0","0","0","0","0.077912619392908","50","50"
"140","100","0.4","0.35","144","5","single","60","0.2","0.5","0.1","1","0.05","500","2000","0.5","0.01","true","false","all","5","8","1.5","0.3","1","coherence","0.3","0.8","0.5","3000","316","26.627515833862816","65.52993986927378","0.3640552214959654","68.19943386474681","63.136354488702","0.37888574369303785","0.35075752493723333","13.793319729413616","10.954374379417947","16.632265079409272","0.6586219211344492","2644.9101546174224","1126.3224415377665","4163.4978676970795","0.27052312198270906","0.13986421081547595","0","0","0","0","0","0","0","0.0800365074114163","50","50"
"141","100","0.4","0.35","144","5","single","60","0.2","0.5","0.1","1","0.05","500","2000","0.5","0.01","true","false","all","5","8","1.5","0.3","1","coherence","0.3","0.8","0.5","3000","392","24.51749384612735","107.81442957643613","0.5989690532024229","97.97231521459418","115.72453556258033","0.5442906400810787","0.6429140864587796","14.383500988213607","11.08679868825939","17.680203288167828","0.62707416354647","3305.880477307497","913.1198545351527","5698.641100079837","0.16023466621232915","0.15085562300827005","0","0","0","0","0","0","0","0.08535193662780112","50","50"
"142","100","0.4","0.35","144","5","single","60","0.2","0.5","0.1","1","0.05","500","2000","0.5","0.01","true","false","all","5","8","1.5","0.3","1","coherence","0.3","0.8","0.5","3000","0","16.537371075190123","82.1321691902308","0.45628982883461555","88.05595971907601","76.60062182448618","0.489199776217089","0.42555901013603437","14.84184357142233","11.070378797256405","18.61330834558825","0.594756106314669","3120.6155344059657","1115.6485773785266","5125.582491433408","0.21766278842319972","0.16807089902257677","0","0","0","0","0","0","0","0.07066867001349761","50","50"
"143","100","0.4","0.35","144","5","single","60","0.2","0.5","0.1","1","0.05","500","2000","0.5","0.01","true","false","all","5","8","1.5","0.3","1","coherence","0.3","0.8","0.5","3000","61","14.983245155939912","79.35984591790603","0.4408880328772557","79.68654607838228","78.58370351552308","0.44270303376879044","0.4365761306417949","14.810580924829956","11.190603523827233","18.430558325832678","0.6071765882502993","3472.6796890152373","1021.5734268171223","5923.785951213353","0.17245279205402014","0.1634299714129459","0","0","0","0","0","0","0","0.06483955508206654","50","50"
"144","100","0.4","0.35","144","5","single","60","0.2","0.5","0.1","1","0.05","500","2000","0.5","0.01","true","false","all","5","8","1.5","0.3","1","coherence","0.3","0.8","0.5","3000","212","21.25200751919344","68.03179576732661","0.3779544209295923","67.95173042356649","66.98095544004721","0.37750961346425826","0.3721164191113734","14.361942903638635","10.955539051541825","17.768346755735436","0.6165761622141628","3219.657375373773","931.3911954984185","5507.923555249129","0.16910024007337385","0.1563430824639671","0","0","0","0","0","0","0","0.0866366633666861","50","50"
"145","100","0.4","0.35","144","5","single","60","0.2","0.5","0.1","1","0.05","500","2000","0.5","0.01","true","false","all","5","8","1.5","0.3","1","coherence","0.3","0.8","0.5","3000","499","19.49995227558125","81.83277217863532","0.45462651210352956","89.29190395333448","71.11381865894973","0.4960661330740805","0.3950767703274985","14.95652863524728","11.489269875750468","18.423787394744082","0.6236106414812466","3485.8795712797278","1238.6816365800023","5733.077505979455","0.21605876342820912","0.15753711266753","0","0","0","0","0","0","0","0.07519627313015939","50","50"
"146","100","0.4","0.35","144","5","single","60","0.2","0.5","0.1","1","0.05","500","2000","0.5","0.01","true","false","all","5","8","1.5","0.3","1","coherence","0.3","0.8","0.5","3000","186","26.39726120218242","72.68778155252005","0.4038210086251114","82.82020736338322","59.040923193274395","0.4601122631299068","0.32800512885152444","14.399623319302986","11.491073367520347","17.30817327108562","0.6639102340578538","2977.7161879614937","1201.0686630362013","4754.363712886784","0.25262448049161323","0.139686231613799","0","0","0","0","0","0","0","0.07811067025162426","50","50"
"148","100","0.4","0.35","144","5","single","60","0.2","0.5","0.1","1","0.05","500","2000","0.5","0.01","true","false","all","5","8","1.5","0.3","1","coherence","0.3","0.8","0.5","3000","119","28.267182586228557","70.4093963313185","0.3911633129517695","75.338876360209","64.04206770054846","0.4185493131122722","0.355789265003047","14.452054525878767","10.878616305772152","18.025492745985375","0.6035128392368101","3432.6379491386597","934.8168427420175","5930.459055535301","0.15762976086471575","0.1599768760387914","0","0","0","0","0","0","0","0.09476407610429687","50","50"
"147","100","0.4","0.35","144","5","single","60","0.2","0.5","0.1","1","0.05","500","2000","0.5","0.01","true","false","all","5","8","1.5","0.3","1","coherence","0.3","0.8","0.5","3000","36","13.591345322690941","89.30343180060525","0.4961301766700292","92.55062439638233","85.42765712161153","0.5141701355354574","0.47459809512006407","15.023211807869503","11.167918826949222","18.878504788789773","0.5915679738355568","2872.512716028563","1010.0435881415078","4734.981843915617","0.21331519770015578","0.1758491171667511","0","0","0","0","0","0","0","0.0700191588049229","50","50"
"149","100","0.4","0.35","144","5","single","60","0.2","0.5","0.1","1","0.05","500","2000","0.5","0.01","true","false","all","5","8","1.5","0.3","1","coherence","0.3","0.8","0.5","3000","61","18.88300640328913","96.22021325161984","0.5345567402867769","96.71637624139936","95.08488667125799","0.5373132013411076","0.5282493703958777","15.241299506021873","11.090105346555783","19.392493665487955","0.5718761876556596","3134.7287521861003","1043.2256801375158","5226.231824234687","0.19961335723760823","0.1898797441414377","0","0","0","0","0","0","0","0.08747619449334577","50","50"
"150","100","0.4","0.35","144","5","single","60","0.2","0.5","0.1","1","0.05","500","2000","0.5","0.01","true","false","all","5","8","1.5","0.3","1","coherence","0.3","0.8","0.5","3000","0","19.72030520029196","105.55972834322522","0.5864429352401401","95.62548344035254","115.46078570630353","0.5312526857797363","0.641448809479464","14.759646777416839","11.277321948839644","18.241971605994024","0.6182074061081257","3741.32069315881","1294.8005970937875","6187.840789223835","0.20924917773396676","0.16384889786552792","0","0","0","0","0","0","0","0.09119567421631651","50","50"
"152","100","0.4","0.35","144","5","single","60","0.2","0.5","0.1","1","0.05","500","2000","0.5","0.01","true","false","all","5","8","1.5","0.3","1","coherence","0.3","0.8","0.7","3000","0","13.79523564143382","67.03140547731795","0.3723966970962108","76.79075100655876","62.06281102588703","0.4266152833697709","0.34479339458826125","15.231328830628156","11.008761510740523","17.041000539151444","0.6460161470829168","4127.852126289911","915.8469251292469","5504.425783930194","0.16638373575732485","0.11682369014555882","0","0","0","0","0","0","0","0.08888574323933589","30","70"
"151","100","0.4","0.35","144","5","single","60","0.2","0.5","0.1","1","0.05","500","2000","0.5","0.01","true","false","all","5","8","1.5","0.3","1","coherence","0.3","0.8","0.7","3000","523","23.88034551790281","99.03858988938958","0.5502143882743866","89.36098161339432","101.84867115386447","0.4964498978521906","0.5658259508548026","15.58368696579312","10.809656592420689","17.62969998295274","0.6131503430502631","3920.8167023976753","779.84533869299","5266.94728684254","0.1480640105590455","0.13992841156737335","0","0","0","0","0","0","0","0.07052322097391311","30","70"
"153","100","0.4","0.35","144","5","single","60","0.2","0.5","0.1","1","0.05","500","2000","0.5","0.01","true","false","all","5","8","1.5","0.3","1","coherence","0.3","0.8","0.7","3000","8","15.927145152554147","92.96259026684729","0.5164588348158182","92.0805472458708","83.52362306247042","0.5115585958103933","0.4640201281248357","15.809204441976515","11.302976896348364","17.7404448186743","0.6371304108705547","3742.8273721482524","1144.8218986210782","4856.2582893741865","0.23574155870704483","0.1287806075160045","0","0","0","0","0","0","0","0.08874021092137095","30","70"
"154","100","0.4","0.35","144","5","single","60","0.2","0.5","0.1","1","0.05","500","2000","0.5","0.01","true","false","all","5","8","1.5","0.3","1","coherence","0.3","0.8","0.7","3000","1101","36.9185970510955","65.57955838483807","0.364330879915767","68.74758462024793","61.20098269932604","0.3819310256680441","0.3400054594407002","15.366004073489927","11.195648223923932","17.15329943758965","0.652681909078661","3701.8689171149595","1087.185097648598","4822.447696886257","0.2254425897352019","0.12254667841921396","0","0","0","0","0","0","0","0.08086550153237336","30","70"
"157","100","0.4","0.35","144","5","single","60","0.2","0.5","0.1","1","0.05","500","2000","0.5","0.01","true","false","all","5","8","1.5","0.3","1","coherence","0.3","0.8","0.7","3000","107","25.832308059076937","115.48278009621372","0.6415710005345207","114.43477109696074","116.22087475773674","0.6357487283164486","0.6456715264318708","14.62699270502992","10.605681554446894","16.350411769565515","0.6486492024737992","3879.8226714593197","784.0437890142256","5206.585049650074","0.1505869550842965","0.10537125358147792","0","0","0","0","0","0","0","0.08702374892766286","30","70"
"156","100","0.4","0.35","144","5","single","60","0.2","0.5","0.1","1","0.05","500","2000","0.5","0.01","true","false","all","5","8","1.5","0.3","1","coherence","0.3","0.8","0.7","3000","226","19.602214981176985","95.91476580049189","0.5328598100027327","77.75448884865531","102.55046242377057","0.43196938249252953","0.5697247912431698","16.862871658922636","11.230572400600686","19.276714198203482","0.5825978579714242","4209.839267590616","1010.3159241917358","5581.063557618708","0.18102569765803042","0.1647789922874865","0","0","0","0","0","0","0","0.09122311726472802","30","70"
"155","100","0.4","0.35","144","5","single","60","0.2","0.5","0.1","1","0.05","500","2000","0.5","0.01","true","false","all","5","8","1.5","0.3","1","coherence","0.3","0.8","0.7","3000","2216","23.513343690537752","92.41485036137797","0.5134158353409888","83.28223647240019","96.09986102607084","0.46267909151333436","0.5338881168115047","110.36918863039791","104.80078623390223","112.75564680032457","0.9294504462334438","3090.182147929196","820.8438987810316","4062.755683278409","0.2020411668266151","0.0308657368110703","0","0","0","0","0","0","0","0.06880035665647793","30","70"
"158","100","0.4","0.35","144","5","single","60","0.2","0.5","0.1","1","0.05","500","2000","0.5","0.01","true","false","all","5","8","1.5","0.3","1","coherence","0.3","0.8","0.7","3000","0","19.513950807275492","84.23025218203776","0.46794584545576534","93.2665806772002","74.129206925731","0.51814767042889","0.4118289273651722","16.752284774004885","11.586751065105059","18.966084934961966","0.6109194968196159","4743.195342935734","1291.6088110301978","6222.446713752391","0.2075724984796703","0.157582177867027","0","0","0","0","0","0","0","0.08261127701505955","30","70"
"159","100","0.4","0.35","144","5","single","60","0.2","0.5","0.1","1","0.05","500","2000","0.5","0.01","true","false","all","5","8","1.5","0.3","1","coherence","0.3","0.8","0.7","3000","0","9.927743623077461","98.75673567546119","0.5486485315303399","91.86608170851345","101.64351713862345","0.5103671206028525","0.5646862063256859","15.992602918149188","11.178587341361595","18.05575245105816","0.6191150090068094","4353.729654634605","884.6920906786831","5840.460039187145","0.15147643931175866","0.13359266587139573","0","0","0","0","0","0","0","0.09024414834820138","30","70"
"160","100","0.4","0.35","144","5","single","60","0.2","0.5","0.1","1","0.05","500","2000","0.5","0.01","true","false","all","5","8","1.5","0.3","1","coherence","0.3","0.8","0.7","3000","369","21.998616665478224","82.33158550307449","0.45739769723930274","91.2566563394011","78.5020564986135","0.5069814241077839","0.43612253610340834","16.146296869325685","10.958236591333865","18.36975127417933","0.5965370149968687","3928.1266949360293","1078.5802904891402","5149.3608682704125","0.2094590606642447","0.14269910265502928","0","0","0","0","0","0","0","0.0861555739548738","30","70"
"161","100","0.4","0.35","144","5","single","60","0.2","0.5","0.1","1","0.05","500","2000","0.5","0.01","true","false","all","5","8","1.5","0.3","1","coherence","0.3","0.8","0.7","3000","2","17.9113889701773","106.11988215013189","0.589554900834066","99.71411729809287","107.8068768693878","0.5539673183227382","0.5989270937188211","14.998998956094951","11.21796038561434","16.6194440577295","0.6749901107791271","4355.2008787448485","980.517210206854","5801.493879546848","0.16901115998133945","0.10245043057836245","0","0","0","0","0","0","0","0.07531496615718047","30","70"
"162","100","0.4","0.35","144","5","single","60","0.2","0.5","0.1","1","0.05","500","2000","0.5","0.01","true","false","all","5","8","1.5","0.3","1","coherence","0.3","0.8","0.7","3000","2","16.897515886551858","97.67600475094343","0.5426444708385746","102.93008705538371","84.99401740399507","0.571833816974354","0.4721889855777504","15.125470944716033","11.793448420461049","16.553480597968175","0.7124452377651992","4256.799604924856","1473.654419701762","5449.576112877611","0.2704163386615422","0.09801725835343333","0","0","0","0","0","0","0","0.0876661559909246","30","70"
"163","100","0.4","0.35","144","5","single","60","0.2","0.5","0.1","1","0.05","500","2000","0.5","0.01","true","false","all","5","8","1.5","0.3","1","coherence","0.3","0.8","0.7","3000","29","17.626020363906868","77.43297530518977","0.43018319613994316","83.34189176907316","74.05719355638931","0.4630105098281842","0.4114288530910517","16.018825073531744","11.1587501786878","18.101714314179144","0.6164471488729169","4450.966500704151","1096.7570219860331","5888.4848487262025","0.18625453748484785","0.13195920947076067","0","0","0","0","0","0","0","0.06509211752544927","30","70"
"164","100","0.4","0.35","144","5","single","60","0.2","0.5","0.1","1","0.05","500","2000","0.5","0.01","true","false","all","5","8","1.5","0.3","1","coherence","0.3","0.8","0.7","3000","241","20.37704599854478","61.423594320510375","0.34124219066950207","76.25955759918567","53.94177310141905","0.42366420888436485","0.29967651723010585","15.046437628316685","11.335680616843321","16.63676206180526","0.6813633911894322","4479.622813703721","1287.1850606303526","5847.810422163733","0.220114020070111","0.10437178856497309","0","0","0","0","0","0","0","0.06372641945881842","30","70"
"165","100","0.4","0.35","144","5","single","60","0.2","0.5","0.1","1","0.05","500","2000","0.5","0.01","true","false","all","5","8","1.5","0.3","1","coherence","0.3","0.8","0.7","3000","506","19.81756515301909","64.42794480663598","0.3579330267035332","75.03734944678057","60.01261467941369","0.4168741635932254","0.3334034148856316","15.317436673547759","11.41753898251646","16.988821398275462","0.6720618643783882","4512.058841646269","948.2325604987842","6039.412962138046","0.1570074055944496","0.1075320934998727","0","0","0","0","0","0","0","0.07813903882033492","30","70"
"166","100","0.4","0.35","144","5","single","60","0.2","0.5","0.1","1","0.05","500","2000","0.5","0.01","true","false","all","5","8","1.5","0.3","1","coherence","0.3","0.8","0.7","3000","111","14.832502547180837","101.86767502571645","0.5659315279206469","91.05594923025227","99.70278717766051","0.5058663846125125","0.553904373209225","15.87975539298202","10.901636293826746","18.013235006905706","0.6052014693444795","4372.48254168111","957.1706302911805","5836.187646562505","0.16400614378034112","0.13991779801349646","0","0","0","0","0","0","0","0.0801266522434911","30","70"
"167","100","0.4","0.35","144","5","single","60","0.2","0.5","0.1","1","0.05","500","2000","0.5","0.01","true","false","all","5","8","1.5","0.3","1","coherence","0.3","0.8","0.7","3000","135","22.066646325287962","60.310256909553615","0.33505698283085344","57.91767054266594","61.346699739555206","0.3217648363481441","0.3408149985530845","14.92359497845951","11.36929875688897","16.446864787704012","0.6912745318724135","4778.335965414562","1476.1531528853675","6193.557170784222","0.23833688980035014","0.09739384143615015","0","0","0","0","0","0","0","0.07300519171214159","30","70"
"168","100","0.4","0.35","144","5","single","60","0.2","0.5","0.1","1","0.05","500","2000","0.5","0.01","true","false","all","5","8","1.5","0.3","1","coherence","0.3","0.8","0.7","3000","0","25.76407102374631","60.304528011376604","0.3350251556187589","82.9837164992525","51.263516054625526","0.4610206472180694","0.28479731141458625","14.629559102969276","10.822024566078703","16.26135961877952","0.6655055185902677","3532.3048208874407","987.5129851699318","4622.929893337799","0.21361193181688906","0.10029284141644945","0","0","0","0","0","0","0","0.07351730796492005","30","70"
"169","100","0.4","0.35","144","5","single","60","0.2","0.5","0.1","1","0.05","500","2000","0.5","0.01","true","false","all","5","8","1.5","0.3","1","coherence","0.3","0.8","0.7","3000","0","7.785516682350803","92.92032104052514","0.5162240057806952","113.11710713406498","79.582545197411","0.6284283729670277","0.44212525109672773","15.211057980150041","10.91398393181999","17.052661143720055","0.6400164666286854","4534.8956160274665","1231.6792588478372","5950.559769104451","0.20698544450267786","0.11631448840572012","0","0","0","0","0","0","0","0.07709080321486203","30","70"
"170","100","0.4","0.35","144","5","single","60","0.2","0.5","0.1","1","0.05","500","2000","0.5","0.01","true","false","all","5","8","1.5","0.3","1","coherence","0.3","0.8","0.7","3000","5","15.392920741241056","84.53215117359919","0.46962306207555105","86.94223498773077","83.56672311194671","0.4830124165985043","0.4642595728441484","16.512322829757064","11.913728506599814","18.483148968253015","0.6445724441794549","4479.755418429167","1406.485749605424","5796.870990782198","0.24262843727968514","0.13853284635124474","0","0","0","0","0","0","0","0.08130557546428452","30","70"
"171","100","0.4","0.35","144","5","single","60","0.2","0.5","0.1","1","0.05","500","2000","0.5","0.01","true","false","all","5","8","1.5","0.3","1","coherence","0.3","0.8","0.7","3000","36","19.510722481639505","117.94234864481312","0.6552352702489618","104.66241242720776","123.5962315890609","0.5814578468178209","0.6866457310503383","14.572659933160319","10.687401436068132","16.237770717628404","0.6581815707291296","3939.332180756891","991.6553207756102","5202.622263606016","0.1906068268135767","0.10142966308845947","0","0","0","0","0","0","0","0.0696582993065322","30","70"
"172","100","0.4","0.35","144","5","single","60","0.2","0.5","0.1","1","0.05","500","2000","0.5","0.01","true","false","all","5","8","1.5","0.3","1","coherence","0.3","0.8","0.7","3000","9","18.70827964600992","62.125548865744605","0.3451419381430256","71.57501778826617","56.084120072891785","0.3976389877125898","0.3115784448493988","15.119610182801948","11.208596370717935","16.79575895940939","0.6673468223618801","4021.7816977679586","1084.1875352416134","5280.750624564965","0.20530936079393647","0.105768933941923","0","0","0","0","0","0","0","0.08832189910542862","30","70"
"173","100","0.4","0.35","144","5","single","60","0.2","0.5","0.1","1","0.05","500","2000","0.5","0.01","true","false","all","5","8","1.5","0.3","1","coherence","0.3","0.8","0.7","3000","0","15.870678489843996","89.20390188329375","0.4955772326849653","85.16278639556646","90.82820705446144","0.4731265910864803","0.5046011503025636","15.958991835974949","10.424837506786861","18.330772262769838","0.568706945749357","3668.398181609209","805.8434378250533","4895.207357516705","0.16461885656133887","0.15894403463193507","0","0","0","0","0","0","0","0.08215258394714545","30","70"
"174","100","0.4","0.35","144","5","single","60","0.2","0.5","0.1","1","0.05","500","2000","0.5","0.01","true","false","all","5","8","1.5","0.3","1","coherence","0.3","0.8","0.7","3000","29","15.277365911422237","112.36852458969963","0.6242695810538869","96.02974670188622","114.85520801252632","0.5334985927882568","0.6380844889584796","14.897463583025374","10.646295796513803","16.719392634387464","0.6367633100868229","4549.31804776237","1072.6052433988114","6039.337821061039","0.1776031206034385","0.11191746010157644","0","0","0","0","0","0","0","0.07267189463202016","30","70"
"175","100","0.4","0.35","144","5","single","60","0.2","0.5","0.1","1","0.05","500","2000","0.5","0.01","true","false","all","5","8","1.5","0.3","1","coherence","0.3","0.8","0.7","3000","236","12.618911901415515","97.28266499689889","0.5404592499827716","93.26944998060922","94.45909165353635","0.5181636110033846","0.5247727314085353","16.42346333391036","11.105599580891012","18.702547799490066","0.5938014274821857","4049.0838237826833","878.0649083007361","5408.091930417806","0.16236131330572637","0.1542673409020432","0","0","0","0","0","0","0","0.09077090373591168","30","70"
"176","100","0.4","0.35","144","5","single","60","0.2","0.5","0.1","1","0.05","500","2000","0.5","0.01","true","false","all","5","8","1.5","0.3","1","coherence","0.3","0.8","0.7","3000","0","26.200468908381353","95.13562932292332","0.5285312740162407","99.69108073343592","93.14831479831707","0.5538393374079773","0.5174906377684282","14.99078089229393","11.125211937306803","16.647453301574114","0.6682831142860061","4845.952757665527","1010.9648355690915","6489.519009992571","0.15578424749390613","0.10562212091848222","0","0","0","0","0","0","0","0.08374681732594985","30","70"
"177","100","0.4","0.35","144","5","single","60","0.2","0.5","0.1","1","0.05","500","2000","0.5","0.01","true","false","all","5","8","1.5","0.3","1","coherence","0.3","0.8","0.7","3000","294","25.939367484918762","62.935476186048305","0.349641534366935","63.43385600822822","62.789273497171806","0.3524103111568234","0.34882929720651","14.827902072944498","10.940850106681795","16.49378148705708","0.663331820860319","4183.690521051953","1096.9539682037005","5506.577615129773","0.19920793728390013","0.10685208898276799","0","0","0","0","0","0","0","0.08165692918957165","30","70"
"178","100","0.4","0.35","144","5","single","60","0.2","0.5","0.1","1","0.05","500","2000","0.5","0.01","true","false","all","5","8","1.5","0.3","1","coherence","0.3","0.8","0.7","3000","188","18.403590162740457","96.72282491532049","0.537349027307336","106.42241074313945","90.18774626348161","0.5912356152396636","0.5010430347971201","14.785453304279308","11.012960994486786","16.40223572276181","0.6714304793951849","4228.8730295295645","1345.0894296060756","5464.78028663963","0.24613787911923354","0.09920271574093165","0","0","0","0","0","0","0","0.09055144050470143","30","70"
"179","100","0.4","0.35","144","5","single","60","0.2","0.5","0.1","1","0.05","500","2000","0.5","0.01","true","false","all","5","8","1.5","0.3","1","coherence","0.3","0.8","0.7","3000","2","24.9132721954973","74.05640622916069","0.4114244790508927","88.52632042716021","69.01555393936472","0.4918128912620012","0.3834197441075818","14.996630076522338","10.71462702180768","16.83177424282864","0.6365714551080532","4054.627567084379","958.6859073932392","5381.4597069520105","0.17814607180924646","0.11449794789774814","0","0","0","0","0","0","0","0.08094212554104298","30","70"
"180","100","0.4","0.35","144","5","single","60","0.2","0.5","0.1","1","0.05","500","2000","0.5","0.01","true","false","all","5","8","1.5","0.3","1","coherence","0.3","0.8","0.7","3000","94","27.648290129180523","68.73892917376003","0.3818829398542224","87.10600750502117","56.69605088173831","0.4839222639167843","0.3149780604541017","14.861083436112231","10.912740066021463","16.55323059472255","0.6592513771602162","4321.41656477388","1075.6746151180241","5712.448828912103","0.18830358876455425","0.10811523807899137","0","0","0","0","0","0","0","0.09017117915149672","30","70"
"181","100","0.4","0.35","144","5","single","60","0.2","0.5","0.1","1","0.05","500","2000","0.5","0.01","true","false","all","5","8","1.5","0.3","1","coherence","0.3","0.8","0.9","3000","63","15.92799870333684","106.2475919988792","0.5902643999937733","112.6960158455493","105.53110046036028","0.6260889769197183","0.586283891446446","17.349567754683854","10.392362532192157","18.12259055718294","0.5734479570898386","4667.07011392532","587.6509076451688","5120.338914623114","0.11476797091827336","0.10723327124931314","0","0","0","0","0","0","0","0.07411092617728746","10","90"
"182","100","0.4","0.35","144","5","single","60","0.2","0.5","0.1","1","0.05","500","2000","0.5","0.01","true","false","all","5","8","1.5","0.3","1","coherence","0.3","0.8","0.9","3000","314","26.825823772529347","114.12771468180857","0.6340428593433809","109.61365466563093","114.68004858004016","0.6089647481423941","0.6371113810002231","16.20040268877971","11.692001624079975","16.701336140413012","0.7000638467354888","4760.994486682826","1268.0740538366615","5149.096756999066","0.2462711643771295","0.07034317433549564","0","0","0","0","0","0","0","0.08341863960881585","10","90"
"183","100","0.4","0.35","144","5","single","60","0.2","0.5","0.1","1","0.05","500","2000","0.5","0.01","true","false","all","5","8","1.5","0.3","1","coherence","0.3","0.8","0.9","3000","1","25.416793466952825","64.98684946073105","0.36103805255961696","76.03307749639559","63.80838337004056","0.4224059860910866","0.35449101872244754","16.472278595066815","11.037070979710476","17.07619055232862","0.646342692527836","5624.107150897475","653.513888921653","6176.39529111701","0.10580830049228668","0.0765521925301964","0","0","0","0","0","0","0","0.08046563127639508","10","90"
"184","100","0.4","0.35","144","5","single","60","0.2","0.5","0.1","1","0.05","500","2000","0.5","0.01","true","false","all","5","8","1.5","0.3","1","coherence","0.3","0.8","0.9","3000","705","31.471311390902116","64.04683589785591","0.35581575498808843","84.30283096612818","62.289561488590344","0.4683490609229344","0.3460531193810575","16.084768197322568","10.536164223208107","16.701279750001955","0.6308596934439634","4888.811029280037","601.6668021670421","5365.160387848147","0.11214330209583127","0.06766407638848526","0","0","0","0","0","0","0","0.06565625073447472","10","90"
"185","100","0.4","0.35","144","5","single","60","0.2","0.5","0.1","1","0.05","500","2000","0.5","0.01","true","false","all","5","8","1.5","0.3","1","coherence","0.3","0.8","0.9","3000","126","23.768961037156778","65.84979404341004","0.3658321891300558","72.0477595543264","65.01783338432986","0.40026533085736893","0.36121018546849926","15.975841671716703","10.647557684338986","16.56787322586978","0.642662913892499","5089.640735734129","1180.3295269463783","5524.008647821659","0.2136726428572537","0.07320874376160424","0","0","0","0","0","0","0","0.09468245019030186","10","90"
"186","100","0.4","0.35","144","5","single","60","0.2","0.5","0.1","1","0.05","500","2000","0.5","0.01","true","false","all","5","8","1.5","0.3","1","coherence","0.3","0.8","0.9","3000","168","17.917058395007786","64.20005661307094","0.35666698118372747","68.87112369836171","63.1246410641751","0.3826173538797873","0.35069245035652835","16.337651843123876","10.830729651708989","16.949532086614425","0.6389987402815889","4973.392092336527","1155.8103101292736","5397.5678459151095","0.21413539266653095","0.07863526528329734","0","0","0","0","0","0","0","0.08555989276922676","10","90"
"187","100","0.4","0.35","144","5","single","60","0.2","0.5","0.1","1","0.05","500","2000","0.5","0.01","true","false","all","5","8","1.5","0.3","1","coherence","0.3","0.8","0.9","3000","251","28.211887156866908","61.4413831937961","0.34134101774331166","60.48353484602181","61.63041466369839","0.3360196380334545","0.3423911925761022","16.87783147443265","10.958975628002161","17.535482124036037","0.6249600410461825","5337.597055455249","1132.7703854864978","5804.8000187851085","0.19514373997738105","0.09349069992589287","0","0","0","0","0","0","0","0.08499499852426477","10","90"
"188","100","0.4","0.35","144","5","single","60","0.2","0.5","0.1","1","0.05","500","2000","0.5","0.01","true","false","all","5","8","1.5","0.3","1","coherence","0.3","0.8","0.9","3000","-1","29.859500978786144","86.35856708604065","0.47976981714467026","94.56313671810253","85.52167016406857","0.5253507595450141","0.4751203898003809","2955.265339559799","2890.502512484297","2962.4612092348552","0.9757098265029625","3145.407367554293","581.3510152087283","3430.3025178149114","0.16947514459425767","0.02424273132971022","1","1","1","1","1","1","100","0.07970013885958552","10","90"
"189","100","0.4","0.35","144","5","single","60","0.2","0.5","0.1","1","0.05","500","2000","0.5","0.01","true","false","all","5","8","1.5","0.3","1","coherence","0.3","0.8","0.9","3000","-1","19.95336100274573","63.51550890366704","0.3528639383537058","82.39073349223763","61.22850640682401","0.45772629717909796","0.34015836892680007","2953.5876397181037","2924.15699312742","2956.8577115615126","0.9889407196341472","3049.137521337791","671.9929657298101","3313.2646941831226","0.20281897999564696","0.027420990627231134","1","1","1","1","1","1","100","0.08583813758821288","10","90"
"190","100","0.4","0.35","144","5","single","60","0.2","0.5","0.1","1","0.05","500","2000","0.5","0.01","true","false","all","5","8","1.5","0.3","1","coherence","0.3","0.8","0.9","3000","4","10.124083268447976","79.17571180414642","0.43986506557859123","73.36656996737103","79.8385362544016","0.4075920553742835","0.4435474236355645","17.571343197962946","11.143174791629011","18.285584132000054","0.6093967089696787","5649.242944625526","1120.0133618859613","6152.490676041033","0.18204226887291453","0.0976090049359073","0","0","0","0","0","0","0","0.08636386952338704","10","90"
"192","100","0.4","0.35","144","5","single","60","0.2","0.5","0.1","1","0.05","500","2000","0.5","0.01","true","false","all","5","8","1.5","0.3","1","coherence","0.3","0.8","0.9","3000","105","28.28567417385129","70.8182519406386","0.3934347330035478","60.02668268352731","71.31429365880042","0.33348157046404064","0.396190520326669","16.646228389890776","11.229335203878923","17.248105410558768","0.6510474592186029","5564.562426413005","1282.8398264503946","6040.309381964408","0.21237982118611182","0.07743972348789807","0","0","0","0","0","0","0","0.07741942534779607","10","90"
"191","100","0.4","0.35","144","5","single","60","0.2","0.5","0.1","1","0.05","500","2000","0.5","0.01","true","false","all","5","8","1.5","0.3","1","coherence","0.3","0.8","0.9","3000","272","17.33225735110541","84.67934926297423","0.4704408292387457","80.60354952666181","84.63769881380648","0.44779749737034336","0.47020943785448044","17.760440710425133","11.525415626317784","18.453221275325948","0.6245747262418933","3945.6540437092294","1092.6457852236995","4262.6549613187335","0.2563298683892699","0.11734102473402452","0","0","0","0","0","0","0","0.09592314904262936","10","90"
"193","100","0.4","0.35","144","5","single","60","0.2","0.5","0.1","1","0.05","500","2000","0.5","0.01","true","false","all","5","8","1.5","0.3","1","coherence","0.3","0.8","0.9","3000","0","14.762789730184764","70.96770693413592","0.39426503852297734","71.16798783315798","68.12400546965164","0.395377710184211","0.3784666970536202","17.550409947072566","11.639987456395314","18.207123557147813","0.639309521894558","5490.632615223794","1282.701438527728","5958.180523745581","0.21528408436362118","0.10567999895597402","0","0","0","0","0","0","0","0.08828742680806187","10","90"
"194","100","0.4","0.35","144","5","single","60","0.2","0.5","0.1","1","0.05","500","2000","0.5","0.01","true","false","all","5","8","1.5","0.3","1","coherence","0.3","0.8","0.9","3000","0","21.21932793234899","97.33260414515716","0.5407366896953175","85.56956565474003","98.64260286343213","0.47538647585966687","0.5480144603524008","17.619834438083927","11.680489294717336","18.279761676235776","0.6389847691451204","4588.703024943562","1475.4537836567674","4934.619607308762","0.2990005108947899","0.10731780535288649","0","0","0","0","0","0","0","0.08927223412538639","10","90"
"195","100","0.4","0.35","144","5","single","60","0.2","0.5","0.1","1","0.05","500","2000","0.5","0.01","true","false","all","5","8","1.5","0.3","1","coherence","0.3","0.8","0.9","3000","0","21.13584820641455","80.5649651873283","0.44758313992960164","95.68189172907206","78.35346273894919","0.5315660651615115","0.43529701521638436","15.894470562819848","10.372637929816333","16.508007522042455","0.6283397869770888","5537.408332756767","1370.7096113272867","6000.374857360044","0.22843732998547212","0.06835093766491518","0","0","0","0","0","0","0","0.10218672639486244","10","90"
"196","100","0.4","0.35","144","5","single","60","0.2","0.5","0.1","1","0.05","500","2000","0.5","0.01","true","false","all","5","8","1.5","0.3","1","coherence","0.3","0.8","0.9","3000","0","11.863826050950934","87.07565471449685","0.4837536373027603","113.2446390570007","84.20106616368722","0.6291368836500039","0.46778370090937343","17.39292207362305","11.313582652575237","18.068404231517242","0.6261528415907711","4623.389116417733","1066.3934650129377","5018.610855462712","0.21248777714099473","0.10673309557410193","0","0","0","0","0","0","0","0.10269171599800911","10","90"
"197","100","0.4","0.35","144","5","single","60","0.2","0.5","0.1","1","0.05","500","2000","0.5","0.01","true","false","all","5","8","1.5","0.3","1","coherence","0.3","0.8","0.9","3000","48","18.982977350147877","68.6649583068022","0.3814719905933456","83.47392008825086","65.86034150953517","0.4637440004902826","0.3658907861640843","16.347810934871745","10.349799417767077","17.014256658994487","0.6083015923176237","5442.786114326213","482.6384970652818","5993.913627355203","0.08052143008244257","0.07623823337507618","0","0","0","0","0","0","0","0.08253512603155759","10","90"
"198","100","0.4","0.35","144","5","single","60","0.2","0.5","0.1","1","0.05","500","2000","0.5","0.01","true","false","all","5","8","1.5","0.3","1","coherence","0.3","0.8","0.9","3000","5","21.44467960819081","74.52675484883349","0.41403752693796386","61.52652190594349","75.9114941914535","0.34181401058857497","0.42173052328585275","16.220512891731563","11.009936446002786","16.799465830145873","0.6553741980441997","5558.901536345958","642.61423118425","6105.155681363925","0.10525763219205679","0.0700055990564028","0","0","0","0","0","0","0","0.09273791285397592","10","90"
"199","100","0.4","0.35","144","5","single","60","0.2","0.5","0.1","1","0.05","500","2000","0.5","0.01","true","false","all","5","8","1.5","0.3","1","coherence","0.3","0.8","0.9","3000","536","27.510878230663835","67.8494313166562","0.3769412850925344","71.85712524569018","66.73161753074183","0.3992062513649455","0.3707312085041213","17.235713197235054","11.358864277348001","17.88869641055583","0.6349744004065783","5033.36702501734","1005.8961260159788","5480.863791573047","0.18352875828853238","0.09789416953075114","0","0","0","0","0","0","0","0.0824596973654202","10","90"
"200","100","0.4","0.35","144","5","single","60","0.2","0.5","0.1","1","0.05","500","2000","0.5","0.01","true","false","all","5","8","1.5","0.3","1","coherence","0.3","0.8","0.9","3000","0","18.108550002409714","102.96054673809152","0.5720030374338418","95.40856943224956","101.74459588971067","0.5300476079569421","0.5652477549428371","16.013941131010807","11.16563377688063","16.552641948136376","0.6745529693607457","4799.676662739886","951.0128294027214","5227.305977555124","0.18193173184928466","0.06765918607997357","0","0","0","0","0","0","0","0.07140665558622673","10","90"
"201","100","0.4","0.35","144","5","single","60","0.2","0.5","0.1","1","0.05","500","2000","0.5","0.01","true","false","all","5","8","1.5","0.3","1","coherence","0.3","0.8","0.9","3000","96","15.202390229124873","79.71445917403001","0.44285810652238894","65.36290032517861","79.90146818714994","0.36312722402877007","0.44389704548416636","17.648484929610753","12.159194160450097","18.25840612618416","0.6659504710552332","4977.142204844493","1349.6993221639354","5380.191414031222","0.2508645544922434","0.1058410259028264","0","0","0","0","0","0","0","0.08271074303766478","10","90"
"202","100","0.4","0.35","144","5","single","60","0.2","0.5","0.1","1","0.05","500","2000","0.5","0.01","true","false","all","5","8","1.5","0.3","1","coherence","0.3","0.8","0.9","3000","696","32.787279404197534","93.92380317127817","0.5217989065071009","78.69549768981915","95.50326693756627","0.43719720938788414","0.5305737052087015","17.58769820071142","11.814351471654616","18.229181170606605","0.6481010507868838","4707.25132722652","1569.9854921748733","5055.836420010038","0.31052932922457105","0.09968135189657179","0","0","0","0","0","0","0","0.09457306554366005","10","90"
"203","100","0.4","0.35","144","5","single","60","0.2","0.5","0.1","1","0.05","500","2000","0.5","0.01","true","false","all","5","8","1.5","0.3","1","coherence","0.3","0.8","0.9","3000","0","12.981917937412163","72.37523340981448","0.40208463005452494","82.89242788305498","70.79022617146045","0.4605134882391943","0.3932790342858914","18.33770155475375","13.435536089103584","18.88238660649265","0.711538025838525","5885.253540864694","2069.330099056576","6309.245034398928","0.3279837901007625","0.11383168573933244","0","0","0","0","0","0","0","0.08465438830723344","10","90"
"204","100","0.4","0.35","144","5","single","60","0.2","0.5","0.1","1","0.05","500","2000","0.5","0.01","true","false","all","5","8","1.5","0.3","1","coherence","0.3","0.8","0.9","3000","-1","33.51444350059123","77.18692199372975","0.42881623329849866","106.57124215526883","73.89476325388226","0.5920624564181602","0.4105264625215681","2971.1331229302245","2891.481760050831","2979.9832743612706","0.9703013385773418","3271.059034011848","708.127543310669","3555.829199645311","0.19914554483699717","0.026664108165633804","1","1","1","1","1","1","100","0.08244044484195051","10","90"
"211","100","0.4","0.35","144","5","single","60","0.2","0.5","0.1","1","0.05","500","2000","0.5","0.01","true","false","all","5","8","1.5","0.3","1","entrainment","0.3","0.8","0","3000","-1","90.71393501014354","33.49669920575943","0.18609277336533014","33.49669920575943","0","0.18609277336533014","0","2916.2352462065173","2916.2352462065173","0","0","816.8035810649635","816.8035810649635","0","0","0.025387734376828286","1","1","0","1","1","0","100","0.0847757793236919","100","0"
"205","100","0.4","0.35","144","5","single","60","0.2","0.5","0.1","1","0.05","500","2000","0.5","0.01","true","false","all","5","8","1.5","0.3","1","coherence","0.3","0.8","0.9","3000","544","26.332078422778196","118.05273577774956","0.6558485320986087","90.34759425547331","118.78135221957125","0.5019310791970739","0.6598964012198403","16.56407489731451","11.358438328092777","17.142478960561363","0.6625901862982846","4309.172857168958","791.6154562827803","4700.012568378536","0.16842837008750397","0.08213118599867464","0","0","0","0","0","0","0","0.09973585563863047","10","90"
"212","100","0.4","0.35","144","5","single","60","0.2","0.5","0.1","1","0.05","500","2000","0.5","0.01","true","false","all","5","8","1.5","0.3","1","entrainment","0.3","0.8","0","3000","-1","74.91671687239581","70.72524693597619","0.39291803853320106","70.72524693597619","0","0.39291803853320106","0","2891.7405643741517","2891.7405643741517","0","0","695.8798046084831","695.8798046084831","0","0","0.02423131580529425","1","1","0","1","1","0","100","0.09232948654949041","100","0"
"213","100","0.4","0.35","144","5","single","60","0.2","0.5","0.1","1","0.05","500","2000","0.5","0.01","true","false","all","5","8","1.5","0.3","1","entrainment","0.3","0.8","0","3000","1331","53.75977079071921","26.859328344364766","0.14921849080202648","26.859328344364766","0","0.14921849080202648","0","10.567295021528677","10.567295021528677","0","0","905.4800274911674","905.4800274911674","0","0","0.05427908657670821","0","0","0","0","0","0","0","0.08837638194125606","100","0"
"206","100","0.4","0.35","144","5","single","60","0.2","0.5","0.1","1","0.05","500","2000","0.5","0.01","true","false","all","5","8","1.5","0.3","1","coherence","0.3","0.8","0.9","3000","0","10.444253707291054","81.14938876232685","0.4508299375684825","78.44948368662523","80.9405729198225","0.4358304649256957","0.44966984955456946","17.413650717019472","11.482448283262167","18.072673209659175","0.635348636588262","5419.202936530526","1456.1551051274996","5859.541584464197","0.24851007269720607","0.09984263905542234","0","0","0","0","0","0","0","0.09333778414555773","10","90"
"215","100","0.4","0.35","144","5","single","60","0.2","0.5","0.1","1","0.05","500","2000","0.5","0.01","true","false","all","5","8","1.5","0.3","1","entrainment","0.3","0.8","0","3000","1","24.026239962937524","24.541550717915015","0.1363419484328612","24.541550717915015","0","0.1363419484328612","0","10.540681598991982","10.540681598991982","0","0","905.6543881867517","905.6543881867517","0","0","0.05935157255748247","0","0","0","0","0","0","0","0.08598606424869733","100","0"
"214","100","0.4","0.35","144","5","single","60","0.2","0.5","0.1","1","0.05","500","2000","0.5","0.01","true","false","all","5","8","1.5","0.3","1","entrainment","0.3","0.8","0","3000","971","60.79791265973296","32.365666030275975","0.17980925572375542","32.365666030275975","0","0.17980925572375542","0","10.56126872853596","10.56126872853596","0","0","851.2203252984407","851.2203252984407","0","0","0.055688697643027085","0","0","0","0","0","0","0","0.07908841667640601","100","0"
"216","100","0.4","0.35","144","5","single","60","0.2","0.5","0.1","1","0.05","500","2000","0.5","0.01","true","false","all","5","8","1.5","0.3","1","entrainment","0.3","0.8","0","3000","756","49.30225829388986","30.621567652479925","0.17011982029155515","30.621567652479925","0","0.17011982029155515","0","10.4705113167713","10.4705113167713","0","0","803.4118877741477","803.4118877741477","0","0","0.0556986903226957","0","0","0","0","0","0","0","0.08238430127355031","100","0"
"207","100","0.4","0.35","144","5","single","60","0.2","0.5","0.1","1","0.05","500","2000","0.5","0.01","true","false","all","5","8","1.5","0.3","1","coherence","0.3","0.8","0.9","3000","0","23.8734433953949","99.98031292963988","0.5554461829424437","103.44294019207769","99.58619264494246","0.5746830010670982","0.5532566258052358","16.77902621824056","10.827079016112663","17.44035368514366","0.6208061609057601","4126.903558877419","958.9487737312287","4478.898535004773","0.21410370568490822","0.09650464854690521","0","0","0","0","0","0","0","0.08871271490015946","10","90"
"208","100","0.4","0.35","144","5","single","60","0.2","0.5","0.1","1","0.05","500","2000","0.5","0.01","true","false","all","5","8","1.5","0.3","1","coherence","0.3","0.8","0.9","3000","290","21.49038833059997","113.29172516033475","0.6293984731129708","79.47461979263805","117.05570429192885","0.44152566551465583","0.6503094682884936","16.842135375071273","10.68168266290554","17.526630120867463","0.6094544467043767","6119.055758800339","977.2787606372897","6690.364314151786","0.14607257762781345","0.09028666484468517","0","0","0","0","0","0","0","0.08386172948169164","10","90"
"217","100","0.4","0.35","144","5","single","60","0.2","0.5","0.1","1","0.05","500","2000","0.5","0.01","true","false","all","5","8","1.5","0.3","1","entrainment","0.3","0.8","0","3000","571","39.14158953684429","22.09141534529203","0.12273008525162239","22.09141534529203","0","0.12273008525162239","0","10.417066187609702","10.417066187609702","0","0","931.1629440480305","931.1629440480305","0","0","0.057441682995016397","0","0","0","0","0","0","0","0.08017283014807372","100","0"
"218","100","0.4","0.35","144","5","single","60","0.2","0.5","0.1","1","0.05","500","2000","0.5","0.01","true","false","all","5","8","1.5","0.3","1","entrainment","0.3","0.8","0","3000","0","35.21537452856876","79.02370026172575","0.4390205570095875","79.02370026172575","0","0.4390205570095875","0","10.512060199660358","10.512060199660358","0","0","1007.560358238386","1007.560358238386","0","0","0.050927783778881075","0","0","0","0","0","0","0","0.07289659009829777","100","0"
"219","100","0.4","0.35","144","5","single","60","0.2","0.5","0.1","1","0.05","500","2000","0.5","0.01","true","false","all","5","8","1.5","0.3","1","entrainment","0.3","0.8","0","3000","706","64.31942417763729","32.27650926372859","0.17931394035404774","32.27650926372859","0","0.17931394035404774","0","10.505422216677884","10.505422216677884","0","0","748.6212692582584","748.6212692582584","0","0","0.0565060611185797","0","0","0","0","0","0","0","0.08082835946769952","100","0"
"209","100","0.4","0.35","144","5","single","60","0.2","0.5","0.1","1","0.05","500","2000","0.5","0.01","true","false","all","5","8","1.5","0.3","1","coherence","0.3","0.8","0.9","3000","48","16.64106335321341","63.91061679031789","0.35505898216843274","82.00581179063195","61.900039568060734","0.45558784328128865","0.3438891087114485","16.431984148681696","11.116012124025515","17.022647706976837","0.6530131102618981","5009.531831581542","880.0557643316312","5468.3625057204235","0.16093588590935765","0.07556384551511175","0","0","0","0","0","0","0","0.07651727892279028","10","90"
"220","100","0.4","0.35","144","5","single","60","0.2","0.5","0.1","1","0.05","500","2000","0.5","0.01","true","false","all","5","8","1.5","0.3","1","entrainment","0.3","0.8","0","3000","946","54.31553156471712","27.803186062102192","0.15446214478945663","27.803186062102192","0","0.15446214478945663","0","10.713497421005576","10.713497421005576","0","0","873.5956984385733","873.5956984385733","0","0","0.05643348417962124","0","0","0","0","0","0","0","0.08747850668457824","100","0"
"222","100","0.4","0.35","144","5","single","60","0.2","0.5","0.1","1","0.05","500","2000","0.5","0.01","true","false","all","5","8","1.5","0.3","1","entrainment","0.3","0.8","0","3000","336","51.79959978272936","31.95708322159443","0.17753935123108017","31.95708322159443","0","0.17753935123108017","0","10.413423570160873","10.413423570160873","0","0","826.0203172674359","826.0203172674359","0","0","0.05976587400626121","0","0","0","0","0","0","0","0.08865566732020906","100","0"
"210","100","0.4","0.35","144","5","single","60","0.2","0.5","0.1","1","0.05","500","2000","0.5","0.01","true","false","all","5","8","1.5","0.3","1","coherence","0.3","0.8","0.9","3000","0","14.518942855949959","76.82668239656823","0.4268149022031568","63.79077531849949","78.27511651635368","0.35439319621388604","0.4348617584241871","17.081885048206722","11.114298830138276","17.74495018354766","0.6263358710605436","5538.083849418807","1190.8364906967454","6021.11133372126","0.1977768595686748","0.09286072674817825","0","0","0","0","0","0","0","0.07259153229063285","10","90"
"221","100","0.4","0.35","144","5","single","60","0.2","0.5","0.1","1","0.05","500","2000","0.5","0.01","true","false","all","5","8","1.5","0.3","1","entrainment","0.3","0.8","0","3000","2456","60.83553397929966","84.51098460420575","0.46950547002336523","84.51098460420575","0","0.46950547002336523","0","1072.2248623521039","1072.2248623521039","0","0","725.5494012431034","725.5494012431034","0","0","0.022330813913975067","0.4551097368832316","0.4551097368832316","0","0.3814832415680688","0.3814832415680688","0","100","0.07164085237497748","100","0"
"223","100","0.4","0.35","144","5","single","60","0.2","0.5","0.1","1","0.05","500","2000","0.5","0.01","true","false","all","5","8","1.5","0.3","1","entrainment","0.3","0.8","0","3000","551","61.30343048302934","32.176130675383405","0.1787562815299078","32.176130675383405","0","0.1787562815299078","0","10.529593639238287","10.529593639238287","0","0","841.5319464270277","841.5319464270277","0","0","0.055687269722457744","0","0","0","0","0","0","0","0.0827889333588096","100","0"
"224","100","0.4","0.35","144","5","single","60","0.2","0.5","0.1","1","0.05","500","2000","0.5","0.01","true","false","all","5","8","1.5","0.3","1","entrainment","0.3","0.8","0","3000","-1","92.63606075054867","126.09381870293971","0.7005212150163318","126.09381870293971","0","0.7005212150163318","0","2891.7284745142347","2891.7284745142347","0","0","716.1599718876856","716.1599718876856","0","0","0.02463957553371454","1","1","0","1","1","0","100","0.08516029571791069","100","0"
"225","100","0.4","0.35","144","5","single","60","0.2","0.5","0.1","1","0.05","500","2000","0.5","0.01","true","false","all","5","8","1.5","0.3","1","entrainment","0.3","0.8","0","3000","-1","76.48552964754995","26.842536580500532","0.14912520322500294","26.842536580500532","0","0.14912520322500294","0","2911.9934551325073","2911.9934551325073","0","0","750.1134143762072","750.1134143762072","0","0","0.022833698927718915","1","1","0","1","1","0","100","0.07709381386110498","100","0"
"226","100","0.4","0.35","144","5","single","60","0.2","0.5","0.1","1","0.05","500","2000","0.5","0.01","true","false","all","5","8","1.5","0.3","1","entrainment","0.3","0.8","0","3000","286","17.212270838323178","53.706452137132516","0.2983691785396251","53.706452137132516","0","0.2983691785396251","0","10.508776297882935","10.508776297882935","0","0","977.417285756454","977.417285756454","0","0","0.058308251204927775","0","0","0","0","0","0","0","0.09395253301270824","100","0"
"227","100","0.4","0.35","144","5","single","60","0.2","0.5","0.1","1","0.05","500","2000","0.5","0.01","true","false","all","5","8","1.5","0.3","1","entrainment","0.3","0.8","0","3000","-1","101.66624781643164","111.12600563197098","0.6173666979553943","111.12600563197098","0","0.6173666979553943","0","2901.6195850570048","2901.6195850570048","0","0","747.9340219390957","747.9340219390957","0","0","0.020827386868965014","1","1","0","1","1","0","100","0.09267325655428416","100","0"
"228","100","0.4","0.35","144","5","single","60","0.2","0.5","0.1","1","0.05","500","2000","0.5","0.01","true","false","all","5","8","1.5","0.3","1","entrainment","0.3","0.8","0","3000","401","46.921018278566365","23.310285199472343","0.12950158444151302","23.310285199472343","0","0.12950158444151302","0","10.337872111826025","10.337872111826025","0","0","890.275297786659","890.275297786659","0","0","0.049452734076159466","0","0","0","0","0","0","0","0.0889733610120614","100","0"
"230","100","0.4","0.35","144","5","single","60","0.2","0.5","0.1","1","0.05","500","2000","0.5","0.01","true","false","all","5","8","1.5","0.3","1","entrainment","0.3","0.8","0","3000","186","39.96731148320968","29.720908368510912","0.1651161576028384","29.720908368510912","0","0.1651161576028384","0","10.363414481730382","10.363414481730382","0","0","789.2596567651511","789.2596567651511","0","0","0.05581088700459458","0","0","0","0","0","0","0","0.08415054677067235","100","0"
"231","100","0.4","0.35","144","5","single","60","0.2","0.5","0.1","1","0.05","500","2000","0.5","0.01","true","false","all","5","8","1.5","0.3","1","entrainment","0.3","0.8","0","3000","0","10.38710988437633","32.623521313828626","0.1812417850768257","32.623521313828626","0","0.1812417850768257","0","10.47075606962874","10.47075606962874","0","0","971.3617293519434","971.3617293519434","0","0","0.05933292630631026","0","0","0","0","0","0","0","0.07836319182577765","100","0"
"229","100","0.4","0.35","144","5","single","60","0.2","0.5","0.1","1","0.05","500","2000","0.5","0.01","true","false","all","5","8","1.5","0.3","1","entrainment","0.3","0.8","0","3000","2206","64.47377980477307","47.77517669193964","0.2654176482885536","47.77517669193964","0","0.2654176482885536","0","94.32566030106086","94.32566030106086","0","0","667.5550616397727","667.5550616397727","0","0","0.02167785350336926","0","0","0","0","0","0","0","0.07611987066376374","100","0"
"232","100","0.4","0.35","144","5","single","60","0.2","0.5","0.1","1","0.05","500","2000","0.5","0.01","true","false","all","5","8","1.5","0.3","1","entrainment","0.3","0.8","0","3000","731","39.00414748471617","29.829041165961012","0.16571689536645007","29.829041165961012","0","0.16571689536645007","0","10.41672823992884","10.41672823992884","0","0","987.6449753984973","987.6449753984973","0","0","0.06115285630590073","0","0","0","0","0","0","0","0.08928023100359722","100","0"
"233","100","0.4","0.35","144","5","single","60","0.2","0.5","0.1","1","0.05","500","2000","0.5","0.01","true","false","all","5","8","1.5","0.3","1","entrainment","0.3","0.8","0","3000","661","59.73603082592281","25.7129913021551","0.14284995167863945","25.7129913021551","0","0.14284995167863945","0","10.49217711949435","10.49217711949435","0","0","921.136654071249","921.136654071249","0","0","0.055316564682172054","0","0","0","0","0","0","0","0.09539319067554737","100","0"
"234","100","0.4","0.35","144","5","single","60","0.2","0.5","0.1","1","0.05","500","2000","0.5","0.01","true","false","all","5","8","1.5","0.3","1","entrainment","0.3","0.8","0","3000","436","34.46429321362835","32.15557100560372","0.17864206114224288","32.15557100560372","0","0.17864206114224288","0","10.416061457334923","10.416061457334923","0","0","866.2787116562037","866.2787116562037","0","0","0.051890807764332525","0","0","0","0","0","0","0","0.09073766989064887","100","0"
"235","100","0.4","0.35","144","5","single","60","0.2","0.5","0.1","1","0.05","500","2000","0.5","0.01","true","false","all","5","8","1.5","0.3","1","entrainment","0.3","0.8","0","3000","-1","97.79242806641585","104.36450212896587","0.5798027896053659","104.36450212896587","0","0.5798027896053659","0","2880.1148804735944","2880.1148804735944","0","0","742.5091478067656","742.5091478067656","0","0","0.02326355737889796","1","1","0","1","1","0","100","0.08941405043414039","100","0"
"237","100","0.4","0.35","144","5","single","60","0.2","0.5","0.1","1","0.05","500","2000","0.5","0.01","true","false","all","5","8","1.5","0.3","1","entrainment","0.3","0.8","0","3000","-1","79.97330077894766","32.574747346609485","0.1809708185922749","32.574747346609485","0","0.1809708185922749","0","2892.3906004731007","2892.3906004731007","0","0","766.7476780169158","766.7476780169158","0","0","0.02439210909459688","1","1","0","1","1","0","100","0.06970668202898096","100","0"
"238","100","0.4","0.35","144","5","single","60","0.2","0.5","0.1","1","0.05","500","2000","0.5","0.01","true","false","all","5","8","1.5","0.3","1","entrainment","0.3","0.8","0","3000","826","68.04324542841655","139.9537805008792","0.7775210027826621","139.9537805008792","0","0.7775210027826621","0","10.45481869235336","10.45481869235336","0","0","855.9123570036165","855.9123570036165","0","0","0.06351952779874526","0","0","0","0","0","0","0","0.09144158488313726","100","0"
"239","100","0.4","0.35","144","5","single","60","0.2","0.5","0.1","1","0.05","500","2000","0.5","0.01","true","false","all","5","8","1.5","0.3","1","entrainment","0.3","0.8","0","3000","1291","40.2227447800453","42.2149142029717","0.23452730112762055","42.2149142029717","0","0.23452730112762055","0","10.353252149363728","10.353252149363728","0","0","779.8588103416098","779.8588103416098","0","0","0.05570630249158781","0","0","0","0","0","0","0","0.09130118145333754","100","0"
"236","100","0.4","0.35","144","5","single","60","0.2","0.5","0.1","1","0.05","500","2000","0.5","0.01","true","false","all","5","8","1.5","0.3","1","entrainment","0.3","0.8","0","3000","551","54.86562524051645","27.406823865308606","0.1522601325850478","27.406823865308606","0","0.1522601325850478","0","10.490904112144424","10.490904112144424","0","0","868.2022155594481","868.2022155594481","0","0","0.05592442318435076","0","0","0","0","0","0","0","0.07725483097951302","100","0"
"240","100","0.4","0.35","144","5","single","60","0.2","0.5","0.1","1","0.05","500","2000","0.5","0.01","true","false","all","5","8","1.5","0.3","1","entrainment","0.3","0.8","0","3000","0","31.82524276532871","22.439044652130246","0.12466135917850137","22.439044652130246","0","0.12466135917850137","0","10.50525555434994","10.50525555434994","0","0","1035.6999797288229","1035.6999797288229","0","0","0.06069751476512897","0","0","0","0","0","0","0","0.08075897798865445","100","0"
"243","100","0.4","0.35","144","5","single","60","0.2","0.5","0.1","1","0.05","500","2000","0.5","0.01","true","false","all","5","8","1.5","0.3","1","entrainment","0.3","0.8","0.1","3000","316","49.43615533494224","29.7509089170659","0.16528282731703278","32.11594892775479","6.824455699416061","0.17842193848752663","0.03791364277453367","10.951588176218607","10.385675457776653","16.044802642196213","0.6472921910839445","922.9854042736911","837.5741165963416","1691.686993369843","0.4951117552354599","0.09352583130662318","0","0","0","0","0","0","0","0.09876538839628474","90","10"
"241","100","0.4","0.35","144","5","single","60","0.2","0.5","0.1","1","0.05","500","2000","0.5","0.01","true","false","all","5","8","1.5","0.3","1","entrainment","0.3","0.8","0.1","3000","-1","73.91343067037106","37.105176212117314","0.2061398678450962","39.97511976872642","10.984290319693944","0.22208399871514678","0.0610238351094108","2894.5694433342583","2876.172413890067","3060.1427083319772","0.9398817924598727","770.0868640719822","694.3194160555737","1451.993896219653","0.47818342615852116","0.024544386801939932","1","1","1","1","1","1","100","0.0924131442171287","90","10"
"242","100","0.4","0.35","144","5","single","60","0.2","0.5","0.1","1","0.05","500","2000","0.5","0.01","true","false","all","5","8","1.5","0.3","1","entrainment","0.3","0.8","0.1","3000","546","61.622910039293146","23.97937703577353","0.13321876130985294","25.48437895197697","10.611588948964714","0.14157988306653874","0.058953271938692854","10.942239791336592","10.368397607750037","16.106819443615617","0.643727189222317","814.172306055963","737.5166407985088","1504.0732933730465","0.4903462112172394","0.08915963276184002","0","0","0","0","0","0","0","0.07750582785437318","90","10"
"244","100","0.4","0.35","144","5","single","60","0.2","0.5","0.1","1","0.05","500","2000","0.5","0.01","true","false","all","5","8","1.5","0.3","1","entrainment","0.3","0.8","0.1","3000","1531","63.85717676717338","54.89499438660132","0.304972191036674","60.14725337060502","7.013913548057053","0.3341514076144723","0.038966186378094736","10.93470070655762","10.419435474157583","15.572087798157918","0.6691097307703426","682.4668360763724","639.8348259822494","1066.15492692348","0.6001330668035","0.08504568714882788","0","0","0","0","0","0","0","0.08296845701788186","90","10"
"245","100","0.4","0.35","144","5","single","60","0.2","0.5","0.1","1","0.05","500","2000","0.5","0.01","true","false","all","5","8","1.5","0.3","1","entrainment","0.3","0.8","0.1","3000","-1","109.5973452616729","136.48394711074715","0.758244150615262","145.44404101057998","11.587186004461154","0.8080224500587777","0.06437325558033974","2888.0805696459674","2875.4700851463954","3001.574930142109","0.95798710745837","705.9085844591115","626.0061894726181","1425.0301393375485","0.4392932978692146","0.02586259096574839","1","1","1","1","1","1","100","0.08280877721661302","90","10"
"247","100","0.4","0.35","144","5","single","60","0.2","0.5","0.1","1","0.05","500","2000","0.5","0.01","true","false","all","5","8","1.5","0.3","1","entrainment","0.3","0.8","0.1","3000","501","65.0560351335455","23.851799513049038","0.13250999729471688","25.736714230366502","6.666100469980248","0.14298174572425834","0.03703389149989027","11.041458711454018","10.527217962351973","15.669625453372529","0.6718232030291592","891.7782516530939","835.7221518501914","1396.2831498792143","0.5985334363753414","0.08643655553326246","0","0","0","0","0","0","0","0.09079170129705176","90","10"
"246","100","0.4","0.35","144","5","single","60","0.2","0.5","0.1","1","0.05","500","2000","0.5","0.01","true","false","all","5","8","1.5","0.3","1","entrainment","0.3","0.8","0.1","3000","-1","118.3309147258089","124.766231329407","0.6931457296078167","131.40053181756915","36.000000000000014","0.7300029545420508","0.20000000000000007","2918.0645162120263","2902.7047996677607","3056.301965110408","0.9497441132466444","650.6903369026786","588.4700998974238","1210.6724699499737","0.48606878780496265","0.0229378998026617","1","1","1","1","1","1","100","0.07765288062445923","90","10"
"248","100","0.4","0.35","144","5","single","60","0.2","0.5","0.1","1","0.05","500","2000","0.5","0.01","true","false","all","5","8","1.5","0.3","1","entrainment","0.3","0.8","0.1","3000","11","17.707580908050147","28.61554410247757","0.15897524501376428","30.218880818346044","8.291790864865197","0.16788267121303357","0.04606550480480665","11.015751337799607","10.484930982310694","15.79313453719983","0.6638917029177479","944.3038841200962","858.2899467554867","1718.4293204015812","0.4994618845044569","0.08683744531132653","0","0","0","0","0","0","0","0.0811496168996089","90","10"
"249","100","0.4","0.35","144","5","single","60","0.2","0.5","0.1","1","0.05","500","2000","0.5","0.01","true","false","all","5","8","1.5","0.3","1","entrainment","0.3","0.8","0.1","3000","726","63.60310704046852","153.8529790368446","0.8547387724269144","149.56182554152323","74.38181040623404","0.8308990307862402","0.4132322800346335","11.052441154321823","10.482854592457187","16.178720211103546","0.6479409035865981","928.7535115801915","833.5720161862054","1785.3869701260605","0.46688590772416644","0.08559895326322509","0","0","0","0","0","0","0","0.09709538662941095","90","10"
"250","100","0.4","0.35","144","5","single","60","0.2","0.5","0.1","1","0.05","500","2000","0.5","0.01","true","false","all","5","8","1.5","0.3","1","entrainment","0.3","0.8","0.1","3000","111","35.31341619795883","23.46994149053106","0.13038856383628367","25.282649431002504","6.275009717622003","0.14045916350556947","0.03486116509790002","11.00332211094998","10.43895263990769","16.082647350330614","0.6490817346494319","930.2537548994708","873.6654384107896","1439.5486032976046","0.6069023556477813","0.08387796769679712","0","0","0","0","0","0","0","0.09100021980255162","90","10"
"252","100","0.4","0.35","144","5","single","60","0.2","0.5","0.1","1","0.05","500","2000","0.5","0.01","true","false","all","5","8","1.5","0.3","1","entrainment","0.3","0.8","0.1","3000","-1","90.24880070840354","33.75142817623544","0.18750793431241913","36.044385082582366","10.096529010626043","0.20024658379212426","0.056091827836811346","2873.131596236087","2860.93874337067","2982.8672720248337","0.9591237163658993","785.9386858705793","721.0497194827627","1369.9393833609308","0.5263369520144615","0.023201487265096743","1","1","1","1","1","1","100","0.06686384324832474","90","10"
"251","100","0.4","0.35","144","5","single","60","0.2","0.5","0.1","1","0.05","500","2000","0.5","0.01","true","false","all","5","8","1.5","0.3","1","entrainment","0.3","0.8","0.1","3000","-1","109.67392872552631","135.56456367443656","0.7531364648579809","137.38923703152457","77.50358056388737","0.7632735390640254","0.43057544757715205","2897.585400773514","2881.970880797933","3038.116080553753","0.9486045971859769","743.1974321076267","653.0613901201276","1554.421809995117","0.42013138642346987","0.026328049686771715","1","1","1","1","1","1","100","0.08618311200459006","90","10"
"253","100","0.4","0.35","144","5","single","60","0.2","0.5","0.1","1","0.05","500","2000","0.5","0.01","true","false","all","5","8","1.5","0.3","1","entrainment","0.3","0.8","0.1","3000","256","57.977096708438246","24.940216785196757","0.13855675991775976","26.579063867459954","8.76429341275973","0.14766146593033308","0.04869051895977628","11.246065445547346","10.715750688157868","16.018898262052613","0.66894430021711","997.6433048923645","937.9453953516404","1534.9244907588802","0.6110694050414899","0.09077893292471373","0","0","0","0","0","0","0","0.07709110654246841","90","10"
"255","100","0.4","0.35","144","5","single","60","0.2","0.5","0.1","1","0.05","500","2000","0.5","0.01","true","false","all","5","8","1.5","0.3","1","entrainment","0.3","0.8","0.1","3000","640","53.874120383225915","42.4033514505706","0.23557417472539222","45.8574938099771","5.994266453983267","0.25476385449987277","0.03330148029990704","11.000396288477418","10.463194033529394","15.835216583009606","0.6607547158373493","878.1225117506366","757.4078454747478","1964.5545082336357","0.3855366915503638","0.08480790599527555","0","0","0","0","0","0","0","0.07238648454480646","90","10"
"254","100","0.4","0.35","144","5","single","60","0.2","0.5","0.1","1","0.05","500","2000","0.5","0.01","true","false","all","5","8","1.5","0.3","1","entrainment","0.3","0.8","0.1","3000","-1","108.96778959094183","38.84205138395772","0.21578917435532066","41.58163529280394","9.153441104706106","0.23100908496002187","0.05085245058170059","2905.774279256414","2896.7238716739716","2987.227947498394","0.9697029897232273","719.7461536448848","657.0407367148078","1284.094906015582","0.5116761491979901","0.023928118749413807","1","1","1","1","1","1","100","0.06469003667896422","90","10"
"256","100","0.4","0.35","144","5","single","60","0.2","0.5","0.1","1","0.05","500","2000","0.5","0.01","true","false","all","5","8","1.5","0.3","1","entrainment","0.3","0.8","0.1","3000","406","59.656843424535076","24.287964615979764","0.13493313675544313","26.224263739585595","7.184029455238229","0.14569035410880887","0.03991127475132349","10.927881210273522","10.422932793266115","15.47241696334019","0.6736460643454639","936.4157757494338","909.1543774997381","1181.7683599966936","0.7693169053047605","0.08279857239289967","0","0","0","0","0","0","0","0.06975674802320535","90","10"
"258","100","0.4","0.35","144","5","single","60","0.2","0.5","0.1","1","0.05","500","2000","0.5","0.01","true","false","all","5","8","1.5","0.3","1","entrainment","0.3","0.8","0.1","3000","-1","63.15354327938226","34.76031526332694","0.19311286257403854","37.24393868319205","7.673966396035053","0.20691077046217804","0.04263314664463918","2926.7245391536567","2908.404796438509","3091.602223589974","0.9407435323491465","778.852160766262","744.0499736075589","1092.071845194591","0.6813196191089245","0.028782900179398663","1","1","1","1","1","1","100","0.07893634418735003","90","10"
"257","100","0.4","0.35","144","5","single","60","0.2","0.5","0.1","1","0.05","500","2000","0.5","0.01","true","false","all","5","8","1.5","0.3","1","entrainment","0.3","0.8","0.1","3000","-1","112.25953005289313","68.86485066873756","0.3825825037152087","75.39324741874134","4.296132628497228","0.41885137454856297","0.023867403491651264","2901.1677954735455","2886.3931995769126","3034.139158543233","0.9513054770245749","773.7444389406207","745.3176905899786","1029.585174096402","0.723900954813276","0.026124229044688363","1","1","1","1","1","1","100","0.0833508333528777","90","10"
"259","100","0.4","0.35","144","5","single","60","0.2","0.5","0.1","1","0.05","500","2000","0.5","0.01","true","false","all","5","8","1.5","0.3","1","entrainment","0.3","0.8","0.1","3000","11","28.932832954772593","21.058221525915215","0.11699011958841786","22.736382300108243","5.998101471010597","0.12631323500060135","0.03332278595005887","10.973191348150156","10.470460562009164","15.497768423419085","0.6756108541528455","1041.7167169010856","961.743285492225","1761.477599580834","0.5459866680797327","0.0862973994451619","0","0","0","0","0","0","0","0.0676479378136005","90","10"
"260","100","0.4","0.35","144","5","single","60","0.2","0.5","0.1","1","0.05","500","2000","0.5","0.01","true","false","all","5","8","1.5","0.3","1","entrainment","0.3","0.8","0.1","3000","2441","94.60041264190079","55.68865247840507","0.30938140265780595","61.03820957599067","4.908185681847897","0.3391011643110593","0.027267698232488317","919.6562405854316","913.5492453678852","974.6191975433549","0.9373396785848214","832.6689038481263","800.8813417124892","1118.7569630688604","0.7158671348204109","0.027026505482291796","0.35499213149313863","0.35499213149313863","0.34366089339787376","0.2797708270569546","0.2756994969119234","0.31641279836223646","100","0.09217089871415257","90","10"
"261","100","0.4","0.35","144","5","single","60","0.2","0.5","0.1","1","0.05","500","2000","0.5","0.01","true","false","all","5","8","1.5","0.3","1","entrainment","0.3","0.8","0.1","3000","646","52.83389771034856","23.215135861947115","0.1289729770108173","24.321409298709842","10.474091392794383","0.13511894054838802","0.05818939662663546","11.074436799897548","10.542738830498037","15.859718524493207","0.6647494288260031","865.3828027382623","815.245406621542","1316.6193677887447","0.6191959700477009","0.08494558471532376","0","0","0","0","0","0","0","0.07758345072912112","90","10"
"262","100","0.4","0.35","144","5","single","60","0.2","0.5","0.1","1","0.05","500","2000","0.5","0.01","true","false","all","5","8","1.5","0.3","1","entrainment","0.3","0.8","0.1","3000","-1","98.81133056704078","30.99742882669375","0.1722079379260764","33.539571796282615","8.299769556680943","0.1863309544237923","0.04610983087044968","2909.3362566269952","2891.8424024743877","3066.780944000472","0.9429569490875063","671.5926251385846","643.6953092934657","922.6684677446552","0.6976452884175143","0.0270650066804079","1","1","1","1","1","1","100","0.07189081160230466","90","10"
"263","100","0.4","0.35","144","5","single","60","0.2","0.5","0.1","1","0.05","500","2000","0.5","0.01","true","false","all","5","8","1.5","0.3","1","entrainment","0.3","0.8","0.1","3000","12","29.177187510855617","22.970844795409597","0.1276158044189422","24.909823573490772","5.428541548153558","0.1383879087416154","0.030158564156408656","10.839042253453577","10.293900543600179","15.745317642134165","0.6537753494444528","916.7591879251246","851.1508985265384","1507.2337925124052","0.5647105994802281","0.08835188793845905","0","0","0","0","0","0","0","0.08020416969402995","90","10"
"264","100","0.4","0.35","144","5","single","60","0.2","0.5","0.1","1","0.05","500","2000","0.5","0.01","true","false","all","5","8","1.5","0.3","1","entrainment","0.3","0.8","0.1","3000","0","8.908834461273258","27.282829136472902","0.15157127298040501","28.866748840434635","8.837063585593432","0.16037082689130353","0.04909479769774129","11.122994337340977","10.601007377350918","15.82087697725152","0.6700644592960215","822.5555934702359","829.6626754883832","758.5918553069101","1.093687823938895","0.08892855913411624","0","0","0","0","0","0","0","0.08045579114604862","90","10"
"265","100","0.4","0.35","144","5","single","60","0.2","0.5","0.1","1","0.05","500","2000","0.5","0.01","true","false","all","5","8","1.5","0.3","1","entrainment","0.3","0.8","0.1","3000","-1","104.48144828300912","31.87899596813887","0.17710553315632704","34.622588488926695","7.492422549076291","0.19234771382737054","0.041624569717090505","2891.252299119109","2876.025619060555","3028.292419646099","0.9497185940176348","756.3642010986406","678.5644236844815","1456.5621978260738","0.46586711140605086","0.02631419752826325","1","1","1","1","1","1","100","0.07427303197359074","90","10"
"267","100","0.4","0.35","144","5","single","60","0.2","0.5","0.1","1","0.05","500","2000","0.5","0.01","true","false","all","5","8","1.5","0.3","1","entrainment","0.3","0.8","0.1","3000","636","47.480707945193686","26.083593265316473","0.14490885147398042","27.47832354194704","7.990146705360738","0.1526573530108169","0.04438970391867077","11.170652676497458","10.615486720716639","16.167146278524836","0.6566085651626359","862.0903864857444","771.7997728700047","1674.7059090274004","0.46085689953660813","0.09258610558347757","0","0","0","0","0","0","0","0.07059296504547961","90","10"
"266","100","0.4","0.35","144","5","single","60","0.2","0.5","0.1","1","0.05","500","2000","0.5","0.01","true","false","all","5","8","1.5","0.3","1","entrainment","0.3","0.8","0.1","3000","-1","99.20882270044856","36.20525815751982","0.20114032309733235","38.532390410743055","7.034591591398863","0.2140688356152392","0.03908106439666035","2876.1083958147237","2865.234004283804","2973.977919592994","0.9634348612366049","744.1498367085246","646.6594806161822","1621.5630415396076","0.39878775234184277","0.02321040693318288","1","1","1","1","1","1","100","0.077870039858772","90","10"
"268","100","0.4","0.35","144","5","single","60","0.2","0.5","0.1","1","0.05","500","2000","0.5","0.01","true","false","all","5","8","1.5","0.3","1","entrainment","0.3","0.8","0.1","3000","321","40.63026774636403","30.9777400600703","0.17209855588927944","33.43437487009459","8.007012762813597","0.18574652705608102","0.04448340423785332","11.143636272816112","10.631938391696169","15.748917202895669","0.6750901191950728","997.3805549289001","922.7137159517564","1669.382105723193","0.5527276905559185","0.09479616724953766","0","0","0","0","0","0","0","0.09298670403934133","90","10"
"269","100","0.4","0.35","144","5","single","60","0.2","0.5","0.1","1","0.05","500","2000","0.5","0.01","true","false","all","5","8","1.5","0.3","1","entrainment","0.3","0.8","0.1","3000","526","50.46773628679434","23.243277157287515","0.1291293175404862","25.1978262915037","6.453601837445509","0.1399879238416872","0.03585334354136394","10.859956029401545","10.331245149889355","15.618353945011211","0.6614810489161275","913.0128286246767","830.4167746627335","1656.3773142821635","0.5013451751013731","0.08654266285834233","0","0","0","0","0","0","0","0.07723392983287496","90","10"
"270","100","0.4","0.35","144","5","single","60","0.2","0.5","0.1","1","0.05","500","2000","0.5","0.01","true","false","all","5","8","1.5","0.3","1","entrainment","0.3","0.8","0.1","3000","1689","67.95103207707209","67.32404528701102","0.3740224738167279","70.21681984226868","36","0.39009344356815934","0.2","11.577869034276171","10.943880729547116","17.283763776837667","0.6331885155832341","923.7453566005529","807.0872694518888","1973.668140938526","0.4089275459794876","0.0904596619017588","0","0","0","0","0","0","0","0.07276971111475596","90","10"
"271","100","0.4","0.35","144","5","single","60","0.2","0.5","0.1","1","0.05","500","2000","0.5","0.01","true","false","all","5","8","1.5","0.3","1","entrainment","0.3","0.8","0.2","3000","-1","84.97099218071394","60.02494493601317","0.3334719163111843","67.60977656450119","18.66130316377409","0.3756098698027844","0.10367390646541161","2915.68404851326","2887.7206518446583","3027.5376351876703","0.9538182509383258","745.5733632732524","580.1111900608447","1407.4220561228824","0.41217997653022076","0.026494405201854088","1","1","1","1","1","1","100","0.08499936460021051","80","20"
"272","100","0.4","0.35","144","5","single","60","0.2","0.5","0.1","1","0.05","500","2000","0.5","0.01","true","false","all","5","8","1.5","0.3","1","entrainment","0.3","0.8","0.2","3000","743","53.53998595895921","51.54148296134135","0.28634157200745197","61.89745995256499","11.325762333916128","0.34387477751424994","0.0629209018550896","11.39734928169694","10.316809247261274","15.719509419439607","0.6563060571408765","835.6752143130219","706.0917505427329","1354.0090693941781","0.5214822902616584","0.10756825820915683","0","0","0","0","0","0","0","0.08200238123627078","80","20"
"273","100","0.4","0.35","144","5","single","60","0.2","0.5","0.1","1","0.05","500","2000","0.5","0.01","true","false","all","5","8","1.5","0.3","1","entrainment","0.3","0.8","0.2","3000","201","48.17938097086","24.9744553383369","0.13874697410187167","28.813756119787378","9.281246350844004","0.16007642288770765","0.05156247972691113","11.280462840064317","10.153098544811808","15.789920021074337","0.6430113978576694","786.8817729649049","670.1479581978746","1253.817032033028","0.5344862456615771","0.1190220370246109","0","0","0","0","0","0","0","0.07539783558908073","80","20"
"275","100","0.4","0.35","144","5","single","60","0.2","0.5","0.1","1","0.05","500","2000","0.5","0.01","true","false","all","5","8","1.5","0.3","1","entrainment","0.3","0.8","0.2","3000","231","42.6147323641098","22.323245230517387","0.12401802905842993","26.318860180537484","6.509317508618304","0.14621588989187492","0.03616287504787947","11.673759783161422","10.590592012755828","16.006430864783823","0.6616460660231553","994.920900955399","834.1652158481347","1637.9436413844564","0.509275896173732","0.10951286489537515","0","0","0","0","0","0","0","0.08602014228984971","80","20"
"274","100","0.4","0.35","144","5","single","60","0.2","0.5","0.1","1","0.05","500","2000","0.5","0.01","true","false","all","5","8","1.5","0.3","1","entrainment","0.3","0.8","0.2","3000","1046","66.35226426702968","20.38928312268133","0.1132737951260074","23.651012956142363","5.535323762579137","0.13139451642301314","0.030751798680995205","11.51253188784076","10.43220813402932","15.833826903086551","0.6588557648053941","815.9967578869927","654.1681800829039","1463.311069103343","0.44704656029408113","0.1063871431564356","0","0","0","0","0","0","0","0.0847994929793412","80","20"
"277","100","0.4","0.35","144","5","single","60","0.2","0.5","0.1","1","0.05","500","2000","0.5","0.01","true","false","all","5","8","1.5","0.3","1","entrainment","0.3","0.8","0.2","3000","-1","105.07326885591797","149.38707830652652","0.8299282128140362","143.61966244438025","161.99999999999997","0.7978870135798903","0.8999999999999998","2926.6771915859244","2904.85712315235","3013.957465320216","0.9638016317671309","798.2357565972926","655.4570538999023","1369.3505673868526","0.47866271027346824","0.02464491555445858","1","1","1","1","1","1","100","0.09077042965437715","80","20"
"276","100","0.4","0.35","144","5","single","60","0.2","0.5","0.1","1","0.05","500","2000","0.5","0.01","true","false","all","5","8","1.5","0.3","1","entrainment","0.3","0.8","0.2","3000","306","49.40961371667481","19.707305552603614","0.10948503084779786","22.345405084131617","10.948747895052142","0.12414113935628676","0.06082637719473412","11.412932626838435","10.238298225414418","16.111470232534515","0.635466414774477","1020.0263804968026","797.3900289985493","1910.5717864898174","0.4173567487163346","0.1167090282756742","0","0","0","0","0","0","0","0.09951605090182902","80","20"
"278","100","0.4","0.35","144","5","single","60","0.2","0.5","0.1","1","0.05","500","2000","0.5","0.01","true","false","all","5","8","1.5","0.3","1","entrainment","0.3","0.8","0.2","3000","636","50.94095368385154","23.789373325160394","0.13216318513977995","27.070059656579012","10.6151935484267","0.15038922031432783","0.058973297491259444","11.613586605854215","10.561081064901261","15.82360876966602","0.6674255676206386","901.9048987219104","797.8206230226209","1318.2420015190673","0.6052155993385567","0.10856424341538062","0","0","0","0","0","0","0","0.0970448484623192","80","20"
"279","100","0.4","0.35","144","5","single","60","0.2","0.5","0.1","1","0.05","500","2000","0.5","0.01","true","false","all","5","8","1.5","0.3","1","entrainment","0.3","0.8","0.2","3000","171","56.32877962585405","24.279672151826198","0.13488706751014554","28.06500763186479","9.687428028472082","0.1559167090659155","0.05381904460262268","11.58641956078453","10.525092287871827","15.831728652435334","0.6648100481593836","988.2821747698408","820.467554895981","1659.5406542652806","0.494394369181165","0.10404387856192843","0","0","0","0","0","0","0","0.07492889128149405","80","20"
"280","100","0.4","0.35","144","5","single","60","0.2","0.5","0.1","1","0.05","500","2000","0.5","0.01","true","false","all","5","8","1.5","0.3","1","entrainment","0.3","0.8","0.2","3000","731","73.31404832626677","23.059224544837825","0.1281068030268768","27.07521045510873","6.463125733517944","0.15041783586171517","0.03590625407509969","11.821462669837478","10.763075599262317","16.055010952138115","0.670387309690932","876.3208315270522","767.6131301791805","1311.1516369185397","0.5854495457010759","0.10574064909175851","0","0","0","0","0","0","0","0.08537924294577354","80","20"
"281","100","0.4","0.35","144","5","single","60","0.2","0.5","0.1","1","0.05","500","2000","0.5","0.01","true","false","all","5","8","1.5","0.3","1","entrainment","0.3","0.8","0.2","3000","-1","89.85667903478345","26.982418501487494","0.14990232500826386","31.789713972785147","7.7465836488867215","0.1766095220710286","0.043036575827148454","2920.218679088779","2888.8180640791757","3045.8211391271843","0.9484529564027521","728.9277540746951","605.8612402024738","1221.1938095635817","0.4961221023704587","0.025141838581498765","1","1","1","1","1","1","100","0.09393572762536997","80","20"
"283","100","0.4","0.35","144","5","single","60","0.2","0.5","0.1","1","0.05","500","2000","0.5","0.01","true","false","all","5","8","1.5","0.3","1","entrainment","0.3","0.8","0.2","3000","1331","55.419040813892025","30.224564798671462","0.16791424888150813","32.07996386152837","22.90212169320349","0.1782220214529354","0.12723400940668605","11.66454013310742","10.567054023843559","16.054484570162877","0.6581995191226717","873.0894782821613","740.4628564476964","1403.59596562002","0.5275470110948961","0.10867005670405994","0","0","0","0","0","0","0","0.07858789475820632","80","20"
"282","100","0.4","0.35","144","5","single","60","0.2","0.5","0.1","1","0.05","500","2000","0.5","0.01","true","false","all","5","8","1.5","0.3","1","entrainment","0.3","0.8","0.2","3000","-1","71.11938433898682","137.78259001060877","0.7654588333922709","134.8305321319163","144.00000000000003","0.7490585118439794","0.8000000000000002","2893.8914250949297","2865.6376944727226","3006.9063475837575","0.953018605576275","733.6425955509228","606.0143019403749","1244.155769993115","0.4870887685902292","0.028940859205694558","1","1","1","1","1","1","100","0.09278773435479927","80","20"
"284","100","0.4","0.35","144","5","single","60","0.2","0.5","0.1","1","0.05","500","2000","0.5","0.01","true","false","all","5","8","1.5","0.3","1","entrainment","0.3","0.8","0.2","3000","1471","55.26334313483561","75.51436318033052","0.4195242398907251","92.43861187445472","6.8879354876962795","0.5135478437469707","0.03826630826497933","11.580229158683322","10.482718727506047","15.970270883392445","0.6563895380388992","902.7294080017326","758.0840928397155","1481.3106686498008","0.5117657685748669","0.1077478358134254","0","0","0","0","0","0","0","0.07099420134986204","80","20"
"285","100","0.4","0.35","144","5","single","60","0.2","0.5","0.1","1","0.05","500","2000","0.5","0.01","true","false","all","5","8","1.5","0.3","1","entrainment","0.3","0.8","0.2","3000","501","58.92145608875129","23.521223192323642","0.1306734621795758","25.329805021564898","15.615468908546735","0.14072113900869387","0.08675260504748186","11.536398919087684","10.431429205329433","15.956277774120688","0.6537507903157751","907.1493055455318","779.1007190112206","1419.3436516827792","0.548916196643086","0.1068724433472592","0","0","0","0","0","0","0","0.0812340258643834","80","20"
"286","100","0.4","0.35","144","5","single","60","0.2","0.5","0.1","1","0.05","500","2000","0.5","0.01","true","false","all","5","8","1.5","0.3","1","entrainment","0.3","0.8","0.2","3000","1076","91.81979860014656","29.189625747207277","0.16216458748448487","34.67988976697205","6.017514904321169","0.19266605426095584","0.03343063835733983","11.626559603660848","10.58329467476138","15.799619319258742","0.6698449159380063","925.6968971387997","815.4356440707475","1366.7419094110091","0.5966273796507459","0.10379221812345585","0","0","0","0","0","0","0","0.07220508257648892","80","20"
"287","100","0.4","0.35","144","5","single","60","0.2","0.5","0.1","1","0.05","500","2000","0.5","0.01","true","false","all","5","8","1.5","0.3","1","entrainment","0.3","0.8","0.2","3000","361","49.696023587947465","28.38114212928841","0.15767301182938007","30.661924135157523","19.042452183564077","0.17034402297309736","0.10579140101980043","11.637209839490206","10.547864284984312","15.994592057513739","0.6594644144130748","987.8378488913468","911.6370562609758","1292.641019412828","0.7052515296745574","0.11271149570201189","0","0","0","0","0","0","0","0.09338335930719835","80","20"
"288","100","0.4","0.35","144","5","single","60","0.2","0.5","0.1","1","0.05","500","2000","0.5","0.01","true","false","all","5","8","1.5","0.3","1","entrainment","0.3","0.8","0.2","3000","1236","58.76767786525144","22.400071941300936","0.12444484411833853","25.926800182227726","8.301969450864927","0.14403777879015403","0.04612205250480515","11.45455648693509","10.36632864440342","15.807467857061798","0.6557867925552908","733.6975482478748","655.9153315849964","1044.826414899388","0.6277744534704917","0.10967442360237478","0","0","0","0","0","0","0","0.09157910913943106","80","20"
"289","100","0.4","0.35","144","5","single","60","0.2","0.5","0.1","1","0.05","500","2000","0.5","0.01","true","false","all","5","8","1.5","0.3","1","entrainment","0.3","0.8","0.2","3000","566","61.67569561842959","22.53909490547825","0.12521719391932362","25.637776430939102","7.2932818238337145","0.142432091282995","0.04051823235463175","11.652987857517326","10.567052426695316","15.996729580805356","0.6605757991542741","998.403400648366","835.3326322503324","1650.6864742405014","0.506051661103407","0.11348071269348914","0","0","0","0","0","0","0","0.074431398690329","80","20"
"290","100","0.4","0.35","144","5","single","60","0.2","0.5","0.1","1","0.05","500","2000","0.5","0.01","true","false","all","5","8","1.5","0.3","1","entrainment","0.3","0.8","0.2","3000","901","64.62990370252282","20.986924388962148","0.11659402438312304","24.099518200135776","8.840555560714755","0.13388621222297653","0.04911419755952642","11.458083383957291","10.37224072660976","15.801454013347428","0.6564105251230911","904.9433750533282","762.8807161316062","1473.1940107402163","0.5178413098138317","0.10651224397954007","0","0","0","0","0","0","0","0.07792445526167434","80","20"
"291","100","0.4","0.35","144","5","single","60","0.2","0.5","0.1","1","0.05","500","2000","0.5","0.01","true","false","all","5","8","1.5","0.3","1","entrainment","0.3","0.8","0.2","3000","-1","63.65430040047945","68.02221859588805","0.3779012144216003","82.03139078499576","8.920878309772482","0.455729948805532","0.049560435054291564","2934.302095883296","2906.2310775544574","3046.58616919865","0.953930371947723","775.4005388379575","681.9094907352891","1149.3647312486305","0.5932925138519658","0.024387811667732073","1","1","1","1","1","1","100","0.08954117144880255","80","20"
"292","100","0.4","0.35","144","5","single","60","0.2","0.5","0.1","1","0.05","500","2000","0.5","0.01","true","false","all","5","8","1.5","0.3","1","entrainment","0.3","0.8","0.2","3000","70","28.451427916309967","28.236019210386793","0.15686677339103774","32.966566968412124","8.756940253149779","0.18314759426895624","0.04864966807305433","11.427367980624751","10.303943105538549","15.921067480969574","0.6471892112670734","867.7318070438215","747.8797879301907","1347.1398834983424","0.5551611952784345","0.11275802845418026","0","0","0","0","0","0","0","0.07630743660143728","80","20"
"293","100","0.4","0.35","144","5","single","60","0.2","0.5","0.1","1","0.05","500","2000","0.5","0.01","true","false","all","5","8","1.5","0.3","1","entrainment","0.3","0.8","0.2","3000","-1","94.23053031879886","130.14436155458566","0.7230242308588092","131.2271772180695","123.98974033450176","0.7290398734337195","0.6888318907472321","2918.187377441651","2882.0322813386274","3062.807761853738","0.9409772030858052","757.5969779936402","675.5063919627715","1085.959322117114","0.6220365516508012","0.025863748362885408","1","1","1","1","1","1","100","0.08022689789101957","80","20"
"294","100","0.4","0.35","144","5","single","60","0.2","0.5","0.1","1","0.05","500","2000","0.5","0.01","true","false","all","5","8","1.5","0.3","1","entrainment","0.3","0.8","0.2","3000","-1","127.68396242602977","151.68429534030128","0.8426905296683405","148.2602913811063","157.49186030305847","0.8236682854505906","0.874954779461436","2911.855525817046","2881.2351501038456","3034.337028669844","0.949543548683149","761.311760487271","630.1651626744048","1285.8981517387392","0.49005837812451997","0.026784249238419378","1","1","1","1","1","1","100","0.08046143219529452","80","20"
"295","100","0.4","0.35","144","5","single","60","0.2","0.5","0.1","1","0.05","500","2000","0.5","0.01","true","false","all","5","8","1.5","0.3","1","entrainment","0.3","0.8","0.2","3000","-1","105.02687847250064","86.43246885524724","0.4801803825291513","95.60499052348496","36","0.5311388362415831","0.2","2908.4653674051724","2887.2247324551645","2993.4279072052004","0.964521218468498","782.442425925588","664.4704167639951","1254.3304625719602","0.5297411141570477","0.02717698723635875","1","1","1","1","1","1","100","0.09052739774348535","80","20"
"296","100","0.4","0.35","144","5","single","60","0.2","0.5","0.1","1","0.05","500","2000","0.5","0.01","true","false","all","5","8","1.5","0.3","1","entrainment","0.3","0.8","0.2","3000","247","42.06859471234527","31.04732038358416","0.17248511324213422","36.92486406669252","5.958706177491999","0.20513813370384734","0.033103923208288887","11.458465938180872","10.384964016834708","15.752473623565507","0.6592592544512459","952.1409673488935","803.3646689663167","1547.2461608791991","0.5192222732740968","0.11119321015685357","0","0","0","0","0","0","0","0.08386042939936227","80","20"
"297","100","0.4","0.35","144","5","single","60","0.2","0.5","0.1","1","0.05","500","2000","0.5","0.01","true","false","all","5","8","1.5","0.3","1","entrainment","0.3","0.8","0.2","3000","286","48.88760918312059","30.043334653775418","0.16690741474319676","35.182344442198854","8.132594488856245","0.19545746912332695","0.04518108049364581","11.744042200028735","10.69957783468022","15.921899661422788","0.6720038476692738","1022.8417501127993","865.3999504416219","1652.60894879751","0.5236568221848937","0.10390069618382802","0","0","0","0","0","0","0","0.08194776528823637","80","20"
"298","100","0.4","0.35","144","5","single","60","0.2","0.5","0.1","1","0.05","500","2000","0.5","0.01","true","false","all","5","8","1.5","0.3","1","entrainment","0.3","0.8","0.2","3000","13","24.39695684449306","22.157460284438397","0.12309700158021332","25.4881564810237","8.23332685304046","0.14160086933902055","0.045740704739113666","11.538852432900544","10.397530166127657","16.10414149999214","0.6456432443873354","1014.7162970113193","832.3932520389495","1744.0084769007997","0.47728738883090666","0.11062722548312975","0","0","0","0","0","0","0","0.08186677498326636","80","20"
"299","100","0.4","0.35","144","5","single","60","0.2","0.5","0.1","1","0.05","500","2000","0.5","0.01","true","false","all","5","8","1.5","0.3","1","entrainment","0.3","0.8","0.2","3000","-1","71.4041650412413","37.00225625290889","0.2055680902939383","42.77912753948782","9.881559871034368","0.23766181966382122","0.05489755483907982","2894.0847426622727","2853.0747831873555","3058.1245805619437","0.9329491680365394","829.6676575268799","732.0470621411622","1220.150039069749","0.5999647901493167","0.0266823812730288","1","1","1","1","1","1","100","0.07246503275077505","80","20"
"300","100","0.4","0.35","144","5","single","60","0.2","0.5","0.1","1","0.05","500","2000","0.5","0.01","true","false","all","5","8","1.5","0.3","1","entrainment","0.3","0.8","0.2","3000","-1","87.37173254957052","122.46525128668351","0.6803625071482418","134.85539137816448","35.99999999999999","0.7491966187675805","0.19999999999999996","2923.934775858889","2901.7938178452105","3012.498607913605","0.9632515049873943","783.0649430315822","659.7039989425895","1276.5087193875538","0.5168033628936775","0.025911862288093168","1","1","1","1","1","1","100","0.09018082385968111","80","20"
"301","100","0.4","0.35","144","5","single","60","0.2","0.5","0.1","1","0.05","500","2000","0.5","0.01","true","false","all","5","8","1.5","0.3","1","entrainment","0.3","0.8","0.3","3000","583","55.687993471088994","19.004604439187897","0.1055811357732661","23.719407230398772","7.681269045845297","0.13177448461332653","0.04267371692136276","11.852917040300047","10.185775957909986","15.742912899210186","0.6470070706178525","986.8887750473077","817.3405675114205","1382.5012592977125","0.5912042119416341","0.12339177909472987","0","0","0","0","0","0","0","0.08199465845897887","70","30"
"302","100","0.4","0.35","144","5","single","60","0.2","0.5","0.1","1","0.05","500","2000","0.5","0.01","true","false","all","5","8","1.5","0.3","1","entrainment","0.3","0.8","0.3","3000","126","54.381006111852884","20.262302055338044","0.11256834475187802","25.285506024856563","8.354965022226951","0.14047503347142534","0.046416472345705284","11.84925047241603","10.244109225943104","15.594580047519539","0.6569018976290111","952.0184793868852","706.1474483346301","1525.7175518421475","0.46282973377479303","0.1230293480499911","0","0","0","0","0","0","0","0.07587250620711028","70","30"
"303","100","0.4","0.35","144","5","single","60","0.2","0.5","0.1","1","0.05","500","2000","0.5","0.01","true","false","all","5","8","1.5","0.3","1","entrainment","0.3","0.8","0.3","3000","0","38.18816525145138","23.188935870316286","0.12882742150175713","29.789145704780875","8.722435922590332","0.1654952539154493","0.048457977347724064","12.138378917566474","10.561778085900787","15.81711419145309","0.6677436830801874","986.1866427464788","847.3015056797899","1310.2519625687519","0.6466706632659063","0.11784651138438673","0","0","0","0","0","0","0","0.08428539410311212","70","30"
"304","100","0.4","0.35","144","5","single","60","0.2","0.5","0.1","1","0.05","500","2000","0.5","0.01","true","false","all","5","8","1.5","0.3","1","entrainment","0.3","0.8","0.3","3000","124","50.37854886272647","17.265129448464965","0.09591738582480536","21.77930800131573","5.917333301706904","0.12099615556286517","0.032874073898371686","11.979082050761747","10.2780204275963","15.948225838147785","0.6444616806849774","1066.989579238971","897.3553762066571","1462.802719647702","0.6134493490843209","0.12257561580499976","0","0","0","0","0","0","0","0.0821952695904704","70","30"
"305","100","0.4","0.35","144","5","single","60","0.2","0.5","0.1","1","0.05","500","2000","0.5","0.01","true","false","all","5","8","1.5","0.3","1","entrainment","0.3","0.8","0.3","3000","716","69.85541536483736","28.064394885209595","0.1559133049178311","33.83193404178546","11.522322580302589","0.18795518912103032","0.06401290322390327","12.061421920968762","10.405563179334376","15.92509231811568","0.6534067728761277","880.3256634150005","769.8765097012492","1138.0403554137524","0.6764931542531709","0.12380567737055315","0","0","0","0","0","0","0","0.07657309117196567","70","30"
"306","100","0.4","0.35","144","5","single","60","0.2","0.5","0.1","1","0.05","500","2000","0.5","0.01","true","false","all","5","8","1.5","0.3","1","entrainment","0.3","0.8","0.3","3000","98","51.436006023087906","14.430911488041067","0.08017173048911704","17.850976807183297","6.2534471506784355","0.09917209337324054","0.03474137305932464","12.056331198398752","10.400736784474844","15.9193848308879","0.6533378578985417","1078.0501929260188","892.0104980995471","1512.1428141877866","0.5898983149806986","0.12015179748702165","0","0","0","0","0","0","0","0.06852944643765997","70","30"
"307","100","0.4","0.35","144","5","single","60","0.2","0.5","0.1","1","0.05","500","2000","0.5","0.01","true","false","all","5","8","1.5","0.3","1","entrainment","0.3","0.8","0.3","3000","-1","109.32509532584328","144.865554715442","0.804808637308011","142.13114382316834","120.00000000000001","0.7896174656842686","0.6666666666666667","2895.7102972806624","2851.2122446667536","2999.539086713118","0.950550121949269","757.2520568838477","607.3533078655548","1107.0158045931983","0.5486401416723606","0.027936148109451553","1","1","1","1","1","1","100","0.0770978652360312","70","30"
"308","100","0.4","0.35","144","5","single","60","0.2","0.5","0.1","1","0.05","500","2000","0.5","0.01","true","false","all","5","8","1.5","0.3","1","entrainment","0.3","0.8","0.3","3000","323","56.12672719983814","16.143963629677827","0.08968868683154349","20.20811015304547","6.547831074766987","0.11226727862803039","0.03637683930426104","11.999611480572607","10.441245608144898","15.635798516237283","0.6677782140324972","927.8547062554151","864.5557237919024","1075.55233200361","0.8038248796145055","0.11766002280241716","0","0","0","0","0","0","0","0.09107203498962942","70","30"
"310","100","0.4","0.35","144","5","single","60","0.2","0.5","0.1","1","0.05","500","2000","0.5","0.01","true","false","all","5","8","1.5","0.3","1","entrainment","0.3","0.8","0.3","3000","322","57.31598629217942","18.062479685832404","0.10034710936573557","21.69839860816272","9.407469323355537","0.12054665893423733","0.05226371846308631","11.938449085025395","10.280070758573565","15.807998513413006","0.6503081810041275","941.7651747636374","738.0101583381684","1417.1935464230662","0.5207546705253302","0.1244111700531203","0","0","0","0","0","0","0","0.07393500833124965","70","30"
"309","100","0.4","0.35","144","5","single","60","0.2","0.5","0.1","1","0.05","500","2000","0.5","0.01","true","false","all","5","8","1.5","0.3","1","entrainment","0.3","0.8","0.3","3000","451","68.85046697115463","21.045874722125642","0.11692152623403135","25.874038735275114","8.569394701113401","0.1437446596404173","0.0476077483395189","12.015464753338996","10.447975720919242","15.672939162318444","0.6666251691985581","913.787385949033","746.4500854670605","1304.241087073636","0.5723252340883483","0.11777622281828948","0","0","0","0","0","0","0","0.07547851976138703","70","30"
"311","100","0.4","0.35","144","5","single","60","0.2","0.5","0.1","1","0.05","500","2000","0.5","0.01","true","false","all","5","8","1.5","0.3","1","entrainment","0.3","0.8","0.3","3000","371","49.275950811631695","22.56622736996239","0.1253679298331244","25.63081613919982","12.117734381909802","0.14239342299555455","0.06732074656616557","11.979991888887845","10.275436950299362","15.957286745594313","0.6439338412676158","961.6757256930204","745.658640647369","1465.7155907995393","0.508733512373036","0.1255921435035965","0","0","0","0","0","0","0","0.08242601962171071","70","30"
"312","100","0.4","0.35","144","5","single","60","0.2","0.5","0.1","1","0.05","500","2000","0.5","0.01","true","false","all","5","8","1.5","0.3","1","entrainment","0.3","0.8","0.3","3000","-1","81.33411556532356","24.586402377929538","0.13659112432183076","31.09612079587914","9.527737234678629","0.17275622664377302","0.05293187352599238","2919.376688086181","2884.4320847136114","3000.9140959555075","0.9611844899529498","811.3719712150867","652.0308832291828","1183.1678431821967","0.5510890842634035","0.027389133885151518","1","1","1","1","1","1","100","0.08957639564416395","70","30"
"313","100","0.4","0.35","144","5","single","60","0.2","0.5","0.1","1","0.05","500","2000","0.5","0.01","true","false","all","5","8","1.5","0.3","1","entrainment","0.3","0.8","0.3","3000","771","72.96246407339005","28.187893184437744","0.15659940658020968","30.143934119650638","26.032178006592417","0.16746630066472576","0.14462321114773566","12.133044041313571","10.523788531837685","15.887973563423985","0.6623744991661303","921.9929613138521","751.4855322250074","1319.8436291878218","0.5693746710642086","0.12340863347102049","0","0","0","0","0","0","0","0.10351856081898823","70","30"
"315","100","0.4","0.35","144","5","single","60","0.2","0.5","0.1","1","0.05","500","2000","0.5","0.01","true","false","all","5","8","1.5","0.3","1","entrainment","0.3","0.8","0.3","3000","411","54.7575833870151","24.70970077529401","0.13727611541830007","30.365148741603655","11.516350514323511","0.16869527078668697","0.06397972507957506","12.117379861016952","10.457273070146767","15.990962373047374","0.6539489510507766","963.1950936351782","722.5439036053687","1524.714537038067","0.4738879875894626","0.12099600399232013","0","0","0","0","0","0","0","0.09724270918618365","70","30"
"314","100","0.4","0.35","144","5","single","60","0.2","0.5","0.1","1","0.05","500","2000","0.5","0.01","true","false","all","5","8","1.5","0.3","1","entrainment","0.3","0.8","0.3","3000","1141","52.84346211870724","20.776563739517986","0.11542535410843326","26.195154462364087","9.047528265457382","0.1455286359020227","0.050264045919207676","12.050118561590745","10.31848782337398","16.090590284096518","0.6412746606053652","951.0563371843766","701.4574741470375","1533.4536842715","0.45743636168592866","0.12678957433391624","0","0","0","0","0","0","0","0.09765671957826715","70","30"
"316","100","0.4","0.35","144","5","single","60","0.2","0.5","0.1","1","0.05","500","2000","0.5","0.01","true","false","all","5","8","1.5","0.3","1","entrainment","0.3","0.8","0.3","3000","546","76.61383654858383","22.21195516752899","0.12339975093071662","28.889630825952118","10.44286606267328","0.16049794903306733","0.058015922570407115","12.068934393123811","10.421033180032557","15.914037223670054","0.6548327764706138","951.0347286213249","730.9405835002285","1464.587733903883","0.4990759970055836","0.1213508219002819","0","0","0","0","0","0","0","0.09011919114086733","70","30"
"317","100","0.4","0.35","144","5","single","60","0.2","0.5","0.1","1","0.05","500","2000","0.5","0.01","true","false","all","5","8","1.5","0.3","1","entrainment","0.3","0.8","0.3","3000","0","36.813405280198396","24.95753115788906","0.13865295087716145","33.17861360638586","6.431522748573383","0.18432563114658812","0.03573068193651879","12.201953959367575","10.582159977007233","15.981473251541702","0.6621517184585214","992.390196598878","783.71231764544","1479.305247490233","0.5297840448920699","0.11768852286895393","0","0","0","0","0","0","0","0.08070305756284228","70","30"
"318","100","0.4","0.35","144","5","single","60","0.2","0.5","0.1","1","0.05","500","2000","0.5","0.01","true","false","all","5","8","1.5","0.3","1","entrainment","0.3","0.8","0.3","3000","716","71.95022242241373","24.68094693433889","0.13711637185743827","29.144264250538498","14.562606146238766","0.16191257916965832","0.08090336747910426","12.205955094879219","10.623133870808282","15.899204617711394","0.6681550509120642","968.1481948492423","845.4808950536165","1254.3718943723693","0.674027295132164","0.12022530460488468","0","0","0","0","0","0","0","0.08076588079680778","70","30"
"319","100","0.4","0.35","144","5","single","60","0.2","0.5","0.1","1","0.05","500","2000","0.5","0.01","true","false","all","5","8","1.5","0.3","1","entrainment","0.3","0.8","0.3","3000","466","65.75300960664471","19.200605648541487","0.10667003138078604","23.342605170778512","9.312317432560151","0.1296811398376584","0.051735096847556394","12.023435245472006","10.38254528413861","15.852178488583267","0.6549601552629573","920.2644985199925","762.3919517251774","1288.6337743745612","0.5916281001521975","0.11831654593821805","0","0","0","0","0","0","0","0.07555614887397759","70","30"
"320","100","0.4","0.35","144","5","single","60","0.2","0.5","0.1","1","0.05","500","2000","0.5","0.01","true","false","all","5","8","1.5","0.3","1","entrainment","0.3","0.8","0.3","3000","116","44.91786652549225","24.106050547787405","0.13392250304326336","28.59116666416899","13.718998660750582","0.15883981480093884","0.07621665922639212","12.21256652368266","10.602635496217227","15.969072254435353","0.6639481196706575","987.8692408935436","772.3735883149311","1490.6924302436385","0.5181307509481985","0.11997905734189951","0","0","0","0","0","0","0","0.08587148575740854","70","30"
"321","100","0.4","0.35","144","5","single","60","0.2","0.5","0.1","1","0.05","500","2000","0.5","0.01","true","false","all","5","8","1.5","0.3","1","entrainment","0.3","0.8","0.3","3000","741","68.81943038344276","21.4249403313584","0.11902744628532444","25.91358904824646","9.560493261664556","0.14396438360136923","0.053113851453691976","11.809538487136448","10.160188807218704","15.658021073611197","0.6488807723181499","888.3937274500297","666.2546176950758","1406.7183168782549","0.4736233329026431","0.12089899873197552","0","0","0","0","0","0","0","0.0662460627017677","70","30"
"322","100","0.4","0.35","144","5","single","60","0.2","0.5","0.1","1","0.05","500","2000","0.5","0.01","true","false","all","5","8","1.5","0.3","1","entrainment","0.3","0.8","0.3","3000","564","50.65462071367395","19.08494848939757","0.10602749160776427","23.38952822198267","9.304298300639203","0.12994182345545927","0.05169054611466224","12.0029164107461","10.310206440174602","15.952573008746265","0.6463036674097561","864.9779213109734","665.9175891074041","1329.4520297859676","0.5008962897402264","0.12556455375003095","0","0","0","0","0","0","0","0.09034311860528674","70","30"
"323","100","0.4","0.35","144","5","single","60","0.2","0.5","0.1","1","0.05","500","2000","0.5","0.01","true","false","all","5","8","1.5","0.3","1","entrainment","0.3","0.8","0.3","3000","481","55.97907985920526","40.05552756872631","0.22253070871514619","54.77207827945292","8.343822002586064","0.30428932377473844","0.04635456668103369","12.03955501932598","10.442689413028878","15.76557476735256","0.6623728958270305","912.0214017695347","718.4989337242981","1363.5738272084202","0.526923382795669","0.11863442542528047","0","0","0","0","0","0","0","0.08693817971602674","70","30"
"324","100","0.4","0.35","144","5","single","60","0.2","0.5","0.1","1","0.05","500","2000","0.5","0.01","true","false","all","5","8","1.5","0.3","1","entrainment","0.3","0.8","0.3","3000","-1","105.65442067875063","24.61607971584668","0.13675599842137046","31.12311761961107","9.317805889210527","0.17290620899783926","0.05176558827339182","2926.9369649182527","2888.655727817938","3016.2598514856522","0.9576945853637704","849.4320808929032","662.7487172070113","1285.0265961599855","0.515747081957282","0.0247513106891577","1","1","1","1","1","1","100","0.08257828297063782","70","30"
"325","100","0.4","0.35","144","5","single","60","0.2","0.5","0.1","1","0.05","500","2000","0.5","0.01","true","false","all","5","8","1.5","0.3","1","entrainment","0.3","0.8","0.3","3000","826","71.02292154024965","19.139161024699","0.1063286723594389","22.56852475168143","10.56346690457054","0.12538069306489683","0.05868592724761411","12.075938783246116","10.400755894827086","15.984698856223853","0.6506694926427975","886.7362409242252","743.6248418862398","1220.662838679525","0.6091975755489288","0.12223418635744765","0","0","0","0","0","0","0","0.07947106658401212","70","30"
"326","100","0.4","0.35","144","5","single","60","0.2","0.5","0.1","1","0.05","500","2000","0.5","0.01","true","false","all","5","8","1.5","0.3","1","entrainment","0.3","0.8","0.3","3000","736","84.99415112101383","29.838081901766618","0.16576712167648122","38.913866768372905","6.895829554967488","0.21618814871318282","0.03831016419426382","11.971998411518655","10.361218457447071","15.730484971019008","0.6586712664317738","979.2483765334246","867.6370222555711","1239.6748698484164","0.6998907885917403","0.1206912375254785","0","0","0","0","0","0","0","0.08665762606956841","70","30"
"327","100","0.4","0.35","144","5","single","60","0.2","0.5","0.1","1","0.05","500","2000","0.5","0.01","true","false","all","5","8","1.5","0.3","1","entrainment","0.3","0.8","0.3","3000","986","60.221476251244574","23.300468814309447","0.12944704896838582","30.465057989370838","4.997547769798373","0.16925032216317132","0.027764154276657627","11.947144724671617","10.262630900920284","15.87767698009139","0.6463559444992065","896.2565251222799","653.2238468362715","1463.332774456298","0.4463945988491764","0.1265024271885573","0","0","0","0","0","0","0","0.09143519908132289","70","30"
"328","100","0.4","0.35","144","5","single","60","0.2","0.5","0.1","1","0.05","500","2000","0.5","0.01","true","false","all","5","8","1.5","0.3","1","entrainment","0.3","0.8","0.3","3000","424","60.64836373739067","21.98272115074445","0.12212622861524694","25.088830953593774","14.99716903800307","0.1393823941866321","0.08331760576668372","12.156600562142126","10.607314423667665","15.771601551915854","0.6725578495469375","959.3131941457841","839.1471214252696","1239.7006971603175","0.6768949338718906","0.11922832810547535","0","0","0","0","0","0","0","0.0893041826663449","70","30"
"330","100","0.4","0.35","144","5","single","60","0.2","0.5","0.1","1","0.05","500","2000","0.5","0.01","true","false","all","5","8","1.5","0.3","1","entrainment","0.3","0.8","0.3","3000","-1","113.58278680521511","134.31207731875847","0.7461782073264359","143.74530508532143","95.99999999999999","0.7985850282517858","0.5333333333333332","2912.8597438188553","2861.002532984772","3033.8599024317214","0.9430239447416802","796.8488692373103","584.9117333798816","1291.3688529046442","0.4529393225368988","0.02666570956115555","1","1","1","1","1","1","100","0.0811540020910354","70","30"
"329","100","0.4","0.35","144","5","single","60","0.2","0.5","0.1","1","0.05","500","2000","0.5","0.01","true","false","all","5","8","1.5","0.3","1","entrainment","0.3","0.8","0.3","3000","393","44.58846570937918","65.10804121119055","0.36171134006216976","92.14517333346747","6.798605339240299","0.5119176296303748","0.03777002966244611","12.046482633145606","10.352609069848526","15.998854280838795","0.6470844029279926","1018.6819900755938","789.6966095686972","1552.9812112583522","0.508503646949354","0.12395783179838493","0","0","0","0","0","0","0","0.07940945782451027","70","30"
"331","100","0.4","0.35","144","5","single","60","0.2","0.5","0.1","1","0.05","500","2000","0.5","0.01","true","false","all","5","8","1.5","0.3","1","entrainment","0.3","0.8","0.5","3000","467","62.33354039743517","79.53118044748511","0.4418398913749173","122.961410900645","28.967700452485197","0.6831189494480279","0.1609316691804733","13.149228211339592","10.458986795179303","15.83946962749987","0.660311679692912","1064.2270583527481","765.3302821394936","1363.123834566002","0.5614532317110891","0.12039037189392454","0","0","0","0","0","0","0","0.07957478139383616","50","50"
"332","100","0.4","0.35","144","5","single","60","0.2","0.5","0.1","1","0.05","500","2000","0.5","0.01","true","false","all","5","8","1.5","0.3","1","entrainment","0.3","0.8","0.5","3000","541","76.08148532697305","21.155957435866537","0.1175330968659252","30.323588020491467","12.165849110392339","0.16846437789161925","0.06758805061329078","13.068547002548117","10.223601505978099","15.91349249911814","0.6424486332302383","927.7159583751575","754.5411045877554","1100.8908121625607","0.6853914087134167","0.12569623791389395","0","0","0","0","0","0","0","0.09516157697636582","50","50"
"333","100","0.4","0.35","144","5","single","60","0.2","0.5","0.1","1","0.05","500","2000","0.5","0.01","true","false","all","5","8","1.5","0.3","1","entrainment","0.3","0.8","0.5","3000","696","49.896087692144334","20.01249836855915","0.11118054649199528","32.30316328014449","7.609172825306766","0.17946201822302493","0.04227318236281537","13.05824517951953","10.312116545619231","15.804373813419815","0.6524849808894675","930.9972812965086","651.7837982303414","1210.2107643626746","0.5385704849300245","0.12324726977689138","0","0","0","0","0","0","0","0.08967853037563746","50","50"
"335","100","0.4","0.35","144","5","single","60","0.2","0.5","0.1","1","0.05","500","2000","0.5","0.01","true","false","all","5","8","1.5","0.3","1","entrainment","0.3","0.8","0.5","3000","0","23.60093785739204","24.052914805870255","0.13362730447705698","41.63363142566976","5.236762447464127","0.231297952364832","0.02909312470813404","13.199259621045613","10.40573245696434","15.992786785126885","0.6506516091768044","1003.2442397635417","647.1473999833138","1359.3410795437699","0.476074334633154","0.12274734450576297","0","0","0","0","0","0","0","0.08707619640839921","50","50"
"334","100","0.4","0.35","144","5","single","60","0.2","0.5","0.1","1","0.05","500","2000","0.5","0.01","true","false","all","5","8","1.5","0.3","1","entrainment","0.3","0.8","0.5","3000","71","43.7661572153137","31.67158143217681","0.17595323017876005","43.29587700431872","19.07339336898924","0.24053265002399288","0.10596329649438467","13.079017785244673","10.292472878324393","15.86556269216495","0.6487304029504879","1112.5539973888435","791.8735249715613","1433.2344698061256","0.5525080101364561","0.12434952480277661","0","0","0","0","0","0","0","0.08926998723002487","50","50"
"336","100","0.4","0.35","144","5","single","60","0.2","0.5","0.1","1","0.05","500","2000","0.5","0.01","true","false","all","5","8","1.5","0.3","1","entrainment","0.3","0.8","0.5","3000","346","57.76092367819018","15.239212635272127","0.08466229241817848","22.894329632423595","6.431453473233269","0.12719072018013108","0.03573029707351816","13.194174212151307","10.44882938393457","15.939519040368047","0.6555297783748752","950.59082806965","747.9586424598273","1153.2230136794733","0.6485810928047564","0.11980144312387697","0","0","0","0","0","0","0","0.07734577370775657","50","50"
"337","100","0.4","0.35","144","5","single","60","0.2","0.5","0.1","1","0.05","500","2000","0.5","0.01","true","false","all","5","8","1.5","0.3","1","entrainment","0.3","0.8","0.5","3000","321","60.717019895431996","16.180367109040187","0.0898909283835566","24.441234031865324","7.785029906465727","0.1357846335103629","0.04325016614703182","13.153410039243438","10.524232923344407","15.78258715514248","0.6668255856844909","942.7747411623598","814.05264148759","1071.4968408371285","0.7597340565666951","0.11745387546788888","0","0","0","0","0","0","0","0.07798829624023705","50","50"
"338","100","0.4","0.35","144","5","single","60","0.2","0.5","0.1","1","0.05","500","2000","0.5","0.01","true","false","all","5","8","1.5","0.3","1","entrainment","0.3","0.8","0.5","3000","411","60.181643890279204","18.166661119447717","0.10092589510804287","27.288582986618948","8.848441237706846","0.1516032388145497","0.04915800687614914","13.295969516934749","10.437307188705686","16.15463184516382","0.6460875920134499","976.9556629477848","741.4477065350837","1212.463619360487","0.6115216116143425","0.12619921116037314","0","0","0","0","0","0","0","0.1001346305563508","50","50"
"339","100","0.4","0.35","144","5","single","60","0.2","0.5","0.1","1","0.05","500","2000","0.5","0.01","true","false","all","5","8","1.5","0.3","1","entrainment","0.3","0.8","0.5","3000","-1","129.00595170704554","76.52462452957201","0.42513680294206674","113.10766919937797","37.23433664270257","0.6283759399965443","0.20685742579279207","2954.126263966755","2917.0247831072797","2991.2277448262307","0.9751931420643928","808.2799524263553","542.4553163157342","1074.1045885369758","0.5050302569274056","0.024346261323320295","1","1","1","1","1","1","100","0.08025938304403729","50","50"
"340","100","0.4","0.35","144","5","single","60","0.2","0.5","0.1","1","0.05","500","2000","0.5","0.01","true","false","all","5","8","1.5","0.3","1","entrainment","0.3","0.8","0.5","3000","-1","121.99617921070184","115.94676461388406","0.6441486922993559","133.42487188474385","94.07569306192134","0.7412492882485769","0.5226427392328964","2957.2463065771813","2891.4974054098184","3022.995207744543","0.956500823422464","867.7070437685697","701.0345929997421","1034.3794945373975","0.67773442600316","0.02725252977060011","1","1","1","1","1","1","100","0.09567362956256617","50","50"
"341","100","0.4","0.35","144","5","single","60","0.2","0.5","0.1","1","0.05","500","2000","0.5","0.01","true","false","all","5","8","1.5","0.3","1","entrainment","0.3","0.8","0.5","3000","-1","73.83308064530694","19.56486687863887","0.10869370488132706","28.38349664905975","10.36719514393943","0.1576860924947764","0.057595528577441275","2939.0682284663367","2874.8046020245797","3003.331854908093","0.9572051111589704","808.1600649865726","550.5041780342434","1065.8159519389017","0.5165096065908772","0.026293193132247206","1","1","1","1","1","1","100","0.08305618560476292","50","50"
"342","100","0.4","0.35","144","5","single","60","0.2","0.5","0.1","1","0.05","500","2000","0.5","0.01","true","false","all","5","8","1.5","0.3","1","entrainment","0.3","0.8","0.5","3000","209","67.12725901857252","14.17777295974306","0.07876540533190589","18.72237280907356","10.375024437635226","0.10401318227263089","0.057639024653529033","13.033451045581227","10.320039597701381","15.746862493461071","0.655371163746861","993.2431270435965","716.8970432712476","1269.5892108159462","0.564668506288352","0.12300343625342802","0","0","0","0","0","0","0","0.07355936027755826","50","50"
"344","100","0.4","0.35","144","5","single","60","0.2","0.5","0.1","1","0.05","500","2000","0.5","0.01","true","false","all","5","8","1.5","0.3","1","entrainment","0.3","0.8","0.5","3000","306","54.72208923612661","20.662921430493835","0.11479400794718797","28.137566119045328","13.12263750278818","0.15631981177247403","0.07290354168215656","13.223203819535584","10.637897658278472","15.808509980792694","0.672922221714981","1043.0250629237066","901.1441305536634","1184.9059952937498","0.7605195130523928","0.11658170297428239","0","0","0","0","0","0","0","0.07973946324355262","50","50"
"343","100","0.4","0.35","144","5","single","60","0.2","0.5","0.1","1","0.05","500","2000","0.5","0.01","true","false","all","5","8","1.5","0.3","1","entrainment","0.3","0.8","0.5","3000","-1","116.97784308156785","154.07257464766","0.8559587480425555","142.6900580257928","164.6837053969422","0.7927225445877378","0.9149094744274566","2933.229469730295","2867.0801231753558","2999.3788162852343","0.9558913024285035","892.0262616078385","567.432167001931","1216.620356213746","0.46640035579204103","0.028429380475828436","1","1","1","1","1","1","100","0.07632386727025184","50","50"
"345","100","0.4","0.35","144","5","single","60","0.2","0.5","0.1","1","0.05","500","2000","0.5","0.01","true","false","all","5","8","1.5","0.3","1","entrainment","0.3","0.8","0.5","3000","196","71.61958558275259","20.018601732868056","0.11121445407148921","28.706790147064773","9.476637218344928","0.15948216748369318","0.05264798454636071","13.110197932908111","10.475606368271754","15.744789497544453","0.6653379754556593","900.2881798447663","743.6395182697058","1056.9368414198268","0.7035799010191981","0.11623282583529004","0","0","0","0","0","0","0","0.0848327828363758","50","50"
"346","100","0.4","0.35","144","5","single","60","0.2","0.5","0.1","1","0.05","500","2000","0.5","0.01","true","false","all","5","8","1.5","0.3","1","entrainment","0.3","0.8","0.5","3000","261","46.77491492765682","16.695101651497364","0.09275056473054091","21.001009794335538","10.837400132350773","0.11667227663519743","0.06020777851305985","13.173159720459546","10.350874698367715","15.995444742551381","0.6471139043000239","1050.6779934504366","701.6484209500486","1399.7075659508243","0.5012821520854019","0.1256010251556443","0","0","0","0","0","0","0","0.08530368161775988","50","50"
"347","100","0.4","0.35","144","5","single","60","0.2","0.5","0.1","1","0.05","500","2000","0.5","0.01","true","false","all","5","8","1.5","0.3","1","entrainment","0.3","0.8","0.5","3000","663","59.01821627291375","23.042273854840367","0.12801263252689093","37.97321305912846","6.282551363255524","0.2109622947729359","0.03490306312919736","13.403937645105184","10.898184626265198","15.909690663945163","0.6850029240959956","1042.8782248481461","733.7092407151308","1352.047208981162","0.5426654009130486","0.11091474253492128","0","0","0","0","0","0","0","0.09113268720603951","50","50"
"348","100","0.4","0.35","144","5","single","60","0.2","0.5","0.1","1","0.05","500","2000","0.5","0.01","true","false","all","5","8","1.5","0.3","1","entrainment","0.3","0.8","0.5","3000","731","70.4322033237482","19.896274223858413","0.1105348567992134","25.857928836509235","13.600117588915268","0.1436551602028291","0.07555620882730704","13.259045530150818","10.636202800318864","15.881888259982773","0.6697064370562699","980.5353815135094","731.6844970983782","1229.3862659286406","0.5951624134548844","0.11678963512225704","0","0","0","0","0","0","0","0.08146459006821732","50","50"
"349","100","0.4","0.35","144","5","single","60","0.2","0.5","0.1","1","0.05","500","2000","0.5","0.01","true","false","all","5","8","1.5","0.3","1","entrainment","0.3","0.8","0.5","3000","141","48.49769712126046","16.142345368574382","0.08967969649207991","23.456048737995232","8.289156914266284","0.1303113818777513","0.0460508717459238","13.096592445872774","10.332371765080971","15.860813126664585","0.651440230873825","1016.2405112816049","656.3560532826326","1376.1249692805773","0.47695962789321966","0.12430822262662011","0","0","0","0","0","0","0","0.07480088519948686","50","50"
"350","100","0.4","0.35","144","5","single","60","0.2","0.5","0.1","1","0.05","500","2000","0.5","0.01","true","false","all","5","8","1.5","0.3","1","entrainment","0.3","0.8","0.5","3000","486","82.02404524058674","17.09151012478464","0.09495283402658133","25.406589763118596","7.986873374979641","0.1411477209062144","0.044371518749886894","13.21277150691913","10.621537133451724","15.804005880386526","0.6720787890008019","1077.5186237398311","860.1517905953184","1294.8854568843442","0.6642686316556144","0.11657595702370482","0","0","0","0","0","0","0","0.0891897330848827","50","50"
"352","100","0.4","0.35","144","5","single","60","0.2","0.5","0.1","1","0.05","500","2000","0.5","0.01","true","false","all","5","8","1.5","0.3","1","entrainment","0.3","0.8","0.5","3000","181","62.34543767628259","25.4236325575325","0.14124240309740277","42.31708779229933","7.157417951337964","0.23509493217944075","0.039763433062988685","13.274835806776748","10.672043815902457","15.877627797651044","0.6721434682756134","1117.3177639673786","847.6193786076142","1387.016149327142","0.6111099564477347","0.11776500526547351","0","0","0","0","0","0","0","0.08129124853966474","50","50"
"351","100","0.4","0.35","144","5","single","60","0.2","0.5","0.1","1","0.05","500","2000","0.5","0.01","true","false","all","5","8","1.5","0.3","1","entrainment","0.3","0.8","0.5","3000","0","44.95387636285744","21.482579958254615","0.11934766643474785","29.97715859546707","10.740484147897781","0.16653976997481706","0.059669356377209895","13.14386833575539","10.237593727024613","16.050142944486172","0.6378506261554272","984.8651949520479","693.8890739522","1275.8413159518957","0.5438678503952464","0.12912214163172098","0","0","0","0","0","0","0","0.07441524704493833","50","50"
"353","100","0.4","0.35","144","5","single","60","0.2","0.5","0.1","1","0.05","500","2000","0.5","0.01","true","false","all","5","8","1.5","0.3","1","entrainment","0.3","0.8","0.5","3000","431","65.10881229812074","15.563487570297447","0.08646381983498581","23.226424273077214","7.927818784983203","0.12903569040598453","0.04404343769435113","13.118968795950396","10.294663478620498","15.943274113280284","0.6457057318010573","1045.1475227846176","654.4383409800739","1435.8567045891616","0.45578248782654585","0.12570055350971931","0","0","0","0","0","0","0","0.0744786901598019","50","50"
"354","100","0.4","0.35","144","5","single","60","0.2","0.5","0.1","1","0.05","500","2000","0.5","0.01","true","false","all","5","8","1.5","0.3","1","entrainment","0.3","0.8","0.5","3000","196","49.90439123673991","15.761522643533926","0.08756401468629958","24.276056018910932","7.209367577021235","0.13486697788283852","0.040052042094562416","13.18003070443056","10.393280375522775","15.96678103333835","0.6509314779116587","1091.6169450029913","696.0063046102066","1487.2275853957756","0.4679891036481737","0.12199304779898235","0","0","0","0","0","0","0","0.07056719127443771","50","50"
"356","100","0.4","0.35","144","5","single","60","0.2","0.5","0.1","1","0.05","500","2000","0.5","0.01","true","false","all","5","8","1.5","0.3","1","entrainment","0.3","0.8","0.5","3000","356","59.09551991998655","19.524913553945265","0.10847174196636258","32.787120430970305","5.2566384403101925","0.18215066906094612","0.02920354689061218","13.127226379269596","10.363527960018523","15.890924798520677","0.6521664466616369","1062.637542996151","705.240160920905","1420.0349250713962","0.49663578583142737","0.12329405574267516","0","0","0","0","0","0","0","0.08571812821868667","50","50"
"355","100","0.4","0.35","144","5","single","60","0.2","0.5","0.1","1","0.05","500","2000","0.5","0.01","true","false","all","5","8","1.5","0.3","1","entrainment","0.3","0.8","0.5","3000","376","63.48281020937825","15.902808584053885","0.08834893657807713","22.731028356972725","9.508076443881803","0.1262834908720707","0.05282264691045446","12.952173803087021","10.073779950564303","15.830567655609734","0.6363498877435735","1010.6843854416968","758.4761884516482","1262.892582431746","0.6005864623823941","0.129524368481716","0","0","0","0","0","0","0","0.07977397812440273","50","50"
"358","100","0.4","0.35","144","5","single","60","0.2","0.5","0.1","1","0.05","500","2000","0.5","0.01","true","false","all","5","8","1.5","0.3","1","entrainment","0.3","0.8","0.5","3000","36","64.44304656460989","18.297232136467922","0.10165128964704401","29.89824994457763","6.718920696913568","0.16610138858098683","0.03732733720507538","13.038433893911078","10.147008827671229","15.929858960150941","0.636980456202048","1003.0628675747503","679.7211669979358","1326.4045681515654","0.512453879697635","0.1277096012765122","0","0","0","0","0","0","0","0.08290195566522754","50","50"
"357","100","0.4","0.35","144","5","single","60","0.2","0.5","0.1","1","0.05","500","2000","0.5","0.01","true","false","all","5","8","1.5","0.3","1","entrainment","0.3","0.8","0.5","3000","371","68.78543920742278","13.14677711275896","0.07303765062643866","20.194061975881983","6.334911793949777","0.11218923319934435","0.0351939544108321","13.099209933980148","10.256187139591498","15.942232728368797","0.6433344258825726","975.9166429651673","697.7846819577069","1254.0486039726277","0.5564255482181757","0.12706298720907538","0","0","0","0","0","0","0","0.07124766516616873","50","50"
"359","100","0.4","0.35","144","5","single","60","0.2","0.5","0.1","1","0.05","500","2000","0.5","0.01","true","false","all","5","8","1.5","0.3","1","entrainment","0.3","0.8","0.5","3000","864","64.30260389974961","89.35926170832244","0.4964403428240135","103.71165704279491","72.00000000000001","0.5761758724599717","0.4000000000000001","13.153077868737325","10.479820525896256","15.826335211578401","0.6621760746119746","981.7532781793313","744.5364166289604","1218.9701397297024","0.6107913494862606","0.11751186420594584","0","0","0","0","0","0","0","0.08929927469865777","50","50"
"360","100","0.4","0.35","144","5","single","60","0.2","0.5","0.1","1","0.05","500","2000","0.5","0.01","true","false","all","5","8","1.5","0.3","1","entrainment","0.3","0.8","0.5","3000","553","60.606732512837034","15.309585714393563","0.08505325396885313","22.361020518328782","7.75854961085728","0.12422789176849323","0.04310305339365155","13.159788117671543","10.473168844478261","15.846407390864826","0.6609175560206699","1037.4556155537095","766.860784851597","1308.0504462558224","0.5862623930496468","0.1174914433804497","0","0","0","0","0","0","0","0.08415382690824644","50","50"
"361","100","0.4","0.35","144","5","single","60","0.2","0.5","0.1","1","0.05","500","2000","0.5","0.01","true","false","all","5","8","1.5","0.3","1","entrainment","0.3","0.8","0.7","3000","797","98.2632763336419","12.597911342643364","0.06998839634801869","23.5361495785491","7.871999011792319","0.130756386547495","0.04373332784329066","14.103216013206888","10.288722828549263","15.737998806631586","0.6537503881506118","1065.4525345341406","649.3505046887259","1243.7819758964608","0.5220774358148291","0.09811279729945377","0","0","0","0","0","0","0","0.08163624508151605","30","70"
"362","100","0.4","0.35","144","5","single","60","0.2","0.5","0.1","1","0.05","500","2000","0.5","0.01","true","false","all","5","8","1.5","0.3","1","entrainment","0.3","0.8","0.7","3000","174","48.44187037600915","14.147872376618343","0.07859929098121302","34.07803389757365","6.688175867692067","0.18932241054207583","0.03715653259828926","14.257953298502807","10.556755105079793","15.844181095684098","0.6662859406445067","1094.2753195441608","787.2972678647992","1225.8373416924587","0.6422526391452663","0.09413214362130518","0","0","0","0","0","0","0","0.08325195446608388","30","70"
"363","100","0.4","0.35","144","5","single","60","0.2","0.5","0.1","1","0.05","500","2000","0.5","0.01","true","false","all","5","8","1.5","0.3","1","entrainment","0.3","0.8","0.7","3000","161","49.161474036108515","11.95956209902845","0.06644201166126916","19.859189750169485","8.342123382164711","0.11032883194538602","0.046345129900915064","14.22403145467204","10.546129011402659","15.80027535893034","0.6674648872775479","1115.983620647106","699.395424288096","1294.5214190866816","0.5402733504259343","0.09477050927184627","0","0","0","0","0","0","0","0.07790538905756154","30","70"
"364","100","0.4","0.35","144","5","single","60","0.2","0.5","0.1","1","0.05","500","2000","0.5","0.01","true","false","all","5","8","1.5","0.3","1","entrainment","0.3","0.8","0.7","3000","941","93.9827539782203","37.01355990420511","0.20563088835669505","88.56189781420456","13.771119948250947","0.49201054341224754","0.07650622193472748","14.175788003812293","10.315524706033353","15.830186560003265","0.6516363320756231","940.0998142456287","541.2505981302602","1111.0351925807872","0.4871588242610089","0.09974491374857375","0","0","0","0","0","0","0","0.07237486217573927","30","70"
"366","100","0.4","0.35","144","5","single","60","0.2","0.5","0.1","1","0.05","500","2000","0.5","0.01","true","false","all","5","8","1.5","0.3","1","entrainment","0.3","0.8","0.7","3000","681","91.20081132689344","14.55808139877455","0.08087822999319196","24.72065690753364","10.225114357036274","0.13733698281963133","0.056806190872423744","13.96869579484014","10.108099964896082","15.623236864816162","0.6469914046851407","1020.7203708156433","702.5633976118696","1157.0733593315458","0.6071900212254031","0.09948702719993996","0","0","0","0","0","0","0","0.08287595266890684","30","70"
"365","100","0.4","0.35","144","5","single","60","0.2","0.5","0.1","1","0.05","500","2000","0.5","0.01","true","false","all","5","8","1.5","0.3","1","entrainment","0.3","0.8","0.7","3000","265","75.54446379477564","13.17749500182105","0.0732083055656725","24.228851060893543","8.42034801745513","0.13460472811607524","0.04677971120808405","14.257514199501827","10.712329757171712","15.776878960500458","0.6789891577409876","1072.3222623058357","806.030046076368","1186.4474978327498","0.679364276589331","0.09206281564648244","0","0","0","0","0","0","0","0.10770062680062968","30","70"
"368","100","0.4","0.35","144","5","single","60","0.2","0.5","0.1","1","0.05","500","2000","0.5","0.01","true","false","all","5","8","1.5","0.3","1","entrainment","0.3","0.8","0.7","3000","301","78.01299855193908","13.260058321176375","0.07366699067320208","22.373322367379355","9.263961977927687","0.12429623537432975","0.051466455432931595","14.154167001631961","10.332632062168445","15.791967689973463","0.6542966820232778","1105.386073174027","694.0770895951898","1281.6613518506722","0.5415448383404617","0.0961821675173582","0","0","0","0","0","0","0","0.07686068029731594","30","70"
"367","100","0.4","0.35","144","5","single","60","0.2","0.5","0.1","1","0.05","500","2000","0.5","0.01","true","false","all","5","8","1.5","0.3","1","entrainment","0.3","0.8","0.7","3000","309","63.945672124552615","10.393640174058875","0.0577424454114382","20.9617554957947","5.871090481937372","0.11645419719885945","0.03261716934409652","14.274669594047804","10.652228345195219","15.827144414984637","0.6730353919757013","1179.968386668995","847.7754434664744","1322.3367908986465","0.6411191530792505","0.09357442405478267","0","0","0","0","0","0","0","0.0814360197065136","30","70"
"369","100","0.4","0.35","144","5","single","60","0.2","0.5","0.1","1","0.05","500","2000","0.5","0.01","true","false","all","5","8","1.5","0.3","1","entrainment","0.3","0.8","0.7","3000","266","55.49103792240719","15.917751874153417","0.08843195485640787","18.683765238596532","14.36534470175451","0.10379869576998073","0.07980747056530284","14.297788829334493","10.415551052319563","15.96160501948375","0.652537826841704","1066.4303806252956","642.854767420718","1247.9627862844002","0.5151233470147857","0.09694411066380137","0","0","0","0","0","0","0","0.07374343756845747","30","70"
"370","100","0.4","0.35","144","5","single","60","0.2","0.5","0.1","1","0.05","500","2000","0.5","0.01","true","false","all","5","8","1.5","0.3","1","entrainment","0.3","0.8","0.7","3000","294","92.07596564684275","15.393531782236938","0.08551962101242744","36.700181922598034","8.808905707549158","0.20388989956998907","0.04893836504193977","14.331249582847997","10.529390319947975","15.960617838376578","0.6597106970778119","1134.9795126002703","680.4913288986336","1329.7601627581148","0.5117398971309205","0.09712605599246094","0","0","0","0","0","0","0","0.086838499371613","30","70"
"371","100","0.4","0.35","144","5","single","60","0.2","0.5","0.1","1","0.05","500","2000","0.5","0.01","true","false","all","5","8","1.5","0.3","1","entrainment","0.3","0.8","0.7","3000","81","42.04619380587498","20.390788226800122","0.11328215681555623","53.81080787857817","7.5654498045127685","0.2989489326587676","0.0420302766917376","14.316986945822173","10.57507298011581","15.92066435969634","0.6642356588388948","1108.4840644167814","644.1582361602233","1307.480847955306","0.4926712595198509","0.09625793237535052","0","0","0","0","0","0","0","0.07884798530084752","30","70"
"372","100","0.4","0.35","144","5","single","60","0.2","0.5","0.1","1","0.05","500","2000","0.5","0.01","true","false","all","5","8","1.5","0.3","1","entrainment","0.3","0.8","0.7","3000","261","58.846193609100396","17.142848291621263","0.09523804606456257","32.17220448381176","9.974715858089525","0.1787344693545098","0.05541508810049736","14.19361704541161","10.186623102081246","15.910900163981777","0.6402292137525422","1064.289776420646","618.9064245342183","1255.1683558005448","0.49308638293345175","0.09983179240737661","0","0","0","0","0","0","0","0.07808386808635458","30","70"
"373","100","0.4","0.35","144","5","single","60","0.2","0.5","0.1","1","0.05","500","2000","0.5","0.01","true","false","all","5","8","1.5","0.3","1","entrainment","0.3","0.8","0.7","3000","-1","139.1655059104272","47.972793224503","0.26651551791390554","84.84512655895469","31.051877272699603","0.47136181421641493","0.17251042929277557","2961.8529836153566","2856.002234796252","3007.2175902521153","0.9497158582917219","887.0050893699087","563.1930571985147","1025.7816745862194","0.5490379397016387","0.030354258953972924","1","1","1","1","1","1","100","0.07357521156699905","30","70"
"374","100","0.4","0.35","144","5","single","60","0.2","0.5","0.1","1","0.05","500","2000","0.5","0.01","true","false","all","5","8","1.5","0.3","1","entrainment","0.3","0.8","0.7","3000","551","67.40090085155968","129.4555425946557","0.7191974588591983","160.69973325327481","102.85714285714286","0.8927762958515267","0.5714285714285714","14.109007201403502","10.087711482707144","15.832419652273373","0.6371553877589803","1135.345043596718","784.5489609961365","1285.6862218541098","0.6102180669438342","0.10243952582305726","0","0","0","0","0","0","0","0.0863496259544775","30","70"
"376","100","0.4","0.35","144","5","single","60","0.2","0.5","0.1","1","0.05","500","2000","0.5","0.01","true","false","all","5","8","1.5","0.3","1","entrainment","0.3","0.8","0.7","3000","381","78.20553272525338","22.991547760244956","0.12773082089024976","52.97650210082077","7.686283596089818","0.29431390056011536","0.042701575533832324","14.235520348394298","10.519082155967164","15.82827957372021","0.6645752058506763","1021.2467644654939","611.9514116166629","1196.6590585435645","0.5113832609611128","0.09410031101142025","0","0","0","0","0","0","0","0.08970616603215041","30","70"
"375","100","0.4","0.35","144","5","single","60","0.2","0.5","0.1","1","0.05","500","2000","0.5","0.01","true","false","all","5","8","1.5","0.3","1","entrainment","0.3","0.8","0.7","3000","412","77.97411759729133","17.1710784337798","0.09539488018766556","25.86683909692948","13.2666757255832","0.1437046616496082","0.07370375403101778","14.224516914307825","10.451663649062953","15.841454027984199","0.6597666874896652","1114.4290048407556","832.2532822040855","1235.3614573993289","0.6736921224304157","0.09705263704554556","0","0","0","0","0","0","0","0.07454541966088106","30","70"
"377","100","0.4","0.35","144","5","single","60","0.2","0.5","0.1","1","0.05","500","2000","0.5","0.01","true","false","all","5","8","1.5","0.3","1","entrainment","0.3","0.8","0.7","3000","231","55.83309909818409","19.342305394040793","0.10745725218911552","46.52286844017125","7.964907077131215","0.25846038022317364","0.04424948376184008","14.12223769188113","10.318977981947635","15.752206138995493","0.6550814464268857","1068.1107577095397","534.6121801747779","1296.7530052244379","0.41226986019766265","0.098172043886676","0","0","0","0","0","0","0","0.07739469884211035","30","70"
"378","100","0.4","0.35","144","5","single","60","0.2","0.5","0.1","1","0.05","500","2000","0.5","0.01","true","false","all","5","8","1.5","0.3","1","entrainment","0.3","0.8","0.7","3000","226","58.310786531897","11.06949715141675","0.06149720639675972","21.613669004260387","6.700334748023265","0.1200759389125577","0.037224081933462584","14.171906256241753","10.249732245260544","15.85283797523369","0.646555037102715","1172.1676550854268","737.5713997815726","1358.4231930727922","0.5429614302396922","0.09969009633407211","0","0","0","0","0","0","0","0.08012723480540045","30","70"
"379","100","0.4","0.35","144","5","single","60","0.2","0.5","0.1","1","0.05","500","2000","0.5","0.01","true","false","all","5","8","1.5","0.3","1","entrainment","0.3","0.8","0.7","3000","521","56.91011185251853","13.3609166927306","0.07422731495961445","22.25977287043623","9.525012156765007","0.12366540483575683","0.052916734204250034","14.328822657042636","10.713049272031657","15.878439822047344","0.6746915561034215","1059.8260336234985","665.1652800697024","1228.9663565751252","0.5412396169439336","0.09048048038285006","0","0","0","0","0","0","0","0.08019804957344913","30","70"
"380","100","0.4","0.35","144","5","single","60","0.2","0.5","0.1","1","0.05","500","2000","0.5","0.01","true","false","all","5","8","1.5","0.3","1","entrainment","0.3","0.8","0.7","3000","0","34.81819521118314","16.8940704815854","0.09385594711991888","38.23830790064951","7.626783764830647","0.2124350438924973","0.04237102091572582","14.463782591801825","10.711489304811327","16.071908286226332","0.6664727743619032","1176.052962342433","671.6967285634269","1392.205633962007","0.48246948021024705","0.09549216912790781","0","0","0","0","0","0","0","0.0757460087635007","30","70"
"381","100","0.4","0.35","144","5","single","60","0.2","0.5","0.1","1","0.05","500","2000","0.5","0.01","true","false","all","5","8","1.5","0.3","1","entrainment","0.3","0.8","0.7","3000","1041","78.89407951599208","25.67776111281039","0.14265422840450218","44.799958268505016","16.535100432324203","0.24888865704725008","0.0918616690684678","14.191044336003637","10.340589870808346","15.841239106801623","0.6527639536965572","1013.2947520399143","719.9201044061822","1139.0267438829421","0.6320484644214538","0.09714447213744237","0","0","0","0","0","0","0","0.09707390178248766","30","70"
"382","100","0.4","0.35","144","5","single","60","0.2","0.5","0.1","1","0.05","500","2000","0.5","0.01","true","false","all","5","8","1.5","0.3","1","entrainment","0.3","0.8","0.7","3000","788","113.64058705140516","126.77690427649941","0.7043161348694411","139.8446796969737","118.28571428571429","0.7769148872054095","0.6571428571428571","14.13303174308757","10.46193058958532","15.706360808874248","0.6660951392173693","1071.6651205776182","664.1324351482476","1246.3219857616339","0.5328738822996795","0.09518532059273288","0","0","0","0","0","0","0","0.0789596290044391","30","70"
"383","100","0.4","0.35","144","5","single","60","0.2","0.5","0.1","1","0.05","500","2000","0.5","0.01","true","false","all","5","8","1.5","0.3","1","entrainment","0.3","0.8","0.7","3000","271","63.31918017601235","13.077678551231088","0.0726537697290616","26.63806860939638","7.3730119598572275","0.1479892700522021","0.040961177554762376","14.145679244525997","10.224193979155661","15.826315786827571","0.6460248940353748","1016.586299294282","605.4314957401468","1192.7955008174831","0.5075735910516213","0.09902178873026624","0","0","0","0","0","0","0","0.08643127641354437","30","70"
"384","100","0.4","0.35","144","5","single","60","0.2","0.5","0.1","1","0.05","500","2000","0.5","0.01","true","false","all","5","8","1.5","0.3","1","entrainment","0.3","0.8","0.7","3000","304","79.83861802117022","13.446892452210818","0.07470495806783788","27.218368668963315","7.351710043106105","0.15121315927201842","0.040842833572811696","14.213690247666623","10.158966107057447","15.951429165070548","0.6368687095011475","1134.1086632775646","622.0065054693631","1353.5810166239364","0.45952661704783226","0.10545947706205139","0","0","0","0","0","0","0","0.07670596122040174","30","70"
"385","100","0.4","0.35","144","5","single","60","0.2","0.5","0.1","1","0.05","500","2000","0.5","0.01","true","false","all","5","8","1.5","0.3","1","entrainment","0.3","0.8","0.7","3000","335","56.412852043720164","8.078861832064625","0.04488256573369236","14.063283852792976","5.507235444790607","0.07812935473773876","0.030595752471058925","14.134232147331183","10.633417024044602","15.634581485882583","0.6801216286886966","1103.873212916874","713.1530348013366","1271.3247178235326","0.5609527013855531","0.09137981028367093","0","0","0","0","0","0","0","0.07751511275425586","30","70"
"386","100","0.4","0.35","144","5","single","60","0.2","0.5","0.1","1","0.05","500","2000","0.5","0.01","true","false","all","5","8","1.5","0.3","1","entrainment","0.3","0.8","0.7","3000","177","63.04471070745274","13.912317280824094","0.07729065156013386","25.220718159876455","9.333501058656832","0.14011510088820253","0.05185278365920462","14.183001962809907","10.564099165709905","15.733960304424194","0.6714202248711288","1011.5888741025141","763.1770668248778","1118.0510772215014","0.682595887051484","0.0936424779059899","0","0","0","0","0","0","0","0.0880740325432419","30","70"
"387","100","0.4","0.35","144","5","single","60","0.2","0.5","0.1","1","0.05","500","2000","0.5","0.01","true","false","all","5","8","1.5","0.3","1","entrainment","0.3","0.8","0.7","3000","410","109.49486156493084","13.952127014304686","0.07751181674613715","24.63583121355271","9.201552808299848","0.13686572896418173","0.051119737823888046","14.150405225084988","10.344987269986227","15.781298634413027","0.6555219256435423","1021.7801760488212","721.2591698478577","1150.5748929920915","0.6268685108991123","0.09757208861711653","0","0","0","0","0","0","0","0.08208192962152448","30","70"
"388","100","0.4","0.35","144","5","single","60","0.2","0.5","0.1","1","0.05","500","2000","0.5","0.01","true","false","all","5","8","1.5","0.3","1","entrainment","0.3","0.8","0.7","3000","271","50.78647169175494","12.670706858936738","0.07039281588298188","23.84138740979632","8.293222831286364","0.13245215227664622","0.046073460173813134","14.468802589163218","10.843188242436433","16.022637309188983","0.676741789331889","1168.517378455845","744.501063155319","1350.238656441784","0.5513847937943542","0.0914695971606283","0","0","0","0","0","0","0","0.08849927903614795","30","70"
"389","100","0.4","0.35","144","5","single","60","0.2","0.5","0.1","1","0.05","500","2000","0.5","0.01","true","false","all","5","8","1.5","0.3","1","entrainment","0.3","0.8","0.7","3000","101","94.82497249213941","19.52913465185049","0.1084951925102805","39.41985154356987","10.546082737135258","0.21899917524205484","0.058589348539640325","14.161529691684798","10.276509242506476","15.82653845561836","0.6493213453671138","1159.9428930195966","603.2233930378483","1398.5369644403456","0.43132459732963957","0.09962211536064136","0","0","0","0","0","0","0","0.0873697208995417","30","70"
"390","100","0.4","0.35","144","5","single","60","0.2","0.5","0.1","1","0.05","500","2000","0.5","0.01","true","false","all","5","8","1.5","0.3","1","entrainment","0.3","0.8","0.7","3000","205","55.684258454613584","12.883679490102589","0.0715759971672366","26.77909809294376","6.874349928066361","0.14877276718302088","0.038190832933702006","14.331538314308547","10.708452954655076","15.884289182731468","0.6741537396773614","1163.4398668573504","664.5184995669221","1377.2633099818195","0.4824919786585283","0.0914556518288101","0","0","0","0","0","0","0","0.08542095785154907","30","70"
"392","100","0.4","0.35","144","5","single","60","0.2","0.5","0.1","1","0.05","500","2000","0.5","0.01","true","false","all","5","8","1.5","0.3","1","entrainment","0.3","0.8","0.9","3000","324","57.62910167591258","8.067496073801564","0.04481942263223091","9.853091384566303","7.66633574932789","0.05473939658092391","0.04259075416293272","15.386351584964359","10.122306663774342","15.971245465096588","0.6337831752630398","1225.9827881612764","865.1248419473571","1266.0781155183784","0.6833107936575806","0.056720140087022974","0","0","0","0","0","0","0","0.08710571031084911","10","90"
"391","100","0.4","0.35","144","5","single","60","0.2","0.5","0.1","1","0.05","500","2000","0.5","0.01","true","false","all","5","8","1.5","0.3","1","entrainment","0.3","0.8","0.9","3000","434","111.2991251660124","133.19999999999996","0.7399999999999998","108.00000000000003","136","0.6000000000000002","0.7555555555555555","15.230879202308834","10.271373389396013","15.781935403743589","0.6508310372984778","1080.1196637766561","758.0540827582932","1115.9047283342513","0.6793179233946486","0.05307550106804504","0","0","0","0","0","0","0","0.07632842645593602","10","90"
"393","100","0.4","0.35","144","5","single","60","0.2","0.5","0.1","1","0.05","500","2000","0.5","0.01","true","false","all","5","8","1.5","0.3","1","entrainment","0.3","0.8","0.9","3000","315","63.22249586277643","12.391717165703152","0.06884287314279529","36.000000000000014","10.220076027616551","0.20000000000000007","0.05677820015342529","15.3702917688338","10.563840813918775","15.904341874935481","0.6642111253007524","1161.8665124912395","732.9437459965966","1209.5245976573112","0.6059767179735007","0.05138725153071899","0","0","0","0","0","0","0","0.09090601281726629","10","90"
"394","100","0.4","0.35","144","5","single","60","0.2","0.5","0.1","1","0.05","500","2000","0.5","0.01","true","false","all","5","8","1.5","0.3","1","entrainment","0.3","0.8","0.9","3000","1015","152.82025191636427","10.00456853460791","0.05558093630337728","36","6.474126600823784","0.2","0.035967370004576574","15.312424259108168","9.935760304624115","15.909831365161942","0.6245044385813313","1094.150112407017","672.3470764737174","1141.0171163996058","0.5892524019229952","0.05645576048220069","0","0","0","0","0","0","0","0.06789457081331957","10","90"
"395","100","0.4","0.35","144","5","single","60","0.2","0.5","0.1","1","0.05","500","2000","0.5","0.01","true","false","all","5","8","1.5","0.3","1","entrainment","0.3","0.8","0.9","3000","-1","117.40900187549795","20.63895612216575","0.11466086734536529","56.66809712780544","15.697584323006549","0.31482276182114133","0.08720880179448083","2961.910589583394","2852.895481864549","2974.023379329932","0.9592713701219544","975.7583134994385","483.3126236236588","1030.4745012634141","0.46901948862499065","0.028875943332569154","1","1","1","1","1","1","100","0.09061144039582199","10","90"
"396","100","0.4","0.35","144","5","single","60","0.2","0.5","0.1","1","0.05","500","2000","0.5","0.01","true","false","all","5","8","1.5","0.3","1","entrainment","0.3","0.8","0.9","3000","429","73.7822625934052","9.287556519396647","0.05159753621887026","29.286699822666286","7.3827183955481255","0.16270388790370158","0.041015102197489585","15.250811044237532","10.556048187481952","15.772451361654829","0.669271246773046","1210.3381029502516","755.6039611976132","1260.8641187005446","0.5992746958144419","0.05058104356979998","0","0","0","0","0","0","0","0.08006092279917172","10","90"
"397","100","0.4","0.35","144","5","single","60","0.2","0.5","0.1","1","0.05","500","2000","0.5","0.01","true","false","all","5","8","1.5","0.3","1","entrainment","0.3","0.8","0.9","3000","126","48.63689607327787","6.614498212194932","0.036747212289971846","17.572394382642457","5.367891028038526","0.09762441323690255","0.029821616822436257","15.215786029521933","10.003439343939856","15.794935661253273","0.6333320729174859","1226.9213888176914","728.1615603389695","1282.3391475375495","0.5678385173978691","0.05325862576710749","0","0","0","0","0","0","0","0.0732384596435551","10","90"
"398","100","0.4","0.35","144","5","single","60","0.2","0.5","0.1","1","0.05","500","2000","0.5","0.01","true","false","all","5","8","1.5","0.3","1","entrainment","0.3","0.8","0.9","3000","81","43.4788122575313","7.6699077908746425","0.04261059883819246","22.280171621010453","6.334160524187377","0.12377873122783585","0.035189780689929874","15.344433967006905","10.827039971611333","15.84636663316197","0.6832506291349713","1226.276096862461","792.5514340639149","1274.4677260622998","0.6218685792167111","0.0488686609081479","0","0","0","0","0","0","0","0.08636109975382507","10","90"
"399","100","0.4","0.35","144","5","single","60","0.2","0.5","0.1","1","0.05","500","2000","0.5","0.01","true","false","all","5","8","1.5","0.3","1","entrainment","0.3","0.8","0.9","3000","201","55.83769519805002","10.500501159282068","0.05833611755156705","37.34070018493243","9.091870946597671","0.20744833436073573","0.05051039414776484","15.331608184185113","10.62595018379557","15.854459073117296","0.6702183994288933","1213.5641184953297","768.844186080895","1262.9774443191557","0.6087552786782843","0.05235431220058162","0","0","0","0","0","0","0","0.0801933856389928","10","90"
"400","100","0.4","0.35","144","5","single","60","0.2","0.5","0.1","1","0.05","500","2000","0.5","0.01","true","false","all","5","8","1.5","0.3","1","entrainment","0.3","0.8","0.9","3000","233","46.77496814788936","11.439511021765028","0.06355283900980571","24.91486428221545","10.012614373267422","0.13841591267897474","0.055625635407041234","15.310685776243476","10.159126222002744","15.883081282270219","0.6396193560592716","1259.6605953616072","621.0124442115867","1330.6215010449432","0.4667085596647151","0.05410777444794901","0","0","0","0","0","0","0","0.09547920914786906","10","90"
"401","100","0.4","0.35","144","5","single","60","0.2","0.5","0.1","1","0.05","500","2000","0.5","0.01","true","false","all","5","8","1.5","0.3","1","entrainment","0.3","0.8","0.9","3000","339","74.31208085997265","9.654388916466786","0.053635493980371034","19.017534550993663","8.45882151258531","0.10565296972774257","0.04699345284769617","15.361612026863192","10.10235667495025","15.94597373263129","0.6335365180162775","1141.5604284481644","662.1120229436731","1194.8324735042188","0.5541463239627419","0.05525582678773633","0","0","0","0","0","0","0","0.08810800549806037","10","90"
"402","100","0.4","0.35","144","5","single","60","0.2","0.5","0.1","1","0.05","500","2000","0.5","0.01","true","false","all","5","8","1.5","0.3","1","entrainment","0.3","0.8","0.9","3000","276","65.38506361508408","6.239448493114853","0.03466360273952696","13.030748242287302","5.482451946247993","0.07239304579048501","0.030458066368044406","15.30555660297896","10.68065352613534","15.819434722628252","0.675160251513769","1200.0894798390277","716.165509561358","1253.8588098698804","0.5711691810305806","0.0500859814483563","0","0","0","0","0","0","0","0.08261221476855708","10","90"
"403","100","0.4","0.35","144","5","single","60","0.2","0.5","0.1","1","0.05","500","2000","0.5","0.01","true","false","all","5","8","1.5","0.3","1","entrainment","0.3","0.8","0.9","3000","246","53.545621868590786","9.697534768595311","0.05387519315886284","34.79373509309335","7.037935333920419","0.19329852829496308","0.03909964074400233","15.31783375409229","10.04488528977239","15.903716916794497","0.6316061422826812","1241.2794525923307","419.6717540659536","1332.5691968730393","0.3149343051383304","0.05434722487948229","0","0","0","0","0","0","0","0.09261399970560888","10","90"
"404","100","0.4","0.35","144","5","single","60","0.2","0.5","0.1","1","0.05","500","2000","0.5","0.01","true","false","all","5","8","1.5","0.3","1","entrainment","0.3","0.8","0.9","3000","500","68.79017131675695","9.289495318398885","0.051608307324438246","38.430597424474115","6.547428614318149","0.2135033190248562","0.036374603412878605","15.329002319026568","10.269881296301378","15.89112687710715","0.6462651375023775","1193.0091346958425","712.0553917849799","1246.4484394637159","0.5712674261049591","0.05234099152540428","0","0","0","0","0","0","0","0.0872407185983331","10","90"
"405","100","0.4","0.35","144","5","single","60","0.2","0.5","0.1","1","0.05","500","2000","0.5","0.01","true","false","all","5","8","1.5","0.3","1","entrainment","0.3","0.8","0.9","3000","114","79.50775422611213","9.649559435622232","0.05360866353123462","28.606379284697585","7.61524868785034","0.15892432935943102","0.04230693715472411","15.187245658147994","10.094485745207418","15.75310787069694","0.6407932852402174","1083.458099078053","629.9030446462818","1133.8531051260275","0.5555420202128108","0.053314367293404","0","0","0","0","0","0","0","0.08316225155270464","10","90"
"406","100","0.4","0.35","144","5","single","60","0.2","0.5","0.1","1","0.05","500","2000","0.5","0.01","true","false","all","5","8","1.5","0.3","1","entrainment","0.3","0.8","0.9","3000","383","93.22719807777719","11.669794605179773","0.06483219225099873","62.742728326148736","7.664455705121118","0.34857071292304853","0.0425803094728951","15.3183243038612","10.36767456972558","15.868396496542937","0.6533536373372235","1211.6850352025251","544.3890769529369","1285.82903056359","0.42337594191222017","0.05434071881067082","0","0","0","0","0","0","0","0.09010675524586445","10","90"
"407","100","0.4","0.35","144","5","single","60","0.2","0.5","0.1","1","0.05","500","2000","0.5","0.01","true","false","all","5","8","1.5","0.3","1","entrainment","0.3","0.8","0.9","3000","611","76.77553389811777","12.396804781221508","0.06887113767345282","39.89827497339254","9.732950212428772","0.2216570831855141","0.05407194562460429","15.338699903495346","10.456771167980943","15.881136429663606","0.6584397290643034","1189.2785465100153","759.64673604525","1237.0154143394338","0.6140964188800357","0.051918760417950516","0","0","0","0","0","0","0","0.08076777637520266","10","90"
"408","100","0.4","0.35","144","5","single","60","0.2","0.5","0.1","1","0.05","500","2000","0.5","0.01","true","false","all","5","8","1.5","0.3","1","entrainment","0.3","0.8","0.9","3000","238","55.78624501974278","9.095192137077591","0.05052884520598662","28.203789949317024","7.182307101385716","0.15668772194065014","0.039901706118809534","15.074973494163084","9.892474274062623","15.650806740840906","0.632074399605749","1134.1029157264572","573.3065330740299","1196.4136249100604","0.4791875661873441","0.056154132072260055","0","0","0","0","0","0","0","0.07164050691645261","10","90"
"409","100","0.4","0.35","144","5","single","60","0.2","0.5","0.1","1","0.05","500","2000","0.5","0.01","true","false","all","5","8","1.5","0.3","1","entrainment","0.3","0.8","0.9","3000","191","51.41388709259265","9.635637735470867","0.05353132075261593","22.17657295592081","7.866970084846994","0.12320318308844895","0.043705389360261075","15.301506292763888","9.968306850955804","15.894084008520347","0.6271708923654921","1140.220082600645","590.1581190831823","1201.3380785470301","0.4912506559327202","0.05783682842343274","0","0","0","0","0","0","0","0.08130554713382486","10","90"
"411","100","0.4","0.35","144","5","single","60","0.2","0.5","0.1","1","0.05","500","2000","0.5","0.01","true","false","all","5","8","1.5","0.3","1","entrainment","0.3","0.8","0.9","3000","88","68.9584263693533","10.598989607251092","0.0588832755958394","15.23445891606362","10.304987774814","0.0846358828670201","0.057249932082300004","15.358206026139282","10.181193697426927","15.933429618218437","0.6389831907742983","1183.9120633534963","685.4162309475767","1239.3004891763767","0.5530670220287701","0.05388399037417524","0","0","0","0","0","0","0","0.10220625879458907","10","90"
"410","100","0.4","0.35","144","5","single","60","0.2","0.5","0.1","1","0.05","500","2000","0.5","0.01","true","false","all","5","8","1.5","0.3","1","entrainment","0.3","0.8","0.9","3000","229","56.110859415086544","7.079579677632718","0.039330998209070656","6.66978392306722","7.118624840522314","0.03705435512815122","0.03954791578067952","15.296532880499425","10.45195940265004","15.834818822482687","0.6600618245034845","1115.323165145267","587.7236919791719","1173.9453288303891","0.5006397466266386","0.05102665206575607","0","0","0","0","0","0","0","0.08126971291030625","10","90"
"412","100","0.4","0.35","144","5","single","60","0.2","0.5","0.1","1","0.05","500","2000","0.5","0.01","true","false","all","5","8","1.5","0.3","1","entrainment","0.3","0.8","0.9","3000","236","58.069300600127605","9.16322540365905","0.05090680779810583","15.576431451614019","8.312339776055088","0.08653573028674455","0.04617966542252827","15.336039464298066","10.148035968880485","15.912484297122237","0.6377405174071877","1135.5578461358941","655.4347765882064","1188.9048538634152","0.5512928763461039","0.05556285942892836","0","0","0","0","0","0","0","0.08554452817391983","10","90"
"414","100","0.4","0.35","144","5","single","60","0.2","0.5","0.1","1","0.05","500","2000","0.5","0.01","true","false","all","5","8","1.5","0.3","1","entrainment","0.3","0.8","0.9","3000","244","52.180555862203725","9.345870533855646","0.051921502965864695","21.489979691363796","7.90600756799133","0.1193887760631322","0.0439222642666185","15.414600509699525","10.26441853929712","15.986842950855346","0.6420541298147889","1169.2551617775048","775.6435843267344","1212.9897814942572","0.6394477481675361","0.053287893414497356","0","0","0","0","0","0","0","0.07417999765262344","10","90"
"413","100","0.4","0.35","144","5","single","60","0.2","0.5","0.1","1","0.05","500","2000","0.5","0.01","true","false","all","5","8","1.5","0.3","1","entrainment","0.3","0.8","0.9","3000","161","75.62220047660423","9.697836256093478","0.05387686808940821","28.131457106511256","7.3586397819481215","0.15628587281395143","0.04088133212193401","15.385458086402712","10.470090708495848","15.931610017281246","0.6571897439831121","1184.2541755259151","588.5692870000546","1250.4413853621215","0.4706892253327075","0.05390513280479925","0","0","0","0","0","0","0","0.07903442749801493","10","90"
"415","100","0.4","0.35","144","5","single","60","0.2","0.5","0.1","1","0.05","500","2000","0.5","0.01","true","false","all","5","8","1.5","0.3","1","entrainment","0.3","0.8","0.9","3000","158","51.93906868379769","7.650591898826687","0.04250328832681493","17.032168385215734","6.675276146268834","0.09462315769564296","0.0370848674792713","15.305251010897623","10.313024554926512","15.859942839338856","0.6502560986125486","1176.2677626584964","792.8823916378491","1218.8661372163467","0.6505081792235515","0.05316298857817503","0","0","0","0","0","0","0","0.06744921362203425","10","90"
"416","100","0.4","0.35","144","5","single","60","0.2","0.5","0.1","1","0.05","500","2000","0.5","0.01","true","false","all","5","8","1.5","0.3","1","entrainment","0.3","0.8","0.9","3000","93","80.70312412977769","11.472706396250777","0.06373725775694876","41.10071658820538","6.9525577167635815","0.22833731437891877","0.03862532064868656","15.076087184748385","9.318537674828317","15.715814908072836","0.592940151645691","1122.3780537629636","332.00099224295644","1210.197727265187","0.2743361557893639","0.056767964376609914","0","0","0","0","0","0","0","0.08590164118309665","10","90"
"417","100","0.4","0.35","144","5","single","60","0.2","0.5","0.1","1","0.05","500","2000","0.5","0.01","true","false","all","5","8","1.5","0.3","1","entrainment","0.3","0.8","0.9","3000","217","57.65070023353289","9.955101809440553","0.055306121163558625","29.16714843819822","7.956693550010419","0.16203971354554567","0.04420385305561344","15.331178760801766","10.716299984607549","15.843943069267794","0.6763657214468134","1115.5161933128381","626.5356854503","1169.8473608531197","0.5355704568101897","0.05312562615746663","0","0","0","0","0","0","0","0.08732666196574539","10","90"
"418","100","0.4","0.35","144","5","single","60","0.2","0.5","0.1","1","0.05","500","2000","0.5","0.01","true","false","all","5","8","1.5","0.3","1","entrainment","0.3","0.8","0.9","3000","251","115.36214913211025","100.8","0.5599999999999999","108.00000000000004","100.00000000000001","0.6000000000000002","0.5555555555555556","15.353163860530582","10.460876848483368","15.89675130631361","0.6580512361874021","1161.0005594126428","821.451618222889","1198.728219544838","0.6852692752447235","0.052475682942741075","0","0","0","0","0","0","0","0.07782417856168548","10","90"
"419","100","0.4","0.35","144","5","single","60","0.2","0.5","0.1","1","0.05","500","2000","0.5","0.01","true","false","all","5","8","1.5","0.3","1","entrainment","0.3","0.8","0.9","3000","211","65.88474403483565","9.755737840898211","0.05419854356054562","33.75339095941488","7.227668111900456","0.187518838663416","0.04015371173278031","15.2850123843154","10.248004868834622","15.844679886035484","0.6467789152286111","1064.06911905397","521.0808585057642","1124.4011480037711","0.4634296749259603","0.05457973109012304","0","0","0","0","0","0","0","0.0737367381321253","10","90"
"420","100","0.4","0.35","144","5","single","60","0.2","0.5","0.1","1","0.05","500","2000","0.5","0.01","true","false","all","5","8","1.5","0.3","1","entrainment","0.3","0.8","0.9","3000","168","88.49773959182588","26.696163639688777","0.1483120202204932","140.54063850558086","13.899690201343004","0.7807813250310047","0.07722050111857225","15.30787155999171","10.426216131076679","15.850277718760044","0.6577939084774798","1183.3838597871281","364.27882523425615","1274.3955302930026","0.2858443996194046","0.04985195514750562","0","0","0","0","0","0","0","0.08376428737335426","10","90"
