"BehaviorSpace results (NetLogo 7.0.3)","Table version 2.0"
"netlogo/coherence_model_tencon.nlogox"
"H001_batch2_proportion_sweep_full"
"07/03/2026 09:43:13:242 +1000"
"min-pxcor","max-pxcor","min-pycor","max-pycor"
"-16","16","-16","16"
"[run number]","population","coupling-strength","noise-level","perturb-duration","recovery-tolerance","perturbation-regime","perturbation-strength","identity-pull-weight","social-pull-weight","metabolic-rate","shock-multiplier","recovery-rate","fatigue-threshold","fatigue-saturation","fatigue-intensity","cost-decay-rate","fatigue-enabled?","controlled-variance?","selective-identity-pull","human-update-rate","ai-influence-radius","ai-tie-strength-multiplier","ai-noise-multiplier","human-noise-multiplier","coordination-regime","human-regime-bias-mean","ai-regime-bias-mean","ai-proportion","[step]","recovery-time","max-deviation","heading-variance","diversity-index","human-heading-variance","ai-heading-variance","human-diversity-index","ai-diversity-index","mean-cumulative-cost","human-mean-cost","ai-mean-cost","human-ai-cost-ratio","mean-alignment-work","human-mean-alignment-work","ai-mean-alignment-work","human-ai-work-ratio","cost-gini","max-fatigue-level","human-max-fatigue","ai-max-fatigue","mean-fatigue-level","human-mean-fatigue","ai-mean-fatigue","agents-fatigued","initial-coupling-bias-variance","num-humans","num-ais"
"2","100","0.4","0.35","144","5","single","60","0.2","0.5","0.1","1","0.05","500","2000","0.5","0.01","true","false","all","5","8","1.5","0.3","1","coherence","0.3","0.8","0","3000","0","10.748084204665915","88.08772442766345","0.48937624682035247","88.08772442766345","0","0.48937624682035247","0","11.050437873916493","11.050437873916493","0","0","1035.7345811699975","1035.7345811699975","0","0","0.0869521202562229","0","0","0","0","0","0","0","0.08366383178825357","100","0"
"6","100","0.4","0.35","144","5","single","60","0.2","0.5","0.1","1","0.05","500","2000","0.5","0.01","true","false","all","5","8","1.5","0.3","1","coherence","0.3","0.8","0","3000","126","23.7159573598975","82.18231063318404","0.45656839240657804","82.18231063318404","0","0.45656839240657804","0","11.559855023947074","11.559855023947074","0","0","1164.685094387218","1164.685094387218","0","0","0.10572386928424482","0","0","0","0","0","0","0","0.09192095803965418","100","0"
"8","100","0.4","0.35","144","5","single","60","0.2","0.5","0.1","1","0.05","500","2000","0.5","0.01","true","false","all","5","8","1.5","0.3","1","coherence","0.3","0.8","0","3000","86","18.090841098694682","82.48564668766466","0.4582535927092481","82.48564668766466","0","0.4582535927092481","0","11.434937802096886","11.434937802096886","0","0","1095.1365991340367","1095.1365991340367","0","0","0.08596159904231282","0","0","0","0","0","0","0","0.08694194435738328","100","0"
"4","100","0.4","0.35","144","5","single","60","0.2","0.5","0.1","1","0.05","500","2000","0.5","0.01","true","false","all","5","8","1.5","0.3","1","coherence","0.3","0.8","0","3000","451","12.938823719545965","80.47475199566314","0.4470819555314619","80.47475199566314","0","0.4470819555314619","0","11.226403301128292","11.226403301128292","0","0","936.6574467262097","936.6574467262097","0","0","0.08006653379469819","0","0","0","0","0","0","0","0.09213955507229024","100","0"
"1","100","0.4","0.35","144","5","single","60","0.2","0.5","0.1","1","0.05","500","2000","0.5","0.01","true","false","all","5","8","1.5","0.3","1","coherence","0.3","0.8","0","3000","826","17.46149561625353","80.35713048794311","0.44642850271079504","80.35713048794311","0","0.44642850271079504","0","11.06541957430845","11.06541957430845","0","0","920.6864751003137","920.6864751003137","0","0","0.0777094121950539","0","0","0","0","0","0","0","0.08425560008601751","100","0"
"5","100","0.4","0.35","144","5","single","60","0.2","0.5","0.1","1","0.05","500","2000","0.5","0.01","true","false","all","5","8","1.5","0.3","1","coherence","0.3","0.8","0","3000","41","14.856078779772034","85.08804576168575","0.4727113653426986","85.08804576168575","0","0.4727113653426986","0","10.798807688935392","10.798807688935392","0","0","837.7892560526401","837.7892560526401","0","0","0.07572583234397756","0","0","0","0","0","0","0","0.07455387406165001","100","0"
"3","100","0.4","0.35","144","5","single","60","0.2","0.5","0.1","1","0.05","500","2000","0.5","0.01","true","false","all","5","8","1.5","0.3","1","coherence","0.3","0.8","0","3000","106","12.971840198498683","90.40540799017032","0.5022522666120574","90.40540799017032","0","0.5022522666120574","0","11.297990335183554","11.297990335183554","0","0","880.4308329097453","880.4308329097453","0","0","0.0824951278298256","0","0","0","0","0","0","0","0.08569879647915143","100","0"
"7","100","0.4","0.35","144","5","single","60","0.2","0.5","0.1","1","0.05","500","2000","0.5","0.01","true","false","all","5","8","1.5","0.3","1","coherence","0.3","0.8","0","3000","1956","24.516661886387638","74.95561202390755","0.4164200667994864","74.95561202390755","0","0.4164200667994864","0","18.31249179360824","18.31249179360824","0","0","836.459233680198","836.459233680198","0","0","0.06514323374814013","0","0","0","0","0","0","0","0.07342690517387306","100","0"
"9","100","0.4","0.35","144","5","single","60","0.2","0.5","0.1","1","0.05","500","2000","0.5","0.01","true","false","all","5","8","1.5","0.3","1","coherence","0.3","0.8","0","3000","0","11.058339587508826","85.45345666810228","0.47474142593390156","85.45345666810228","0","0.47474142593390156","0","11.21220789321911","11.21220789321911","0","0","1031.9523134120955","1031.9523134120955","0","0","0.07596556383968722","0","0","0","0","0","0","0","0.08457080858788396","100","0"
"11","100","0.4","0.35","144","5","single","60","0.2","0.5","0.1","1","0.05","500","2000","0.5","0.01","true","false","all","5","8","1.5","0.3","1","coherence","0.3","0.8","0","3000","71","20.73749869616364","107.58473254191402","0.597692958566189","107.58473254191402","0","0.597692958566189","0","11.14330995164318","11.14330995164318","0","0","1099.8446109393133","1099.8446109393133","0","0","0.08476751015037509","0","0","0","0","0","0","0","0.07644190683166592","100","0"
"10","100","0.4","0.35","144","5","single","60","0.2","0.5","0.1","1","0.05","500","2000","0.5","0.01","true","false","all","5","8","1.5","0.3","1","coherence","0.3","0.8","0","3000","0","14.866332480896816","97.5234767769044","0.5417970932050244","97.5234767769044","0","0.5417970932050244","0","11.085463171963562","11.085463171963562","0","0","1044.806477331192","1044.806477331192","0","0","0.08420943341107057","0","0","0","0","0","0","0","0.07674718798253813","100","0"
"12","100","0.4","0.35","144","5","single","60","0.2","0.5","0.1","1","0.05","500","2000","0.5","0.01","true","false","all","5","8","1.5","0.3","1","coherence","0.3","0.8","0","3000","0","10.215143632819135","87.82100958927165","0.48789449771817583","87.82100958927165","0","0.48789449771817583","0","11.27259821135485","11.27259821135485","0","0","1179.7616601141176","1179.7616601141176","0","0","0.09071156505106681","0","0","0","0","0","0","0","0.06595660834768498","100","0"
"14","100","0.4","0.35","144","5","single","60","0.2","0.5","0.1","1","0.05","500","2000","0.5","0.01","true","false","all","5","8","1.5","0.3","1","coherence","0.3","0.8","0","3000","1","15.702256084964503","89.59132769911461","0.4977295983284145","89.59132769911461","0","0.4977295983284145","0","11.324000683896172","11.324000683896172","0","0","1174.0595623875897","1174.0595623875897","0","0","0.08908398900587144","0","0","0","0","0","0","0","0.08324389506617247","100","0"
"13","100","0.4","0.35","144","5","single","60","0.2","0.5","0.1","1","0.05","500","2000","0.5","0.01","true","false","all","5","8","1.5","0.3","1","coherence","0.3","0.8","0","3000","0","17.539441101925902","78.33192339394009","0.435177352188556","78.33192339394009","0","0.435177352188556","0","11.299324780185874","11.299324780185874","0","0","1054.9569702137355","1054.9569702137355","0","0","0.09500046509490945","0","0","0","0","0","0","0","0.0902510832045682","100","0"
"15","100","0.4","0.35","144","5","single","60","0.2","0.5","0.1","1","0.05","500","2000","0.5","0.01","true","false","all","5","8","1.5","0.3","1","coherence","0.3","0.8","0","3000","121","20.499960882350607","92.55382279580046","0.5141879044211136","92.55382279580046","0","0.5141879044211136","0","11.096670787237713","11.096670787237713","0","0","906.4555783402419","906.4555783402419","0","0","0.08616020921748313","0","0","0","0","0","0","0","0.07496595206891836","100","0"
"16","100","0.4","0.35","144","5","single","60","0.2","0.5","0.1","1","0.05","500","2000","0.5","0.01","true","false","all","5","8","1.5","0.3","1","coherence","0.3","0.8","0","3000","1","11.823871286280337","92.24967820576992","0.5124982122542774","92.24967820576992","0","0.5124982122542774","0","11.45225488297278","11.45225488297278","0","0","1192.707955522463","1192.707955522463","0","0","0.0921732605629324","0","0","0","0","0","0","0","0.08077180476923444","100","0"
"18","100","0.4","0.35","144","5","single","60","0.2","0.5","0.1","1","0.05","500","2000","0.5","0.01","true","false","all","5","8","1.5","0.3","1","coherence","0.3","0.8","0","3000","0","13.453118473605912","87.9159123815275","0.4884217354529306","87.9159123815275","0","0.4884217354529306","0","11.091805494936516","11.091805494936516","0","0","1024.8293557499833","1024.8293557499833","0","0","0.07742224733359349","0","0","0","0","0","0","0","0.05836111272189106","100","0"
"20","100","0.4","0.35","144","5","single","60","0.2","0.5","0.1","1","0.05","500","2000","0.5","0.01","true","false","all","5","8","1.5","0.3","1","coherence","0.3","0.8","0","3000","191","16.894182951715806","99.11951149158284","0.5506639527310158","99.11951149158284","0","0.5506639527310158","0","11.137815032577555","11.137815032577555","0","0","932.907727302408","932.907727302408","0","0","0.08162237473747003","0","0","0","0","0","0","0","0.08475945777005553","100","0"
"19","100","0.4","0.35","144","5","single","60","0.2","0.5","0.1","1","0.05","500","2000","0.5","0.01","true","false","all","5","8","1.5","0.3","1","coherence","0.3","0.8","0","3000","561","14.97441098925016","83.88662625241284","0.4660368125134047","83.88662625241284","0","0.4660368125134047","0","10.85647158718944","10.85647158718944","0","0","844.1976533497442","844.1976533497442","0","0","0.08105604381970233","0","0","0","0","0","0","0","0.07102094115683368","100","0"
"17","100","0.4","0.35","144","5","single","60","0.2","0.5","0.1","1","0.05","500","2000","0.5","0.01","true","false","all","5","8","1.5","0.3","1","coherence","0.3","0.8","0","3000","66","11.910576830927909","100.8763978206856","0.5604244323371422","100.8763978206856","0","0.5604244323371422","0","11.013773375359952","11.013773375359952","0","0","961.7952836886175","961.7952836886175","0","0","0.08239256643322812","0","0","0","0","0","0","0","0.09083666670526148","100","0"
"21","100","0.4","0.35","144","5","single","60","0.2","0.5","0.1","1","0.05","500","2000","0.5","0.01","true","false","all","5","8","1.5","0.3","1","coherence","0.3","0.8","0","3000","81","19.669354448735135","97.86306589455126","0.5436836994141736","97.86306589455126","0","0.5436836994141736","0","11.380761294389611","11.380761294389611","0","0","1084.865847695276","1084.865847695276","0","0","0.0831139329651771","0","0","0","0","0","0","0","0.07671127065102422","100","0"
"22","100","0.4","0.35","144","5","single","60","0.2","0.5","0.1","1","0.05","500","2000","0.5","0.01","true","false","all","5","8","1.5","0.3","1","coherence","0.3","0.8","0","3000","826","21.892935747918557","93.00440597842795","0.5166911443245997","93.00440597842795","0","0.5166911443245997","0","11.077587543903467","11.077587543903467","0","0","956.1979622846915","956.1979622846915","0","0","0.0768956958202971","0","0","0","0","0","0","0","0.09121180102645501","100","0"
"23","100","0.4","0.35","144","5","single","60","0.2","0.5","0.1","1","0.05","500","2000","0.5","0.01","true","false","all","5","8","1.5","0.3","1","coherence","0.3","0.8","0","3000","111","15.38283283220619","87.32831058053665","0.4851572810029814","87.32831058053665","0","0.4851572810029814","0","11.286803006477118","11.286803006477118","0","0","1083.4807365963836","1083.4807365963836","0","0","0.08329248579945592","0","0","0","0","0","0","0","0.10448241300427476","100","0"
"24","100","0.4","0.35","144","5","single","60","0.2","0.5","0.1","1","0.05","500","2000","0.5","0.01","true","false","all","5","8","1.5","0.3","1","coherence","0.3","0.8","0","3000","76","13.959890527925822","78.17320202118881","0.4342955667843823","78.17320202118881","0","0.4342955667843823","0","11.49267165414466","11.49267165414466","0","0","1138.1220587637386","1138.1220587637386","0","0","0.09708552515292324","0","0","0","0","0","0","0","0.08020333180526328","100","0"
"25","100","0.4","0.35","144","5","single","60","0.2","0.5","0.1","1","0.05","500","2000","0.5","0.01","true","false","all","5","8","1.5","0.3","1","coherence","0.3","0.8","0","3000","0","14.771127552208654","86.60060368909049","0.48111446493939164","86.60060368909049","0","0.48111446493939164","0","11.271985141963293","11.271985141963293","0","0","1001.3540051788128","1001.3540051788128","0","0","0.0836247421592029","0","0","0","0","0","0","0","0.07696571880169192","100","0"
"26","100","0.4","0.35","144","5","single","60","0.2","0.5","0.1","1","0.05","500","2000","0.5","0.01","true","false","all","5","8","1.5","0.3","1","coherence","0.3","0.8","0","3000","0","20.916328049029318","91.89407149672596","0.5105226194262553","91.89407149672596","0","0.5105226194262553","0","11.045205785468712","11.045205785468712","0","0","950.7980082754808","950.7980082754808","0","0","0.08257810279505784","0","0","0","0","0","0","0","0.0887788398100656","100","0"
"27","100","0.4","0.35","144","5","single","60","0.2","0.5","0.1","1","0.05","500","2000","0.5","0.01","true","false","all","5","8","1.5","0.3","1","coherence","0.3","0.8","0","3000","0","15.263857143372832","86.33538510973207","0.4796410283874004","86.33538510973207","0","0.4796410283874004","0","11.221669458496184","11.221669458496184","0","0","1126.7974096243497","1126.7974096243497","0","0","0.08089605756698548","0","0","0","0","0","0","0","0.09098672128929462","100","0"
"28","100","0.4","0.35","144","5","single","60","0.2","0.5","0.1","1","0.05","500","2000","0.5","0.01","true","false","all","5","8","1.5","0.3","1","coherence","0.3","0.8","0","3000","881","24.96637057174341","83.33036748072651","0.46294648600403615","83.33036748072651","0","0.46294648600403615","0","11.533399585898884","11.533399585898884","0","0","996.6464673425519","996.6464673425519","0","0","0.08211714825242611","0","0","0","0","0","0","0","0.0902603190747537","100","0"
"30","100","0.4","0.35","144","5","single","60","0.2","0.5","0.1","1","0.05","500","2000","0.5","0.01","true","false","all","5","8","1.5","0.3","1","coherence","0.3","0.8","0","3000","531","16.867167976421115","101.05362282997756","0.5614090157220976","101.05362282997756","0","0.5614090157220976","0","11.494550657795083","11.494550657795083","0","0","1169.1956395800744","1169.1956395800744","0","0","0.09185217540371915","0","0","0","0","0","0","0","0.07519570599954724","100","0"
"29","100","0.4","0.35","144","5","single","60","0.2","0.5","0.1","1","0.05","500","2000","0.5","0.01","true","false","all","5","8","1.5","0.3","1","coherence","0.3","0.8","0","3000","0","10.113731826406521","82.83297550550309","0.46018319725279494","82.83297550550309","0","0.46018319725279494","0","11.48571014337073","11.48571014337073","0","0","1220.5952555732886","1220.5952555732886","0","0","0.10032804858855604","0","0","0","0","0","0","0","0.08538402216287587","100","0"
"31","100","0.4","0.35","144","5","single","60","0.2","0.5","0.1","1","0.05","500","2000","0.5","0.01","true","false","all","5","8","1.5","0.3","1","coherence","0.3","0.8","0.1","3000","0","9.921319329695123","84.57725960551846","0.4698736644751026","85.36666714077946","64.99720437349055","0.4742592618932192","0.3610955798527253","12.081660464305504","10.985707386795799","21.945238161892846","0.5005964075556083","1533.7946965401115","933.9567756122134","6932.335984891189","0.13472468409605987","0.1484576330385201","0","0","0","0","0","0","0","0.08983010028225401","90","10"
"33","100","0.4","0.35","144","5","single","60","0.2","0.5","0.1","1","0.05","500","2000","0.5","0.01","true","false","all","5","8","1.5","0.3","1","coherence","0.3","0.8","0.1","3000","23","19.027789230924625","97.66128052057068","0.542562669558726","97.12558168324215","102.07875936919093","0.5395865649069008","0.5671042187177274","12.02837823106079","11.178980600035208","19.67295691029104","0.5682409945292674","1738.6503709911076","1149.5304515057626","7040.729646359204","0.16326865385325376","0.1275827781833767","0","0","0","0","0","0","0","0.0836018324030506","90","10"
"32","100","0.4","0.35","144","5","single","60","0.2","0.5","0.1","1","0.05","500","2000","0.5","0.01","true","false","all","5","8","1.5","0.3","1","coherence","0.3","0.8","0.1","3000","37","27.333579030075683","100.18183866749348","0.5565657703749638","100.42990151078477","94.30014586980319","0.5579438972821377","0.5238896992766844","12.087628760415166","11.51907584241355","17.204605022429725","0.669534454722795","1539.6317225546395","1336.3786283453517","3368.909570438225","0.39667987531393334","0.11623136614182838","0","0","0","0","0","0","0","0.0868259266905254","90","10"
"34","100","0.4","0.35","144","5","single","60","0.2","0.5","0.1","1","0.05","500","2000","0.5","0.01","true","false","all","5","8","1.5","0.3","1","coherence","0.3","0.8","0.1","3000","0","10.25905873303067","87.94138909325596","0.4885632727403109","88.78278425665454","73.01966983725262","0.4932376903147474","0.4056648324291812","12.272991916260562","11.558517290908558","18.70326354442859","0.6179946758196467","1527.6872163738503","1198.448777810529","4490.833163443746","0.2668655757613385","0.12620597833736635","0","0","0","0","0","0","0","0.07959195683203645","90","10"
"35","100","0.4","0.35","144","5","single","60","0.2","0.5","0.1","1","0.05","500","2000","0.5","0.01","true","false","all","5","8","1.5","0.3","1","coherence","0.3","0.8","0.1","3000","26","19.060773576752723","86.8407117898008","0.4824483988322267","89.70473842757642","62.81069025073659","0.4983596579309801","0.3489482791707588","11.839429377502258","11.077339188644599","18.698241077221216","0.5924268032964536","1379.84863891039","1083.5647049308966","4046.4040447258326","0.26778460404695303","0.11361878278909021","0","0","0","0","0","0","0","0.08061697492148884","90","10"
"36","100","0.4","0.35","144","5","single","60","0.2","0.5","0.1","1","0.05","500","2000","0.5","0.01","true","false","all","5","8","1.5","0.3","1","coherence","0.3","0.8","0.1","3000","31","17.114661153249443","82.34755292406895","0.4574864051337164","82.32260654172738","75.73497945417142","0.4573478141207077","0.4207498858565079","11.881673819985403","11.130814933132575","18.639403801660812","0.5971658241633666","1533.4807545867932","964.5773917883655","6653.611019772643","0.14497051133916833","0.12150030685182989","0","0","0","0","0","0","0","0.08692449127199765","90","10"
"37","100","0.4","0.35","144","5","single","60","0.2","0.5","0.1","1","0.05","500","2000","0.5","0.01","true","false","all","5","8","1.5","0.3","1","coherence","0.3","0.8","0.1","3000","21","13.664235505239219","89.34459779417179","0.49635887663428774","92.50501415889887","60.627635694261144","0.513916745327216","0.3368201983014508","11.852174553185655","11.059842382693676","18.983164087613414","0.5826132214655547","1439.3061255316582","1183.5953425454904","3740.703172407171","0.3164098534404261","0.12385012737337564","0","0","0","0","0","0","0","0.07969512727071316","90","10"
"38","100","0.4","0.35","144","5","single","60","0.2","0.5","0.1","1","0.05","500","2000","0.5","0.01","true","false","all","5","8","1.5","0.3","1","coherence","0.3","0.8","0.1","3000","71","19.39963295718981","70.56642670376078","0.39203570390978215","69.7426873021415","68.54653688466514","0.38745937390078616","0.38081409380369524","12.147420272077175","11.513825021664216","17.84977752579386","0.6450402535844568","1504.96486741068","1209.5026648205135","4164.124690722174","0.2904578403992874","0.11859306205029885","0","0","0","0","0","0","0","0.08874082982445469","90","10"
"39","100","0.4","0.35","144","5","single","60","0.2","0.5","0.1","1","0.05","500","2000","0.5","0.01","true","false","all","5","8","1.5","0.3","1","coherence","0.3","0.8","0.1","3000","96","11.995525415108261","91.68767002999253","0.5093759446110696","89.84838906485432","103.10496004755734","0.49915771702696843","0.5728053335975408","12.549367024865763","11.490645995286698","22.077856291077264","0.5204602223962583","1753.2443452905802","1126.7707062147051","7391.507096973453","0.15244126690699875","0.14291501595268064","0","0","0","0","0","0","0","0.07862145406796468","90","10"
"40","100","0.4","0.35","144","5","single","60","0.2","0.5","0.1","1","0.05","500","2000","0.5","0.01","true","false","all","5","8","1.5","0.3","1","coherence","0.3","0.8","0.1","3000","0","15.597772033147123","80.28169310867358","0.4460094061592977","81.52286307235967","62.87231342910953","0.4529047948464426","0.34929063016171963","11.810440052273526","11.287063693732064","16.52082727914662","0.6832020880685035","1214.2750075501267","1041.8172563521487","2766.3947683319248","0.3765974647863947","0.1113798171822511","0","0","0","0","0","0","0","0.07727539052966195","90","10"
"41","100","0.4","0.35","144","5","single","60","0.2","0.5","0.1","1","0.05","500","2000","0.5","0.01","true","false","all","5","8","1.5","0.3","1","coherence","0.3","0.8","0.1","3000","41","13.642437415356667","78.87723238782688","0.4382068465990382","80.37581187887662","60.75808248157218","0.44653228821598123","0.337544902675401","11.990275953018495","10.920882183037053","21.614819882851528","0.5052497426407572","1425.784854880479","936.7992854528302","5826.654979729327","0.16077823188637616","0.14438538116332578","0","0","0","0","0","0","0","0.08598934435780398","90","10"
"42","100","0.4","0.35","144","5","single","60","0.2","0.5","0.1","1","0.05","500","2000","0.5","0.01","true","false","all","5","8","1.5","0.3","1","coherence","0.3","0.8","0.1","3000","0","11.757241531135037","90.46237697551767","0.5025687609750982","91.99398236451566","75.76026273255346","0.5110776798028648","0.4208903485141859","12.05605054242045","11.230813048006357","19.48318799214738","0.576436107506271","1637.8666391278343","992.2337068024783","7448.563030056035","0.13321142652598517","0.1296185424960492","0","0","0","0","0","0","0","0.08698379676794318","90","10"
"43","100","0.4","0.35","144","5","single","60","0.2","0.5","0.1","1","0.05","500","2000","0.5","0.01","true","false","all","5","8","1.5","0.3","1","coherence","0.3","0.8","0.1","3000","36","10.222468081012536","85.88003664049393","0.4771113146694107","86.27631697512551","72.73955290585123","0.4793128720840306","0.404108627254729","11.962516002333041","11.096736637262081","19.754530287971672","0.5617312320515545","1366.109785101059","959.3387752902352","5027.048873398472","0.19083537865858985","0.1362319229433222","0","0","0","0","0","0","0","0.07372604202584226","90","10"
"44","100","0.4","0.35","144","5","single","60","0.2","0.5","0.1","1","0.05","500","2000","0.5","0.01","true","false","all","5","8","1.5","0.3","1","coherence","0.3","0.8","0.1","3000","0","11.73063723151624","81.94348644350168","0.45524159135278713","85.09417713821267","54.32209078253014","0.47274542854562596","0.30178939323627857","12.445401871448034","11.583020474717733","20.20683444202074","0.5732229116813309","1693.9191950930572","1087.1188077396955","7155.122681273309","0.15193573278414205","0.13562263409052155","0","0","0","0","0","0","0","0.09124981581100884","90","10"
"45","100","0.4","0.35","144","5","single","60","0.2","0.5","0.1","1","0.05","500","2000","0.5","0.01","true","false","all","5","8","1.5","0.3","1","coherence","0.3","0.8","0.1","3000","116","15.855333574788077","102.81342866934062","0.5711857148296702","101.1168293678077","76.46979030630345","0.5617601631544872","0.4248321683683525","12.099326871183234","11.164355729085376","20.514067150064033","0.5442292670398382","1922.1923535743597","952.5528283373534","10648.948080707423","0.0894504153009331","0.12515127155609385","0","0","0","0","0","0","0","0.08883172499204352","90","10"
"46","100","0.4","0.35","144","5","single","60","0.2","0.5","0.1","1","0.05","500","2000","0.5","0.01","true","false","all","5","8","1.5","0.3","1","coherence","0.3","0.8","0.1","3000","426","16.528015699260337","84.15805527210269","0.46754475151168157","81.45903352992885","90.88725062441225","0.45255018627738247","0.5049291701356236","12.183959283413138","11.503182580835677","18.310949606610237","0.6282133274334959","1523.5220516890477","1120.092566940576","5154.387414425286","0.21730857168513143","0.1278615330836974","0","0","0","0","0","0","0","0.09123189417574841","90","10"
"47","100","0.4","0.35","144","5","single","60","0.2","0.5","0.1","1","0.05","500","2000","0.5","0.01","true","false","all","5","8","1.5","0.3","1","coherence","0.3","0.8","0.1","3000","171","17.70076834094472","85.1642692174959","0.47313482898608833","85.11355913247665","80.42077215600074","0.472853106291537","0.44678206753333743","11.601946450312528","10.73062275237001","19.44385973179518","0.5518771941572368","1473.9869120237468","978.185213559599","5936.2021982010765","0.1647830011342995","0.11864145329931919","0","0","0","0","0","0","0","0.07533827573370762","90","10"
"48","100","0.4","0.35","144","5","single","60","0.2","0.5","0.1","1","0.05","500","2000","0.5","0.01","true","false","all","5","8","1.5","0.3","1","coherence","0.3","0.8","0.1","3000","206","29.675449453736192","84.98697792974325","0.4721498773874625","85.08414821232479","82.83817506591767","0.4726897122906933","0.4602120836995426","12.150017970785013","11.606034927973967","17.045865356084466","0.6808709728445216","1299.7083874118","1127.8132352399048","2846.764756958856","0.3961736678392512","0.11350947303721326","0","0","0","0","0","0","0","0.08463721451671066","90","10"
"49","100","0.4","0.35","144","5","single","60","0.2","0.5","0.1","1","0.05","500","2000","0.5","0.01","true","false","all","5","8","1.5","0.3","1","coherence","0.3","0.8","0.1","3000","0","11.736067311206185","96.16056049169421","0.5342253360649678","95.5315039277715","97.55951929987069","0.5307305773765083","0.541997329443726","11.979693615193282","11.359669786626933","17.559908072290394","0.6469094109070271","1288.883394618078","1092.0777668064707","3060.1340449225418","0.35687252609684744","0.11722903259711548","0","0","0","0","0","0","0","0.08814268661197683","90","10"
"50","100","0.4","0.35","144","5","single","60","0.2","0.5","0.1","1","0.05","500","2000","0.5","0.01","true","false","all","5","8","1.5","0.3","1","coherence","0.3","0.8","0.1","3000","336","22.478263571022467","72.96719929528454","0.40537332941824744","69.25348400356891","86.10862959698","0.3847415777976051","0.47838127553877774","11.894519064730131","11.14652833769059","18.626435608086048","0.5984251937526733","1592.3976014815767","1115.447881026677","5884.945085575668","0.1895426150637672","0.11795273134415418","0","0","0","0","0","0","0","0.08867309352074491","90","10"
"51","100","0.4","0.35","144","5","single","60","0.2","0.5","0.1","1","0.05","500","2000","0.5","0.01","true","false","all","5","8","1.5","0.3","1","coherence","0.3","0.8","0.1","3000","821","29.461069771571445","71.34102050639028","0.39633900281327933","68.87744969307265","92.97404228141963","0.38265249829484804","0.5165224571189979","11.810611517896126","11.139801435585214","17.84790225869427","0.6241518624497547","1356.5458774475564","1073.3326191273247","3905.4652023296426","0.27482836576986336","0.12512536337755575","0","0","0","0","0","0","0","0.07462060145095963","90","10"
"52","100","0.4","0.35","144","5","single","60","0.2","0.5","0.1","1","0.05","500","2000","0.5","0.01","true","false","all","5","8","1.5","0.3","1","coherence","0.3","0.8","0.1","3000","0","12.174308284149888","84.15185830999502","0.4675103239444168","87.11178364600211","52.68196256628714","0.4839543535889006","0.2926775698127063","11.879064785895187","11.207036793669854","17.927316715923197","0.6251374353037266","1657.1658790128647","1069.689916142218","6944.449544848675","0.15403523479203665","0.1231949909967267","0","0","0","0","0","0","0","0.08147075923651553","90","10"
"53","100","0.4","0.35","144","5","single","60","0.2","0.5","0.1","1","0.05","500","2000","0.5","0.01","true","false","all","5","8","1.5","0.3","1","coherence","0.3","0.8","0.1","3000","84","12.565075775320167","99.7771575032922","0.5543175416849567","101.13340104448213","87.36622535187372","0.5618522280249008","0.4853679186215207","11.926213754422461","11.04200354166272","19.884105669260112","0.5553180879909089","1426.6923333765517","893.1729573751275","6228.366717389378","0.14340404120416025","0.13207610939713232","0","0","0","0","0","0","0","0.08441959474329999","90","10"
"54","100","0.4","0.35","144","5","single","60","0.2","0.5","0.1","1","0.05","500","2000","0.5","0.01","true","false","all","5","8","1.5","0.3","1","coherence","0.3","0.8","0.1","3000","0","16.807024397616004","99.37352420729519","0.5520751344849733","102.03847955373901","68.59801268882859","0.5668804419652167","0.38110007049349215","11.759853191075894","11.164765963635746","17.115638238037224","0.6523137383696006","1103.8935423407522","899.9560023054183","2939.331402658767","0.30617711275814774","0.10937139457556122","0","0","0","0","0","0","0","0.08872587523397504","90","10"
"55","100","0.4","0.35","144","5","single","60","0.2","0.5","0.1","1","0.05","500","2000","0.5","0.01","true","false","all","5","8","1.5","0.3","1","coherence","0.3","0.8","0.1","3000","96","19.357077218189346","91.93608245484295","0.5107560136380164","93.22508854433417","74.91735542451764","0.5179171585796343","0.4162075301362091","12.03924946322912","11.13645909396778","20.164362786581183","0.5522842061430664","1603.685577377899","1045.0474288837138","6631.428913825568","0.15759008238856956","0.12399163495966725","0","0","0","0","0","0","0","0.08444655792065539","90","10"
"56","100","0.4","0.35","144","5","single","60","0.2","0.5","0.1","1","0.05","500","2000","0.5","0.01","true","false","all","5","8","1.5","0.3","1","coherence","0.3","0.8","0.1","3000","938","20.687521409811993","93.90639032437468","0.5217021684687483","94.2915716311206","92.7076213718215","0.5238420646173367","0.5150423409545639","11.883709299228745","11.315344565139757","16.99899190602963","0.6656479765206633","1267.9772643819354","999.9127815605154","3680.5576097747144","0.27167426449323245","0.11338713241575848","0","0","0","0","0","0","0","0.08443366545649263","90","10"
"57","100","0.4","0.35","144","5","single","60","0.2","0.5","0.1","1","0.05","500","2000","0.5","0.01","true","false","all","5","8","1.5","0.3","1","coherence","0.3","0.8","0.1","3000","0","17.866065997824023","78.41040290263005","0.43561334945905583","79.98048206959257","64.09953557398964","0.4443360114977365","0.3561085309666091","11.881463268908071","11.185174366345851","18.148063391968048","0.6163288128746663","1475.5970398505697","1088.5557394787522","4958.9687431969305","0.21951252283493633","0.12181763891381148","0","0","0","0","0","0","0","0.08179569377403904","90","10"
"58","100","0.4","0.35","144","5","single","60","0.2","0.5","0.1","1","0.05","500","2000","0.5","0.01","true","false","all","5","8","1.5","0.3","1","coherence","0.3","0.8","0.1","3000","571","20.331467674510975","99.72399225988838","0.5540221792216021","96.30270922075853","127.32400024068772","0.5350150512264362","0.7073555568927096","12.115524370612306","11.231147914321541","20.07491247722922","0.559461862016132","1456.786954420679","908.6707704659584","6389.832610013166","0.14220572367451834","0.14045355532977855","0","0","0","0","0","0","0","0.07794888791892428","90","10"
"59","100","0.4","0.35","144","5","single","60","0.2","0.5","0.1","1","0.05","500","2000","0.5","0.01","true","false","all","5","8","1.5","0.3","1","coherence","0.3","0.8","0.1","3000","381","19.686160533313057","86.10580949581234","0.4783656083100685","89.21020697597564","61.48853159590514","0.49561226097764244","0.3416029533105841","12.14843246808234","11.445232092112526","18.477235851810672","0.6194233912423079","1331.8404361012101","1045.9007864129107","3905.2972832959013","0.26781592041316166","0.12327890341511849","0","0","0","0","0","0","0","0.06924263298667699","90","10"
"60","100","0.4","0.35","144","5","single","60","0.2","0.5","0.1","1","0.05","500","2000","0.5","0.01","true","false","all","5","8","1.5","0.3","1","coherence","0.3","0.8","0.1","3000","0","12.066519197030885","88.04864847369541","0.4891591581871967","88.9506269904924","79.50439685824092","0.49417014994717995","0.441691093656894","12.340760233448883","11.589580829435763","19.101374869566985","0.6067406617887335","1458.157713615005","1167.7218417492654","4072.080560406664","0.2867629518686755","0.1272398883901964","0","0","0","0","0","0","0","0.07139252230554986","90","10"
"61","100","0.4","0.35","144","5","single","60","0.2","0.5","0.1","1","0.05","500","2000","0.5","0.01","true","false","all","5","8","1.5","0.3","1","coherence","0.3","0.8","0.2","3000","11","20.03804368534692","65.43726724913441","0.36354037360630226","68.32399839218331","53.12720140906178","0.37957776884546285","0.2951511189392321","12.104517916535364","10.885949280896536","16.97879245909071","0.6411497936102061","1512.3434740271985","947.6175603639733","3771.247128680096","0.25127432067694566","0.12304443460715375","0","0","0","0","0","0","0","0.08084995826824669","80","20"
"62","100","0.4","0.35","144","5","single","60","0.2","0.5","0.1","1","0.05","500","2000","0.5","0.01","true","false","all","5","8","1.5","0.3","1","coherence","0.3","0.8","0.2","3000","216","25.815847352920784","70.10398803743703","0.3894666002079835","76.5185990639113","46.87696333500169","0.4251033281328405","0.2604275740833427","12.525722962956811","11.344675568437841","17.24991254103268","0.6576656862144696","1649.6487820313837","1134.7311112163402","3709.3194652915527","0.30591355687589733","0.13441330105553195","0","0","0","0","0","0","0","0.0891800062392173","80","20"
"63","100","0.4","0.35","144","5","single","60","0.2","0.5","0.1","1","0.05","500","2000","0.5","0.01","true","false","all","5","8","1.5","0.3","1","coherence","0.3","0.8","0.2","3000","11","13.275740767103642","103.21628291986764","0.5734237939992647","99.87715075468648","116.185556835578","0.5548730597482583","0.6454753157532112","12.611171283687757","11.171445477437171","18.370074508690106","0.6081328343089969","1890.5152348015465","997.2086792550693","5463.741456987458","0.18251388487274803","0.1485399079689469","0","0","0","0","0","0","0","0.09246264292297225","80","20"
"64","100","0.4","0.35","144","5","single","60","0.2","0.5","0.1","1","0.05","500","2000","0.5","0.01","true","false","all","5","8","1.5","0.3","1","coherence","0.3","0.8","0.2","3000","0","11.043480335798165","94.93049667584938","0.5273916481991633","92.02824867525274","105.12526070906964","0.5112680481958486","0.584029226161498","12.375187401048798","11.105096228712394","17.455552090394434","0.6361927810248625","2123.0991112687097","1034.8468205520746","6476.108274135249","0.1597945520282793","0.13364951062388553","0","0","0","0","0","0","0","0.08117258845328962","80","20"
"65","100","0.4","0.35","144","5","single","60","0.2","0.5","0.1","1","0.05","500","2000","0.5","0.01","true","false","all","5","8","1.5","0.3","1","coherence","0.3","0.8","0.2","3000","0","11.451562713986036","85.10041951332009","0.47278010840733387","89.42717476664896","69.6922386118203","0.4968176375924942","0.3871791033990017","12.490411087861935","10.978638151211111","18.537502834465226","0.59223932420927","1795.3617177982385","960.9059987830202","5133.184593859107","0.187194904296363","0.14623527410664372","0","0","0","0","0","0","0","0.08139517762184727","80","20"
"66","100","0.4","0.35","144","5","single","60","0.2","0.5","0.1","1","0.05","500","2000","0.5","0.01","true","false","all","5","8","1.5","0.3","1","coherence","0.3","0.8","0.2","3000","242","19.03538001098819","80.11590544095228","0.44508836356084597","82.45002857666915","70.70832996506346","0.4580557143148286","0.39282405536146364","12.949619313862804","11.533408752097518","18.614461560923907","0.6195940029932873","1976.9463971706634","1256.876817515577","4857.2247157910115","0.25876439552599356","0.14957942882072284","0","0","0","0","0","0","0","0.08860416826891733","80","20"
"67","100","0.4","0.35","144","5","single","60","0.2","0.5","0.1","1","0.05","500","2000","0.5","0.01","true","false","all","5","8","1.5","0.3","1","coherence","0.3","0.8","0.2","3000","56","14.444358437299556","97.81157574699213","0.5433976430388452","97.94280014689444","89.47292128704997","0.5441266674827469","0.49707178492805537","12.831034100313286","11.358775742397949","18.720067531974657","0.6067700195523702","2034.9292495777297","1272.5610564427102","5084.402022117813","0.25028726109912314","0.15184418264732735","0","0","0","0","0","0","0","0.08067615155373209","80","20"
"68","100","0.4","0.35","144","5","single","60","0.2","0.5","0.1","1","0.05","500","2000","0.5","0.01","true","false","all","5","8","1.5","0.3","1","coherence","0.3","0.8","0.2","3000","24","17.997985126349008","112.13502522312807","0.6229723623507115","107.75573213228888","125.8897287851192","0.5986429562904938","0.6993873821395511","12.681329189682785","11.463750294901676","17.551644768807215","0.6531439329990916","2022.3934368302982","1137.776015861808","5560.863120704258","0.20460421182201546","0.13282516023240576","0","0","0","0","0","0","0","0.08013874327079584","80","20"
"69","100","0.4","0.35","144","5","single","60","0.2","0.5","0.1","1","0.05","500","2000","0.5","0.01","true","false","all","5","8","1.5","0.3","1","coherence","0.3","0.8","0.2","3000","67","21.983565280262454","71.0809631471935","0.39489423970663057","74.70117271437778","56.690170599905414","0.4150065150798765","0.31494539222169676","12.191602339950586","10.866212630836028","17.493161176408822","0.6211691827026747","1820.3917637852137","1005.5398391497713","5079.799462326982","0.19794872742656427","0.13525257892694342","0","0","0","0","0","0","0","0.08075628738243736","80","20"
"70","100","0.4","0.35","144","5","single","60","0.2","0.5","0.1","1","0.05","500","2000","0.5","0.01","true","false","all","5","8","1.5","0.3","1","coherence","0.3","0.8","0.2","3000","91","20.22949740338771","73.5733740883456","0.40874096715747554","79.50679495472569","47.56579716315089","0.44170441641514274","0.2642544286841716","12.45894685574512","11.257713780623195","17.26387915623284","0.6520964192777485","1768.899886218465","1102.644346956077","4433.9220432680195","0.24868374684895755","0.13386104148998323","0","0","0","0","0","0","0","0.09374050009821211","80","20"
"71","100","0.4","0.35","144","5","single","60","0.2","0.5","0.1","1","0.05","500","2000","0.5","0.01","true","false","all","5","8","1.5","0.3","1","coherence","0.3","0.8","0.2","3000","36","21.893654614951473","73.93919297960912","0.4107732943311618","76.3613463987341","57.90615130965168","0.42422970221518946","0.32170084060917603","12.834486334012656","11.413379245356442","18.518914688637512","0.616309294429616","2106.3987913675355","1154.0693964358927","5915.71637109411","0.19508531579962277","0.14624242145533972","0","0","0","0","0","0","0","0.07181805859201204","80","20"
"72","100","0.4","0.35","144","5","single","60","0.2","0.5","0.1","1","0.05","500","2000","0.5","0.01","true","false","all","5","8","1.5","0.3","1","coherence","0.3","0.8","0.2","3000","406","27.343766455405273","82.05131595766606","0.4558406442092559","80.4457332522213","87.80622991468086","0.44692074029011836","0.48781238841489366","12.813269063439895","11.54072183689664","17.903457969612923","0.6446085363221123","2012.954362884228","1238.638375063789","5110.218314165987","0.2423846299541002","0.14590085438897682","0","0","0","0","0","0","0","0.08948755278372533","80","20"
"73","100","0.4","0.35","144","5","single","60","0.2","0.5","0.1","1","0.05","500","2000","0.5","0.01","true","false","all","5","8","1.5","0.3","1","coherence","0.3","0.8","0.2","3000","0","10.226509997880015","91.65749959512719","0.50920833108404","89.82808863674578","97.00634156963218","0.49904493687080986","0.53892411983129","12.73471843040136","11.096621541728386","19.287105985093284","0.575338858525732","2054.8562084497435","1024.120477851979","6177.799130840799","0.16577432450650045","0.15694108038481347","0","0","0","0","0","0","0","0.0978650332819002","80","20"
"74","100","0.4","0.35","144","5","single","60","0.2","0.5","0.1","1","0.05","500","2000","0.5","0.01","true","false","all","5","8","1.5","0.3","1","coherence","0.3","0.8","0.2","3000","0","20.94049919676199","97.31789763347945","0.5406549868526636","91.96301869542054","106.60523842217353","0.510905659419003","0.5922513245676307","12.19212754303518","11.035660465825066","16.817995851875622","0.6561816617759672","1859.7658474681136","1047.0803753485184","5110.507735946494","0.2048877390368716","0.12039853668853451","0","0","0","0","0","0","0","0.08075296661272215","80","20"
"75","100","0.4","0.35","144","5","single","60","0.2","0.5","0.1","1","0.05","500","2000","0.5","0.01","true","false","all","5","8","1.5","0.3","1","coherence","0.3","0.8","0.2","3000","58","11.999924262693014","102.20017492299367","0.567778749572187","102.63156505160532","95.02021252988189","0.5701753613978073","0.5278900696104549","12.58947358328061","11.185625210574582","18.204867074104722","0.614430479774578","1758.3506858109477","1069.8307771175882","4512.430320584385","0.23708527359133583","0.15027330248502535","0","0","0","0","0","0","0","0.08466458452553163","80","20"
"76","100","0.4","0.35","144","5","single","60","0.2","0.5","0.1","1","0.05","500","2000","0.5","0.01","true","false","all","5","8","1.5","0.3","1","coherence","0.3","0.8","0.2","3000","0","14.929034581187523","93.57578608839164","0.5198654782688424","92.58895885455954","95.480570129414","0.514383104747553","0.5304476118300778","13.045887673276868","11.249685612032076","20.230695918256043","0.5560701251942813","1992.3770161032403","1058.5589997048774","5727.649081696697","0.1848156171242428","0.16300240540063937","0","0","0","0","0","0","0","0.09867865441027178","80","20"
"77","100","0.4","0.35","144","5","single","60","0.2","0.5","0.1","1","0.05","500","2000","0.5","0.01","true","false","all","5","8","1.5","0.3","1","coherence","0.3","0.8","0.2","3000","0","12.30588311672193","84.92948697021406","0.47183048316785586","84.64503094967162","77.84395739941947","0.47025017194262014","0.4324664299967748","13.084056898762567","11.344003563835642","20.04427023847027","0.565947446770274","2637.5631395419045","1321.1121561971936","7903.367072920749","0.16715814209410954","0.16316613697650117","0","0","0","0","0","0","0","0.08222767438013039","80","20"
"78","100","0.4","0.35","144","5","single","60","0.2","0.5","0.1","1","0.05","500","2000","0.5","0.01","true","false","all","5","8","1.5","0.3","1","coherence","0.3","0.8","0.2","3000","0","11.852526325274866","78.13210855331826","0.434067269740657","75.63452428429875","81.71589757085209","0.4201918015794375","0.45397720872695607","12.38477120573403","11.173038512587262","17.231701978321087","0.6484001711870291","2026.045933632151","1191.4482092269197","5364.43683125307","0.2221012655579377","0.1250801120775491","0","0","0","0","0","0","0","0.08175682857818957","80","20"
"79","100","0.4","0.35","144","5","single","60","0.2","0.5","0.1","1","0.05","500","2000","0.5","0.01","true","false","all","5","8","1.5","0.3","1","coherence","0.3","0.8","0.2","3000","150","16.269285560025466","88.12575014175044","0.48958750078750246","84.84183856474372","72.67067368936077","0.4713435475819096","0.40372596494089313","12.992337033693131","11.269451549785668","19.88387896932302","0.5667632340335732","2058.261589511111","1069.1329014278595","6014.776341844114","0.1777510651543305","0.15740631154486273","0","0","0","0","0","0","0","0.08392561632329203","80","20"
"80","100","0.4","0.35","144","5","single","60","0.2","0.5","0.1","1","0.05","500","2000","0.5","0.01","true","false","all","5","8","1.5","0.3","1","coherence","0.3","0.8","0.2","3000","46","27.8472031847012","114.72489012489204","0.6373605006938446","111.53435004503487","114.15518874275331","0.6196352780279715","0.6341954930152962","12.317296278086474","11.268842967712763","16.511109519581307","0.6825006492960699","1564.573893959243","1004.2559596725303","3805.845631106092","0.26387196355640524","0.10849006470098721","0","0","0","0","0","0","0","0.09255245837347634","80","20"
"81","100","0.4","0.35","144","5","single","60","0.2","0.5","0.1","1","0.05","500","2000","0.5","0.01","true","false","all","5","8","1.5","0.3","1","coherence","0.3","0.8","0.2","3000","181","18.22084595284852","81.67537695376853","0.453752094187603","80.87042275670335","72.88964154386528","0.4492801264261297","0.4049424530214738","13.09389229351475","11.569360945446874","19.192017685786265","0.6028215029217702","2169.9764486627464","1273.3726919896267","5756.391475355229","0.22121023169485643","0.1530008591582359","0","0","0","0","0","0","0","0.0868054511848016","80","20"
"82","100","0.4","0.35","144","5","single","60","0.2","0.5","0.1","1","0.05","500","2000","0.5","0.01","true","false","all","5","8","1.5","0.3","1","coherence","0.3","0.8","0.2","3000","1226","18.647563823852437","85.67103315667892","0.4759501842037718","89.8679990884005","67.71704575224229","0.499266661602225","0.3762058097346794","12.35409058939071","11.206211617529966","16.945606476833678","0.6613048422226709","1279.1995906333527","852.8847801931959","2984.458832393983","0.28577535429063183","0.1286135563206856","0","0","0","0","0","0","0","0.07961459914444811","80","20"
"83","100","0.4","0.35","144","5","single","60","0.2","0.5","0.1","1","0.05","500","2000","0.5","0.01","true","false","all","5","8","1.5","0.3","1","coherence","0.3","0.8","0.2","3000","186","16.28987353415917","101.46383044854494","0.5636879469363608","97.85805231606138","115.84526708964945","0.543655846200341","0.6435848171647192","12.896170693932469","11.377296218587645","18.971668595311716","0.5996992916795524","2224.23723689527","1186.7446350214682","6374.207644390473","0.1861791615881615","0.1486299347290918","0","0","0","0","0","0","0","0.0736787677714166","80","20"
"84","100","0.4","0.35","144","5","single","60","0.2","0.5","0.1","1","0.05","500","2000","0.5","0.01","true","false","all","5","8","1.5","0.3","1","coherence","0.3","0.8","0.2","3000","11","19.657017044016015","95.02652482034476","0.5279251378908042","93.28995105147575","90.52999106837514","0.518277505841532","0.5029443948243063","13.084798772905248","11.342497109299307","20.054005427329024","0.5655975884918272","2157.924019744402","1090.2976137652429","6428.429643661042","0.16960559175449103","0.16176724009536447","0","0","0","0","0","0","0","0.07895142745559702","80","20"
"85","100","0.4","0.35","144","5","single","60","0.2","0.5","0.1","1","0.05","500","2000","0.5","0.01","true","false","all","5","8","1.5","0.3","1","coherence","0.3","0.8","0.2","3000","126","23.431166695969495","70.20445310434397","0.39002473946857763","70.80278213406747","66.64874240616992","0.3933487896337082","0.3702707911453884","12.260626483576738","10.981631997889371","17.376604426326217","0.6319780164444426","1929.1810515399154","1095.4830841452272","5263.972921118669","0.2081095591791953","0.13597422190177255","0","0","0","0","0","0","0","0.08160274406279192","80","20"
"86","100","0.4","0.35","144","5","single","60","0.2","0.5","0.1","1","0.05","500","2000","0.5","0.01","true","false","all","5","8","1.5","0.3","1","coherence","0.3","0.8","0.2","3000","0","17.44544971243762","86.40820015591291","0.4800455564217384","92.48077713018881","60.62061258179972","0.5137820951677157","0.33678118100999843","12.934546595298189","11.598633089163595","18.278200619836525","0.6345609904607411","1783.5566256708366","1217.6236754155748","4047.28842669188","0.3008492469638053","0.14281037825651222","0","0","0","0","0","0","0","0.08514672017761483","80","20"
"87","100","0.4","0.35","144","5","single","60","0.2","0.5","0.1","1","0.05","500","2000","0.5","0.01","true","false","all","5","8","1.5","0.3","1","coherence","0.3","0.8","0.2","3000","0","15.128680120604471","102.42236270262943","0.5690131261257191","99.8079233953271","102.60684750247654","0.5544884633073728","0.5700380416804253","13.189483106428886","11.653137582792203","19.334865200975628","0.6027007409497838","1841.2633317922505","1117.8129967437187","4735.06467198638","0.23607132619685872","0.15401404140780683","0","0","0","0","0","0","0","0.07524572120156935","80","20"
"88","100","0.4","0.35","144","5","single","60","0.2","0.5","0.1","1","0.05","500","2000","0.5","0.01","true","false","all","5","8","1.5","0.3","1","coherence","0.3","0.8","0.2","3000","56","12.930791838379392","89.52448122055812","0.4973582290031006","85.74728284889565","85.87538488634402","0.47637379360497584","0.4770854715908001","13.124684097718903","11.365584933896255","20.16108075300948","0.5637388725899376","1903.7457171275653","1119.5257888202964","5040.6254303566475","0.22210057150409698","0.1589588258686372","0","0","0","0","0","0","0","0.08835598456456922","80","20"
"89","100","0.4","0.35","144","5","single","60","0.2","0.5","0.1","1","0.05","500","2000","0.5","0.01","true","false","all","5","8","1.5","0.3","1","coherence","0.3","0.8","0.2","3000","66","21.50535315467158","85.32027598471144","0.4740015332483969","83.26339978889784","70.36994660385442","0.4625744432716547","0.3909441477991912","12.764753371740333","11.27200425104908","18.735749854505343","0.6016308041355773","2008.884506342891","1104.6045307713775","5626.004408628942","0.19633908019644966","0.1521944934769397","0","0","0","0","0","0","0","0.07398300505264925","80","20"
"90","100","0.4","0.35","144","5","single","60","0.2","0.5","0.1","1","0.05","500","2000","0.5","0.01","true","false","all","5","8","1.5","0.3","1","coherence","0.3","0.8","0.2","3000","106","21.270530677234646","87.28011681594751","0.48488953786637506","88.16646778562794","79.91566226318051","0.48981370992015527","0.4439759014621139","12.363576360269423","11.155420271713677","17.196200714492424","0.6487142396699427","1904.3491122651012","988.3692333222405","5568.268628036545","0.1775002786944843","0.126744139198943","0","0","0","0","0","0","0","0.08454594616675999","80","20"
"91","100","0.4","0.35","144","5","single","60","0.2","0.5","0.1","1","0.05","500","2000","0.5","0.01","true","false","all","5","8","1.5","0.3","1","coherence","0.3","0.8","0.3","3000","3","10.853014056098587","100.78345579025792","0.5599080877236551","93.1459685540173","112.93532696678358","0.5174776030778739","0.6274184831487977","13.639452645771021","11.729692042934799","18.095560719055545","0.648208266383414","2514.0972668857826","1333.5170174461393","5268.784515578286","0.25309765724965816","0.16712934409187952","0","0","0","0","0","0","0","0.08993309829141811","70","30"
"92","100","0.4","0.35","144","5","single","60","0.2","0.5","0.1","1","0.05","500","2000","0.5","0.01","true","false","all","5","8","1.5","0.3","1","coherence","0.3","0.8","0.3","3000","0","17.355816024871302","88.59259918274591","0.49218110657081066","92.54406612493197","78.72194799032246","0.5141337006940665","0.43734415550179145","13.964111769960864","11.55876396462215","19.576589982417886","0.59043806786592","2647.7749281047345","1147.4595487629365","6148.5108132355945","0.18662397832868033","0.16264631488175252","0","0","0","0","0","0","0","0.0864736552576269","70","30"
"93","100","0.4","0.35","144","5","single","60","0.2","0.5","0.1","1","0.05","500","2000","0.5","0.01","true","false","all","5","8","1.5","0.3","1","coherence","0.3","0.8","0.3","3000","0","20.63726664867687","67.22217726348866","0.3734565403527148","66.55621235839763","68.97178848334605","0.36975673532443126","0.38317660268525583","13.1024902241931","11.012190522105158","17.979856195731625","0.6124737818937297","2557.882761645928","1004.6542156167202","6182.082702380746","0.16251063985763628","0.14776222756800106","0","0","0","0","0","0","0","0.06186783143827225","70","30"
"94","100","0.4","0.35","144","5","single","60","0.2","0.5","0.1","1","0.05","500","2000","0.5","0.01","true","false","all","5","8","1.5","0.3","1","coherence","0.3","0.8","0.3","3000","71","23.574551508534512","97.82159136020779","0.5434532853344878","95.28525538390046","103.53834316443492","0.5293625299105581","0.575213017580194","13.701813822319075","11.394817732525524","19.084804698503987","0.5970623180345533","2396.375814922519","1245.3103350307722","5082.195268003265","0.24503394091743352","0.16993936328716575","0","0","0","0","0","0","0","0.06805558414460677","70","30"
"95","100","0.4","0.35","144","5","single","60","0.2","0.5","0.1","1","0.05","500","2000","0.5","0.01","true","false","all","5","8","1.5","0.3","1","coherence","0.3","0.8","0.3","3000","156","12.561536794147216","92.73810919179893","0.5152117177322163","86.32790408158264","103.97387541021594","0.4795994671199036","0.5776326411678663","13.496725242510205","11.241253299072671","18.759493110531107","0.5992301195367651","3161.426379789756","1277.2624044888066","7557.808988825302","0.1689990321768279","0.16811034640636602","0","0","0","0","0","0","0","0.079424872104473","70","30"
"96","100","0.4","0.35","144","5","single","60","0.2","0.5","0.1","1","0.05","500","2000","0.5","0.01","true","false","all","5","8","1.5","0.3","1","coherence","0.3","0.8","0.3","3000","232","12.846301075965286","85.66829855436384","0.47593499196868805","84.11140285336309","87.55973050877152","0.4672855714075727","0.4864429472709529","13.375651924610988","10.976520026375997","18.97362635382598","0.578514608735436","2206.438565400103","1008.1051611077984","5002.54984208215","0.2015182642714475","0.1718475874307317","0","0","0","0","0","0","0","0.0864822572180083","70","30"
"98","100","0.4","0.35","144","5","single","60","0.2","0.5","0.1","1","0.05","500","2000","0.5","0.01","true","false","all","5","8","1.5","0.3","1","coherence","0.3","0.8","0.3","3000","459","20.730052730232302","76.44713322404812","0.4247062956891562","78.48692228203102","71.09649508407315","0.43603845712239453","0.39498052824485086","13.016886314676427","11.392826074247711","16.806360209010094","0.6778877718055739","2321.1009300298188","1120.7426251436818","5121.936974764137","0.21881226392780678","0.1319069879995829","0","0","0","0","0","0","0","0.08690767804160253","70","30"
"97","100","0.4","0.35","144","5","single","60","0.2","0.5","0.1","1","0.05","500","2000","0.5","0.01","true","false","all","5","8","1.5","0.3","1","coherence","0.3","0.8","0.3","3000","537","21.741059289086962","103.48931467389684","0.5749406370772047","106.2802345560001","96.86950678384886","0.5904457475333339","0.5381639265769381","12.57857577879863","10.933446030105786","16.417211859081934","0.665974595683703","2135.491754950898","1047.0628338742304","4675.159237463123","0.2239630311378221","0.12517112643032258","0","0","0","0","0","0","0","0.07579074820955929","70","30"
"99","100","0.4","0.35","144","5","single","60","0.2","0.5","0.1","1","0.05","500","2000","0.5","0.01","true","false","all","5","8","1.5","0.3","1","coherence","0.3","0.8","0.3","3000","111","15.373644639836513","95.11168125341281","0.5283982291856267","102.43773577130442","61.342064169951364","0.5690985320628024","0.3407892453886187","12.878530624149214","11.126217453166287","16.967261356442684","0.6557462173435272","2203.1581716204482","1179.2817257946413","4592.203211880664","0.25680085819017684","0.13147770496001088","0","0","0","0","0","0","0","0.09076288967971063","70","30"
"100","100","0.4","0.35","144","5","single","60","0.2","0.5","0.1","1","0.05","500","2000","0.5","0.01","true","false","all","5","8","1.5","0.3","1","coherence","0.3","0.8","0.3","3000","0","11.692546137013466","91.63741259706947","0.5090967366503859","92.20568530398035","78.46074056983126","0.5122538072443352","0.4358930031657292","13.868338562663583","11.16490907044286","20.17634071117862","0.5533664022761562","2857.5778431300564","1207.4991778719095","6707.761395399068","0.18001522515397567","0.18856519827991325","0","0","0","0","0","0","0","0.086731356616326","70","30"
"101","100","0.4","0.35","144","5","single","60","0.2","0.5","0.1","1","0.05","500","2000","0.5","0.01","true","false","all","5","8","1.5","0.3","1","coherence","0.3","0.8","0.3","3000","0","21.561635428076528","104.82278182181457","0.5823487878989698","96.52352816856059","125.20048658777563","0.53624182315867","0.6955582588209757","12.770795154323345","11.117928276288724","16.62748453640411","0.6686476389105762","2185.9408405927634","1117.723333442177","4678.448357277466","0.23890898180024261","0.14402083006797928","0","0","0","0","0","0","0","0.07638830273370437","70","30"
"102","100","0.4","0.35","144","5","single","60","0.2","0.5","0.1","1","0.05","500","2000","0.5","0.01","true","false","all","5","8","1.5","0.3","1","coherence","0.3","0.8","0.3","3000","66","20.76849493497089","77.49378414779781","0.4305210230433212","75.02820819266942","83.39687709557417","0.41682337884816345","0.46331598386430095","13.710119160970724","11.545792306036866","18.76021515581639","0.6154402926694168","2879.809652671858","1306.7438731540035","6550.296471546852","0.19949385174094508","0.16839245085790244","0","0","0","0","0","0","0","0.08917781489694385","70","30"
"103","100","0.4","0.35","144","5","single","60","0.2","0.5","0.1","1","0.05","500","2000","0.5","0.01","true","false","all","5","8","1.5","0.3","1","coherence","0.3","0.8","0.3","3000","0","10.610445919190923","86.11825231433794","0.4784347350796552","85.52992990354656","85.2948554288579","0.47516627724192534","0.47386030793809947","13.715678762763353","11.487011750958686","18.915901790307583","0.6072674661931569","2445.2828186602887","1176.478268100325","5405.826769966874","0.21763151469012662","0.1671214704974613","0","0","0","0","0","0","0","0.07842611804336917","70","30"
"104","100","0.4","0.35","144","5","single","60","0.2","0.5","0.1","1","0.05","500","2000","0.5","0.01","true","false","all","5","8","1.5","0.3","1","coherence","0.3","0.8","0.3","3000","114","12.354654067637227","89.8901645658922","0.49938980314384557","92.63356208891787","81.67507859526464","0.5146309004939882","0.4537504366403591","13.695853956776846","11.287222699174407","19.315993557849215","0.5843459548363616","2450.0218363133613","1084.3609412938508","5636.5639246922165","0.19237978239607428","0.17324198766973953","0","0","0","0","0","0","0","0.08041505075448606","70","30"
"105","100","0.4","0.35","144","5","single","60","0.2","0.5","0.1","1","0.05","500","2000","0.5","0.01","true","false","all","5","8","1.5","0.3","1","coherence","0.3","0.8","0.3","3000","261","22.456548401574295","70.04075880859463","0.3891153267144146","67.82691208229282","74.9552242153165","0.3768161782349601","0.4164179123073139","13.28795003225302","11.110090373584272","18.369622569146753","0.6048077651984293","2693.1677372316176","1072.095902509878","6475.668684915671","0.16555755933085378","0.15699557476890713","0","0","0","0","0","0","0","0.08873571133143615","70","30"
"106","100","0.4","0.35","144","5","single","60","0.2","0.5","0.1","1","0.05","500","2000","0.5","0.01","true","false","all","5","8","1.5","0.3","1","coherence","0.3","0.8","0.3","3000","0","11.087033509081934","90.26783971445744","0.5014879984136524","89.00736767542054","80.62216262891653","0.49448537597455855","0.4479009034939807","13.673750072940873","11.742819953517609","18.17925368492849","0.64594620643052","2411.2423116698155","1361.0031163346894","4861.800434118447","0.27993808770587053","0.15382832784707068","0","0","0","0","0","0","0","0.06986716415711476","70","30"
"107","100","0.4","0.35","144","5","single","60","0.2","0.5","0.1","1","0.05","500","2000","0.5","0.01","true","false","all","5","8","1.5","0.3","1","coherence","0.3","0.8","0.3","3000","0","15.826903713189665","93.4890164938705","0.5193834249659471","93.72587407937179","91.08165196009104","0.5206993004409544","0.5060091775560613","12.921732071206755","10.876188552853051","17.694666947365384","0.6146591278154822","2060.834420781733","940.8810324377553","4674.058993584351","0.20129849317888707","0.15222363985609944","0","0","0","0","0","0","0","0.09632691405615443","70","30"
"108","100","0.4","0.35","144","5","single","60","0.2","0.5","0.1","1","0.05","500","2000","0.5","0.01","true","false","all","5","8","1.5","0.3","1","coherence","0.3","0.8","0.3","3000","0","13.595386068615028","81.90331298627206","0.4550184054792892","80.72840322048587","80.73291938668086","0.4484911290026993","0.4485162188148937","13.71008809074783","11.418199074073671","19.057829129654202","0.5991342978464858","2592.4220396457326","1081.2546267184457","6118.479336476069","0.176719502879157","0.16442255791924687","0","0","0","0","0","0","0","0.07583896161286517","70","30"
"109","100","0.4","0.35","144","5","single","60","0.2","0.5","0.1","1","0.05","500","2000","0.5","0.01","true","false","all","5","8","1.5","0.3","1","coherence","0.3","0.8","0.3","3000","144","18.79198214027386","99.334527507776","0.5518584861543111","101.84114038448774","88.49102552211544","0.5657841132471542","0.4916168084561969","13.259362173109515","11.481646093142297","17.40736635969972","0.6595854798416705","2590.0915927255865","1072.3063633620725","6131.590461240452","0.17488225447221722","0.1444774624920402","0","0","0","0","0","0","0","0.0790474372905915","70","30"
"110","100","0.4","0.35","144","5","single","60","0.2","0.5","0.1","1","0.05","500","2000","0.5","0.01","true","false","all","5","8","1.5","0.3","1","coherence","0.3","0.8","0.3","3000","441","24.690474650643225","81.84729431929179","0.4547071906627322","84.90520417910534","75.35830828313097","0.47169557877280743","0.41865726823961646","12.983267373816949","11.448728466418913","16.563858157745695","0.6911873041526371","1820.5952887173821","1233.2209229282648","3191.135475558653","0.38645207399487563","0.13303858367114052","0","0","0","0","0","0","0","0.08101814892045275","70","30"
"111","100","0.4","0.35","144","5","single","60","0.2","0.5","0.1","1","0.05","500","2000","0.5","0.01","true","false","all","5","8","1.5","0.3","1","coherence","0.3","0.8","0.3","3000","0","9.775038762119564","75.34766791539883","0.41859815508554904","80.32189962384233","60.72070573476597","0.44623277568801295","0.3373372540820332","13.437181680044922","11.504434141508654","17.946925936629555","0.6410253311419859","2410.4044240128947","1169.6209880139018","5305.5657746772085","0.22045169877948811","0.14268024343012287","0","0","0","0","0","0","0","0.08510029865229939","70","30"
"112","100","0.4","0.35","144","5","single","60","0.2","0.5","0.1","1","0.05","500","2000","0.5","0.01","true","false","all","5","8","1.5","0.3","1","coherence","0.3","0.8","0.3","3000","0","14.048382744495512","85.32346859918918","0.4740192699954955","85.47385004935774","84.99181686427984","0.47485472249643185","0.4721767603571102","13.754015895859279","11.400624171073241","19.245263253693363","0.5923859819836623","2549.602197005936","1266.5386948438597","5543.417035384116","0.2284761703403211","0.17205933745396096","0","0","0","0","0","0","0","0.07617131904297435","70","30"
"113","100","0.4","0.35","144","5","single","60","0.2","0.5","0.1","1","0.05","500","2000","0.5","0.01","true","false","all","5","8","1.5","0.3","1","coherence","0.3","0.8","0.3","3000","471","18.23898775370884","94.27427231754955","0.5237459573197197","88.44131096869263","107.57045795212103","0.49134061649273686","0.5976136552895613","13.621937167652753","11.441433808820925","18.709778338260357","0.6115216119596611","2285.1229033555487","1047.6230058312165","5172.62266424566","0.20253226918573125","0.16077954893308877","0","0","0","0","0","0","0","0.08432765722022922","70","30"
"114","100","0.4","0.35","144","5","single","60","0.2","0.5","0.1","1","0.05","500","2000","0.5","0.01","true","false","all","5","8","1.5","0.3","1","coherence","0.3","0.8","0.3","3000","0","17.877200893677895","81.66092203485685","0.4536717890825381","84.84539385954398","73.61180117806738","0.4713632992196887","0.40895445098926325","13.366554032244245","11.03813949875445","18.79952127705379","0.5871500309014419","2550.493256906211","1109.0323682211322","5913.9019971713915","0.18752971705509835","0.17506100241584144","0","0","0","0","0","0","0","0.10049109836366996","70","30"
"115","100","0.4","0.35","144","5","single","60","0.2","0.5","0.1","1","0.05","500","2000","0.5","0.01","true","false","all","5","8","1.5","0.3","1","coherence","0.3","0.8","0.3","3000","0","21.77976828258059","71.07640445495288","0.3948689136386271","72.06409655829613","63.40655394339703","0.40035609199053407","0.3522586330188724","12.84669818083821","11.196582707672047","16.696967618225923","0.6705758173388434","2551.6299116602695","1272.9412201730395","5535.236858463803","0.22997050581974904","0.13537617384795997","0","0","0","0","0","0","0","0.0951311495956693","70","30"
"116","100","0.4","0.35","144","5","single","60","0.2","0.5","0.1","1","0.05","500","2000","0.5","0.01","true","false","all","5","8","1.5","0.3","1","coherence","0.3","0.8","0.3","3000","851","20.50133586993637","95.71297871363684","0.5317387706313158","92.16551505863218","104.0495543142261","0.5120306392146232","0.5780530795234783","13.484902375554823","11.17009875089205","18.886110833101302","0.5914451550985524","1944.3635072392424","998.4995617134351","4151.379380132791","0.2405223590240735","0.16290308648298413","0","0","0","0","0","0","0","0.07471851006830395","70","30"
"117","100","0.4","0.35","144","5","single","60","0.2","0.5","0.1","1","0.05","500","2000","0.5","0.01","true","false","all","5","8","1.5","0.3","1","coherence","0.3","0.8","0.3","3000","0","17.326760650604584","83.68526440265595","0.4649181355703108","80.17521783896545","90.90842080780058","0.4454178768831414","0.5050467822655588","13.979406306807878","11.364320221122426","20.081273840073933","0.5659163015069262","2603.828917406674","1035.6793060294456","6262.844677286876","0.16536883148092246","0.18037048940366818","0","0","0","0","0","0","0","0.08102721144614955","70","30"
"118","100","0.4","0.35","144","5","single","60","0.2","0.5","0.1","1","0.05","500","2000","0.5","0.01","true","false","all","5","8","1.5","0.3","1","coherence","0.3","0.8","0.3","3000","65","12.457668890656862","87.80934186459082","0.48782967702550456","90.65945044554717","80.48325910828362","0.5036636135863731","0.44712921726824234","13.562154355127705","11.452056595500617","18.48571579425756","0.6195084206075542","2332.6082973051643","1208.718519483703","4955.017778888576","0.24393828103575874","0.15871498152503682","0","0","0","0","0","0","0","0.09435209725605215","70","30"
"119","100","0.4","0.35","144","5","single","60","0.2","0.5","0.1","1","0.05","500","2000","0.5","0.01","true","false","all","5","8","1.5","0.3","1","coherence","0.3","0.8","0.3","3000","0","24.325224712209547","77.2400774937419","0.4291115416318994","86.65744897490323","54.38725531919403","0.48143027208279576","0.30215141843996685","13.196447861072315","11.247853248857849","17.743168622906065","0.6339258498810127","2342.2464871483885","1046.2534625883309","5366.230211121858","0.19496991769378488","0.14948069230916894","0","0","0","0","0","0","0","0.07254555607430135","70","30"
"120","100","0.4","0.35","144","5","single","60","0.2","0.5","0.1","1","0.05","500","2000","0.5","0.01","true","false","all","5","8","1.5","0.3","1","coherence","0.3","0.8","0.3","3000","0","11.348877695724298","90.15431917845524","0.5008573287691958","86.1696470502661","86.89545630110774","0.47872026139036716","0.4827525350061541","13.200181575369195","11.220220872637759","17.820089881742554","0.6296388484624512","2414.825404263573","1205.3107256589878","5237.026321007604","0.2301517410412949","0.14744102539117332","0","0","0","0","0","0","0","0.06446343515023632","70","30"
"121","100","0.4","0.35","144","5","single","60","0.2","0.5","0.1","1","0.05","500","2000","0.5","0.01","true","false","all","5","8","1.5","0.3","1","coherence","0.3","0.8","0.5","3000","115","10.407553090549328","87.9140887766814","0.48841160431489666","90.15184746467796","81.52436078573456","0.5008435970259887","0.4529131154763031","15.093272717859314","11.214265029583334","18.972280406135305","0.5910868271774457","3289.1824132315883","1120.6023658355757","5457.762460627598","0.20532267095162587","0.17419558190065243","0","0","0","0","0","0","0","0.07643026328338101","50","50"
"122","100","0.4","0.35","144","5","single","60","0.2","0.5","0.1","1","0.05","500","2000","0.5","0.01","true","false","all","5","8","1.5","0.3","1","coherence","0.3","0.8","0.5","3000","144","24.237331609963903","74.8693573652874","0.41594087425159665","75.5645779138064","73.9803474938705","0.4198032106322578","0.41100193052150275","15.233194800602895","11.421612505975913","19.044777095229886","0.5997241369045304","3438.962166839934","1136.499155833647","5741.425177846224","0.19794722052965621","0.16853709197097722","0","0","0","0","0","0","0","0.07556431875290533","50","50"
"123","100","0.4","0.35","144","5","single","60","0.2","0.5","0.1","1","0.05","500","2000","0.5","0.01","true","false","all","5","8","1.5","0.3","1","coherence","0.3","0.8","0.5","3000","84","19.68792304248349","76.36434496672432","0.42424636092624624","80.8314464200256","72.26206705383483","0.44906359122236444","0.40145592807686015","14.830395195268622","11.147056610050061","18.51373378048719","0.6020966241719784","3612.3916508834764","1058.4947802518668","6166.288521515086","0.1716583284351069","0.17188887507424533","0","0","0","0","0","0","0","0.08449892638220578","50","50"
"124","100","0.4","0.35","144","5","single","60","0.2","0.5","0.1","1","0.05","500","2000","0.5","0.01","true","false","all","5","8","1.5","0.3","1","coherence","0.3","0.8","0.5","3000","56","17.228579251001037","75.66970022539768","0.4203872234744315","87.83720624052604","63.89166055182265","0.4879844791140336","0.3549536697323481","14.432751856459221","11.406490852260468","17.459012860657985","0.6533296551928072","3338.182318530708","1266.7393297988306","5409.62530726259","0.2341639684541911","0.14540213619537967","0","0","0","0","0","0","0","0.08470937945037713","50","50"
"125","100","0.4","0.35","144","5","single","60","0.2","0.5","0.1","1","0.05","500","2000","0.5","0.01","true","false","all","5","8","1.5","0.3","1","coherence","0.3","0.8","0.5","3000","185","31.671731752166842","63.809983884824334","0.3544999104712463","70.37128818250946","57.22151636677593","0.39095160101394144","0.3178973131487552","14.305396575238017","11.676671977344256","16.93412117313176","0.6895351614626954","3290.6546272584046","1333.8790015821546","5247.430252934653","0.25419661382562936","0.12681020854631853","0","0","0","0","0","0","0","0.08959781377516009","50","50"
"126","100","0.4","0.35","144","5","single","60","0.2","0.5","0.1","1","0.05","500","2000","0.5","0.01","true","false","all","5","8","1.5","0.3","1","coherence","0.3","0.8","0.5","3000","116","14.155969540522335","99.50900201106991","0.5528277889503884","93.40915501025243","105.60866957960276","0.5189397500569579","0.5867148309977931","15.348955382104522","11.472024613239665","19.22588615096937","0.5966967932274606","3805.0323461519974","1048.0613352127416","6562.003357091253","0.15971667159849143","0.17333253698343665","0","0","0","0","0","0","0","0.09995084013184921","50","50"
"127","100","0.4","0.35","144","5","single","60","0.2","0.5","0.1","1","0.05","500","2000","0.5","0.01","true","false","all","5","8","1.5","0.3","1","coherence","0.3","0.8","0.5","3000","26","16.281776573973545","96.69659180939347","0.5372032878299637","85.77283996504372","102.15681648263256","0.4765157775835762","0.5675378693479587","15.347304581504838","11.523801233149088","19.170807929860594","0.6011119236763898","3226.4632961009715","1145.251419045523","5307.675173156422","0.21577270305417984","0.17656741273334675","0","0","0","0","0","0","0","0.0892374459714362","50","50"
"128","100","0.4","0.35","144","5","single","60","0.2","0.5","0.1","1","0.05","500","2000","0.5","0.01","true","false","all","5","8","1.5","0.3","1","coherence","0.3","0.8","0.5","3000","0","12.90692441810367","82.90685599753277","0.46059364443073764","86.2961695710987","77.06584039716111","0.47942316428388165","0.4281435577620062","14.61745446580115","11.614562775451677","17.620346156150617","0.6591563339632496","3258.7272639995604","1244.771757307213","5272.682770691911","0.23607939476773548","0.1487565634661201","0","0","0","0","0","0","0","0.08370413276148751","50","50"
"129","100","0.4","0.35","144","5","single","60","0.2","0.5","0.1","1","0.05","500","2000","0.5","0.01","true","false","all","5","8","1.5","0.3","1","coherence","0.3","0.8","0.5","3000","0","15.693675743409813","91.27620148776053","0.5070900082653362","89.81892598126495","89.75038372081774","0.49899403322924973","0.4986132428934319","15.211658372872762","11.511871871297949","18.91144487444756","0.608725136959385","3514.1486085411375","1395.0344303992658","5633.262786683008","0.24764234924334033","0.16543509029950698","0","0","0","0","0","0","0","0.08102480812798409","50","50"
"130","100","0.4","0.35","144","5","single","60","0.2","0.5","0.1","1","0.05","500","2000","0.5","0.01","true","false","all","5","8","1.5","0.3","1","coherence","0.3","0.8","0.5","3000","0","22.24554207606289","77.51686919647666","0.43064927331375924","84.92702226356005","68.14498087027972","0.47181679035311136","0.37858322705710956","14.450223242333003","11.339502704844783","17.560943779821226","0.6457228522008412","3688.365959967603","1115.2421691133156","6261.489750821887","0.1781113143189172","0.14559487366981827","0","0","0","0","0","0","0","0.0763017018478863","50","50"
"131","100","0.4","0.35","144","5","single","60","0.2","0.5","0.1","1","0.05","500","2000","0.5","0.01","true","false","all","5","8","1.5","0.3","1","coherence","0.3","0.8","0.5","3000","0","14.262577493261233","90.3265841062943","0.5018143561460795","87.84915436872551","91.05978420301632","0.4880508576040306","0.5058876900167574","14.611254932167194","10.824761481360854","18.397748382973546","0.5883742540678933","3285.827235950113","970.7194386456986","5600.935033254525","0.17331381865389084","0.16990909218614347","0","0","0","0","0","0","0","0.08579177052296165","50","50"
"133","100","0.4","0.35","144","5","single","60","0.2","0.5","0.1","1","0.05","500","2000","0.5","0.01","true","false","all","5","8","1.5","0.3","1","coherence","0.3","0.8","0.5","3000","0","12.46575335201328","81.96074056165236","0.4553374475647353","77.9109300757114","84.78389060353484","0.43283850042061894","0.47102161446408247","15.937929692692085","11.639155405423432","20.236703979960744","0.5751507467297553","3473.1974316794663","1142.8284616809174","5803.566401678016","0.19691830550099085","0.1970512827116233","0","0","0","0","0","0","0","0.07916360103723243","50","50"
"132","100","0.4","0.35","144","5","single","60","0.2","0.5","0.1","1","0.05","500","2000","0.5","0.01","true","false","all","5","8","1.5","0.3","1","coherence","0.3","0.8","0.5","3000","238","21.124635013108318","85.23618968106456","0.47353438711702533","97.4940400474226","73.22193898412117","0.5416335558190144","0.40678854991178426","14.184473994368156","11.147605788200616","17.221342200535677","0.6473134125314497","2530.160919220753","1035.1040204229548","4025.21781801855","0.25715478446642026","0.1419183431531137","0","0","0","0","0","0","0","0.08134434219368158","50","50"
"134","100","0.4","0.35","144","5","single","60","0.2","0.5","0.1","1","0.05","500","2000","0.5","0.01","true","false","all","5","8","1.5","0.3","1","coherence","0.3","0.8","0.5","3000","0","19.015271489947793","73.15439209400745","0.4064132894111525","87.846657999461","55.63088914085979","0.4880369888858945","0.30906049522699885","14.301838105906954","10.942348648814688","17.66132756299922","0.6195654664001079","2989.663789917727","971.8064725290077","5007.5211073064465","0.19406937119267464","0.15752588711321014","0","0","0","0","0","0","0","0.09650799261193752","50","50"
"135","100","0.4","0.35","144","5","single","60","0.2","0.5","0.1","1","0.05","500","2000","0.5","0.01","true","false","all","5","8","1.5","0.3","1","coherence","0.3","0.8","0.5","3000","336","32.323012351905","58.54320631772544","0.32524003509847466","70.26773362995418","47.0944342327447","0.3903762979441899","0.26163574573747056","13.620168196220536","10.91811249061243","16.322223901828654","0.6689108393733786","2674.7998253421097","1106.4516178312222","4243.148032852994","0.26076196476399394","0.12152105833272175","0","0","0","0","0","0","0","0.07771493524210193","50","50"
"136","100","0.4","0.35","144","5","single","60","0.2","0.5","0.1","1","0.05","500","2000","0.5","0.01","true","false","all","5","8","1.5","0.3","1","coherence","0.3","0.8","0.5","3000","753","22.83842675796363","104.5090028781334","0.5806055715451856","94.05414519373197","112.75625137780281","0.5225230288540665","0.6264236187655712","15.268902024626655","11.396514667794932","19.141289381458378","0.5953890796319297","3551.7889630174045","1068.5795587450193","6034.998367289787","0.17706376931878112","0.1769986958803318","0","0","0","0","0","0","0","0.08271633163339207","50","50"
"137","100","0.4","0.35","144","5","single","60","0.2","0.5","0.1","1","0.05","500","2000","0.5","0.01","true","false","all","5","8","1.5","0.3","1","coherence","0.3","0.8","0.5","3000","0","18.39580319253922","72.51814240008868","0.40287856888938156","77.83764587947206","67.03503617305235","0.432431365997067","0.3724168676280686","13.831193448892712","10.815516269736928","16.846870628048478","0.6419896316963516","3101.7783917079378","1147.7801015493928","5055.776681866481","0.22702349683800863","0.1331884185232861","0","0","0","0","0","0","0","0.0784167113538833","50","50"
"138","100","0.4","0.35","144","5","single","60","0.2","0.5","0.1","1","0.05","500","2000","0.5","0.01","true","false","all","5","8","1.5","0.3","1","coherence","0.3","0.8","0.5","3000","0","16.92779183432802","101.24946907690374","0.562497050427243","86.12811999163269","97.33192025981661","0.47848955550907046","0.5407328903323145","15.203716876931473","11.374361913807078","19.033071840055882","0.5976104125172937","2928.502748859598","1091.587481590685","4765.418016128509","0.2290643712463877","0.17619309191269017","0","0","0","0","0","0","0","0.0830009426269422","50","50"
"139","100","0.4","0.35","144","5","single","60","0.2","0.5","0.1","1","0.05","500","2000","0.5","0.01","true","false","all","5","8","1.5","0.3","1","coherence","0.3","0.8","0.5","3000","411","20.23013085491398","65.46389009596109","0.36368827831089495","64.85364908632178","66.40663381534274","0.3602980504795654","0.3689257434185708","14.138565220611985","11.44338343892509","16.83374700229888","0.6797882513835058","3360.6830746756827","1100.8297342657613","5620.536415085604","0.19585848270836176","0.1300638129208742","0","0","0","0","0","0","0","0.07973089881706505","50","50"
"140","100","0.4","0.35","144","5","single","60","0.2","0.5","0.1","1","0.05","500","2000","0.5","0.01","true","false","all","5","8","1.5","0.3","1","coherence","0.3","0.8","0.5","3000","101","28.423770638377917","66.0412140445223","0.3668956335806795","67.7999837743627","62.87932455563431","0.37666657652423724","0.34932958086463506","14.606897240192845","10.674157860149617","18.539636620236077","0.5757479544393409","3584.3889194197563","967.9472442252155","6200.830594614302","0.15609961108531512","0.174041917464544","0","0","0","0","0","0","0","0.07612556592481251","50","50"
"141","100","0.4","0.35","144","5","single","60","0.2","0.5","0.1","1","0.05","500","2000","0.5","0.01","true","false","all","5","8","1.5","0.3","1","coherence","0.3","0.8","0.5","3000","291","21.8798095135232","77.29891159450068","0.429438397747226","91.83672986426205","58.264903506569766","0.5102040548014558","0.32369390836983203","14.140249843229345","11.494207124226877","16.7862925622318","0.6847376859192951","3061.275303894922","1430.3643687106885","4692.186239079159","0.3048396410180423","0.1280208147609485","0","0","0","0","0","0","0","0.07831654349652889","50","50"
"142","100","0.4","0.35","144","5","single","60","0.2","0.5","0.1","1","0.05","500","2000","0.5","0.01","true","false","all","5","8","1.5","0.3","1","coherence","0.3","0.8","0.5","3000","0","16.259710897236232","73.78250873151477","0.4099028262861931","75.32940878174871","71.81686667674064","0.4184967154541595","0.3989825926485591","14.786418029660299","11.340951052111764","18.231885007208845","0.6220394132382677","3654.508788062635","1173.3561962365377","6135.661379888736","0.19123548768231002","0.16047022945756106","0","0","0","0","0","0","0","0.08692543446454974","50","50"
"143","100","0.4","0.35","144","5","single","60","0.2","0.5","0.1","1","0.05","500","2000","0.5","0.01","true","false","all","5","8","1.5","0.3","1","coherence","0.3","0.8","0.5","3000","1218","26.064679082917266","99.0687078889418","0.5503817104941211","89.27246121139498","108.81071957944292","0.49595811784108323","0.6045039976635718","14.812097156023524","11.411718152989522","18.21247615905752","0.6265879528585788","2572.2087186892923","1001.8388902976667","4142.578547080917","0.24183944345572306","0.15829560430990508","0","0","0","0","0","0","0","0.07391986635610981","50","50"
"144","100","0.4","0.35","144","5","single","60","0.2","0.5","0.1","1","0.05","500","2000","0.5","0.01","true","false","all","5","8","1.5","0.3","1","coherence","0.3","0.8","0.5","3000","0","9.613447705664015","82.43258028887612","0.4579587793826451","89.1623704032999","75.85671658749888","0.49534650224055504","0.4214262032638827","15.023641360656589","11.221756051359932","18.825526669953252","0.5960925422219701","3557.067892728569","1189.8799655838466","5924.255819873291","0.20084884950314247","0.17293156219017813","0","0","0","0","0","0","0","0.09587699438701237","50","50"
"145","100","0.4","0.35","144","5","single","60","0.2","0.5","0.1","1","0.05","500","2000","0.5","0.01","true","false","all","5","8","1.5","0.3","1","coherence","0.3","0.8","0.5","3000","161","14.10345600518518","92.07833811736481","0.511546322874249","86.56599905897201","97.82399143473822","0.48092221699428894","0.543466619081879","14.399719228911259","11.205539063833244","17.593899393989272","0.6368991212750411","2893.7706843181954","1112.7219584683316","4674.81941016806","0.2380245867996705","0.14844908976924898","0","0","0","0","0","0","0","0.08092036737243313","50","50"
"146","100","0.4","0.35","144","5","single","60","0.2","0.5","0.1","1","0.05","500","2000","0.5","0.01","true","false","all","5","8","1.5","0.3","1","coherence","0.3","0.8","0.5","3000","154","21.462030069432004","70.45792134384284","0.3914328963546824","73.2702245836957","68.13084618251877","0.40705680324275384","0.37850470101399314","14.625547254126705","11.243049911363409","18.00804459689","0.624334854951719","3295.3338013878924","847.216704674408","5743.450898101375","0.1475100457382641","0.1528133140471961","0","0","0","0","0","0","0","0.09015647958071393","50","50"
"147","100","0.4","0.35","144","5","single","60","0.2","0.5","0.1","1","0.05","500","2000","0.5","0.01","true","false","all","5","8","1.5","0.3","1","coherence","0.3","0.8","0.5","3000","0","9.862269704550272","102.69833770190449","0.5705463205661361","98.0192307850097","101.91083732281535","0.5445512821389428","0.5661713184600853","14.845382189631529","11.281141642984373","18.409622736278685","0.6127850529361114","3546.681555339137","1292.1195128797979","5801.243597798477","0.22273146974385735","0.16034990919752357","0","0","0","0","0","0","0","0.06927146193302773","50","50"
"148","100","0.4","0.35","144","5","single","60","0.2","0.5","0.1","1","0.05","500","2000","0.5","0.01","true","false","all","5","8","1.5","0.3","1","coherence","0.3","0.8","0.5","3000","0","13.366524305413805","81.87033960733086","0.454835220040727","81.9857060692126","75.41196369424836","0.4554761448289589","0.41895535385693533","15.135700148687267","11.252459957543376","19.018940339831143","0.5916449474305085","3511.2406440862223","1161.6525194074707","5860.828768764972","0.1982061864012214","0.17563331523372483","0","0","0","0","0","0","0","0.08643553138447121","50","50"
"149","100","0.4","0.35","144","5","single","60","0.2","0.5","0.1","1","0.05","500","2000","0.5","0.01","true","false","all","5","8","1.5","0.3","1","coherence","0.3","0.8","0.5","3000","0","18.253580637828506","100.29240946927285","0.5571800526070714","90.65426560458957","105.80212896023303","0.5036348089143865","0.587789605334628","15.212705469637408","11.296500571690396","19.128910367584425","0.5905459513696759","3717.4690329250934","1341.2508671383841","6093.687198711801","0.2201049747715838","0.17472526059110693","0","0","0","0","0","0","0","0.0834506990700265","50","50"
"150","100","0.4","0.35","144","5","single","60","0.2","0.5","0.1","1","0.05","500","2000","0.5","0.01","true","false","all","5","8","1.5","0.3","1","coherence","0.3","0.8","0.5","3000","19","10.428569820430639","83.51961023398843","0.46399783463326905","82.38248705729569","85.7549438188232","0.4576804836516427","0.47641635454901776","14.777638697922164","10.791091664207839","18.76418573163647","0.5750897917202996","3363.411425290072","858.1500715046153","5868.672779075528","0.14622557839045117","0.1747998761695786","0","0","0","0","0","0","0","0.08214912927805745","50","50"
"151","100","0.4","0.35","144","5","single","60","0.2","0.5","0.1","1","0.05","500","2000","0.5","0.01","true","false","all","5","8","1.5","0.3","1","coherence","0.3","0.8","0.7","3000","0","17.241728607126646","69.35462890081257","0.3853034938934032","73.36601515249073","67.14386533080501","0.40758897306939296","0.37302147406002784","14.887927742954053","10.744956481638761","16.663486854946328","0.6448204133487987","4666.146958685069","914.5602405422982","6273.969837889112","0.14577058292808173","0.11356749287155443","0","0","0","0","0","0","0","0.07020343016024719","30","70"
"152","100","0.4","0.35","144","5","single","60","0.2","0.5","0.1","1","0.05","500","2000","0.5","0.01","true","false","all","5","8","1.5","0.3","1","coherence","0.3","0.8","0.7","3000","22","20.260207753105803","102.66625807900164","0.570368100438898","88.55990355617463","94.68324316920987","0.4919994642009702","0.5260180176067215","15.235922982670397","11.32721626681956","16.91108300374932","0.669810222344023","4149.282063564056","1088.1793948476204","5461.183207299672","0.19925707553504324","0.11172806186010109","0","0","0","0","0","0","0","0.09767434794349233","30","70"
"153","100","0.4","0.35","144","5","single","60","0.2","0.5","0.1","1","0.05","500","2000","0.5","0.01","true","false","all","5","8","1.5","0.3","1","coherence","0.3","0.8","0.7","3000","8","17.23384448458843","98.64877430441837","0.5480487461356576","83.0904365387469","104.31390527791757","0.46161353632637164","0.579521695988431","16.20970601436263","10.833950735259906","18.513601133978096","0.5851887299967969","4552.899951222738","1323.220121718475","5937.048449581705","0.22287507554561092","0.14961575000906935","0","0","0","0","0","0","0","0.08938754449756392","30","70"
"154","100","0.4","0.35","144","5","single","60","0.2","0.5","0.1","1","0.05","500","2000","0.5","0.01","true","false","all","5","8","1.5","0.3","1","coherence","0.3","0.8","0.7","3000","0","14.639346930304555","81.2209016431059","0.45122723135058834","90.73466115534143","70.53011041157062","0.5040814508630079","0.3918339467309479","15.744328358500296","11.541683521351057","17.54546186013568","0.657815885005253","4250.261546798767","1064.6349228112226","5615.530099936285","0.18958760862546212","0.1274418982780685","0","0","0","0","0","0","0","0.07397620726801672","30","70"
"155","100","0.4","0.35","144","5","single","60","0.2","0.5","0.1","1","0.05","500","2000","0.5","0.01","true","false","all","5","8","1.5","0.3","1","coherence","0.3","0.8","0.7","3000","0","9.9205287890547","68.8306816255761","0.382392675697645","81.8022919722055","61.79023513152823","0.45445717762336385","0.3432790840640457","14.797950441490181","11.114162335370859","16.37671677268419","0.6786563198008595","3751.8731282453346","952.5784954460846","4951.570828016441","0.1923790507158473","0.10193949948668668","0","0","0","0","0","0","0","0.07502299128772706","30","70"
"156","100","0.4","0.35","144","5","single","60","0.2","0.5","0.1","1","0.05","500","2000","0.5","0.01","true","false","all","5","8","1.5","0.3","1","coherence","0.3","0.8","0.7","3000","303","15.776353689344703","97.09925301868991","0.5394402945482772","100.94668941006648","95.42624558993978","0.560814941167036","0.5301458088329988","14.935802810019197","11.439822194218085","16.434080216791106","0.6961035873811626","3715.0010380549884","1387.551446429367","4712.479434465969","0.2944419101929954","0.09758520028550066","0","0","0","0","0","0","0","0.0801610631971394","30","70"
"157","100","0.4","0.35","144","5","single","60","0.2","0.5","0.1","1","0.05","500","2000","0.5","0.01","true","false","all","5","8","1.5","0.3","1","coherence","0.3","0.8","0.7","3000","0","13.051768204358694","65.22452508569073","0.3623584726982818","83.85955615880053","52.94451584562917","0.4658864231044474","0.29413619914238426","15.261330684241758","11.434790787763047","16.901276354161215","0.6765637427700967","4363.736009177717","1232.2845222855312","5705.786646417225","0.21597101305204017","0.1138240514351958","0","0","0","0","0","0","0","0.08879504727333297","30","70"
"158","100","0.4","0.35","144","5","single","60","0.2","0.5","0.1","1","0.05","500","2000","0.5","0.01","true","false","all","5","8","1.5","0.3","1","coherence","0.3","0.8","0.7","3000","1991","26.964620642302236","96.46546430287272","0.5359192461270706","84.26856424246996","101.77901238726986","0.46815869023594425","0.5654389577070548","25.883646015805358","20.573110544361523","28.15958978928127","0.7305898522780512","2945.9763309800474","795.9685086112875","3867.408254852373","0.2058144514773166","0.093677929672221","0","0","0","0","0","0","0","0.0771727876548929","30","70"
"160","100","0.4","0.35","144","5","single","60","0.2","0.5","0.1","1","0.05","500","2000","0.5","0.01","true","false","all","5","8","1.5","0.3","1","coherence","0.3","0.8","0.7","3000","21","22.15670105959481","65.79652742692998","0.3655362634829444","66.62090388822824","65.3378447541681","0.37011613271237914","0.36298802641204503","15.754000731682455","11.806780774522501","17.44566642760815","0.6767744197973435","4208.06707944223","2005.6937094730347","5151.941380857601","0.38930833276273874","0.11793190486562444","0","0","0","0","0","0","0","0.08082296581001512","30","70"
"159","100","0.4","0.35","144","5","single","60","0.2","0.5","0.1","1","0.05","500","2000","0.5","0.01","true","false","all","5","8","1.5","0.3","1","coherence","0.3","0.8","0.7","3000","6","18.584722532716683","74.47399762337999","0.4137444312409999","70.93017315899374","76.11730998260546","0.39405651754996524","0.4228739443478081","16.375105583404217","11.36266332275394","18.5232951236829","0.6134255944681379","4263.595401023615","1054.2966391918078","5639.0091560943865","0.18696487450323995","0.1453454481994374","0","0","0","0","0","0","0","0.08097563060991722","30","70"
"161","100","0.4","0.35","144","5","single","60","0.2","0.5","0.1","1","0.05","500","2000","0.5","0.01","true","false","all","5","8","1.5","0.3","1","coherence","0.3","0.8","0.7","3000","0","23.943356074998547","70.61171651659318","0.3922873139810732","90.01918955945781","60.866386895591404","0.5001066086636545","0.3381465938643967","14.765208153333024","10.769858211246632","16.47750098565577","0.6536099266886506","3890.3438103923877","978.633439509106","5138.219683628079","0.19046158003468172","0.10639961368646667","0","0","0","0","0","0","0","0.07814094947691914","30","70"
"162","100","0.4","0.35","144","5","single","60","0.2","0.5","0.1","1","0.05","500","2000","0.5","0.01","true","false","all","5","8","1.5","0.3","1","coherence","0.3","0.8","0.7","3000","0","11.62147988819028","67.87098787218918","0.3770610437343843","70.82730929028517","66.6353906967764","0.3934850516126954","0.3701966149820911","15.733228756743253","11.716306435355664","17.45476689448079","0.6712382070860176","4759.099949000335","1403.279387222792","6197.308761190709","0.22643367327613603","0.12007665481079677","0","0","0","0","0","0","0","0.08286224246125978","30","70"
"163","100","0.4","0.35","144","5","single","60","0.2","0.5","0.1","1","0.05","500","2000","0.5","0.01","true","false","all","5","8","1.5","0.3","1","coherence","0.3","0.8","0.7","3000","190","24.19662486744943","103.2757577894589","0.5737542099414383","111.1388376825771","99.97514874048493","0.6174379871254284","0.555417493002694","15.018079090645369","10.950032018902903","16.761527835677857","0.6532836461122086","4486.013645335368","884.0012036125406","6029.733263216578","0.14660701643391896","0.11591161652781157","0","0","0","0","0","0","0","0.07629099769113397","30","70"
"164","100","0.4","0.35","144","5","single","60","0.2","0.5","0.1","1","0.05","500","2000","0.5","0.01","true","false","all","5","8","1.5","0.3","1","coherence","0.3","0.8","0.7","3000","3","13.584937206920387","100.60468171061179","0.5589148983922877","73.68862957564497","112.09238626614935","0.4093812754202498","0.6227354792563853","15.230558574421286","11.45044597240178","16.850606832429655","0.6795272174035267","3656.718013029806","1368.815920676068","4637.247481181407","0.2951785355927008","0.10655151229613535","0","0","0","0","0","0","0","0.08736979863763993","30","70"
"165","100","0.4","0.35","144","5","single","60","0.2","0.5","0.1","1","0.05","500","2000","0.5","0.01","true","false","all","5","8","1.5","0.3","1","coherence","0.3","0.8","0.7","3000","353","23.400368838274943","88.12490838843651","0.48958282438020284","73.89195407107546","87.43663239004846","0.41051085595041925","0.48575906883360254","16.79579058601696","11.198092442579554","19.194804076061565","0.5833918594951976","4261.220283331803","1080.6172640674813","5624.335863016513","0.19213242067800534","0.1616387210975978","0","0","0","0","0","0","0","0.08474592457848064","30","70"
"166","100","0.4","0.35","144","5","single","60","0.2","0.5","0.1","1","0.05","500","2000","0.5","0.01","true","false","all","5","8","1.5","0.3","1","coherence","0.3","0.8","0.7","3000","0","10.311446773166878","74.05750118079064","0.41143056211550355","96.19943366791512","62.165490587863026","0.534441298155084","0.345363836599239","15.292643047615993","11.133652783329456","17.075067446595956","0.6520415112942372","4516.713670534506","1403.5641287733772","5850.920617003561","0.2398877408615717","0.12138623567569895","0","0","0","0","0","0","0","0.07248856326119561","30","70"
"167","100","0.4","0.35","144","5","single","60","0.2","0.5","0.1","1","0.05","500","2000","0.5","0.01","true","false","all","5","8","1.5","0.3","1","coherence","0.3","0.8","0.7","3000","336","20.68229048337588","109.97476700119745","0.6109709277844303","100.46794797779462","112.32466331571933","0.5581552665433035","0.6240259073095519","17.119067223733857","11.175117767655907","19.666474133481547","0.5682318900585552","5397.3652034432735","1173.940656619667","7207.404294939105","0.16287981200721383","0.16253234132137862","0","0","0","0","0","0","0","0.0852640743556127","30","70"
"168","100","0.4","0.35","144","5","single","60","0.2","0.5","0.1","1","0.05","500","2000","0.5","0.01","true","false","all","5","8","1.5","0.3","1","coherence","0.3","0.8","0.7","3000","0","21.60687935896587","87.8534048610722","0.48807447145040117","93.58333020053507","83.50710616901178","0.5199073900029726","0.463928367605621","14.97263418737477","11.708595879765715","16.371507747778633","0.7151812808050251","3799.7313543300497","1357.2240349879103","4846.52020547668","0.28004093193591056","0.09985436897735656","0","0","0","0","0","0","0","0.08817501819767379","30","70"
"169","100","0.4","0.35","144","5","single","60","0.2","0.5","0.1","1","0.05","500","2000","0.5","0.01","true","false","all","5","8","1.5","0.3","1","coherence","0.3","0.8","0.7","3000","116","13.46354164488615","90.2150689500285","0.5011948275001583","85.0553431525927","94.25309550274086","0.47252968418107055","0.5236283083485603","14.893182675022379","11.29470188363844","16.435388728472635","0.6872184205823816","3466.2698749099877","1395.8634282296084","4353.586923487295","0.320623764441","0.09791086910174784","0","0","0","0","0","0","0","0.08429649914550931","30","70"
"170","100","0.4","0.35","144","5","single","60","0.2","0.5","0.1","1","0.05","500","2000","0.5","0.01","true","false","all","5","8","1.5","0.3","1","coherence","0.3","0.8","0.7","3000","15","18.653616017502216","99.5073660327144","0.5528187001817467","87.37628761845284","103.33270516133481","0.4854238201025157","0.5740705842296379","15.373016946074076","11.046495283028426","17.227240515950786","0.6412225610248157","4935.596901323115","997.5415596850459","6623.33490488229","0.1506101645184397","0.11989819977604887","0","0","0","0","0","0","0","0.0661661495070898","30","70"
"171","100","0.4","0.35","144","5","single","60","0.2","0.5","0.1","1","0.05","500","2000","0.5","0.01","true","false","all","5","8","1.5","0.3","1","coherence","0.3","0.8","0.7","3000","0","16.14765056588122","104.73423619702383","0.5818568677612436","113.14011437985332","100.98629433205213","0.6285561909991851","0.5610349685114007","16.25984953176481","11.501286290451116","18.29923377804211","0.6285119054685183","4356.102236943027","1189.6533718900425","5713.151750537163","0.208230662134642","0.1422126937653725","0","0","0","0","0","0","0","0.08700374558132488","30","70"
"172","100","0.4","0.35","144","5","single","60","0.2","0.5","0.1","1","0.05","500","2000","0.5","0.01","true","false","all","5","8","1.5","0.3","1","coherence","0.3","0.8","0.7","3000","200","23.706858991703612","65.56335808820496","0.3642408782678054","79.5333511310705","57.50948867491679","0.44185195072816946","0.31949715930509326","14.969767085108607","10.908451653757584","16.710330841401888","0.6527968690320937","4107.053999958592","978.980629081201","5447.656873191756","0.17970673481636168","0.1097515826352975","0","0","0","0","0","0","0","0.08807959467780664","30","70"
"173","100","0.4","0.35","144","5","single","60","0.2","0.5","0.1","1","0.05","500","2000","0.5","0.01","true","false","all","5","8","1.5","0.3","1","coherence","0.3","0.8","0.7","3000","201","15.859290217153585","96.5773220132604","0.5365406778514467","89.44911043081083","97.40202338605273","0.4969395023933935","0.5411223521447374","16.36039226121756","10.899536260184107","18.70075911880332","0.582839241495004","3462.460129306512","790.7456183974239","4607.480633981833","0.1716221252381159","0.1580645972735124","0","0","0","0","0","0","0","0.0897033474941263","30","70"
"174","100","0.4","0.35","144","5","single","60","0.2","0.5","0.1","1","0.05","500","2000","0.5","0.01","true","false","all","5","8","1.5","0.3","1","coherence","0.3","0.8","0.7","3000","687","24.72932804672692","89.86016844675356","0.49922315803751977","77.60319775000812","95.11238102544326","0.431128876388934","0.5284021168080181","16.69912323028269","11.127384023788306","19.087011461637427","0.5829819951726332","4088.7377664346714","1084.6371750710832","5376.209448447638","0.20174756684456707","0.15824949196063232","0","0","0","0","0","0","0","0.08794421248664527","30","70"
"176","100","0.4","0.35","144","5","single","60","0.2","0.5","0.1","1","0.05","500","2000","0.5","0.01","true","false","all","5","8","1.5","0.3","1","coherence","0.3","0.8","0.7","3000","14","28.76659170299962","71.80826205267594","0.398934789181533","94.36590243072717","60.46985324080777","0.5242550135040399","0.3359436291155987","14.991097875642067","11.295647975496196","16.57486211856173","0.681492726437013","4336.407028117619","1589.8948706356068","5513.483667038483","0.2883648463748155","0.10352272901725956","0","0","0","0","0","0","0","0.09073559356733955","30","70"
"175","100","0.4","0.35","144","5","single","60","0.2","0.5","0.1","1","0.05","500","2000","0.5","0.01","true","false","all","5","8","1.5","0.3","1","coherence","0.3","0.8","0.7","3000","24","25.00880655303237","103.92754667647726","0.5773752593137625","100.20484143719771","103.60577337855712","0.5566935635399873","0.5755876298808729","15.984689807741443","11.079276211178968","18.08700992055394","0.6125543282081447","3867.891903401644","1222.5593268241898","5001.605864791981","0.24443335997948268","0.14452097077641368","0","0","0","0","0","0","0","0.08474493513621527","30","70"
"177","100","0.4","0.35","144","5","single","60","0.2","0.5","0.1","1","0.05","500","2000","0.5","0.01","true","false","all","5","8","1.5","0.3","1","coherence","0.3","0.8","0.7","3000","597","25.76062539736462","109.28780476323139","0.607154470906841","93.7629155986443","115.92601216964525","0.520905086659135","0.6440334009424736","15.104148850128102","11.503638271601904","16.647224812353613","0.6910243840201676","4110.893621611065","1347.9807773293578","5294.999126303224","0.25457620391912483","0.10378354283491853","0","0","0","0","0","0","0","0.08438370746730083","30","70"
"178","100","0.4","0.35","144","5","single","60","0.2","0.5","0.1","1","0.05","500","2000","0.5","0.01","true","false","all","5","8","1.5","0.3","1","coherence","0.3","0.8","0.7","3000","189","27.288141469978214","70.59999611151429","0.39222220061952384","81.8626390892794","65.30867078133063","0.45479243938488556","0.36282594878517016","15.467727830276182","11.378457308357978","17.220272339669705","0.6607594284177403","3736.974471025335","1186.8989361868923","4829.863985956094","0.2457416895461375","0.12179482638515426","0","0","0","0","0","0","0","0.08556357596004582","30","70"
"179","100","0.4","0.35","144","5","single","60","0.2","0.5","0.1","1","0.05","500","2000","0.5","0.01","true","false","all","5","8","1.5","0.3","1","coherence","0.3","0.8","0.7","3000","1","18.806495678234285","87.54456757796585","0.48635870876647697","78.274645826405","91.74394270459632","0.4348591434800278","0.5096885705810906","16.278936442076528","11.231238172061508","18.442235700654397","0.6089954794180936","4516.866142532702","1076.318425430667","5991.386592719288","0.17964429581936933","0.15040953314030925","0","0","0","0","0","0","0","0.08713613524733367","30","70"
"180","100","0.4","0.35","144","5","single","60","0.2","0.5","0.1","1","0.05","500","2000","0.5","0.01","true","false","all","5","8","1.5","0.3","1","coherence","0.3","0.8","0.7","3000","217","27.65519374907288","73.94224996217523","0.41079027756764014","73.0365525328882","72.31299877307409","0.4057586251827122","0.4017388820726338","15.240092872082961","11.637751801546614","16.78395333088424","0.6933856149451944","3826.119242868923","1134.5337151064425","4979.655897624271","0.22783375767946404","0.10600738245137031","0","0","0","0","0","0","0","0.07964894285097288","30","70"
"181","100","0.4","0.35","144","5","single","60","0.2","0.5","0.1","1","0.05","500","2000","0.5","0.01","true","false","all","5","8","1.5","0.3","1","coherence","0.3","0.8","0.9","3000","0","24.83370818274888","105.34119958242879","0.5852288865690488","117.61829341056531","102.67327353951455","0.6534349633920296","0.5704070752195253","16.861685899576152","11.148819531514656","17.496448829360762","0.6372047059518637","5982.468902024061","1149.3164501479753","6519.4858411214045","0.176289431123342","0.0807570444696204","0","0","0","0","0","0","0","0.09330561672252495","10","90"
"182","100","0.4","0.35","144","5","single","60","0.2","0.5","0.1","1","0.05","500","2000","0.5","0.01","true","false","all","5","8","1.5","0.3","1","coherence","0.3","0.8","0.9","3000","1134","29.471769321926473","95.63072570969594","0.5312818094983107","74.91995365390264","97.8741394244706","0.41622196474390355","0.5437452190248366","17.641295895209097","12.050170978646285","18.262531997049404","0.6598302459151434","3935.0834696332536","1581.2723594176382","4196.618037434989","0.3767968267095678","0.11016104627171486","0","0","0","0","0","0","0","0.08185423777737846","10","90"
"183","100","0.4","0.35","144","5","single","60","0.2","0.5","0.1","1","0.05","500","2000","0.5","0.01","true","false","all","5","8","1.5","0.3","1","coherence","0.3","0.8","0.9","3000","0","18.633622777060836","97.92040846086465","0.5440022692270259","81.34246608836739","97.14724309332708","0.4519025893798188","0.5397069060740394","15.968099822056864","10.59007899810438","16.565657691384928","0.6392791155893445","5338.442254358702","1064.8085483060263","5813.29044392011","0.1831679594505152","0.06476625674515324","0","0","0","0","0","0","0","0.0949569754870607","10","90"
"184","100","0.4","0.35","144","5","single","60","0.2","0.5","0.1","1","0.05","500","2000","0.5","0.01","true","false","all","5","8","1.5","0.3","1","coherence","0.3","0.8","0.9","3000","94","34.1807625076562","109.079373557667","0.6059965197648166","116.80619869583998","108.66351065594533","0.6489233260879999","0.6036861703108074","15.910568235222959","10.842986807990053","16.473632838248847","0.6582025297306958","5438.340586845812","1005.7895226813798","5930.846260641857","0.16958617345318436","0.06250827644494827","0","0","0","0","0","0","0","0.08217291557416977","10","90"
"185","100","0.4","0.35","144","5","single","60","0.2","0.5","0.1","1","0.05","500","2000","0.5","0.01","true","false","all","5","8","1.5","0.3","1","coherence","0.3","0.8","0.9","3000","121","30.614459050332172","60.858082373038954","0.3381004576279942","65.54419598307159","59.83080688006282","0.3641344221281755","0.3323933715559046","15.81819388599902","10.903820317552757","16.36423539360415","0.6663201827208158","4742.356113781079","873.7706560230615","5172.198942420862","0.16893601072778747","0.060307612077706185","0","0","0","0","0","0","0","0.08125641674361594","10","90"
"186","100","0.4","0.35","144","5","single","60","0.2","0.5","0.1","1","0.05","500","2000","0.5","0.01","true","false","all","5","8","1.5","0.3","1","coherence","0.3","0.8","0.9","3000","103","32.58408365384851","80.53623325839682","0.44742351810220454","104.81900168367243","78.40446781221961","0.5823277871315135","0.43558037673455335","17.768182415724738","11.12772550679064","18.506010961161856","0.6013033024861028","4996.932515505534","1110.9673109199894","5428.706427126154","0.2046467838763041","0.1147274796236426","0","0","0","0","0","0","0","0.08305709568570575","10","90"
"187","100","0.4","0.35","144","5","single","60","0.2","0.5","0.1","1","0.05","500","2000","0.5","0.01","true","false","all","5","8","1.5","0.3","1","coherence","0.3","0.8","0.9","3000","6","19.452151570318733","114.10578666746218","0.6339210370414565","115.93980998684697","113.74310012001288","0.6441100554824831","0.6319061117778494","16.197865291264538","11.55675513533453","16.71354419747898","0.6914604705492516","5598.84157554871","1734.98053493136","6028.15946895064","0.28781264727115446","0.06720169461455483","0","0","0","0","0","0","0","0.08122501488671953","10","90"
"188","100","0.4","0.35","144","5","single","60","0.2","0.5","0.1","1","0.05","500","2000","0.5","0.01","true","false","all","5","8","1.5","0.3","1","coherence","0.3","0.8","0.9","3000","5","13.313427170579004","54.500400494295164","0.30278000274608424","50.2345177692269","54.184789784080365","0.2790806542734828","0.3010266099115576","15.95563648469348","10.89810853144921","16.517584035053954","0.659788290365045","4992.055117406615","1121.4826698173886","5422.1187226943075","0.20683476832099165","0.061390357180224564","0","0","0","0","0","0","0","0.0710272594482552","10","90"
"189","100","0.4","0.35","144","5","single","60","0.2","0.5","0.1","1","0.05","500","2000","0.5","0.01","true","false","all","5","8","1.5","0.3","1","coherence","0.3","0.8","0.9","3000","292","19.11046157590303","69.03477319219868","0.38352651773443713","81.3026132168603","67.94865903796432","0.45168118453811273","0.3774925502109129","17.369128226498148","11.418861752512676","18.03026894582987","0.6333162187884992","4072.784781815488","1282.965751315198","4382.764674093295","0.29272978284662693","0.10307338237398467","0","0","0","0","0","0","0","0.08503366810449105","10","90"
"190","100","0.4","0.35","144","5","single","60","0.2","0.5","0.1","1","0.05","500","2000","0.5","0.01","true","false","all","5","8","1.5","0.3","1","coherence","0.3","0.8","0.9","3000","115","18.388639792863756","85.3703831215193","0.47427990623066274","128.43544514451457","79.47193801413216","0.7135302508028587","0.4415107667451787","17.0330535883213","11.516319061766099","17.646024091271887","0.6526296803290849","5186.913973897003","1115.8319349346325","5639.256422670602","0.19786862864558377","0.09058514247856353","0","0","0","0","0","0","0","0.09373101374681006","10","90"
"191","100","0.4","0.35","144","5","single","60","0.2","0.5","0.1","1","0.05","500","2000","0.5","0.01","true","false","all","5","8","1.5","0.3","1","coherence","0.3","0.8","0.9","3000","96","21.331120210409132","61.016575594353135","0.3389809755241841","53.62266207360339","55.7126916605094","0.2979036781866855","0.30951495366949666","16.049954959271123","12.15039963375896","16.48323888432804","0.7371366585793607","5156.089522606429","1099.2784729688697","5606.8463058994885","0.19606003321550228","0.06725319703984667","0","0","0","0","0","0","0","0.08571306845721369","10","90"
"192","100","0.4","0.35","144","5","single","60","0.2","0.5","0.1","1","0.05","500","2000","0.5","0.01","true","false","all","5","8","1.5","0.3","1","coherence","0.3","0.8","0.9","3000","118","32.96628275235321","56.043938301503815","0.3113552127861323","67.77472995307018","54.876947410782584","0.37652627751705653","0.30487193005990326","16.04374282380811","10.811583343431405","16.625093877183303","0.6503171304355457","5235.410839285229","911.140796365679","5715.885288498511","0.15940501783670746","0.06520925281499079","0","0","0","0","0","0","0","0.10091000364364962","10","90"
"193","100","0.4","0.35","144","5","single","60","0.2","0.5","0.1","1","0.05","500","2000","0.5","0.01","true","false","all","5","8","1.5","0.3","1","coherence","0.3","0.8","0.9","3000","4","33.730688609357145","107.01125253911623","0.5945069585506457","101.15992347305622","107.6787408651082","0.5619995748503124","0.5982152270283788","16.079140520541785","11.512909384022423","16.586499535710598","0.6941132671927083","5549.986258874528","1105.694495997366","6043.796454749768","0.18294701091867677","0.05868939177966581","0","0","0","0","0","0","0","0.07309623993075968","10","90"
"194","100","0.4","0.35","144","5","single","60","0.2","0.5","0.1","1","0.05","500","2000","0.5","0.01","true","false","all","5","8","1.5","0.3","1","coherence","0.3","0.8","0.9","3000","14","31.416831198494222","118.01842446607282","0.6556579137004045","112.22816034141928","118.2263440743654","0.6234897796745515","0.6568130226353633","16.246126888720944","11.277990169486749","16.79814207974696","0.6713831872564229","5106.748116520975","1293.25608189382","5530.469453701769","0.23384200793807672","0.06923345869723252","0","0","0","0","0","0","0","0.06431135050806398","10","90"
"196","100","0.4","0.35","144","5","single","60","0.2","0.5","0.1","1","0.05","500","2000","0.5","0.01","true","false","all","5","8","1.5","0.3","1","coherence","0.3","0.8","0.9","3000","58","16.05414746436695","73.67286485976607","0.40929369366536705","81.02081826713385","73.49498885010793","0.45011565703963247","0.4083054936117107","17.2466545696894","10.97452350523312","17.943558021295658","0.6116135658384145","5169.543827624726","1330.923354155919","5596.057213565708","0.23783233504646","0.1038420718255435","0","0","0","0","0","0","0","0.07857773417706991","10","90"
"195","100","0.4","0.35","144","5","single","60","0.2","0.5","0.1","1","0.05","500","2000","0.5","0.01","true","false","all","5","8","1.5","0.3","1","coherence","0.3","0.8","0.9","3000","0","14.044869667833822","92.63606850393424","0.5146448250218569","80.87630165644036","94.204990271865","0.44931278698022425","0.5233610570659166","16.99792543134493","11.937402725128528","17.56020573203563","0.679798568837423","5570.448559382566","1639.8696976567699","6007.179544018766","0.27298496501399844","0.08785264585683161","0","0","0","0","0","0","0","0.0882947888155771","10","90"
"197","100","0.4","0.35","144","5","single","60","0.2","0.5","0.1","1","0.05","500","2000","0.5","0.01","true","false","all","5","8","1.5","0.3","1","coherence","0.3","0.8","0.9","3000","51","14.762585010632591","96.3570917718093","0.5353171765100516","78.19626959673539","98.0290515271841","0.4344237199818633","0.5446058418176895","18.081800282965336","10.808435350428834","18.889951942136054","0.5721790814257958","4596.8757506048","1161.939764293907","4978.535304639344","0.23338988139968214","0.12397542452903232","0","0","0","0","0","0","0","0.06733013495584213","10","90"
"198","100","0.4","0.35","144","5","single","60","0.2","0.5","0.1","1","0.05","500","2000","0.5","0.01","true","false","all","5","8","1.5","0.3","1","coherence","0.3","0.8","0.9","3000","107","19.58091403915465","92.02153406382911","0.5112307447990506","108.4444917350033","89.9008477436073","0.6024693985277961","0.49944915413115165","17.974191269259506","12.387891809530506","18.594891209229395","0.6661986709221452","5219.681219841349","1838.8355037796487","5595.330743848206","0.3286374993652268","0.10506509646075912","0","0","0","0","0","0","0","0.08539014502102679","10","90"
"199","100","0.4","0.35","144","5","single","60","0.2","0.5","0.1","1","0.05","500","2000","0.5","0.01","true","false","all","5","8","1.5","0.3","1","coherence","0.3","0.8","0.9","3000","0","18.88540070383047","78.9226233806882","0.4384590187816011","78.90054168882129","78.92741104415177","0.43833634271567384","0.43848561691195426","17.31534614278045","11.005353427111158","18.016456444521477","0.6108500559474733","5124.75324120542","943.7397511333196","5589.310295657876","0.16884726401153202","0.10217279830727888","0","0","0","0","0","0","0","0.0840547575238135","10","90"
"200","100","0.4","0.35","144","5","single","60","0.2","0.5","0.1","1","0.05","500","2000","0.5","0.01","true","false","all","5","8","1.5","0.3","1","coherence","0.3","0.8","0.9","3000","14","17.95030878839212","85.62019730940555","0.47566776283003087","68.80523472619895","87.32095880216104","0.3822513040344386","0.4851164377897836","17.311147447484867","11.486530030209185","17.95832716051551","0.6396213816320436","4436.819992385957","1471.3009193459689","4766.322111612623","0.3086868417393161","0.10388650277481548","0","0","0","0","0","0","0","0.09354114637629266","10","90"
"201","100","0.4","0.35","144","5","single","60","0.2","0.5","0.1","1","0.05","500","2000","0.5","0.01","true","false","all","5","8","1.5","0.3","1","coherence","0.3","0.8","0.9","3000","965","18.230913693999284","90.15719578457534","0.5008733099143075","88.45841098487851","90.10771556637147","0.4914356165826584","0.5005984198131748","16.693253986133442","11.179482212360814","17.305895294330394","0.6459927107049663","5410.119750294591","922.7088227863411","5908.720964462174","0.15616050044264163","0.08105956331483943","0","0","0","0","0","0","0","0.09296156010542893","10","90"
"202","100","0.4","0.35","144","5","single","60","0.2","0.5","0.1","1","0.05","500","2000","0.5","0.01","true","false","all","5","8","1.5","0.3","1","coherence","0.3","0.8","0.9","3000","2271","36.17685764183875","80.93180096457893","0.4496211164698829","110.62097160484299","76.69126570400638","0.6145609533602389","0.42606258724447993","185.54229434233795","175.2378283124406","186.68723501232668","0.9386706504109394","3367.8279602920506","821.2282351579336","3650.7834853069526","0.22494575163470312","0.02351166212471334","0","0","0","0","0","0","0","0.09454910847897702","10","90"
"203","100","0.4","0.35","144","5","single","60","0.2","0.5","0.1","1","0.05","500","2000","0.5","0.01","true","false","all","5","8","1.5","0.3","1","coherence","0.3","0.8","0.9","3000","321","29.265979492578538","96.85331251859269","0.5380739584366261","107.47044960838753","95.66622404310763","0.5970580533799307","0.5314790224617091","17.55052393409848","11.936270855634605","18.174329831705577","0.6567653919657318","5601.577507338964","1484.8556204394388","6058.991050327798","0.24506648187887764","0.1035437862991575","0","0","0","0","0","0","0","0.08929038521453156","10","90"
"204","100","0.4","0.35","144","5","single","60","0.2","0.5","0.1","1","0.05","500","2000","0.5","0.01","true","false","all","5","8","1.5","0.3","1","coherence","0.3","0.8","0.9","3000","757","26.661779815360845","82.50777396305551","0.4583765220169751","69.17360148820703","84.10754580710513","0.3842977860455946","0.46726414337280625","17.483980752243795","11.518319397424463","18.146832013890393","0.6347289371835166","4732.962976241477","1372.8022696279806","5106.3141658652","0.2688440673715141","0.10856805523323532","0","0","0","0","0","0","0","0.08600463491864414","10","90"
"211","100","0.4","0.35","144","5","single","60","0.2","0.5","0.1","1","0.05","500","2000","0.5","0.01","true","false","all","5","8","1.5","0.3","1","entrainment","0.3","0.8","0","3000","316","55.203738319959214","23.376200006588938","0.129867777814383","23.376200006588938","0","0.129867777814383","0","10.467453187289827","10.467453187289827","0","0","883.0132491495791","883.0132491495791","0","0","0.0572995004383996","0","0","0","0","0","0","0","0.08264661662960653","100","0"
"212","100","0.4","0.35","144","5","single","60","0.2","0.5","0.1","1","0.05","500","2000","0.5","0.01","true","false","all","5","8","1.5","0.3","1","entrainment","0.3","0.8","0","3000","126","40.89995491015903","22.735349821652118","0.12630749900917843","22.735349821652118","0","0.12630749900917843","0","10.432634922290287","10.432634922290287","0","0","927.4219966820605","927.4219966820605","0","0","0.055931998830230034","0","0","0","0","0","0","0","0.08943188672444607","100","0"
"205","100","0.4","0.35","144","5","single","60","0.2","0.5","0.1","1","0.05","500","2000","0.5","0.01","true","false","all","5","8","1.5","0.3","1","coherence","0.3","0.8","0.9","3000","12","15.68214406289465","64.97437694049896","0.36096876078054974","76.02017384543774","63.03460919539085","0.42233429914132076","0.35019227330772695","16.406782078484937","11.682101426642408","16.931746595356326","0.6899525315271564","4303.066688946861","803.2064025436131","4691.940054102777","0.17118854744132223","0.08017648159784829","0","0","0","0","0","0","0","0.08359387097805354","10","90"
"206","100","0.4","0.35","144","5","single","60","0.2","0.5","0.1","1","0.05","500","2000","0.5","0.01","true","false","all","5","8","1.5","0.3","1","coherence","0.3","0.8","0.9","3000","58","25.70875353872306","79.33937910872893","0.4407743283818274","79.54916006281594","79.28348297632641","0.4419397781267552","0.4404637943129245","16.16394094722719","10.749415839169561","16.76555484812248","0.6411607570729072","5261.961134058345","1146.8469229709938","5719.196046401383","0.20052589798746448","0.07417262245800771","0","0","0","0","0","0","0","0.07038067452340038","10","90"
"213","100","0.4","0.35","144","5","single","60","0.2","0.5","0.1","1","0.05","500","2000","0.5","0.01","true","false","all","5","8","1.5","0.3","1","entrainment","0.3","0.8","0","3000","91","23.547894701021022","21.68181922354963","0.12045455124194239","21.68181922354963","0","0.12045455124194239","0","10.705828685902159","10.705828685902159","0","0","973.5931828700145","973.5931828700145","0","0","0.05858117895466042","0","0","0","0","0","0","0","0.09520716086995445","100","0"
"214","100","0.4","0.35","144","5","single","60","0.2","0.5","0.1","1","0.05","500","2000","0.5","0.01","true","false","all","5","8","1.5","0.3","1","entrainment","0.3","0.8","0","3000","-1","60.57914343673888","39.72566879859596","0.2206981599921998","39.72566879859596","0","0.2206981599921998","0","2881.607766102334","2881.607766102334","0","0","769.7787892680011","769.7787892680011","0","0","0.02371989205831504","1","1","0","1","1","0","100","0.07323571155401438","100","0"
"215","100","0.4","0.35","144","5","single","60","0.2","0.5","0.1","1","0.05","500","2000","0.5","0.01","true","false","all","5","8","1.5","0.3","1","entrainment","0.3","0.8","0","3000","511","39.24760125166273","25.379623098526963","0.14099790610292756","25.379623098526963","0","0.14099790610292756","0","10.477779650172646","10.477779650172646","0","0","907.9731155989289","907.9731155989289","0","0","0.0456645632355257","0","0","0","0","0","0","0","0.07589245765003012","100","0"
"216","100","0.4","0.35","144","5","single","60","0.2","0.5","0.1","1","0.05","500","2000","0.5","0.01","true","false","all","5","8","1.5","0.3","1","entrainment","0.3","0.8","0","3000","216","39.7243257040868","20.01041553768691","0.11116897520937172","20.01041553768691","0","0.11116897520937172","0","10.449023685163457","10.449023685163457","0","0","884.5667068482118","884.5667068482118","0","0","0.05400682905816323","0","0","0","0","0","0","0","0.08844821515658738","100","0"
"217","100","0.4","0.35","144","5","single","60","0.2","0.5","0.1","1","0.05","500","2000","0.5","0.01","true","false","all","5","8","1.5","0.3","1","entrainment","0.3","0.8","0","3000","461","50.75023261581249","23.393606216188083","0.12996447897882268","23.393606216188083","0","0.12996447897882268","0","10.291422660570909","10.291422660570909","0","0","854.2786947855889","854.2786947855889","0","0","0.05596166687651416","0","0","0","0","0","0","0","0.07097242983566579","100","0"
"218","100","0.4","0.35","144","5","single","60","0.2","0.5","0.1","1","0.05","500","2000","0.5","0.01","true","false","all","5","8","1.5","0.3","1","entrainment","0.3","0.8","0","3000","1211","70.42071005842044","123.20966368405878","0.6844981315781044","123.20966368405878","0","0.6844981315781044","0","10.44319484915247","10.44319484915247","0","0","826.1976613047883","826.1976613047883","0","0","0.04893334499070212","0","0","0","0","0","0","0","0.0840176267501703","100","0"
"219","100","0.4","0.35","144","5","single","60","0.2","0.5","0.1","1","0.05","500","2000","0.5","0.01","true","false","all","5","8","1.5","0.3","1","entrainment","0.3","0.8","0","3000","-1","109.86781209721107","70.86371440440959","0.39368730224671994","70.86371440440959","0","0.39368730224671994","0","2883.7219116970887","2883.7219116970887","0","0","716.8317360324492","716.8317360324492","0","0","0.024109656875967778","1","1","0","1","1","0","100","0.06982161121087384","100","0"
"207","100","0.4","0.35","144","5","single","60","0.2","0.5","0.1","1","0.05","500","2000","0.5","0.01","true","false","all","5","8","1.5","0.3","1","coherence","0.3","0.8","0.9","3000","0","9.586446192025718","107.77596031358084","0.5987553350754491","73.73720450626786","109.06435790602146","0.40965113614593257","0.605913099477897","17.072006939541804","12.073929477498663","17.627348879768835","0.6849543604005074","5097.470009813695","1468.1503200870234","5500.72775311666","0.2669011058137141","0.08840671529910371","0","0","0","0","0","0","0","0.0847814333588206","10","90"
"221","100","0.4","0.35","144","5","single","60","0.2","0.5","0.1","1","0.05","500","2000","0.5","0.01","true","false","all","5","8","1.5","0.3","1","entrainment","0.3","0.8","0","3000","91","20.257776644861906","32.99284671943561","0.1832935928857534","32.99284671943561","0","0.1832935928857534","0","10.549944832197623","10.549944832197623","0","0","867.3588409908803","867.3588409908803","0","0","0.05799757523385063","0","0","0","0","0","0","0","0.07045174711799218","100","0"
"220","100","0.4","0.35","144","5","single","60","0.2","0.5","0.1","1","0.05","500","2000","0.5","0.01","true","false","all","5","8","1.5","0.3","1","entrainment","0.3","0.8","0","3000","-1","92.04612222631798","124.34499446505706","0.6908055248058725","124.34499446505706","0","0.6908055248058725","0","2872.7130268913693","2872.7130268913693","0","0","736.0016226317645","736.0016226317645","0","0","0.022247364584123464","1","1","0","1","1","0","100","0.07999365673058657","100","0"
"222","100","0.4","0.35","144","5","single","60","0.2","0.5","0.1","1","0.05","500","2000","0.5","0.01","true","false","all","5","8","1.5","0.3","1","entrainment","0.3","0.8","0","3000","21","29.745594274347738","25.64344073867611","0.1424635596593117","25.64344073867611","0","0.1424635596593117","0","10.411241597048042","10.411241597048042","0","0","891.5504472850059","891.5504472850059","0","0","0.057305009784419214","0","0","0","0","0","0","0","0.08441897942172044","100","0"
"208","100","0.4","0.35","144","5","single","60","0.2","0.5","0.1","1","0.05","500","2000","0.5","0.01","true","false","all","5","8","1.5","0.3","1","coherence","0.3","0.8","0.9","3000","0","13.337776849680338","98.3682365203815","0.5464902028910084","67.55051514899502","95.71750974245467","0.375280639716639","0.531763943013637","17.583487865953863","11.607847735979714","18.247447880395434","0.636135409842758","5070.473506535201","1583.7425422504894","5457.8880581223875","0.290174977094588","0.10610852227010747","0","0","0","0","0","0","0","0.07336976001674206","10","90"
"223","100","0.4","0.35","144","5","single","60","0.2","0.5","0.1","1","0.05","500","2000","0.5","0.01","true","false","all","5","8","1.5","0.3","1","entrainment","0.3","0.8","0","3000","561","53.69244518158581","29.214065487102545","0.16230036381723636","29.214065487102545","0","0.16230036381723636","0","10.382817190103083","10.382817190103083","0","0","882.37501360319","882.37501360319","0","0","0.05070140052876804","0","0","0","0","0","0","0","0.08688023012518581","100","0"
"225","100","0.4","0.35","144","5","single","60","0.2","0.5","0.1","1","0.05","500","2000","0.5","0.01","true","false","all","5","8","1.5","0.3","1","entrainment","0.3","0.8","0","3000","641","49.612444553905895","37.47979146861655","0.20822106371453636","37.47979146861655","0","0.20822106371453636","0","10.491811062311937","10.491811062311937","0","0","861.9414122096713","861.9414122096713","0","0","0.06056591641231046","0","0","0","0","0","0","0","0.10074256556895582","100","0"
"226","100","0.4","0.35","144","5","single","60","0.2","0.5","0.1","1","0.05","500","2000","0.5","0.01","true","false","all","5","8","1.5","0.3","1","entrainment","0.3","0.8","0","3000","-1","78.48808429097505","37.51081233890787","0.2083934018828215","37.51081233890787","0","0.2083934018828215","0","2891.553249092254","2891.553249092254","0","0","780.6839887212432","780.6839887212432","0","0","0.021079570191097297","1","1","0","1","1","0","100","0.08168039297435715","100","0"
"224","100","0.4","0.35","144","5","single","60","0.2","0.5","0.1","1","0.05","500","2000","0.5","0.01","true","false","all","5","8","1.5","0.3","1","entrainment","0.3","0.8","0","3000","0","28.215497179862297","34.87816256032056","0.19376756977955867","34.87816256032056","0","0.19376756977955867","0","10.39520794468672","10.39520794468672","0","0","898.6050205098488","898.6050205098488","0","0","0.05699581362401385","0","0","0","0","0","0","0","0.0849986124808517","100","0"
"227","100","0.4","0.35","144","5","single","60","0.2","0.5","0.1","1","0.05","500","2000","0.5","0.01","true","false","all","5","8","1.5","0.3","1","entrainment","0.3","0.8","0","3000","-1","84.91845321212672","121.30690473223771","0.6739272485124317","121.30690473223771","0","0.6739272485124317","0","2890.5578917551634","2890.5578917551634","0","0","803.7333196927757","803.7333196927757","0","0","0.023503534424821115","1","1","0","1","1","0","100","0.09127884618350875","100","0"
"228","100","0.4","0.35","144","5","single","60","0.2","0.5","0.1","1","0.05","500","2000","0.5","0.01","true","false","all","5","8","1.5","0.3","1","entrainment","0.3","0.8","0","3000","681","46.08918865836279","26.8303567976766","0.14905753776487","26.8303567976766","0","0.14905753776487","0","10.568920006444012","10.568920006444012","0","0","882.18052771981","882.18052771981","0","0","0.05778121625326249","0","0","0","0","0","0","0","0.07064851622063566","100","0"
"209","100","0.4","0.35","144","5","single","60","0.2","0.5","0.1","1","0.05","500","2000","0.5","0.01","true","false","all","5","8","1.5","0.3","1","coherence","0.3","0.8","0.9","3000","0","11.490467379748097","86.21511281534184","0.47897284897412135","56.70687283652531","87.67551558487207","0.3150381824251406","0.48708619769373374","16.95680553151958","11.562326370045477","17.5561921050167","0.6585896475091277","5832.4891538248585","1534.265937239306","6310.069511223254","0.24314564752581894","0.09122210107457684","0","0","0","0","0","0","0","0.08112246850246996","10","90"
"229","100","0.4","0.35","144","5","single","60","0.2","0.5","0.1","1","0.05","500","2000","0.5","0.01","true","false","all","5","8","1.5","0.3","1","entrainment","0.3","0.8","0","3000","301","29.994821566387586","40.46709488311809","0.22481719379510048","40.46709488311809","0","0.22481719379510048","0","10.708372340744095","10.708372340744095","0","0","806.7818447720493","806.7818447720493","0","0","0.05509064159241284","0","0","0","0","0","0","0","0.07854706472141482","100","0"
"210","100","0.4","0.35","144","5","single","60","0.2","0.5","0.1","1","0.05","500","2000","0.5","0.01","true","false","all","5","8","1.5","0.3","1","coherence","0.3","0.8","0.9","3000","36","20.101986592394226","90.57002272107268","0.5031667928948482","72.04307056561676","92.43361626791724","0.4002392809200931","0.513520090377318","17.15936716720802","11.126362848951711","17.829700980347607","0.6240353027353346","5075.985784746447","1095.5602175598135","5518.255292211629","0.19853380453529731","0.09967991244030339","0","0","0","0","0","0","0","0.07245990407093836","10","90"
"230","100","0.4","0.35","144","5","single","60","0.2","0.5","0.1","1","0.05","500","2000","0.5","0.01","true","false","all","5","8","1.5","0.3","1","entrainment","0.3","0.8","0","3000","921","54.175401850759485","28.315640344953977","0.1573091130275221","28.315640344953977","0","0.1573091130275221","0","10.447268999399066","10.447268999399066","0","0","933.2205671572079","933.2205671572079","0","0","0.06864283345148281","0","0","0","0","0","0","0","0.08212901258287886","100","0"
"231","100","0.4","0.35","144","5","single","60","0.2","0.5","0.1","1","0.05","500","2000","0.5","0.01","true","false","all","5","8","1.5","0.3","1","entrainment","0.3","0.8","0","3000","656","65.8992847487099","25.63203354082784","0.14240018633793244","25.63203354082784","0","0.14240018633793244","0","10.405567023462067","10.405567023462067","0","0","835.2858039772932","835.2858039772932","0","0","0.05656028963298132","0","0","0","0","0","0","0","0.08109855732549733","100","0"
"232","100","0.4","0.35","144","5","single","60","0.2","0.5","0.1","1","0.05","500","2000","0.5","0.01","true","false","all","5","8","1.5","0.3","1","entrainment","0.3","0.8","0","3000","516","52.781943025017","29.10588914458784","0.16169938413659912","29.10588914458784","0","0.16169938413659912","0","10.586258645687193","10.586258645687193","0","0","876.2101188400942","876.2101188400942","0","0","0.06466347227893188","0","0","0","0","0","0","0","0.09407461158037608","100","0"
"233","100","0.4","0.35","144","5","single","60","0.2","0.5","0.1","1","0.05","500","2000","0.5","0.01","true","false","all","5","8","1.5","0.3","1","entrainment","0.3","0.8","0","3000","-1","72.7971383328289","33.360548070954714","0.18533637817197063","33.360548070954714","0","0.18533637817197063","0","2887.0691492233436","2887.0691492233436","0","0","763.7514553143637","763.7514553143637","0","0","0.02451533953244933","1","1","0","1","1","0","100","0.0875568788397454","100","0"
"234","100","0.4","0.35","144","5","single","60","0.2","0.5","0.1","1","0.05","500","2000","0.5","0.01","true","false","all","5","8","1.5","0.3","1","entrainment","0.3","0.8","0","3000","0","27.940216369563743","31.25535992689325","0.17364088848274026","31.25535992689325","0","0.17364088848274026","0","10.604500793352315","10.604500793352315","0","0","984.1445500392884","984.1445500392884","0","0","0.06423872517390006","0","0","0","0","0","0","0","0.08583104910310625","100","0"
"235","100","0.4","0.35","144","5","single","60","0.2","0.5","0.1","1","0.05","500","2000","0.5","0.01","true","false","all","5","8","1.5","0.3","1","entrainment","0.3","0.8","0","3000","671","61.38832859630142","26.517213462168055","0.1473178525676003","26.517213462168055","0","0.1473178525676003","0","10.44175474645146","10.44175474645146","0","0","889.4739486344317","889.4739486344317","0","0","0.05903708510030281","0","0","0","0","0","0","0","0.07997605859895149","100","0"
"236","100","0.4","0.35","144","5","single","60","0.2","0.5","0.1","1","0.05","500","2000","0.5","0.01","true","false","all","5","8","1.5","0.3","1","entrainment","0.3","0.8","0","3000","321","33.42991842339046","147.44211579373058","0.8191228655207254","147.44211579373058","0","0.8191228655207254","0","10.61345022165437","10.61345022165437","0","0","895.2861600554803","895.2861600554803","0","0","0.06580490366779723","0","0","0","0","0","0","0","0.09001340517252691","100","0"
"237","100","0.4","0.35","144","5","single","60","0.2","0.5","0.1","1","0.05","500","2000","0.5","0.01","true","false","all","5","8","1.5","0.3","1","entrainment","0.3","0.8","0","3000","656","28.756488617962432","118.28382856818735","0.6571323809343741","118.28382856818735","0","0.6571323809343741","0","10.657808426231167","10.657808426231167","0","0","855.6197065865736","855.6197065865736","0","0","0.05546109905046315","0","0","0","0","0","0","0","0.08241705908711347","100","0"
"238","100","0.4","0.35","144","5","single","60","0.2","0.5","0.1","1","0.05","500","2000","0.5","0.01","true","false","all","5","8","1.5","0.3","1","entrainment","0.3","0.8","0","3000","961","56.62170114361417","81.49538337834765","0.4527521298797092","81.49538337834765","0","0.4527521298797092","0","10.450752744809952","10.450752744809952","0","0","1006.2656950232256","1006.2656950232256","0","0","0.06137027660982364","0","0","0","0","0","0","0","0.0762012740581377","100","0"
"239","100","0.4","0.35","144","5","single","60","0.2","0.5","0.1","1","0.05","500","2000","0.5","0.01","true","false","all","5","8","1.5","0.3","1","entrainment","0.3","0.8","0","3000","196","19.923419948984602","36.53574107651238","0.20297633931395767","36.53574107651238","0","0.20297633931395767","0","10.551085768100881","10.551085768100881","0","0","1011.7567574748837","1011.7567574748837","0","0","0.06067074704545328","0","0","0","0","0","0","0","0.08175098681659569","100","0"
"240","100","0.4","0.35","144","5","single","60","0.2","0.5","0.1","1","0.05","500","2000","0.5","0.01","true","false","all","5","8","1.5","0.3","1","entrainment","0.3","0.8","0","3000","2041","64.36670266625615","54.17508126464343","0.3009726736924635","54.17508126464343","0","0.3009726736924635","0","26.29550606198729","26.29550606198729","0","0","650.9866968614925","650.9866968614925","0","0","0.02705574905234487","0","0","0","0","0","0","0","0.09630626748019455","100","0"
"242","100","0.4","0.35","144","5","single","60","0.2","0.5","0.1","1","0.05","500","2000","0.5","0.01","true","false","all","5","8","1.5","0.3","1","entrainment","0.3","0.8","0.1","3000","576","66.13131200464434","28.1708861081376","0.15650492282298667","30.344304124382194","8.672132482861807","0.16857946735767887","0.04817851379367671","10.964220715143231","10.434507411621052","15.731640446842885","0.6632815850882929","901.839645388638","877.5504118998446","1120.442746787775","0.7832175400445188","0.08497077858885982","0","0","0","0","0","0","0","0.08735725483853378","90","10"
"241","100","0.4","0.35","144","5","single","60","0.2","0.5","0.1","1","0.05","500","2000","0.5","0.01","true","false","all","5","8","1.5","0.3","1","entrainment","0.3","0.8","0.1","3000","2271","102.98203801984859","40.09365579726152","0.22274253220700843","40.592121922719734","35.999999999999986","0.22551178845955408","0.19999999999999993","173.3325419906935","171.72446913620564","187.80519768108326","0.9143754872419203","693.1005547167209","613.4617300995526","1409.8499762712374","0.43512553847894664","0.026372233508154874","0","0","0","0","0","0","0","0.0897884822718132","90","10"
"243","100","0.4","0.35","144","5","single","60","0.2","0.5","0.1","1","0.05","500","2000","0.5","0.01","true","false","all","5","8","1.5","0.3","1","entrainment","0.3","0.8","0.1","3000","536","64.26444982888778","37.5472001269871","0.20859555626103946","40.54473646718556","10.01988058276844","0.22524853592880867","0.05566600323760244","10.983322818576752","10.435191541981299","15.916504307935863","0.6556208159839707","881.7743546138985","807.7731127637057","1547.785531265636","0.52188956185886","0.0848161565872465","0","0","0","0","0","0","0","0.07504417688981879","90","10"
"244","100","0.4","0.35","144","5","single","60","0.2","0.5","0.1","1","0.05","500","2000","0.5","0.01","true","false","all","5","8","1.5","0.3","1","entrainment","0.3","0.8","0.1","3000","1206","61.26527095515266","39.97490219043583","0.2220827899468657","43.59508325542924","9.193334096280674","0.24219490697460688","0.05107407831267041","11.1758154018672","10.640414327560151","15.994425070630651","0.665257693263282","859.2580678950358","811.0162636246552","1293.4343063284562","0.6270254775650774","0.08222554814543992","0","0","0","0","0","0","0","0.08294087220977826","90","10"
"245","100","0.4","0.35","144","5","single","60","0.2","0.5","0.1","1","0.05","500","2000","0.5","0.01","true","false","all","5","8","1.5","0.3","1","entrainment","0.3","0.8","0.1","3000","-1","94.55144349071195","45.54217043616827","0.2530120579787126","48.710472392331184","14.674585643893971","0.27061373551295104","0.08152547579941095","2895.435543997604","2878.1928231222137","3050.62003187613","0.9434779792461161","775.9079874993987","729.3178750931884","1195.218999155291","0.6101960189794731","0.026770277663403563","1","1","1","1","1","1","100","0.0826739918817564","90","10"
"246","100","0.4","0.35","144","5","single","60","0.2","0.5","0.1","1","0.05","500","2000","0.5","0.01","true","false","all","5","8","1.5","0.3","1","entrainment","0.3","0.8","0.1","3000","71","22.472067442162867","21.730515815128467","0.12072508786182481","23.392722607917666","4.92529234616965","0.12995957004398703","0.027362735256498055","11.145572254719516","10.622074984409732","15.85704768750757","0.6698646049212538","905.1972484420105","842.8232170837629","1466.5635306662396","0.5746926058504128","0.09121054208402835","0","0","0","0","0","0","0","0.08173769485720073","90","10"
"247","100","0.4","0.35","144","5","single","60","0.2","0.5","0.1","1","0.05","500","2000","0.5","0.01","true","false","all","5","8","1.5","0.3","1","entrainment","0.3","0.8","0.1","3000","-1","106.32167175056873","97.06230847479861","0.5392350470822145","105.99507708239196","8.182207431565327","0.588861539346622","0.04545670795314071","2922.2878402606266","2903.3352757839048","3092.860920551121","0.9387215753841771","759.2757640227421","716.3338362680319","1145.7531138151314","0.6252078459405465","0.024729242393167095","1","1","1","1","1","1","100","0.09123215813794175","90","10"
"248","100","0.4","0.35","144","5","single","60","0.2","0.5","0.1","1","0.05","500","2000","0.5","0.01","true","false","all","5","8","1.5","0.3","1","entrainment","0.3","0.8","0.1","3000","441","62.76398641091908","27.3437018466287","0.1519094547034928","29.08981473498384","6.858978351088385","0.16161008186102133","0.03810543528382436","10.93149949318518","10.416136271625264","15.569768487224389","0.6689975050157053","909.9277523172428","869.3387442644957","1275.2288247919707","0.68171196209144","0.08632551663868582","0","0","0","0","0","0","0","0.08527727488817925","90","10"
"249","100","0.4","0.35","144","5","single","60","0.2","0.5","0.1","1","0.05","500","2000","0.5","0.01","true","false","all","5","8","1.5","0.3","1","entrainment","0.3","0.8","0.1","3000","236","47.80956028702746","28.13370667544811","0.15629837041915617","30.403363536282686","6.726709723079861","0.1689075752015705","0.0373706095726659","11.011938044896294","10.450814751649167","16.06204768412045","0.6506527036388544","882.2443998315503","795.579108986709","1662.2320174351207","0.4786209750756179","0.08340506552398375","0","0","0","0","0","0","0","0.08605146394507286","90","10"
"250","100","0.4","0.35","144","5","single","60","0.2","0.5","0.1","1","0.05","500","2000","0.5","0.01","true","false","all","5","8","1.5","0.3","1","entrainment","0.3","0.8","0.1","3000","161","42.29743647632628","22.330078271109347","0.12405599039505193","23.929688433409783","7.260824393906148","0.13294271351894324","0.0403379132994786","11.042406787104094","10.44661479163045","16.404534746366895","0.6368126224331999","930.1489441173303","855.4017729154815","1602.8734849339721","0.5336676792995416","0.08828678949816493","0","0","0","0","0","0","0","0.07737482344122544","90","10"
"251","100","0.4","0.35","144","5","single","60","0.2","0.5","0.1","1","0.05","500","2000","0.5","0.01","true","false","all","5","8","1.5","0.3","1","entrainment","0.3","0.8","0.1","3000","1106","54.04847534416501","29.822083180879172","0.16567823989377317","31.855751496530015","8.750947900445897","0.17697639720294453","0.04861637722469943","11.017014474231516","10.52505809902435","15.444621851096008","0.6814707540591193","807.6157414788431","747.8042496960969","1345.919167523558","0.5556085890893651","0.08876648860318159","0","0","0","0","0","0","0","0.09530077682214962","90","10"
"252","100","0.4","0.35","144","5","single","60","0.2","0.5","0.1","1","0.05","500","2000","0.5","0.01","true","false","all","5","8","1.5","0.3","1","entrainment","0.3","0.8","0.1","3000","0","34.544027772933305","27.687654426538778","0.15382030236965988","29.379824391030265","12.994912383554924","0.16322124661683482","0.07219395768641625","10.934305434117894","10.375761677521803","15.961199243482715","0.6500615348034353","999.9243594508766","883.19533009785","2050.4856236281194","0.43072495603998834","0.09325381346766126","0","0","0","0","0","0","0","0.09327818971430796","90","10"
"254","100","0.4","0.35","144","5","single","60","0.2","0.5","0.1","1","0.05","500","2000","0.5","0.01","true","false","all","5","8","1.5","0.3","1","entrainment","0.3","0.8","0.1","3000","541","63.41115255600174","27.3736982042184","0.15207610113454667","29.280393229016216","9.855255327341347","0.16266885127231231","0.0547514184852297","11.112878575282084","10.567164847769982","16.02430212289102","0.6594461816015431","979.6324992452185","893.4642956164838","1755.1463319038303","0.5090540198134543","0.08926670835264905","0","0","0","0","0","0","0","0.07293447241109786","90","10"
"253","100","0.4","0.35","144","5","single","60","0.2","0.5","0.1","1","0.05","500","2000","0.5","0.01","true","false","all","5","8","1.5","0.3","1","entrainment","0.3","0.8","0.1","3000","386","45.033608911296874","43.3444233728564","0.24080235207142442","47.37597417879943","5.868789437684835","0.2631998565488857","0.03260438576491575","11.023072606033898","10.498272372486511","15.746274707960376","0.6667146717044894","834.6754696038433","776.3446158842405","1359.6531530802674","0.5709872507745429","0.08902089901890187","0","0","0","0","0","0","0","0.07171469447578291","90","10"
"255","100","0.4","0.35","144","5","single","60","0.2","0.5","0.1","1","0.05","500","2000","0.5","0.01","true","false","all","5","8","1.5","0.3","1","entrainment","0.3","0.8","0.1","3000","1526","79.5201688274824","38.42102076710124","0.21345011537278466","41.796329608971845","6.285625526309163","0.2322018311609547","0.03492014181282868","11.306161023681407","10.736098999806432","16.436719238556197","0.6531777323678062","897.2252223822718","795.2796067984948","1814.7357626362632","0.43823438275288856","0.09386824614896372","0","0","0","0","0","0","0","0.0905596429324606","90","10"
"256","100","0.4","0.35","144","5","single","60","0.2","0.5","0.1","1","0.05","500","2000","0.5","0.01","true","false","all","5","8","1.5","0.3","1","entrainment","0.3","0.8","0.1","3000","-1","94.95862583981389","117.43685464275384","0.6524269702375214","121.02644317863192","72","0.6723691287701773","0.4","2895.5032517851714","2875.920958380016","3071.7438924315793","0.9362502406095616","801.7132981698945","671.7160783188536","1971.6882768292628","0.3406806675338467","0.02669768003907902","1","1","1","1","1","1","100","0.07746656212443069","90","10"
"257","100","0.4","0.35","144","5","single","60","0.2","0.5","0.1","1","0.05","500","2000","0.5","0.01","true","false","all","5","8","1.5","0.3","1","entrainment","0.3","0.8","0.1","3000","476","45.1606622414005","24.275589604326537","0.134864386690703","25.823537726137754","11.122632689421348","0.14346409847854308","0.0617924038301186","10.899860471152497","10.3041318178681","16.261418350712034","0.6336551705169626","962.1391924757628","837.2917385356009","2085.7662779372185","0.40143123771454664","0.08659459731694841","0","0","0","0","0","0","0","0.0795913250637875","90","10"
"258","100","0.4","0.35","144","5","single","60","0.2","0.5","0.1","1","0.05","500","2000","0.5","0.01","true","false","all","5","8","1.5","0.3","1","entrainment","0.3","0.8","0.1","3000","316","52.42217883777039","23.973670198088293","0.13318705665604608","25.648102674970136","8.859396162434962","0.14248945930538964","0.04921886756908312","10.82466999028494","10.22301079356532","16.239602760761535","0.6295111367050413","873.6175215503929","784.5007742616156","1675.6682471493896","0.4681718923755888","0.0903535114830456","0","0","0","0","0","0","0","0.08493901509638276","90","10"
"259","100","0.4","0.35","144","5","single","60","0.2","0.5","0.1","1","0.05","500","2000","0.5","0.01","true","false","all","5","8","1.5","0.3","1","entrainment","0.3","0.8","0.1","3000","-1","78.731516205432","36.14944818042729","0.20083026766904052","38.906508374819175","12.50442099558882","0.21614726874899542","0.069469005531049","2899.2492391438986","2894.4588473192903","2942.362765565388","0.983719234485047","678.614770903604","608.7492475451896","1307.4044811293375","0.4656166139337012","0.02211080008417121","1","1","1","1","1","1","100","0.09649385520897953","90","10"
"260","100","0.4","0.35","144","5","single","60","0.2","0.5","0.1","1","0.05","500","2000","0.5","0.01","true","false","all","5","8","1.5","0.3","1","entrainment","0.3","0.8","0.1","3000","216","28.401409341567494","26.480601850934594","0.1471144547274144","28.449910580622735","8.207573202924147","0.1580550587812374","0.04559762890513415","11.024609642981577","10.486990890187268","15.86317841813036","0.6610901430826414","835.5963668893905","744.2593529792866","1657.6294920803236","0.4489901733379766","0.0880243713701172","0","0","0","0","0","0","0","0.07983211053308711","90","10"
"261","100","0.4","0.35","144","5","single","60","0.2","0.5","0.1","1","0.05","500","2000","0.5","0.01","true","false","all","5","8","1.5","0.3","1","entrainment","0.3","0.8","0.1","3000","0","19.96397403346944","78.65253499697965","0.4369585277609981","86.48500586650158","5.706171256869766","0.48047225481389766","0.03170095142705425","11.037301268504656","10.465161627129657","16.18655804087964","0.6465340933322313","945.5810707433379","906.7378137309609","1295.1703838547267","0.7000915285232973","0.09252290105672589","0","0","0","0","0","0","0","0.07476833231122909","90","10"
"262","100","0.4","0.35","144","5","single","60","0.2","0.5","0.1","1","0.05","500","2000","0.5","0.01","true","false","all","5","8","1.5","0.3","1","entrainment","0.3","0.8","0.1","3000","516","47.6248766028948","99.26469673936388","0.5514705374409105","109.35946340659083","3.0357978159153847","0.6075525744810601","0.016865543421752137","11.006265829888145","10.471919238855376","15.815385149183047","0.6621349489801274","899.519485387716","795.5714831174937","1835.0515058197184","0.4335417728572753","0.0850327460802458","0","0","0","0","0","0","0","0.08579402312786705","90","10"
"264","100","0.4","0.35","144","5","single","60","0.2","0.5","0.1","1","0.05","500","2000","0.5","0.01","true","false","all","5","8","1.5","0.3","1","entrainment","0.3","0.8","0.1","3000","406","73.61947927552492","22.096353861383637","0.12275752145213131","23.651682198811827","6.2329425688038835","0.1313982344378435","0.03462745871557713","11.028600367531325","10.534518026669208","15.475341435290343","0.6807292795909519","820.1375485335072","793.3541817018269","1061.187850018629","0.747609560067899","0.08715052743479812","0","0","0","0","0","0","0","0.08570105699247219","90","10"
"263","100","0.4","0.35","144","5","single","60","0.2","0.5","0.1","1","0.05","500","2000","0.5","0.01","true","false","all","5","8","1.5","0.3","1","entrainment","0.3","0.8","0.1","3000","-1","105.45059635589644","35.683420023499835","0.19824122235277686","38.44731018756626","10.762950029444442","0.21359616770870143","0.059794166830246895","2875.2579410108824","2863.272713633401","2983.1249874082246","0.9598232476745964","753.8101557335104","650.403819717563","1684.4671798770337","0.3861184281222048","0.02742467432063944","1","1","1","1","1","1","100","0.10051520715203022","90","10"
"265","100","0.4","0.35","144","5","single","60","0.2","0.5","0.1","1","0.05","500","2000","0.5","0.01","true","false","all","5","8","1.5","0.3","1","entrainment","0.3","0.8","0.1","3000","0","28.64423188629769","24.146423518899393","0.13414679732721885","25.37644980894994","12.919428892079827","0.14098027671638855","0.07177460495599904","11.08523806885495","10.567912627774572","15.741167038578357","0.671355090882067","887.767171060415","867.7585599266718","1067.8446712641025","0.8126262023665192","0.09029409396811161","0","0","0","0","0","0","0","0.06942974832319862","90","10"
"267","100","0.4","0.35","144","5","single","60","0.2","0.5","0.1","1","0.05","500","2000","0.5","0.01","true","false","all","5","8","1.5","0.3","1","entrainment","0.3","0.8","0.1","3000","136","41.59720955871994","26.179293257887938","0.14544051809937744","27.691250315659353","5.491569068854583","0.15384027953144086","0.030508717049192127","10.94859169380168","10.395929683183608","15.922549789364357","0.6529060873232554","1002.6100938990639","942.4260705742989","1544.2663038219507","0.610274321366632","0.08991349263684167","0","0","0","0","0","0","0","0.07729736894204445","90","10"
"266","100","0.4","0.35","144","5","single","60","0.2","0.5","0.1","1","0.05","500","2000","0.5","0.01","true","false","all","5","8","1.5","0.3","1","entrainment","0.3","0.8","0.1","3000","-1","88.84138160458292","119.64429845575044","0.6646905469763914","129.19543923251888","8.675407337027314","0.7177524401806604","0.048196707427929524","2889.1887145054106","2874.018989110928","3025.716243055757","0.9498640183814376","644.5854263865061","569.1642784124814","1323.3757581527238","0.43008516281646847","0.025369522442725723","1","1","1","1","1","1","100","0.08514517812154715","90","10"
"268","100","0.4","0.35","144","5","single","60","0.2","0.5","0.1","1","0.05","500","2000","0.5","0.01","true","false","all","5","8","1.5","0.3","1","entrainment","0.3","0.8","0.1","3000","501","42.56245977872151","21.88652759373818","0.12159181996521211","22.72515080124665","14.49160736722133","0.1262508377847036","0.08050892981789629","10.890871670379262","10.372292457209397","15.558084588908036","0.6666818397814992","890.9640827739631","839.4714402450155","1354.3978655344938","0.6198115499198085","0.08478927292539518","0","0","0","0","0","0","0","0.09563468605403763","90","10"
"269","100","0.4","0.35","144","5","single","60","0.2","0.5","0.1","1","0.05","500","2000","0.5","0.01","true","false","all","5","8","1.5","0.3","1","entrainment","0.3","0.8","0.1","3000","561","71.97652016720266","23.206571469851493","0.12892539705473052","24.96057527557466","5.411235555310839","0.13866986264208145","0.030062419751726882","11.033135482779887","10.474938987805846","16.056903937546277","0.652363558289218","951.6137944378585","868.3237065159916","1701.2245857346556","0.5104109791247907","0.08422104490577875","0","0","0","0","0","0","0","0.07148730504440197","90","10"
"270","100","0.4","0.35","144","5","single","60","0.2","0.5","0.1","1","0.05","500","2000","0.5","0.01","true","false","all","5","8","1.5","0.3","1","entrainment","0.3","0.8","0.1","3000","226","39.81301816629609","23.457563691456162","0.13031979828586757","24.933800651537076","10.91773669494017","0.13852111473076154","0.06065409274966761","11.037267342859307","10.481533955829054","16.038867826131572","0.6535083441957076","910.3855123400972","865.5028881897513","1314.329129693207","0.6585130532652642","0.09138983360894293","0","0","0","0","0","0","0","0.08093468517059754","90","10"
"271","100","0.4","0.35","144","5","single","60","0.2","0.5","0.1","1","0.05","500","2000","0.5","0.01","true","false","all","5","8","1.5","0.3","1","entrainment","0.3","0.8","0.2","3000","556","51.415681698190944","24.437270326798316","0.1357626129266573","28.868615425851164","6.495319104470292","0.16038119681028423","0.036085106135946066","11.455297722054157","10.255820800854261","16.253205406853727","0.6310029649000523","878.4856213761435","702.7673025529393","1581.3588966689608","0.4444072146008582","0.11793992288803068","0","0","0","0","0","0","0","0.07552392896779613","80","20"
"272","100","0.4","0.35","144","5","single","60","0.2","0.5","0.1","1","0.05","500","2000","0.5","0.01","true","false","all","5","8","1.5","0.3","1","entrainment","0.3","0.8","0.2","3000","547","61.24867424000138","20.572009079179548","0.11428893932877526","22.42344687333315","12.49537513487231","0.12457470485185082","0.06941875074929062","11.534168605149505","10.487019411384592","15.722765380209173","0.6669958596841361","947.6604554109564","850.7885073939757","1335.1482474788788","0.637224000406318","0.1065739461919133","0","0","0","0","0","0","0","0.08459722291819995","80","20"
"273","100","0.4","0.35","144","5","single","60","0.2","0.5","0.1","1","0.05","500","2000","0.5","0.01","true","false","all","5","8","1.5","0.3","1","entrainment","0.3","0.8","0.2","3000","251","51.88051809316647","23.717572285593633","0.13176429047552018","27.693959121623937","7.611228312010185","0.1538553284534663","0.042284601733389916","11.64533698680051","10.550067309919157","16.026415694325912","0.6582923787290983","962.8799740257122","853.1605350704282","1401.757729846846","0.6086362264352513","0.11094234313609852","0","0","0","0","0","0","0","0.08875803559589825","80","20"
"274","100","0.4","0.35","144","5","single","60","0.2","0.5","0.1","1","0.05","500","2000","0.5","0.01","true","false","all","5","8","1.5","0.3","1","entrainment","0.3","0.8","0.2","3000","126","48.17198138483208","21.9610815674665","0.12200600870814722","25.18340565402025","9.367448237046897","0.1399078091890014","0.052041379094704986","11.62770959810126","10.547522500279445","15.948457989388512","0.6613506150436212","971.8130349128338","863.1795941113985","1406.3467981185731","0.6137743515796888","0.10411247608956486","0","0","0","0","0","0","0","0.07931253814843686","80","20"
"275","100","0.4","0.35","144","5","single","60","0.2","0.5","0.1","1","0.05","500","2000","0.5","0.01","true","false","all","5","8","1.5","0.3","1","entrainment","0.3","0.8","0.2","3000","1171","57.77830020867917","53.779712694749435","0.29877618163749686","64.72570085610667","14.242981190158352","0.35958722697837037","0.07912767327865751","11.695715198249648","10.627753167837945","15.967563319896476","0.6655839062554503","852.740829231204","780.2945007017706","1142.5261433489377","0.6829554888036045","0.1082391565778642","0","0","0","0","0","0","0","0.09160632990198633","80","20"
"276","100","0.4","0.35","144","5","single","60","0.2","0.5","0.1","1","0.05","500","2000","0.5","0.01","true","false","all","5","8","1.5","0.3","1","entrainment","0.3","0.8","0.2","3000","311","57.457468029014976","24.52995673385271","0.13627753741029283","28.616263517586805","6.235248141974907","0.15897924176437114","0.03464026745541615","11.394285325459537","10.311496429263352","15.725440910244249","0.6557206559814798","927.3047816231457","738.3965493182109","1682.937710842886","0.43875453295796113","0.11115125525069058","0","0","0","0","0","0","0","0.10193250546316503","80","20"
"277","100","0.4","0.35","144","5","single","60","0.2","0.5","0.1","1","0.05","500","2000","0.5","0.01","true","false","all","5","8","1.5","0.3","1","entrainment","0.3","0.8","0.2","3000","1561","69.01043285871819","26.52101771850053","0.14733898732500295","30.486531792217125","12.350863202975379","0.16936962106787293","0.06861590668319655","11.81365225292929","10.635684695450575","16.52552248284415","0.6435914329784085","927.495415458282","729.1676947344595","1720.8062983535706","0.42373606804677033","0.11968109450007747","0","0","0","0","0","0","0","0.08627421680636652","80","20"
"278","100","0.4","0.35","144","5","single","60","0.2","0.5","0.1","1","0.05","500","2000","0.5","0.01","true","false","all","5","8","1.5","0.3","1","entrainment","0.3","0.8","0.2","3000","496","60.14805898978612","16.75596954101595","0.09308871967231083","19.437625116611486","5.989533920561753","0.10798680620339714","0.033275188447565295","11.478239531221881","10.411519752804328","15.745118644892088","0.6612538138086346","1060.3847999894133","905.3517058740711","1680.5171764507838","0.5387339793730368","0.10974034746795147","0","0","0","0","0","0","0","0.07174822319032177","80","20"
"279","100","0.4","0.35","144","5","single","60","0.2","0.5","0.1","1","0.05","500","2000","0.5","0.01","true","false","all","5","8","1.5","0.3","1","entrainment","0.3","0.8","0.2","3000","511","57.13658789472494","35.32976624598573","0.19627647914436516","41.95714464122022","6.587309243545059","0.233095248006779","0.036596162464139215","11.53266635927052","10.35006315181239","16.263079189103077","0.6364147300437023","880.2349762210151","724.7983594287816","1501.981443389947","0.4825614608080138","0.11604685374907864","0","0","0","0","0","0","0","0.06248337019402252","80","20"
"280","100","0.4","0.35","144","5","single","60","0.2","0.5","0.1","1","0.05","500","2000","0.5","0.01","true","false","all","5","8","1.5","0.3","1","entrainment","0.3","0.8","0.2","3000","516","73.63063667393496","20.571991820593276","0.11428884344774042","24.186340698221024","5.8583346641876854","0.13436855943456125","0.03254630368993158","11.44559506550649","10.345974395013547","15.844077747478257","0.65298684845574","931.5943506604702","839.590078417297","1299.6114396331602","0.6460316159222848","0.10740671967877535","0","0","0","0","0","0","0","0.0831184540388216","80","20"
"281","100","0.4","0.35","144","5","single","60","0.2","0.5","0.1","1","0.05","500","2000","0.5","0.01","true","false","all","5","8","1.5","0.3","1","entrainment","0.3","0.8","0.2","3000","241","49.32302057248282","21.71621077466871","0.12064561541482617","25.44450891193127","6.816359611218026","0.1413583828440626","0.03786866450676681","11.51034468088784","10.47744806277136","15.641931153353742","0.6698308514498812","834.7440574734912","779.1128068688618","1057.2690598920108","0.7369106279800152","0.106714908803891","0","0","0","0","0","0","0","0.08123000605738391","80","20"
"282","100","0.4","0.35","144","5","single","60","0.2","0.5","0.1","1","0.05","500","2000","0.5","0.01","true","false","all","5","8","1.5","0.3","1","entrainment","0.3","0.8","0.2","3000","281","62.70164445397958","20.19628465206389","0.11220158140035495","22.92806443519601","7.346887605482854","0.12737813575108894","0.040816042252682525","11.52106222171161","10.41569639457185","15.942525530270643","0.6533278792494448","981.8854113714431","863.8643352280473","1453.9697159450263","0.5941419038886704","0.10972397597527817","0","0","0","0","0","0","0","0.08609818819279458","80","20"
"284","100","0.4","0.35","144","5","single","60","0.2","0.5","0.1","1","0.05","500","2000","0.5","0.01","true","false","all","5","8","1.5","0.3","1","entrainment","0.3","0.8","0.2","3000","376","63.108253552757105","26.019463310177674","0.14455257394543153","30.680521617377412","5.035061557973981","0.1704473423187634","0.02797256421096656","11.486657553686335","10.357233046547984","16.004355582239764","0.6471508954750751","962.7612299276645","823.5487352292255","1519.61120872142","0.541946999668519","0.11072311544418656","0","0","0","0","0","0","0","0.07367014719792521","80","20"
"283","100","0.4","0.35","144","5","single","60","0.2","0.5","0.1","1","0.05","500","2000","0.5","0.01","true","false","all","5","8","1.5","0.3","1","entrainment","0.3","0.8","0.2","3000","-1","110.94533013179236","65.24062114918289","0.36244789527323823","79.34784275237504","10.254760927716385","0.4408213486243058","0.05697089404286881","2904.2742761010677","2885.7417650422294","2978.40432033642","0.9688885237435714","775.5579225770371","651.4088098343448","1272.154373547807","0.512051700154663","0.024927881052204226","1","1","1","1","1","1","100","0.07368856325316735","80","20"
"285","100","0.4","0.35","144","5","single","60","0.2","0.5","0.1","1","0.05","500","2000","0.5","0.01","true","false","all","5","8","1.5","0.3","1","entrainment","0.3","0.8","0.2","3000","146","32.53736491527295","20.541969981090606","0.11412205545050337","24.28880841229816","4.981044212284177","0.13493782451276756","0.027672467846023206","11.408418236262557","10.245459974127465","16.060251284802945","0.6379389582666283","952.4274299659751","815.3852739312599","1500.5960541048364","0.5433742623144966","0.11192976695548951","0","0","0","0","0","0","0","0.08161579624687623","80","20"
"286","100","0.4","0.35","144","5","single","60","0.2","0.5","0.1","1","0.05","500","2000","0.5","0.01","true","false","all","5","8","1.5","0.3","1","entrainment","0.3","0.8","0.2","3000","481","63.597171387822065","22.514241886077038","0.1250791215893169","26.338107008999764","6.162240793578244","0.14632281671666536","0.03423467107543469","11.613066341906633","10.589471433185627","15.70744597679066","0.6741688909089767","895.7473863988215","798.1539090822785","1286.1212956649933","0.6205899177414601","0.10705050760944479","0","0","0","0","0","0","0","0.07302074192344594","80","20"
"287","100","0.4","0.35","144","5","single","60","0.2","0.5","0.1","1","0.05","500","2000","0.5","0.01","true","false","all","5","8","1.5","0.3","1","entrainment","0.3","0.8","0.2","3000","381","55.03573462071281","22.358255588163","0.12421253104535","25.63698140676724","7.791438724989973","0.14242767448204022","0.04328577069438874","11.653879954447838","10.565122667049813","16.00890910403995","0.6599526924906854","878.7447016151725","763.4325595393151","1339.9932699186024","0.569728652133969","0.10704848323324412","0","0","0","0","0","0","0","0.07248368877150847","80","20"
"288","100","0.4","0.35","144","5","single","60","0.2","0.5","0.1","1","0.05","500","2000","0.5","0.01","true","false","all","5","8","1.5","0.3","1","entrainment","0.3","0.8","0.2","3000","-1","114.46745716121953","98.0361869066756","0.5446454828148645","106.87249487203053","54.3108859635939","0.5937360826223919","0.3017271442421883","2912.538863836826","2888.303847345943","3009.478929800362","0.9597355272188403","798.2400939187465","739.6790518553686","1032.4842621722596","0.7164070959291393","0.024351932754776984","1","1","1","1","1","1","100","0.0954613149328767","80","20"
"289","100","0.4","0.35","144","5","single","60","0.2","0.5","0.1","1","0.05","500","2000","0.5","0.01","true","false","all","5","8","1.5","0.3","1","entrainment","0.3","0.8","0.2","3000","96","55.987115669185485","23.47731918419683","0.13042955102331572","27.505177338334754","7.365886567645148","0.1528065407685264","0.040921592042473046","11.476943045208879","10.373607138243617","15.890286673069946","0.6528269345715633","844.5024158073112","775.5135365417048","1120.4579328697382","0.6921398062267671","0.11191123210681764","0","0","0","0","0","0","0","0.08667257976116292","80","20"
"290","100","0.4","0.35","144","5","single","60","0.2","0.5","0.1","1","0.05","500","2000","0.5","0.01","true","false","all","5","8","1.5","0.3","1","entrainment","0.3","0.8","0.2","3000","361","63.40877922591008","15.960560407740038","0.08866978004300022","17.648055988711825","9.27570976414072","0.09804475549284347","0.051531720911892884","11.502096002498014","10.378584152576632","15.996143402183545","0.6488178988917984","935.7619468083003","822.7322686591972","1387.8806594047135","0.5927975601389831","0.11276788898563628","0","0","0","0","0","0","0","0.07595616182556755","80","20"
"291","100","0.4","0.35","144","5","single","60","0.2","0.5","0.1","1","0.05","500","2000","0.5","0.01","true","false","all","5","8","1.5","0.3","1","entrainment","0.3","0.8","0.2","3000","180","68.45521188450411","61.196271228956306","0.3399792846053128","74.10623728147695","11.536449003614923","0.4117013182304275","0.06409138335341624","11.338986442115122","10.187692457124843","15.944162382076234","0.6389606561318908","911.4251893380076","788.9649961384848","1401.2659621360976","0.5630372944589207","0.11436409155064209","0","0","0","0","0","0","0","0.08723001408787617","80","20"
"292","100","0.4","0.35","144","5","single","60","0.2","0.5","0.1","1","0.05","500","2000","0.5","0.01","true","false","all","5","8","1.5","0.3","1","entrainment","0.3","0.8","0.2","3000","-1","101.99105006442275","103.4359034057324","0.5746439078096245","123.87225241285883","6.566789594268343","0.688179180071438","0.03648216441260191","2880.9682409761417","2851.277463878289","2999.731349367542","0.9505109397478037","788.0559984648514","629.8059184295535","1421.056318606046","0.4431956075093124","0.029278695202998417","1","1","1","1","1","1","100","0.08180061764580454","80","20"
"293","100","0.4","0.35","144","5","single","60","0.2","0.5","0.1","1","0.05","500","2000","0.5","0.01","true","false","all","5","8","1.5","0.3","1","entrainment","0.3","0.8","0.2","3000","205","35.755596652144696","26.063312227198693","0.14479617903999273","29.01294001690362","14.25624626716754","0.161183000093909","0.07920136815093078","11.50724122188091","10.433818156767071","15.800933482336248","0.6603292247531428","936.9068033964915","842.4089697124089","1314.898138132821","0.6406648129479026","0.10237483112914925","0","0","0","0","0","0","0","0.09088809731046042","80","20"
"294","100","0.4","0.35","144","5","single","60","0.2","0.5","0.1","1","0.05","500","2000","0.5","0.01","true","false","all","5","8","1.5","0.3","1","entrainment","0.3","0.8","0.2","3000","111","37.180856175049115","22.94243085450817","0.12745794919171205","24.890208326198124","18.355197161224776","0.13827893514554512","0.10197331756235986","11.524821079412696","10.38064087581049","16.10154189382153","0.644698560191539","1023.8914416667966","892.2296802481327","1550.53848734145","0.5754321402095269","0.10741806678994803","0","0","0","0","0","0","0","0.08683058428380686","80","20"
"295","100","0.4","0.35","144","5","single","60","0.2","0.5","0.1","1","0.05","500","2000","0.5","0.01","true","false","all","5","8","1.5","0.3","1","entrainment","0.3","0.8","0.2","3000","747","49.37599370963977","23.638091973681636","0.1313227331871202","27.35925997729496","10.866663326052379","0.15199588876274978","0.06037035181140211","11.626532991458433","10.590348185086317","15.771272216946954","0.6714961253225025","1010.808354265395","921.1388401609831","1369.4864106830437","0.6726162691176736","0.10601529437545376","0","0","0","0","0","0","0","0.08232536534233613","80","20"
"296","100","0.4","0.35","144","5","single","60","0.2","0.5","0.1","1","0.05","500","2000","0.5","0.01","true","false","all","5","8","1.5","0.3","1","entrainment","0.3","0.8","0.2","3000","276","55.86572425998642","19.514326721693706","0.1084129262316317","23.014514861054856","5.396240195941404","0.1278584158947492","0.029979112199674467","11.464553182647997","10.379353223370249","15.805353019758986","0.6566986014418374","904.7295456702419","784.4739941187277","1385.7517518763002","0.5660999475963527","0.10600728713639662","0","0","0","0","0","0","0","0.09492062702068844","80","20"
"297","100","0.4","0.35","144","5","single","60","0.2","0.5","0.1","1","0.05","500","2000","0.5","0.01","true","false","all","5","8","1.5","0.3","1","entrainment","0.3","0.8","0.2","3000","156","49.65327701391451","42.176745990639866","0.2343152555035548","50.82222418291918","5.468313405916632","0.28234568990510656","0.030379518921759066","11.471092331620133","10.432088946466816","15.6271058722334","0.6675637211239984","933.619154778075","795.0979385069911","1487.704019862413","0.5344463198940095","0.10715286288365067","0","0","0","0","0","0","0","0.07630816018639901","80","20"
"298","100","0.4","0.35","144","5","single","60","0.2","0.5","0.1","1","0.05","500","2000","0.5","0.01","true","false","all","5","8","1.5","0.3","1","entrainment","0.3","0.8","0.2","3000","-1","97.71813179356265","93.32576104538786","0.5184764502521548","108.33166535285594","22.45357171169785","0.6018425852936441","0.12474206506498806","2919.6338496837348","2884.4345480071706","3060.431056389986","0.9424929020977794","760.6917591441131","667.1426029670905","1134.8883838522038","0.5878486487830439","0.025966913426997973","1","1","1","1","1","1","100","0.08331948774465824","80","20"
"299","100","0.4","0.35","144","5","single","60","0.2","0.5","0.1","1","0.05","500","2000","0.5","0.01","true","false","all","5","8","1.5","0.3","1","entrainment","0.3","0.8","0.2","3000","761","52.528123615866384","21.375695154115938","0.11875386196731076","24.275961976344536","8.284865089083704","0.1348664554241363","0.046027028272687245","11.49671709268496","10.442109260981365","15.715148419499325","0.6644613835160994","797.9943466245637","723.2045969472493","1097.1533453338218","0.6591645552766426","0.1040847777510534","0","0","0","0","0","0","0","0.0901887886191847","80","20"
"300","100","0.4","0.35","144","5","single","60","0.2","0.5","0.1","1","0.05","500","2000","0.5","0.01","true","false","all","5","8","1.5","0.3","1","entrainment","0.3","0.8","0.2","3000","0","33.387534084162","20.68465499845141","0.11491474999139673","23.520992466160642","7.531277061005968","0.13067218036755912","0.04184042811669982","11.400053654172522","10.237314730532734","16.05100934873167","0.6377988142746719","860.2331798786687","690.6563055529457","1538.5406771815613","0.4489035069375957","0.11496431958366093","0","0","0","0","0","0","0","0.08011177653004443","80","20"
"301","100","0.4","0.35","144","5","single","60","0.2","0.5","0.1","1","0.05","500","2000","0.5","0.01","true","false","all","5","8","1.5","0.3","1","entrainment","0.3","0.8","0.3","3000","97","23.329897066305918","22.432330637080096","0.12462405909488943","28.118917977571613","9.39485429328304","0.15621621098650895","0.052193634962683554","12.037340240810158","10.365949634568745","15.937251655373476","0.6504226612418279","1012.2929974189775","824.2798105752021","1450.990433387786","0.5680808030213308","0.12494114359481556","0","0","0","0","0","0","0","0.09818184339272032","70","30"
"302","100","0.4","0.35","144","5","single","60","0.2","0.5","0.1","1","0.05","500","2000","0.5","0.01","true","false","all","5","8","1.5","0.3","1","entrainment","0.3","0.8","0.3","3000","446","54.48298648871732","25.469000400029582","0.141494446666831","31.766447144198004","10.01948943355604","0.17648026191221114","0.05566383018642244","12.13845723659832","10.434410315695134","16.11456671870574","0.6475141713604318","1048.3810291438451","800.6962239870985","1626.3122411762524","0.49233855818977545","0.12293405133833657","0","0","0","0","0","0","0","0.09967522615642431","70","30"
"303","100","0.4","0.35","144","5","single","60","0.2","0.5","0.1","1","0.05","500","2000","0.5","0.01","true","false","all","5","8","1.5","0.3","1","entrainment","0.3","0.8","0.3","3000","686","62.88328625521904","35.4752427597419","0.19708468199856613","47.584455824833285","8.115181162297466","0.26435808791574045","0.04508433979054148","11.988167080443473","10.202100716138439","16.15565526382189","0.6314878938389134","1088.5454136912251","803.4189020804116","1753.8406074497905","0.45809117354663165","0.12986558953218874","0","0","0","0","0","0","0","0.08102710376098726","70","30"
"304","100","0.4","0.35","144","5","single","60","0.2","0.5","0.1","1","0.05","500","2000","0.5","0.01","true","false","all","5","8","1.5","0.3","1","entrainment","0.3","0.8","0.3","3000","326","52.86391062526419","21.050747868458252","0.11694859926921251","25.720069289511418","9.980545901345135","0.142889273830619","0.055447477229695195","12.051581972033475","10.441417527306216","15.808632343063739","0.6604883522316554","950.8671783140271","737.9164741751489","1447.7521546380772","0.5096980666277234","0.11857480367506112","0","0","0","0","0","0","0","0.07603990694083104","70","30"
"305","100","0.4","0.35","144","5","single","60","0.2","0.5","0.1","1","0.05","500","2000","0.5","0.01","true","false","all","5","8","1.5","0.3","1","entrainment","0.3","0.8","0.3","3000","-1","95.59312543306174","46.22308036088744","0.25679489089381907","56.225570474614095","16.36543675258975","0.31236428041452274","0.09091909306994306","2915.672165026111","2890.912996253096","2973.4435588298106","0.9722441132835248","826.5782091998653","630.3775270092365","1284.379800977998","0.49080305259334656","0.025368866415238722","1","1","1","1","1","1","100","0.08496963052067741","70","30"
"306","100","0.4","0.35","144","5","single","60","0.2","0.5","0.1","1","0.05","500","2000","0.5","0.01","true","false","all","5","8","1.5","0.3","1","entrainment","0.3","0.8","0.3","3000","1321","61.858110835433706","26.770916175900666","0.14872731208833703","35.04987014634795","7.10924666203999","0.19472150081304415","0.03949581478911105","11.9782954795032","10.297170122268014","15.90092131305198","0.6475832387030159","863.1077868133075","646.8792478987712","1367.6410442805582","0.4729890570365701","0.1222622502813604","0","0","0","0","0","0","0","0.07578915867544185","70","30"
"307","100","0.4","0.35","144","5","single","60","0.2","0.5","0.1","1","0.05","500","2000","0.5","0.01","true","false","all","5","8","1.5","0.3","1","entrainment","0.3","0.8","0.3","3000","666","56.32847483503194","25.818584361073352","0.14343657978374086","32.82316789467362","9.186857188470851","0.18235093274818676","0.05103809549150473","12.098706949727013","10.404244874942206","16.052451790891556","0.6481405464083537","1014.9028759763614","796.6347685718052","1524.1951265869914","0.5226593069849567","0.12544910610770232","0","0","0","0","0","0","0","0.08402751879274001","70","30"
"308","100","0.4","0.35","144","5","single","60","0.2","0.5","0.1","1","0.05","500","2000","0.5","0.01","true","false","all","5","8","1.5","0.3","1","entrainment","0.3","0.8","0.3","3000","331","45.80496997476218","25.503794208260025","0.1416877456014446","32.67398551456305","10.192961578039977","0.1815221417475725","0.05662756432244432","12.132450914504512","10.540876108867515","15.846125460990821","0.6652021110659829","936.0920936851845","767.2036857624761","1330.1650455048364","0.576773302196721","0.11666934179748667","0","0","0","0","0","0","0","0.08462254980694907","70","30"
"309","100","0.4","0.35","144","5","single","60","0.2","0.5","0.1","1","0.05","500","2000","0.5","0.01","true","false","all","5","8","1.5","0.3","1","entrainment","0.3","0.8","0.3","3000","531","64.58573250314942","23.59773218822452","0.13109851215680288","30.32182974802351","8.22046988320137","0.16845460971124174","0.0456692771288965","12.197840034068259","10.613839590891166","15.893841068148141","0.6677957546814596","972.9291234200495","751.1435408856603","1490.4288160002902","0.5039781389234183","0.12057339003727852","0","0","0","0","0","0","0","0.08744207380614347","70","30"
"310","100","0.4","0.35","144","5","single","60","0.2","0.5","0.1","1","0.05","500","2000","0.5","0.01","true","false","all","5","8","1.5","0.3","1","entrainment","0.3","0.8","0.3","3000","-1","118.56499810469944","82.26475663981378","0.45702642577674324","102.9444882294264","24.175155977960085","0.5719138234968133","0.13430642209977825","2926.3070485185513","2894.9340200075253","2999.5107817109456","0.9651353939645558","725.9752444087237","552.820395264523","1130.0032257451926","0.48922019218127427","0.024845775796529024","1","1","1","1","1","1","100","0.06930163203873693","70","30"
"311","100","0.4","0.35","144","5","single","60","0.2","0.5","0.1","1","0.05","500","2000","0.5","0.01","true","false","all","5","8","1.5","0.3","1","entrainment","0.3","0.8","0.3","3000","224","52.21877417487476","19.4213198577138","0.10789622143174334","23.711983658917593","10.634111060143672","0.1317332425495422","0.05907839477857595","12.078782866134116","10.400573958333327","15.994603651002647","0.6502551851406048","963.6183649551349","790.896951361169","1366.6349966743894","0.5787184971010998","0.11986408530404691","0","0","0","0","0","0","0","0.07751512864111144","70","30"
"312","100","0.4","0.35","144","5","single","60","0.2","0.5","0.1","1","0.05","500","2000","0.5","0.01","true","false","all","5","8","1.5","0.3","1","entrainment","0.3","0.8","0.3","3000","186","61.32054236897995","21.459662340257566","0.11922034633476425","27.3142545587017","7.195140954953201","0.1517458586594539","0.039973005305295566","11.950069193045628","10.349642043814518","15.684399207918235","0.6598685679072438","939.9297578760072","731.7298899153395","1425.7294497842324","0.5132319389391012","0.12142436022069636","0","0","0","0","0","0","0","0.08412816684935165","70","30"
"314","100","0.4","0.35","144","5","single","60","0.2","0.5","0.1","1","0.05","500","2000","0.5","0.01","true","false","all","5","8","1.5","0.3","1","entrainment","0.3","0.8","0.3","3000","321","50.187983968074874","28.986251618246325","0.16103473121247958","34.61734581129771","15.558317799075834","0.19231858784054284","0.08643509888375463","12.004407123453802","10.41146580406444","15.721270202028967","0.6622534738141419","951.4980085639752","813.5891364122797","1273.2853769179324","0.6389684128640695","0.12072736377897098","0","0","0","0","0","0","0","0.07796064422337648","70","30"
"313","100","0.4","0.35","144","5","single","60","0.2","0.5","0.1","1","0.05","500","2000","0.5","0.01","true","false","all","5","8","1.5","0.3","1","entrainment","0.3","0.8","0.3","3000","1731","75.44911682536417","41.23080020395659","0.22906000113309216","55.9961420363469","9.76276129801377","0.311089677979705","0.054237562766743165","12.905468960705603","11.224971189582993","16.826630426658376","0.667095604108551","955.1966394387532","686.610618383304","1581.8973552348018","0.43404245927283325","0.11494182887003546","0","0","0","0","0","0","0","0.09208746654330108","70","30"
"315","100","0.4","0.35","144","5","single","60","0.2","0.5","0.1","1","0.05","500","2000","0.5","0.01","true","false","all","5","8","1.5","0.3","1","entrainment","0.3","0.8","0.3","3000","241","52.317747948716814","24.194998430985684","0.13441665794992047","31.43634216951577","6.315876165504774","0.17464634538619872","0.035088200919470965","12.136261097396387","10.556363297592602","15.822689296938552","0.6671661877121671","893.3081471868248","739.4575299242837","1252.29292079942","0.5904828795584345","0.117328958349324","0","0","0","0","0","0","0","0.08116410402921578","70","30"
"316","100","0.4","0.35","144","5","single","60","0.2","0.5","0.1","1","0.05","500","2000","0.5","0.01","true","false","all","5","8","1.5","0.3","1","entrainment","0.3","0.8","0.3","3000","246","56.30329862938399","20.377616332363175","0.11320897962423986","25.714352092621972","8.448259188434632","0.1428575116256776","0.046934773269081284","11.865594480495046","10.227950190432514","15.68676449064097","0.6520114582286684","940.0996787321369","754.0916483349508","1374.118416325571","0.5487821423363292","0.12540877386306493","0","0","0","0","0","0","0","0.09722390640194654","70","30"
"317","100","0.4","0.35","144","5","single","60","0.2","0.5","0.1","1","0.05","500","2000","0.5","0.01","true","false","all","5","8","1.5","0.3","1","entrainment","0.3","0.8","0.3","3000","361","66.90122707199174","25.572547386465136","0.1420697077025841","32.378351064117886","9.722455384500552","0.17987972813398825","0.05401364102500307","11.970552950110891","10.327256242028104","15.804911935637397","0.6534206760584279","973.0302079511741","785.7865784329218","1409.9320101604303","0.5573223196368955","0.12737489723465378","0","0","0","0","0","0","0","0.08743126188839677","70","30"
"318","100","0.4","0.35","144","5","single","60","0.2","0.5","0.1","1","0.05","500","2000","0.5","0.01","true","false","all","5","8","1.5","0.3","1","entrainment","0.3","0.8","0.3","3000","261","40.39970742760407","22.585907426495353","0.12547726348052973","26.380005002663342","13.528306673070125","0.14655558334812968","0.07515725929483402","12.074450818461667","10.464353789541965","15.83134388594095","0.6609896080164649","880.9751308273939","692.6956401527437","1320.2939424015779","0.5246525928103177","0.12006257822721955","0","0","0","0","0","0","0","0.09108414727577178","70","30"
"319","100","0.4","0.35","144","5","single","60","0.2","0.5","0.1","1","0.05","500","2000","0.5","0.01","true","false","all","5","8","1.5","0.3","1","entrainment","0.3","0.8","0.3","3000","-1","133.44250971789745","72.55696692607117","0.4030942607003954","97.09420173671434","15.79888093543227","0.5394122318706353","0.0877715607524015","2929.684935436852","2878.897910843989","3048.1879928202006","0.9444620599598965","768.999559683826","608.6119336390489","1143.237353788306","0.5323583345333427","0.02639157483967325","1","1","1","1","1","1","100","0.0808037716227561","70","30"
"320","100","0.4","0.35","144","5","single","60","0.2","0.5","0.1","1","0.05","500","2000","0.5","0.01","true","false","all","5","8","1.5","0.3","1","entrainment","0.3","0.8","0.3","3000","646","74.43252808006517","47.22365424731005","0.26235363470727807","53.539218663210676","24.252124331855743","0.29744010368450374","0.13473402406586524","12.061736262584375","10.336166975835333","16.08806459833216","0.6424742337811642","930.2467046175151","704.6352918477905","1456.6733344135391","0.48372910741273295","0.12588199570947634","0","0","0","0","0","0","0","0.0851570892271309","70","30"
"321","100","0.4","0.35","144","5","single","60","0.2","0.5","0.1","1","0.05","500","2000","0.5","0.01","true","false","all","5","8","1.5","0.3","1","entrainment","0.3","0.8","0.3","3000","46","49.990282345367675","20.44667416429777","0.11359263424609874","25.496522955046917","8.432144903207199","0.14164734975026064","0.04684524946226221","11.999775472989562","10.383986619251914","15.769949465044053","0.6584667022725245","1000.849901928671","811.1938817497532","1443.3806156794788","0.5620096826420796","0.11644633757102452","0","0","0","0","0","0","0","0.08662761124512963","70","30"
"323","100","0.4","0.35","144","5","single","60","0.2","0.5","0.1","1","0.05","500","2000","0.5","0.01","true","false","all","5","8","1.5","0.3","1","entrainment","0.3","0.8","0.3","3000","475","70.60393461436124","22.344253178930796","0.12413473988294886","26.476180439093795","12.703089571883787","0.14708989132829886","0.07057271984379881","12.391385845013296","10.918659692598572","15.827746867314316","0.6898429564315661","932.6847419238889","789.6825503659168","1266.3565222258233","0.6235862780395556","0.11825446846067522","0","0","0","0","0","0","0","0.09456162915957148","70","30"
"322","100","0.4","0.35","144","5","single","60","0.2","0.5","0.1","1","0.05","500","2000","0.5","0.01","true","false","all","5","8","1.5","0.3","1","entrainment","0.3","0.8","0.3","3000","536","70.19303516191994","23.07279759265135","0.12818220884806306","30.390329747909266","6.232734323503036","0.1688351652661626","0.034626301797239085","11.978629793285295","10.33816533135512","15.80638020445571","0.6540501492201777","892.5633327423919","791.263519133877","1128.9295644955944","0.7008971542767714","0.12432191979367291","0","0","0","0","0","0","0","0.10084877283062728","70","30"
"324","100","0.4","0.35","144","5","single","60","0.2","0.5","0.1","1","0.05","500","2000","0.5","0.01","true","false","all","5","8","1.5","0.3","1","entrainment","0.3","0.8","0.3","3000","61","55.01727506314836","19.498115285027918","0.10832286269459955","24.317632672951888","8.378815604117806","0.13509795929417714","0.04654897557843225","12.091779645317807","10.476158315554752","15.861562748098258","0.6604745372148659","935.3867029482191","733.1633514067054","1407.241189878417","0.5209933852704024","0.11940045221096818","0","0","0","0","0","0","0","0.07439343904659157","70","30"
"325","100","0.4","0.35","144","5","single","60","0.2","0.5","0.1","1","0.05","500","2000","0.5","0.01","true","false","all","5","8","1.5","0.3","1","entrainment","0.3","0.8","0.3","3000","252","42.77358174460331","21.68649322065842","0.12048051789254678","28.419734089370923","6.011546605400261","0.15788741160761624","0.03339748114111256","11.963477180241455","10.195591690401457","16.088543323201467","0.6337175147297692","964.425066206008","688.2232878271535","1608.8958824233355","0.42776123386588855","0.1273276076237122","0","0","0","0","0","0","0","0.07636217778229969","70","30"
"326","100","0.4","0.35","144","5","single","60","0.2","0.5","0.1","1","0.05","500","2000","0.5","0.01","true","false","all","5","8","1.5","0.3","1","entrainment","0.3","0.8","0.3","3000","281","58.30244624412786","18.234853959318233","0.10130474421843463","22.59131623579519","8.152375185651659","0.1255073124210844","0.045290973253620324","12.184318257073237","10.57706804491688","15.934568752104765","0.6637812550477576","1065.4759189236145","917.8136736441712","1410.021157908981","0.6509219159556876","0.12269347377313111","0","0","0","0","0","0","0","0.08216269586232258","70","30"
"327","100","0.4","0.35","144","5","single","60","0.2","0.5","0.1","1","0.05","500","2000","0.5","0.01","true","false","all","5","8","1.5","0.3","1","entrainment","0.3","0.8","0.3","3000","1056","87.56117091356474","24.8502503599421","0.13805694644412278","28.799971566216566","12.885189287626272","0.1599998420345365","0.07158438493125706","12.257736661259536","10.59774280889176","16.131055650117688","0.6569776361049526","898.7308052238272","719.6916278108645","1316.4888858540737","0.5466750502371035","0.11718691934122805","0","0","0","0","0","0","0","0.07580596489623682","70","30"
"328","100","0.4","0.35","144","5","single","60","0.2","0.5","0.1","1","0.05","500","2000","0.5","0.01","true","false","all","5","8","1.5","0.3","1","entrainment","0.3","0.8","0.3","3000","386","55.548197951899404","20.175029193358153","0.1120834955186564","25.58860848285396","7.450605550733091","0.14215893601585533","0.04139225305962828","12.169948354520375","10.620011879541355","15.78646679613809","0.6727288643295013","961.8542509916999","873.2348369630412","1168.6328837252377","0.7472276787038888","0.11761772062916731","0","0","0","0","0","0","0","0.0926002494058192","70","30"
"329","100","0.4","0.35","144","5","single","60","0.2","0.5","0.1","1","0.05","500","2000","0.5","0.01","true","false","all","5","8","1.5","0.3","1","entrainment","0.3","0.8","0.3","3000","351","59.891060454390626","16.70816522713811","0.09282314015076729","19.813705434758393","8.815216890814817","0.1100761413042133","0.04897342717119343","12.12112002326844","10.48451514146104","15.939864747485716","0.6577543352815978","910.0187150033319","737.8615509828476","1311.7187643844604","0.5625150535443456","0.11825371213032687","0","0","0","0","0","0","0","0.08511035629365905","70","30"
"330","100","0.4","0.35","144","5","single","60","0.2","0.5","0.1","1","0.05","500","2000","0.5","0.01","true","false","all","5","8","1.5","0.3","1","entrainment","0.3","0.8","0.3","3000","361","57.68471111498622","18.002968983354204","0.1000164943519678","21.32543208184691","11.054903964167114","0.11847462267692727","0.061416133134261745","12.165222214318712","10.60460034652951","15.80667323916018","0.6708938804565899","963.763655582209","777.9898198918453","1397.2359388597256","0.5568063333145847","0.11774127789958855","0","0","0","0","0","0","0","0.08379799598490756","70","30"
"331","100","0.4","0.35","144","5","single","60","0.2","0.5","0.1","1","0.05","500","2000","0.5","0.01","true","false","all","5","8","1.5","0.3","1","entrainment","0.3","0.8","0.5","3000","1096","84.43117827833865","45.173026131461626","0.25096125628589794","67.767888484239","21.875974824749395","0.3764882693568833","0.12153319347082997","13.130743585873434","10.401402113551157","15.860085058195699","0.6558225933458177","928.7150428477727","714.5170518119627","1142.913033883584","0.6251718465262885","0.12167945995621854","0","0","0","0","0","0","0","0.0818942848796871","50","50"
"332","100","0.4","0.35","144","5","single","60","0.2","0.5","0.1","1","0.05","500","2000","0.5","0.01","true","false","all","5","8","1.5","0.3","1","entrainment","0.3","0.8","0.5","3000","-1","126.72247819163059","155.52934466151294","0.8640519147861829","136.4094671003741","168.68294162155777","0.757830372779856","0.9371274534530988","2940.6784119986323","2880.5377003483554","3000.819123648907","0.9599171365069503","823.4417228831562","573.366852149374","1073.5165936169385","0.5341015272223801","0.0290890582743637","1","1","1","1","1","1","100","0.07146105572820266","50","50"
"333","100","0.4","0.35","144","5","single","60","0.2","0.5","0.1","1","0.05","500","2000","0.5","0.01","true","false","all","5","8","1.5","0.3","1","entrainment","0.3","0.8","0.5","3000","-1","67.49464418942173","42.14464255689436","0.23413690309385757","73.79752202568083","9.895135621842979","0.40998623347600466","0.054972975676905435","2938.091093299761","2892.771762328695","2983.4104242708277","0.9696191106645058","827.4515387186511","528.5892861827393","1126.3137912545617","0.4693090773522023","0.025407977609593235","1","1","1","1","1","1","100","0.08531879876976774","50","50"
"334","100","0.4","0.35","144","5","single","60","0.2","0.5","0.1","1","0.05","500","2000","0.5","0.01","true","false","all","5","8","1.5","0.3","1","entrainment","0.3","0.8","0.5","3000","101","67.28965826646058","18.398272482441772","0.1022126249024543","27.224090872688365","9.048730322727302","0.15124494929271315","0.050270724015151674","13.091844915178367","10.322676955109758","15.86101287524698","0.6508207916040178","945.0974748873906","782.7287589539451","1107.4661908208366","0.7067744057936424","0.122209380346745","0","0","0","0","0","0","0","0.08736459609311169","50","50"
"335","100","0.4","0.35","144","5","single","60","0.2","0.5","0.1","1","0.05","500","2000","0.5","0.01","true","false","all","5","8","1.5","0.3","1","entrainment","0.3","0.8","0.5","3000","767","67.13389850851536","14.447379615448702","0.08026322008582612","20.714455060167097","7.266630530014758","0.1150803058898172","0.0403701696111931","13.093640864051645","10.518571660161431","15.668710067941861","0.6713106321165774","970.0137741468798","771.5179956372871","1168.509552656472","0.6602581843540175","0.11739689437629663","0","0","0","0","0","0","0","0.09097423738478574","50","50"
"336","100","0.4","0.35","144","5","single","60","0.2","0.5","0.1","1","0.05","500","2000","0.5","0.01","true","false","all","5","8","1.5","0.3","1","entrainment","0.3","0.8","0.5","3000","-1","123.98732094300752","47.030038492886","0.26127799162714443","70.52287127788345","20.316655383546248","0.39179372932157475","0.11287030768636805","2920.6013644442864","2843.4333752837283","2997.769353604844","0.9485163933190772","917.4740110561227","597.0057069615103","1237.942315150736","0.482256482919252","0.02943066530959948","1","1","1","1","1","1","100","0.08763421327509367","50","50"
"337","100","0.4","0.35","144","5","single","60","0.2","0.5","0.1","1","0.05","500","2000","0.5","0.01","true","false","all","5","8","1.5","0.3","1","entrainment","0.3","0.8","0.5","3000","586","56.241685542341244","16.56915240198008","0.09205084667766711","25.401044177775958","7.70609973620542","0.14111691209875532","0.04281166520114122","13.305154066115065","10.546641140308736","16.063666991921394","0.6565525259962601","1109.2386490747738","783.5374728487582","1434.9398253007892","0.5460420423445383","0.12231308189667689","0","0","0","0","0","0","0","0.08536880945336046","50","50"
"338","100","0.4","0.35","144","5","single","60","0.2","0.5","0.1","1","0.05","500","2000","0.5","0.01","true","false","all","5","8","1.5","0.3","1","entrainment","0.3","0.8","0.5","3000","450","69.16604835027425","21.587207081198244","0.11992892822887913","32.86493276298137","10.241357440502862","0.18258295979434094","0.0568964302250159","13.184293516310897","10.42721320747762","15.941373825144174","0.6540975277194038","999.1304218843443","801.4870545216302","1196.7737892470582","0.6697063903997098","0.12376259044797777","0","0","0","0","0","0","0","0.08346194289344569","50","50"
"340","100","0.4","0.35","144","5","single","60","0.2","0.5","0.1","1","0.05","500","2000","0.5","0.01","true","false","all","5","8","1.5","0.3","1","entrainment","0.3","0.8","0.5","3000","134","43.17320687377352","15.64745624219628","0.08693031245664601","23.74680899399139","7.617755617585958","0.1319267166332855","0.04232086454214421","13.083763684728078","10.294015531822465","15.873511837633696","0.6485027155375228","1090.5993656890753","733.4830772676065","1447.7156541105435","0.5066485778370952","0.1256118054348121","0","0","0","0","0","0","0","0.08016141514861758","50","50"
"339","100","0.4","0.35","144","5","single","60","0.2","0.5","0.1","1","0.05","500","2000","0.5","0.01","true","false","all","5","8","1.5","0.3","1","entrainment","0.3","0.8","0.5","3000","295","54.79281708375234","15.708455345155105","0.0872691963619728","23.25406825100864","8.15301500479183","0.1291892680611591","0.04529452780439906","13.156715745829217","10.400548810941757","15.912882680716669","0.6535930050904734","1051.6572633704257","788.7641689745047","1314.5503577663458","0.6000258296036334","0.12251913130647796","0","0","0","0","0","0","0","0.08564469695471183","50","50"
"341","100","0.4","0.35","144","5","single","60","0.2","0.5","0.1","1","0.05","500","2000","0.5","0.01","true","false","all","5","8","1.5","0.3","1","entrainment","0.3","0.8","0.5","3000","846","62.67506567470405","19.690572289876194","0.10939206827708997","32.06620136397643","7.222595736307849","0.1781455631332024","0.04012553186837694","13.169323429921821","10.49286885817932","15.845778001664321","0.6621870416887847","933.5655147678606","618.2974768714616","1248.8335526642595","0.4950999879466617","0.11988031452942116","0","0","0","0","0","0","0","0.08834800925152618","50","50"
"343","100","0.4","0.35","144","5","single","60","0.2","0.5","0.1","1","0.05","500","2000","0.5","0.01","true","false","all","5","8","1.5","0.3","1","entrainment","0.3","0.8","0.5","3000","471","80.86650436691949","14.409343067213081","0.08005190592896157","20.756171466545165","8.115712162383678","0.1153120637030287","0.04508728979102043","13.204639757248286","10.43497746688737","15.974302047609205","0.6532352672302901","1001.9575905160524","683.5269225639618","1320.3882584681437","0.5176711608727568","0.12267774211267013","0","0","0","0","0","0","0","0.08209262938134408","50","50"
"342","100","0.4","0.35","144","5","single","60","0.2","0.5","0.1","1","0.05","500","2000","0.5","0.01","true","false","all","5","8","1.5","0.3","1","entrainment","0.3","0.8","0.5","3000","-1","122.65097327808485","58.81075588256377","0.3267264215697987","96.27362503195606","16.665218592588932","0.5348534723997559","0.09258454773660518","2949.201297047991","2895.4127874969504","3002.989806599032","0.9641766952169865","876.3214794142309","643.2520322374392","1109.3909265910231","0.5798244936201591","0.026936757072005157","1","1","1","1","1","1","100","0.08213782013291321","50","50"
"344","100","0.4","0.35","144","5","single","60","0.2","0.5","0.1","1","0.05","500","2000","0.5","0.01","true","false","all","5","8","1.5","0.3","1","entrainment","0.3","0.8","0.5","3000","339","57.099763797774486","30.225216733405105","0.16791787074113948","40.23293107549742","18.02684021195535","0.22351628375276344","0.10014911228864083","13.041405720278721","10.2147847507422","15.868026689815247","0.6437337767586736","988.8007923947957","704.818997402691","1272.7825873869","0.5537622877523231","0.12749922057493945","0","0","0","0","0","0","0","0.09186745528027715","50","50"
"345","100","0.4","0.35","144","5","single","60","0.2","0.5","0.1","1","0.05","500","2000","0.5","0.01","true","false","all","5","8","1.5","0.3","1","entrainment","0.3","0.8","0.5","3000","1071","113.75386991225749","19.559793917038856","0.10866552176132697","30.422397728397314","8.924156975189295","0.1690133207133184","0.049578649862162746","13.258026516032208","10.610241389553218","15.905811642511194","0.6670669581673787","910.2360243140092","647.7671961802372","1172.7048524477811","0.5523701849004512","0.1192723269430016","0","0","0","0","0","0","0","0.10050282133642398","50","50"
"346","100","0.4","0.35","144","5","single","60","0.2","0.5","0.1","1","0.05","500","2000","0.5","0.01","true","false","all","5","8","1.5","0.3","1","entrainment","0.3","0.8","0.5","3000","346","60.25052811295624","15.570415384162231","0.08650230768979017","25.216851572103142","6.2616071605014065","0.14009361984501745","0.03478670644723004","13.211847050890777","10.3628808135677","16.06081328821386","0.645227649908143","1158.5000544578206","776.7694400527611","1540.2306688628792","0.5043202007048946","0.12369634036720312","0","0","0","0","0","0","0","0.0817635600117883","50","50"
"348","100","0.4","0.35","144","5","single","60","0.2","0.5","0.1","1","0.05","500","2000","0.5","0.01","true","false","all","5","8","1.5","0.3","1","entrainment","0.3","0.8","0.5","3000","186","56.34166148770027","14.780177788330914","0.08211209882406063","22.97607519685143","6.579552153297132","0.12764486220473018","0.0365530675183174","13.31575435458222","10.656211537238772","15.975297171925668","0.6670430867455511","1099.5751517152405","816.9479297110646","1382.2023737194168","0.5910479863471158","0.11846601393367129","0","0","0","0","0","0","0","0.07891105008827384","50","50"
"347","100","0.4","0.35","144","5","single","60","0.2","0.5","0.1","1","0.05","500","2000","0.5","0.01","true","false","all","5","8","1.5","0.3","1","entrainment","0.3","0.8","0.5","3000","121","43.31130532345158","16.691691595423762","0.09273161997457646","24.884718764076524","8.307251154612137","0.1382484375782029","0.04615139530340076","13.12153654447175","10.465711157216754","15.77736193172675","0.6633372044391793","918.0842475187173","627.2074393213395","1208.9610557160936","0.5187987126267116","0.117671790904746","0","0","0","0","0","0","0","0.09186667673322957","50","50"
"349","100","0.4","0.35","144","5","single","60","0.2","0.5","0.1","1","0.05","500","2000","0.5","0.01","true","false","all","5","8","1.5","0.3","1","entrainment","0.3","0.8","0.5","3000","306","67.26282915701047","18.305442439146745","0.10169690243970414","27.952381337165598","8.622046777164726","0.15529100742869775","0.04790025987313737","13.067663963430624","10.189158345111847","15.946169581749405","0.6389721552173552","996.7410549955385","816.3710958079582","1177.1110141831189","0.6935378957221773","0.1318526488067273","0","0","0","0","0","0","0","0.08464043595625177","50","50"
"350","100","0.4","0.35","144","5","single","60","0.2","0.5","0.1","1","0.05","500","2000","0.5","0.01","true","false","all","5","8","1.5","0.3","1","entrainment","0.3","0.8","0.5","3000","1486","81.84370143133366","29.762352012860106","0.16534640007144502","46.764246859443446","10.163915453046606","0.25980137144135246","0.056466196961370035","13.215439590564477","10.613244419375429","15.817634761753515","0.6709754384415224","903.0780169889782","696.7488439531338","1109.4071900248227","0.6280370726077088","0.11721523580225512","0","0","0","0","0","0","0","0.08475120555924577","50","50"
"351","100","0.4","0.35","144","5","single","60","0.2","0.5","0.1","1","0.05","500","2000","0.5","0.01","true","false","all","5","8","1.5","0.3","1","entrainment","0.3","0.8","0.5","3000","2406","103.8184395314637","45.326253663686636","0.25181252035381463","79.20000000000003","11.812459965622658","0.44000000000000017","0.06562477758679254","663.1954907663386","648.1326287209693","678.2583528117076","0.9555837035167307","834.9607668233273","525.1401477200654","1144.781385926588","0.4587252677025458","0.028789645300537625","0.16570976269224852","0.14080067649778932","0.16570976269224852","0.10879699384422556","0.09875508581397939","0.11883890187447164","100","0.09127386095092743","50","50"
"352","100","0.4","0.35","144","5","single","60","0.2","0.5","0.1","1","0.05","500","2000","0.5","0.01","true","false","all","5","8","1.5","0.3","1","entrainment","0.3","0.8","0.5","3000","681","65.50470716822251","20.806968762565017","0.11559427090313898","29.09129362141546","12.265594207470402","0.16161829789675256","0.06814219004150224","12.971262073104407","10.09098172229559","15.85154242391322","0.6365930489560817","859.4223524539786","672.5219851729015","1046.3227197350561","0.6427481430807441","0.128451000432948","0","0","0","0","0","0","0","0.07699589197647586","50","50"
"353","100","0.4","0.35","144","5","single","60","0.2","0.5","0.1","1","0.05","500","2000","0.5","0.01","true","false","all","5","8","1.5","0.3","1","entrainment","0.3","0.8","0.5","3000","101","66.50186853714388","31.65272040491425","0.17584844669396804","50.64665227257673","8.94422744338545","0.28137029040320405","0.04969015246325251","13.336181171429105","10.779558307253254","15.89280403560496","0.678266609410372","1165.622138968665","854.7300073814475","1476.5142705558828","0.5788836751707491","0.11956955586884521","0","0","0","0","0","0","0","0.09510167588926405","50","50"
"354","100","0.4","0.35","144","5","single","60","0.2","0.5","0.1","1","0.05","500","2000","0.5","0.01","true","false","all","5","8","1.5","0.3","1","entrainment","0.3","0.8","0.5","3000","-1","125.82956158383081","63.67630137759158","0.3537572298755088","102.89595003311867","21.089512012503732","0.5716441668506592","0.11716395562502073","2958.659956694488","2876.516658193388","3040.8032551955876","0.945972631829601","928.9863739517787","698.5991341399035","1159.3736137636533","0.6025660113757928","0.027976793425054325","1","1","1","1","1","1","100","0.0792858515136063","50","50"
"356","100","0.4","0.35","144","5","single","60","0.2","0.5","0.1","1","0.05","500","2000","0.5","0.01","true","false","all","5","8","1.5","0.3","1","entrainment","0.3","0.8","0.5","3000","306","56.20120226367021","21.55675087790537","0.11975972709947427","36.27537375186759","8.233326265300699","0.20152985417704217","0.04574070147389277","13.088687089876649","10.32037186796445","15.857002311788845","0.6508400304824195","891.9641024581847","670.0237035781347","1113.9045013382354","0.6015091085215778","0.124500267755556","0","0","0","0","0","0","0","0.08398699917236871","50","50"
"355","100","0.4","0.35","144","5","single","60","0.2","0.5","0.1","1","0.05","500","2000","0.5","0.01","true","false","all","5","8","1.5","0.3","1","entrainment","0.3","0.8","0.5","3000","1741","110.22610742392797","104.942136275685","0.58301186819825","143.57618265793678","64.79999999999995","0.7976454592107599","0.35999999999999976","14.104037440068357","11.467338042352967","16.740736837783754","0.6849960162130526","883.3619868126893","632.4812832090489","1134.2426904163297","0.5576242972982204","0.11046664660744643","0","0","0","0","0","0","0","0.07685894036485622","50","50"
"357","100","0.4","0.35","144","5","single","60","0.2","0.5","0.1","1","0.05","500","2000","0.5","0.01","true","false","all","5","8","1.5","0.3","1","entrainment","0.3","0.8","0.5","3000","4","35.297688471573025","28.925276959109443","0.16069598310616356","45.830198676020956","7.768018331097384","0.2546122148667831","0.04315565739498547","13.178323213690314","10.374991336154586","15.981655091226036","0.6491812817215958","1086.3823565079533","754.8402321684125","1417.9244808474937","0.5323557371103746","0.12395530164774704","0","0","0","0","0","0","0","0.08132718257879329","50","50"
"358","100","0.4","0.35","144","5","single","60","0.2","0.5","0.1","1","0.05","500","2000","0.5","0.01","true","false","all","5","8","1.5","0.3","1","entrainment","0.3","0.8","0.5","3000","2403","73.4413279142588","20.1725900747233","0.11206994485957389","29.22958181727043","10.589943518346209","0.1623865656515024","0.058833019546367826","642.174746166476","621.3197811492255","663.0297111837264","0.937091914086271","863.8796245130259","661.6054802123259","1066.153768813726","0.620553525734353","0.03166648246988513","0.15689820941990676","0.10398281246267774","0.15689820941990676","0.0947831641109839","0.08087985409948369","0.10868647412248414","100","0.07753306908217433","50","50"
"359","100","0.4","0.35","144","5","single","60","0.2","0.5","0.1","1","0.05","500","2000","0.5","0.01","true","false","all","5","8","1.5","0.3","1","entrainment","0.3","0.8","0.5","3000","298","61.26230065338534","23.41551145204184","0.1300861747335658","37.0187029867774","7.492461207558903","0.2056594610376522","0.04162478448643835","13.038971097925215","10.308547421511783","15.769394774338648","0.6537059645616051","958.5234950772676","692.436482203274","1224.6105079512602","0.5654340524659561","0.12321411689079231","0","0","0","0","0","0","0","0.08475471768553096","50","50"
"360","100","0.4","0.35","144","5","single","60","0.2","0.5","0.1","1","0.05","500","2000","0.5","0.01","true","false","all","5","8","1.5","0.3","1","entrainment","0.3","0.8","0.5","3000","438","61.35915895421099","17.5884356626727","0.09771353145929279","25.614900399104414","11.688103215150777","0.14230500221724673","0.06493390675083766","13.162859743152616","10.46578539354564","15.859934092759586","0.6598883281818622","956.7021289191362","665.6405180735397","1247.7637397647334","0.5334667909159202","0.11898752212780139","0","0","0","0","0","0","0","0.076535798645335","50","50"
"361","100","0.4","0.35","144","5","single","60","0.2","0.5","0.1","1","0.05","500","2000","0.5","0.01","true","false","all","5","8","1.5","0.3","1","entrainment","0.3","0.8","0.7","3000","616","66.37944821321024","13.87094475950644","0.07706080421948022","18.610283629000346","11.085856629324221","0.10339046460555748","0.06158809238513456","14.242961887185327","10.552481564721768","15.824596311098276","0.6668404904156062","1010.6886268552913","715.6667729377106","1137.1265642485403","0.6293642198136956","0.09567941832976135","0","0","0","0","0","0","0","0.07093767448804406","30","70"
"362","100","0.4","0.35","144","5","single","60","0.2","0.5","0.1","1","0.05","500","2000","0.5","0.01","true","false","all","5","8","1.5","0.3","1","entrainment","0.3","0.8","0.7","3000","151","92.37846732029239","11.657657202566824","0.06476476223648235","23.762110714709276","6.493431011847325","0.1320117261928293","0.03607461673248514","14.090229751162877","10.256011382687745","15.73346619479507","0.6518596255719308","1162.4222490860348","763.6268551684173","1333.334560765014","0.5727196141456641","0.09895263866733117","0","0","0","0","0","0","0","0.08694299329679778","30","70"
"363","100","0.4","0.35","144","5","single","60","0.2","0.5","0.1","1","0.05","500","2000","0.5","0.01","true","false","all","5","8","1.5","0.3","1","entrainment","0.3","0.8","0.7","3000","131","57.39070344192194","86.39999999999998","0.47999999999999987","157.6030200163228","46.285714285714306","0.8755723334240155","0.25714285714285723","14.183378031198375","10.414469307600992","15.798624627025823","0.6592010098009127","1051.057609992037","638.9418287956341","1227.6786590762092","0.5204471252081699","0.09551985114067763","0","0","0","0","0","0","0","0.08277796646564467","30","70"
"364","100","0.4","0.35","144","5","single","60","0.2","0.5","0.1","1","0.05","500","2000","0.5","0.01","true","false","all","5","8","1.5","0.3","1","entrainment","0.3","0.8","0.7","3000","206","56.96209982530065","12.525817635770116","0.06958787575427842","21.769938461178228","8.560534262127646","0.12094410256210127","0.047558523678486925","14.04136559107207","10.198227648827206","15.688424709177","0.6500479071593286","1151.6349090104345","763.9931535271517","1317.7670899318416","0.5797634190171402","0.10193404869032441","0","0","0","0","0","0","0","0.06943501774255488","30","70"
"365","100","0.4","0.35","144","5","single","60","0.2","0.5","0.1","1","0.05","500","2000","0.5","0.01","true","false","all","5","8","1.5","0.3","1","entrainment","0.3","0.8","0.7","3000","406","66.07326445520383","16.69784789930704","0.09276582166281688","36.91541432411817","8.184872393368272","0.2050856351339898","0.0454715132964904","14.267126352499222","10.373147536540694","15.935974416481443","0.6509264677164946","1184.0196009912856","698.139272468014","1392.2540275012593","0.5014453244003151","0.09878523439006659","0","0","0","0","0","0","0","0.0801409155397249","30","70"
"366","100","0.4","0.35","144","5","single","60","0.2","0.5","0.1","1","0.05","500","2000","0.5","0.01","true","false","all","5","8","1.5","0.3","1","entrainment","0.3","0.8","0.7","3000","2421","117.92682100377621","49.327642792322784","0.2740424599573488","85.32270455553042","31.514461621739688","0.47401502530850237","0.17508034234299827","770.9415236237111","751.0860062837237","779.4510310551346","0.9636089713897567","921.2549060524201","565.5293074370758","1073.708734030424","0.5267064423647051","0.028952221751865626","0.23971197556115462","0.19601074974903743","0.23971197556115462","0.18062768241580762","0.16739067085581563","0.18630068737008984","100","0.06687209150676347","30","70"
"367","100","0.4","0.35","144","5","single","60","0.2","0.5","0.1","1","0.05","500","2000","0.5","0.01","true","false","all","5","8","1.5","0.3","1","entrainment","0.3","0.8","0.7","3000","1541","89.12286771232729","98.92915188548398","0.5496063993637998","141.30099475350946","77.1428571428571","0.7850055264083858","0.4285714285714283","14.19255874265343","10.063163096116547","15.962299734026374","0.6304331621254544","920.8516598700362","565.1749837527049","1073.2845210631776","0.5265844914942519","0.10503201036903076","0","0","0","0","0","0","0","0.08865444600901913","30","70"
"368","100","0.4","0.35","144","5","single","60","0.2","0.5","0.1","1","0.05","500","2000","0.5","0.01","true","false","all","5","8","1.5","0.3","1","entrainment","0.3","0.8","0.7","3000","656","89.35178380475415","11.71618840500034","0.06508993558333522","15.107942376267264","10.320003791049409","0.0839330132014848","0.05733335439471894","14.192604157050493","10.41958309901548","15.809613181922636","0.6590662895490489","1052.0163397162223","690.0248233909954","1207.1555609984628","0.571612181300198","0.09675184721643393","0","0","0","0","0","0","0","0.09283688599939866","30","70"
"369","100","0.4","0.35","144","5","single","60","0.2","0.5","0.1","1","0.05","500","2000","0.5","0.01","true","false","all","5","8","1.5","0.3","1","entrainment","0.3","0.8","0.7","3000","2036","96.20643160350902","13.57117443458586","0.075395413525477","28.055381112226687","6.276381913758839","0.15586322840125938","0.034868788409771326","29.28736537419029","25.089486350861893","31.086456384188185","0.807087370808318","1032.123372568993","542.6471441883579","1241.8988990178373","0.4369495331846365","0.05390951031072255","0","0","0","0","0","0","0","0.09977706692538912","30","70"
"370","100","0.4","0.35","144","5","single","60","0.2","0.5","0.1","1","0.05","500","2000","0.5","0.01","true","false","all","5","8","1.5","0.3","1","entrainment","0.3","0.8","0.7","3000","836","81.65309535811126","27.19558116978883","0.1510865620543824","61.108340263724614","12.024492240090686","0.33949077924291454","0.06680273466717047","14.180280904715762","10.363715473296308","15.815951803895535","0.6552697935475298","1046.4690429527382","631.7721377307228","1224.1962880478873","0.5160709470359132","0.09837218451708085","0","0","0","0","0","0","0","0.09271278080988513","30","70"
"371","100","0.4","0.35","144","5","single","60","0.2","0.5","0.1","1","0.05","500","2000","0.5","0.01","true","false","all","5","8","1.5","0.3","1","entrainment","0.3","0.8","0.7","3000","431","65.13952715585204","13.41648453776596","0.0745360252098109","21.904035407547333","9.030194791139019","0.12168908559748519","0.050167748839661214","14.265245814412337","10.378960791096533","15.930796538690538","0.6515029406024696","1143.147293664152","779.9528203038738","1298.8020679614142","0.6005170761146688","0.09887416157203477","0","0","0","0","0","0","0","0.08581304176209553","30","70"
"372","100","0.4","0.35","144","5","single","60","0.2","0.5","0.1","1","0.05","500","2000","0.5","0.01","true","false","all","5","8","1.5","0.3","1","entrainment","0.3","0.8","0.7","3000","434","50.8503670137377","12.597574392382773","0.06998652440212652","26.11627878061966","6.738119063108385","0.1450904376701092","0.03743399479504658","14.095019312139874","10.296611763104092","15.722908261726639","0.6548795929928903","1070.4390506564241","672.2360594850594","1241.0974754441515","0.5416464643476019","0.09696782896514544","0","0","0","0","0","0","0","0.09166175085743518","30","70"
"373","100","0.4","0.35","144","5","single","60","0.2","0.5","0.1","1","0.05","500","2000","0.5","0.01","true","false","all","5","8","1.5","0.3","1","entrainment","0.3","0.8","0.7","3000","121","67.83922671462649","13.858001445621882","0.07698889692012156","28.623949480839332","7.544244492163602","0.1590219415602185","0.041912469400908904","14.242975508374732","10.533201384299465","15.832878704406985","0.665273926551816","1004.901559640801","721.0450248622797","1126.5543602601672","0.6400445910979041","0.09532621980467315","0","0","0","0","0","0","0","0.07638271513102553","30","70"
"374","100","0.4","0.35","144","5","single","60","0.2","0.5","0.1","1","0.05","500","2000","0.5","0.01","true","false","all","5","8","1.5","0.3","1","entrainment","0.3","0.8","0.7","3000","192","54.11333637407256","10.219832744183766","0.056776848578798694","17.85910576387993","7.19499712755197","0.09921725424377739","0.03997220626417761","14.14116707151678","10.040741445107473","15.898492339977894","0.6315530573838949","1115.7904354941172","846.6036580694563","1231.156197247544","0.6876492681937358","0.10207382897134165","0","0","0","0","0","0","0","0.08623749236597802","30","70"
"375","100","0.4","0.35","144","5","single","60","0.2","0.5","0.1","1","0.05","500","2000","0.5","0.01","true","false","all","5","8","1.5","0.3","1","entrainment","0.3","0.8","0.7","3000","456","73.33525093073278","10.484593281935298","0.0582477404551961","19.405485540067282","6.709732116987164","0.10780825300037379","0.03727628953881758","14.106898581617038","10.160079791546467","15.798392348790145","0.6431084611165854","1035.7739867537337","770.7029963910175","1149.375839766327","0.6705404531103635","0.1018071611332727","0","0","0","0","0","0","0","0.0845381656809489","30","70"
"376","100","0.4","0.35","144","5","single","60","0.2","0.5","0.1","1","0.05","500","2000","0.5","0.01","true","false","all","5","8","1.5","0.3","1","entrainment","0.3","0.8","0.7","3000","411","66.91212708730676","10.30427242784761","0.05724595793248673","17.800935948027718","6.898735524306746","0.09889408860015399","0.03832630846837081","14.243417026794994","10.305266606738375","15.931195778247817","0.6468608351928616","1082.3390246669337","617.1844212505013","1281.6909975596902","0.48153917162998416","0.10004992654542666","0","0","0","0","0","0","0","0.09860821256525797","30","70"
"377","100","0.4","0.35","144","5","single","60","0.2","0.5","0.1","1","0.05","500","2000","0.5","0.01","true","false","all","5","8","1.5","0.3","1","entrainment","0.3","0.8","0.7","3000","-1","116.96445273939139","73.80567828258955","0.4100315460143864","145.15303380779375","31.21372187374301","0.806405743376632","0.17340956596523896","2947.411402115973","2859.3719141010083","2985.142611265245","0.9578677760018545","921.1369940372695","498.5507291962285","1102.2453932548585","0.4523046612370415","0.03063633738465965","1","1","1","1","1","1","100","0.09670072228973188","30","70"
"378","100","0.4","0.35","144","5","single","60","0.2","0.5","0.1","1","0.05","500","2000","0.5","0.01","true","false","all","5","8","1.5","0.3","1","entrainment","0.3","0.8","0.7","3000","442","63.88522774837837","11.400451375540447","0.06333584097522471","20.359428730048812","7.543379425311404","0.11310793738916007","0.04190766347395224","14.154452122143033","10.183504813139619","15.856286683144496","0.6422376825442274","1030.0093433114912","659.7520078038576","1188.6910585290484","0.5550239509837577","0.10143337990939205","0","0","0","0","0","0","0","0.07282748963225096","30","70"
"379","100","0.4","0.35","144","5","single","60","0.2","0.5","0.1","1","0.05","500","2000","0.5","0.01","true","false","all","5","8","1.5","0.3","1","entrainment","0.3","0.8","0.7","3000","-1","143.48418596407316","122.52829219465579","0.6807127344147544","137.09392019272445","113.1428571428571","0.7616328899595803","0.6285714285714283","2928.4720942401646","2838.806473896904","2966.900217244422","0.956825732593566","957.6481510557921","484.24284382871934","1160.5361398673951","0.41725787521278723","0.031049100852466482","1","1","1","1","1","1","100","0.08047227895140102","30","70"
"380","100","0.4","0.35","144","5","single","60","0.2","0.5","0.1","1","0.05","500","2000","0.5","0.01","true","false","all","5","8","1.5","0.3","1","entrainment","0.3","0.8","0.7","3000","1116","89.19281119822142","14.724681195431017","0.0818037844190612","23.2423616098843","11.225418453394179","0.12912423116602387","0.06236343585218988","14.27029650898254","10.584271292954346","15.850021601566056","0.6677764585449255","963.6120200051616","691.6542754819524","1080.165339086537","0.6403225973413139","0.09451366207039347","0","0","0","0","0","0","0","0.09483418079979258","30","70"
"381","100","0.4","0.35","144","5","single","60","0.2","0.5","0.1","1","0.05","500","2000","0.5","0.01","true","false","all","5","8","1.5","0.3","1","entrainment","0.3","0.8","0.7","3000","446","76.44437934493173","39.91943163486037","0.22177462019366875","94.8919023079389","15.988415629998112","0.5271772350441051","0.0888245312777673","14.142570484962407","10.210258831427064","15.827846907906123","0.6450819805647074","1112.632224856153","754.4635892005415","1266.1330687085579","0.595880170770744","0.1004211558738719","0","0","0","0","0","0","0","0.07312484771591461","30","70"
"382","100","0.4","0.35","144","5","single","60","0.2","0.5","0.1","1","0.05","500","2000","0.5","0.01","true","false","all","5","8","1.5","0.3","1","entrainment","0.3","0.8","0.7","3000","275","57.062883628919266","12.599007182521706","0.06999448434734282","23.327615499415508","8.049289625285756","0.1295978638856417","0.04471827569603198","14.174141062686985","10.194936298188853","15.8795145331862","0.6420181345520802","1031.2123140702936","709.3189292981356","1169.1666218297905","0.6066876320742242","0.1010023073243651","0","0","0","0","0","0","0","0.07670820001260438","30","70"
"383","100","0.4","0.35","144","5","single","60","0.2","0.5","0.1","1","0.05","500","2000","0.5","0.01","true","false","all","5","8","1.5","0.3","1","entrainment","0.3","0.8","0.7","3000","585","87.70857396240865","16.104815154886616","0.08947119530492564","37.15995638248121","7.126484720858028","0.20644420212489561","0.0395915817825446","14.293041108533254","10.438365492316652","15.94504494405465","0.6546463511981979","963.7977236406891","535.1685329444128","1147.4959482248078","0.46637945325412783","0.09924010533916161","0","0","0","0","0","0","0","0.07971552148184369","30","70"
"384","100","0.4","0.35","144","5","single","60","0.2","0.5","0.1","1","0.05","500","2000","0.5","0.01","true","false","all","5","8","1.5","0.3","1","entrainment","0.3","0.8","0.7","3000","240","66.54910751796476","12.665883263851118","0.07036601813250622","24.919736951918463","8.661112515579362","0.1384429830662137","0.048117291753218674","14.181549438946742","10.09048672330626","15.934862031364096","0.6332333912553161","1094.8729983296282","578.1259470546715","1316.3360203046097","0.43919328965934473","0.10406063778461427","0","0","0","0","0","0","0","0.07356010271998431","30","70"
"385","100","0.4","0.35","144","5","single","60","0.2","0.5","0.1","1","0.05","500","2000","0.5","0.01","true","false","all","5","8","1.5","0.3","1","entrainment","0.3","0.8","0.7","3000","416","65.77765409957786","36.24416487165861","0.2013564715092145","59.99999999999996","25.714285714285538","0.3333333333333331","0.14285714285714188","14.203450877587615","10.311808369976838","15.87129766656366","0.6497142569319271","1100.004128678412","693.0066809919159","1274.4316062583387","0.54377706703818","0.09722426092579117","0","0","0","0","0","0","0","0.06792415018158364","30","70"
"386","100","0.4","0.35","144","5","single","60","0.2","0.5","0.1","1","0.05","500","2000","0.5","0.01","true","false","all","5","8","1.5","0.3","1","entrainment","0.3","0.8","0.7","3000","366","56.844177904611385","10.894164952661509","0.06052313862589727","19.911788876178203","6.996676230888079","0.11062104931210114","0.038870423504933777","14.130839432600183","10.50321946742601","15.68553370338912","0.66961186441215","1062.5521860084841","626.6073695152947","1249.3856787912798","0.5015323771931715","0.0952749487252611","0","0","0","0","0","0","0","0.08659516616657367","30","70"
"387","100","0.4","0.35","144","5","single","60","0.2","0.5","0.1","1","0.05","500","2000","0.5","0.01","true","false","all","5","8","1.5","0.3","1","entrainment","0.3","0.8","0.7","3000","491","76.88577104568533","16.066746946221855","0.08925970525678809","26.289741090036205","11.666926542054954","0.1460541171668678","0.06481625856697197","14.194143081198328","10.245281837427381","15.886512185671586","0.6449044143665366","1114.1407723559862","752.6029558526001","1269.0855508574373","0.593027755571022","0.1010346657264376","0","0","0","0","0","0","0","0.08197523626986457","30","70"
"388","100","0.4","0.35","144","5","single","60","0.2","0.5","0.1","1","0.05","500","2000","0.5","0.01","true","false","all","5","8","1.5","0.3","1","entrainment","0.3","0.8","0.7","3000","131","61.008353965967686","13.621785451947007","0.07567658584415003","28.648695224888897","7.064399963598339","0.15915941791604943","0.03924666646443521","14.230631374336406","10.17640014783642","15.96815904283639","0.637293260953694","1116.807111328394","665.3496324025366","1310.2888880109037","0.5077885025893617","0.10282087445387855","0","0","0","0","0","0","0","0.08324765656268912","30","70"
"389","100","0.4","0.35","144","5","single","60","0.2","0.5","0.1","1","0.05","500","2000","0.5","0.01","true","false","all","5","8","1.5","0.3","1","entrainment","0.3","0.8","0.7","3000","254","50.141531376274656","14.68901580276333","0.08160564334868517","32.1188530546509","7.611918374378341","0.17843807252583832","0.042288435413213005","14.162096228610682","10.363498769184362","15.790066568364825","0.6563302772863215","1128.4447068992451","700.133595831829","1312.006611642424","0.5336357222738174","0.09556773612618463","0","0","0","0","0","0","0","0.08758576270904948","30","70"
"390","100","0.4","0.35","144","5","single","60","0.2","0.5","0.1","1","0.05","500","2000","0.5","0.01","true","false","all","5","8","1.5","0.3","1","entrainment","0.3","0.8","0.7","3000","330","63.27133778951527","12.998485182035054","0.07221380656686141","21.460727988968316","9.477522423783938","0.11922626660537954","0.05265290235435521","14.210405638996493","10.523234497931886","15.790621842309903","0.6664230581303386","1160.8524313696496","705.5753235757535","1355.9711918527478","0.5203468390885814","0.09793484738069602","0","0","0","0","0","0","0","0.08312308588670962","30","70"
"391","100","0.4","0.35","144","5","single","60","0.2","0.5","0.1","1","0.05","500","2000","0.5","0.01","true","false","all","5","8","1.5","0.3","1","entrainment","0.3","0.8","0.9","3000","120","67.14565989737872","10.900442865027882","0.06055801591682157","45.0176994285599","7.579470640600678","0.2500983301586661","0.04210817022555932","15.407819025178355","10.750789708698731","15.92526672700942","0.6750775288721086","1275.5811687113026","614.3614257684492","1349.050029038287","0.4554029965859874","0.05082667137316599","0","0","0","0","0","0","0","0.09730630495535675","10","90"
"392","100","0.4","0.35","144","5","single","60","0.2","0.5","0.1","1","0.05","500","2000","0.5","0.01","true","false","all","5","8","1.5","0.3","1","entrainment","0.3","0.8","0.9","3000","270","82.59425285821231","9.716237611812483","0.053979097843402685","51.12839469635141","6.85378276150731","0.2840466372019523","0.03807657089726284","15.248437769071433","10.687985986197287","15.755154633835218","0.6783802656715373","1075.3327162989124","718.8055038256941","1114.946851018159","0.6446993443403044","0.05211343771032095","0","0","0","0","0","0","0","0.08475082388897437","10","90"
"393","100","0.4","0.35","144","5","single","60","0.2","0.5","0.1","1","0.05","500","2000","0.5","0.01","true","false","all","5","8","1.5","0.3","1","entrainment","0.3","0.8","0.9","3000","376","57.432714422484224","8.742261302892658","0.04856811834940365","13.970932434749958","7.961306576074892","0.07761629130416643","0.04422948097819385","15.33636701223752","10.48680465376963","15.875207274289508","0.660577494994563","1122.749604879152","639.0346855803418","1176.4957070234648","0.5431678855820905","0.052628784922278404","0","0","0","0","0","0","0","0.08129613393373238","10","90"
"394","100","0.4","0.35","144","5","single","60","0.2","0.5","0.1","1","0.05","500","2000","0.5","0.01","true","false","all","5","8","1.5","0.3","1","entrainment","0.3","0.8","0.9","3000","221","55.87335679667871","10.790142591222677","0.05994523661790376","37.18466920155529","7.944667377802313","0.20658149556419605","0.04413704098779063","15.209827465356575","10.091863592543515","15.778490117891359","0.6395962805782202","1109.4040218823864","463.12101574634596","1181.2132447863905","0.3920723186862813","0.05349599747359246","0","0","0","0","0","0","0","0.07841172715612701","10","90"
"395","100","0.4","0.35","144","5","single","60","0.2","0.5","0.1","1","0.05","500","2000","0.5","0.01","true","false","all","5","8","1.5","0.3","1","entrainment","0.3","0.8","0.9","3000","812","133.22068484591108","10.05583308633087","0.05586573936850483","44.34567076927241","7.294220750054519","0.24636483760706895","0.04052344861141399","15.177885283243178","10.329046923887203","15.71664510094939","0.6572043115781281","1098.3295163093326","733.0915943146456","1138.9115076420755","0.6436773967034437","0.05164425107312165","0","0","0","0","0","0","0","0.07273886688634723","10","90"
"396","100","0.4","0.35","144","5","single","60","0.2","0.5","0.1","1","0.05","500","2000","0.5","0.01","true","false","all","5","8","1.5","0.3","1","entrainment","0.3","0.8","0.9","3000","251","70.99500799780682","6.7111575848359415","0.03728420880464412","15.60978705732116","5.689095442686014","0.08672103920733978","0.03160608579270008","15.16432097218003","10.117842850134089","15.725040763518468","0.6434223606979209","1184.106830183344","528.3117474580065","1256.9729504861587","0.4203047863947046","0.05405670499056292","0","0","0","0","0","0","0","0.07259116022044429","10","90"
"397","100","0.4","0.35","144","5","single","60","0.2","0.5","0.1","1","0.05","500","2000","0.5","0.01","true","false","all","5","8","1.5","0.3","1","entrainment","0.3","0.8","0.9","3000","271","62.301623706975185","10.671410033018635","0.05928561129454797","9.151063051051256","10.47836918404853","0.05083923917250698","0.05821316213360295","15.26585978087135","10.323793422260175","15.814978265161484","0.6527858116000238","1146.4558019818912","878.6345123989989","1176.2137230466574","0.7470024326218017","0.05411501667450547","0","0","0","0","0","0","0","0.08609714787148522","10","90"
"398","100","0.4","0.35","144","5","single","60","0.2","0.5","0.1","1","0.05","500","2000","0.5","0.01","true","false","all","5","8","1.5","0.3","1","entrainment","0.3","0.8","0.9","3000","184","55.22474855264613","9.663764261900864","0.05368757923278258","21.931118383792832","8.518505150505293","0.12183954657662685","0.047325028613918296","15.248560554784522","10.975237963095548","15.72337417608329","0.6980205291934032","1093.3192048715898","674.9426691426802","1139.8054866192467","0.5921560100088775","0.049483470024522136","0","0","0","0","0","0","0","0.06303205751619832","10","90"
"399","100","0.4","0.35","144","5","single","60","0.2","0.5","0.1","1","0.05","500","2000","0.5","0.01","true","false","all","5","8","1.5","0.3","1","entrainment","0.3","0.8","0.9","3000","377","86.53192021591289","9.904273968055836","0.05502374426697687","19.91886447011541","8.808678548747828","0.11066035816730782","0.048937103048599044","15.215461066711297","10.300412283348997","15.761577598196002","0.6535140419273723","1167.4196404182956","428.69367849390346","1249.5003028543395","0.3430920965081819","0.05417118912763352","0","0","0","0","0","0","0","0.0805284433669826","10","90"
"400","100","0.4","0.35","144","5","single","60","0.2","0.5","0.1","1","0.05","500","2000","0.5","0.01","true","false","all","5","8","1.5","0.3","1","entrainment","0.3","0.8","0.9","3000","226","68.86194503705939","7.804131908186331","0.04335628837881295","18.547033564291215","6.555632998995254","0.10303907535717342","0.03642018332775141","15.187411224434655","9.742714237256527","15.792377556343338","0.6169251084896437","1171.0531382654406","651.6497645289539","1228.7646242361616","0.5303292035560021","0.057478608372599105","0","0","0","0","0","0","0","0.07516422687028175","10","90"
"401","100","0.4","0.35","144","5","single","60","0.2","0.5","0.1","1","0.05","500","2000","0.5","0.01","true","false","all","5","8","1.5","0.3","1","entrainment","0.3","0.8","0.9","3000","160","53.829079670053154","10.290569989339788","0.05716983327410993","16.583636410426795","9.583961495422777","0.09213131339125998","0.053244230530126536","15.237979808048898","10.368734837613554","15.779007026986157","0.657122138286671","1222.8910990546074","801.8051268709444","1269.6784292972368","0.631502519354244","0.055611699262268166","0","0","0","0","0","0","0","0.07238893712029389","10","90"
"402","100","0.4","0.35","144","5","single","60","0.2","0.5","0.1","1","0.05","500","2000","0.5","0.01","true","false","all","5","8","1.5","0.3","1","entrainment","0.3","0.8","0.9","3000","32","82.02494402316796","39.599999999999966","0.2199999999999998","137.8536681558881","27.999999999999975","0.7658537119771561","0.15555555555555542","15.157566551721546","10.099174872557109","15.719610071628706","0.6424570855472074","1199.5897630533664","891.5989286215079","1233.810966879128","0.7226381938205407","0.054785636266350135","0","0","0","0","0","0","0","0.08394308512926295","10","90"
"403","100","0.4","0.35","144","5","single","60","0.2","0.5","0.1","1","0.05","500","2000","0.5","0.01","true","false","all","5","8","1.5","0.3","1","entrainment","0.3","0.8","0.9","3000","153","101.33420936473736","10.111818896537862","0.056176771647432566","9.523245496001103","10.17162035670728","0.052906919422228346","0.05650900198170711","15.241052237018577","10.128238989194255","15.809142597887936","0.6406570708361732","1210.3553251545186","593.8977026139939","1278.850616547911","0.4643995904831657","0.05315288669021312","0","0","0","0","0","0","0","0.07929733946834364","10","90"
"404","100","0.4","0.35","144","5","single","60","0.2","0.5","0.1","1","0.05","500","2000","0.5","0.01","true","false","all","5","8","1.5","0.3","1","entrainment","0.3","0.8","0.9","3000","401","63.003109321629815","11.391241484218881","0.06328467491232712","32.830877691613516","8.887321077156223","0.18239376495340842","0.04937400598420124","15.30104484356144","9.932441693997712","15.897556304624072","0.6247778906188679","1074.7544257280667","604.7424725786865","1126.9779760779977","0.536605404378224","0.05502604103707154","0","0","0","0","0","0","0","0.07926344546710515","10","90"
"405","100","0.4","0.35","144","5","single","60","0.2","0.5","0.1","1","0.05","500","2000","0.5","0.01","true","false","all","5","8","1.5","0.3","1","entrainment","0.3","0.8","0.9","3000","206","92.11079987849968","10.368100569543241","0.057600558719684676","32.54019253759725","7.996750306034699","0.18077884743109582","0.04442639058908166","15.333506379335681","10.250506833285149","15.898284106674636","0.6447555449698902","1151.5133155937067","688.6196517264563","1202.9459449122905","0.5724443850855366","0.054659339770257276","0","0","0","0","0","0","0","0.07880901780220874","10","90"
"406","100","0.4","0.35","144","5","single","60","0.2","0.5","0.1","1","0.05","500","2000","0.5","0.01","true","false","all","5","8","1.5","0.3","1","entrainment","0.3","0.8","0.9","3000","201","51.15128495661121","11.438291147607305","0.0635460619311517","41.7234632712","8.008601001041875","0.23179701817333334","0.04449222778356597","15.283158769631052","10.29994058615418","15.83684967890626","0.6503781241210548","1227.5563339772393","452.03268141559","1313.7256287063108","0.34408454211305023","0.05317189612633477","0","0","0","0","0","0","0","0.08942409887567045","10","90"
"407","100","0.4","0.35","144","5","single","60","0.2","0.5","0.1","1","0.05","500","2000","0.5","0.01","true","false","all","5","8","1.5","0.3","1","entrainment","0.3","0.8","0.9","3000","141","54.451750193656025","13.214209052056294","0.07341227251142385","30.732467078519342","11.37193586689771","0.17073592821399636","0.06317742148276505","15.25264912453292","10.214162043796097","15.812481022392568","0.6459556871139631","1196.6997515299433","541.5566966989638","1269.493424288941","0.42659275450937956","0.05157164851513252","0","0","0","0","0","0","0","0.07179806868250742","10","90"
"408","100","0.4","0.35","144","5","single","60","0.2","0.5","0.1","1","0.05","500","2000","0.5","0.01","true","false","all","5","8","1.5","0.3","1","entrainment","0.3","0.8","0.9","3000","205","102.62510316597161","11.497557699440604","0.0638753205524478","38.42558707033634","8.484855168592597","0.21347548372409078","0.04713808426995887","15.357920387145509","10.347203184874747","15.914666742953363","0.6501677573271362","1319.2452088470156","997.7773208938304","1354.9638630640363","0.7363866654255374","0.05325280166788304","0","0","0","0","0","0","0","0.07844814819670705","10","90"
"409","100","0.4","0.35","144","5","single","60","0.2","0.5","0.1","1","0.05","500","2000","0.5","0.01","true","false","all","5","8","1.5","0.3","1","entrainment","0.3","0.8","0.9","3000","-1","143.05775557455604","153.5086917081736","0.8528260650454088","122.61077190422023","147.78101532312812","0.6811709550234457","0.8210056406840451","2998.4553266919324","2898.601352285542","3009.550212737086","0.9631344046090397","1018.1440375597165","688.0524614731983","1054.8208793471072","0.6522931759741766","0.02705447211506118","1","1","1","1","1","1","100","0.08208131440275329","10","90"
"410","100","0.4","0.35","144","5","single","60","0.2","0.5","0.1","1","0.05","500","2000","0.5","0.01","true","false","all","5","8","1.5","0.3","1","entrainment","0.3","0.8","0.9","3000","127","71.86049523552018","9.646533612357661","0.05359185340198701","28.120743929272987","7.438106792517143","0.1562263551626277","0.041322815513984125","15.231469516629806","10.005156494931795","15.812170963485151","0.6327503363097058","1212.405414977244","520.0842985286137","1289.3299834715356","0.4033756332326042","0.05345844082047235","0","0","0","0","0","0","0","0.0826850705599533","10","90"
"411","100","0.4","0.35","144","5","single","60","0.2","0.5","0.1","1","0.05","500","2000","0.5","0.01","true","false","all","5","8","1.5","0.3","1","entrainment","0.3","0.8","0.9","3000","-1","139.44616828295284","15.220384504054136","0.08455769168918964","44.21887272302389","11.77461274829495","0.2456604040167994","0.06541451526830529","3006.588106537235","2883.070063622319","3020.312333527783","0.954560239223616","856.77652046704","390.5796673289384","908.5761708157186","0.42988103790822124","0.027795317120332452","1","1","1","1","1","1","100","0.07044258985410155","10","90"
"412","100","0.4","0.35","144","5","single","60","0.2","0.5","0.1","1","0.05","500","2000","0.5","0.01","true","false","all","5","8","1.5","0.3","1","entrainment","0.3","0.8","0.9","3000","474","112.27396112837923","35.99999999999994","0.19999999999999968","140.0330596618792","23.99999999999982","0.7779614425659956","0.13333333333333233","15.417956722585277","10.661631127773585","15.94643734423103","0.6685901620295559","1192.0176649438479","721.6202925235534","1244.2840396572137","0.579948202761125","0.05344955206979751","0","0","0","0","0","0","0","0.07260341992996072","10","90"
"413","100","0.4","0.35","144","5","single","60","0.2","0.5","0.1","1","0.05","500","2000","0.5","0.01","true","false","all","5","8","1.5","0.3","1","entrainment","0.3","0.8","0.9","3000","309","72.03798077984169","7.289549887045927","0.040497499372477375","10.394359235055026","7.010331008455855","0.05774644019475014","0.03894628338031031","15.288242362065732","10.244903477106037","15.848613349283475","0.6464227028145155","1152.3703553220514","678.5389821843539","1205.0182856706847","0.5630943449183389","0.05742423805945629","0","0","0","0","0","0","0","0.08249913484008192","10","90"
"414","100","0.4","0.35","144","5","single","60","0.2","0.5","0.1","1","0.05","500","2000","0.5","0.01","true","false","all","5","8","1.5","0.3","1","entrainment","0.3","0.8","0.9","3000","154","47.64621133229625","10.684689312125093","0.059359385067361624","21.46062530580462","8.859275318123379","0.119225696143359","0.049218196211796544","15.19781682061678","10.227181388253317","15.75010964643494","0.6493403295492773","1153.3846927753586","660.7368316933874","1208.1233440066885","0.5469117329544203","0.05405004237976363","0","0","0","0","0","0","0","0.08579825554599309","10","90"
"416","100","0.4","0.35","144","5","single","60","0.2","0.5","0.1","1","0.05","500","2000","0.5","0.01","true","false","all","5","8","1.5","0.3","1","entrainment","0.3","0.8","0.9","3000","176","56.27884196104596","8.947109241515607","0.04970616245286448","28.59324443471713","6.814482844330907","0.15885135797065073","0.037858238024060596","15.271335536388309","10.278404337979518","15.82610566954484","0.649458846831719","1061.494675465567","569.7080131217807","1116.1376379482094","0.5104280993239081","0.05252904954793003","0","0","0","0","0","0","0","0.08332179984335673","10","90"
"415","100","0.4","0.35","144","5","single","60","0.2","0.5","0.1","1","0.05","500","2000","0.5","0.01","true","false","all","5","8","1.5","0.3","1","entrainment","0.3","0.8","0.9","3000","277","69.52121088391054","82.80000000000005","0.4600000000000003","144","76.00000000000004","0.8","0.42222222222222244","15.27569078231482","10.494272619389543","15.806959467084301","0.6639020389242056","1055.7532912134116","663.2818681107384","1099.361227113709","0.603333874028044","0.05118668710161978","0","0","0","0","0","0","0","0.08111546648035527","10","90"
"417","100","0.4","0.35","144","5","single","60","0.2","0.5","0.1","1","0.05","500","2000","0.5","0.01","true","false","all","5","8","1.5","0.3","1","entrainment","0.3","0.8","0.9","3000","-1","140.4890884919264","53.68276409431464","0.298237578301748","101.25185123809538","47.60313549213197","0.5625102846560854","0.2644618638451776","2987.0364122660144","2954.228278853798","2990.6817604229286","0.9878109794055872","974.237440048785","467.9877701131303","1030.4874033749693","0.45414215504276384","0.02540575361238262","1","1","1","1","1","1","100","0.08348259110520749","10","90"
"418","100","0.4","0.35","144","5","single","60","0.2","0.5","0.1","1","0.05","500","2000","0.5","0.01","true","false","all","5","8","1.5","0.3","1","entrainment","0.3","0.8","0.9","3000","346","58.50757978755622","7.758941042986773","0.04310522801659319","17.243033570179826","6.7053463768797945","0.09579463094544348","0.03725192431599886","15.279664926483939","10.546388509581533","15.805584528361985","0.6672571008466531","1189.116312212963","829.4133695664668","1229.0833058403518","0.6748227444187588","0.05394316631701668","0","0","0","0","0","0","0","0.09093375978556158","10","90"
"419","100","0.4","0.35","144","5","single","60","0.2","0.5","0.1","1","0.05","500","2000","0.5","0.01","true","false","all","5","8","1.5","0.3","1","entrainment","0.3","0.8","0.9","3000","278","66.09088353752439","8.264544454616017","0.04591413585897787","17.358991812784357","7.2248505937694265","0.09643884340435754","0.04013805885427459","15.253986801774051","10.1167270956206","15.824793435791095","0.6392959969221144","1180.1994881917858","773.7728524534957","1225.3580032738173","0.6314667634978421","0.05425204336179523","0","0","0","0","0","0","0","0.08150996714638843","10","90"
"420","100","0.4","0.35","144","5","single","60","0.2","0.5","0.1","1","0.05","500","2000","0.5","0.01","true","false","all","5","8","1.5","0.3","1","entrainment","0.3","0.8","0.9","3000","310","74.952482263402","8.970373681993438","0.04983540934440799","20.40410539106727","6.6255313634407065","0.11335614106148482","0.03680850757467059","15.386261211027282","10.793604079841048","15.896556447825747","0.6789900765783363","1298.4869293050328","655.6034264672152","1369.9184296203462","0.4785711413846053","0.0519964409260778","0","0","0","0","0","0","0","0.08949853834236697","10","90"
