"BehaviorSpace results (NetLogo 7.0.3)","Table version 2.0"
"netlogo/coherence_model_tencon.nlogox"
"H002_batch3_repeated_stress"
"07/03/2026 09:44:30:989 +1000"
"min-pxcor","max-pxcor","min-pycor","max-pycor"
"-16","16","-16","16"
"[run number]","population","coupling-strength","noise-level","perturb-duration","recovery-tolerance","perturbation-regime","perturbation-strength","identity-pull-weight","social-pull-weight","metabolic-rate","shock-multiplier","recovery-rate","fatigue-threshold","fatigue-saturation","fatigue-intensity","cost-decay-rate","fatigue-enabled?","controlled-variance?","selective-identity-pull","human-update-rate","ai-influence-radius","ai-tie-strength-multiplier","ai-noise-multiplier","human-noise-multiplier","coordination-regime","human-regime-bias-mean","ai-regime-bias-mean","ai-proportion","[step]","recovery-time","max-deviation","heading-variance","diversity-index","human-heading-variance","ai-heading-variance","human-diversity-index","ai-diversity-index","mean-cumulative-cost","human-mean-cost","ai-mean-cost","human-ai-cost-ratio","mean-alignment-work","human-mean-alignment-work","ai-mean-alignment-work","human-ai-work-ratio","cost-gini","max-fatigue-level","human-max-fatigue","ai-max-fatigue","mean-fatigue-level","human-mean-fatigue","ai-mean-fatigue","agents-fatigued","initial-coupling-bias-variance","num-humans","num-ais"
"6","100","0.4","0.35","144","5","periodic","60","0.2","0.5","0.1","1","0.05","500","2000","0.5","0.01","true","false","all","5","8","1.5","0.3","1","coherence","0.3","0.8","0","3000","0","16.05812453032776","77.3863795467066","0.4299243308150367","77.3863795467066","0","0.4299243308150367","0","702.7579206196718","702.7579206196718","0","0","807.1026708388246","807.1026708388246","0","0","0.020493511992765612","0.17780220467652938","0.17780220467652938","0","0.13517194707978114","0.13517194707978114","0","100","0.09192095803965418","100","0"
"1","100","0.4","0.35","144","5","periodic","60","0.2","0.5","0.1","1","0.05","500","2000","0.5","0.01","true","false","all","5","8","1.5","0.3","1","coherence","0.3","0.8","0","3000","0","11.566670996260001","84.69930282628107","0.47055168236822814","84.69930282628107","0","0.47055168236822814","0","686.1968467565368","686.1968467565368","0","0","703.6195813724968","703.6195813724968","0","0","0.019434365229618944","0.16336856464596197","0.16336856464596197","0","0.12413123117102459","0.12413123117102459","0","100","0.08425560008601751","100","0"
"7","100","0.4","0.35","144","5","periodic","60","0.2","0.5","0.1","1","0.05","500","2000","0.5","0.01","true","false","all","5","8","1.5","0.3","1","coherence","0.3","0.8","0","3000","76","16.667467970341917","78.91884917353484","0.43843805096408245","78.91884917353484","0","0.43843805096408245","0","1585.1014858745793","1585.1014858745793","0","0","759.1142442187256","759.1142442187256","0","0","0.018490251246803258","0.8077110314810354","0.8077110314810354","0","0.7234009905830534","0.7234009905830534","0","100","0.07342690517387306","100","0"
"8","100","0.4","0.35","144","5","periodic","60","0.2","0.5","0.1","1","0.05","500","2000","0.5","0.01","true","false","all","5","8","1.5","0.3","1","coherence","0.3","0.8","0","3000","0","9.997833817016485","78.82457103669249","0.4379142835371805","78.82457103669249","0","0.4379142835371805","0","764.3614856083836","764.3614856083836","0","0","721.6338732922662","721.6338732922662","0","0","0.01762967234677104","0.20767085774806918","0.20767085774806918","0","0.176240990405589","0.176240990405589","0","100","0.08694194435738328","100","0"
"4","100","0.4","0.35","144","5","periodic","60","0.2","0.5","0.1","1","0.05","500","2000","0.5","0.01","true","false","all","5","8","1.5","0.3","1","coherence","0.3","0.8","0","3000","0","21.02644807708397","94.16833372048983","0.5231574095582768","94.16833372048983","0","0.5231574095582768","0","3243.7745739944307","3243.7745739944307","0","0","627.1467904792362","627.1467904792362","0","0","0.02264705903391917","1","1","0","1","1","0","100","0.09213955507229024","100","0"
"5","100","0.4","0.35","144","5","periodic","60","0.2","0.5","0.1","1","0.05","500","2000","0.5","0.01","true","false","all","5","8","1.5","0.3","1","coherence","0.3","0.8","0","3000","0","27.598226449126884","85.94646592443276","0.47748036624684864","85.94646592443276","0","0.47748036624684864","0","5490.239036298336","5490.239036298336","0","0","573.8475367067473","573.8475367067473","0","0","0.0196781549826186","1","1","0","1","1","0","100","0.07455387406165001","100","0"
"2","100","0.4","0.35","144","5","periodic","60","0.2","0.5","0.1","1","0.05","500","2000","0.5","0.01","true","false","all","5","8","1.5","0.3","1","coherence","0.3","0.8","0","3000","0","15.154985806550314","94.91886166432865","0.5273270092462703","94.91886166432865","0","0.5273270092462703","0","1494.4254221615126","1494.4254221615126","0","0","670.1939176121894","670.1939176121894","0","0","0.016126024091571933","0.7370714565891732","0.7370714565891732","0","0.6629502814410086","0.6629502814410086","0","100","0.08366383178825357","100","0"
"3","100","0.4","0.35","144","5","periodic","60","0.2","0.5","0.1","1","0.05","500","2000","0.5","0.01","true","false","all","5","8","1.5","0.3","1","coherence","0.3","0.8","0","3000","11","18.778182728141317","88.17410949202238","0.48985616384456876","88.17410949202238","0","0.48985616384456876","0","3261.7040441421873","3261.7040441421873","0","0","606.1140779889016","606.1140779889016","0","0","0.021708462190956013","1","1","0","1","1","0","100","0.08569879647915143","100","0"
"11","100","0.4","0.35","144","5","periodic","60","0.2","0.5","0.1","1","0.05","500","2000","0.5","0.01","true","false","all","5","8","1.5","0.3","1","coherence","0.3","0.8","0","3000","16","18.164347339295873","107.95206324416307","0.5997336846897948","107.95206324416307","0","0.5997336846897948","0","821.9182454980416","821.9182454980416","0","0","762.571552758615","762.571552758615","0","0","0.021918809802753403","0.2686516022874698","0.2686516022874698","0","0.21461216366536118","0.21461216366536118","0","100","0.07644190683166592","100","0"
"10","100","0.4","0.35","144","5","periodic","60","0.2","0.5","0.1","1","0.05","500","2000","0.5","0.01","true","false","all","5","8","1.5","0.3","1","coherence","0.3","0.8","0","3000","11","31.97293334781051","87.98104214077702","0.4887835674487612","87.98104214077702","0","0.4887835674487612","0","10520.265850320988","10520.265850320988","0","0","697.4406768212211","697.4406768212211","0","0","0.01246891988220833","1","1","0","1","1","0","100","0.07674718798253813","100","0"
"12","100","0.4","0.35","144","5","periodic","60","0.2","0.5","0.1","1","0.05","500","2000","0.5","0.01","true","false","all","5","8","1.5","0.3","1","coherence","0.3","0.8","0","3000","0","21.906521354670517","88.05333849000421","0.4891852138333567","88.05333849000421","0","0.4891852138333567","0","5635.594193600238","5635.594193600238","0","0","834.0590042298503","834.0590042298503","0","0","0.018120036267929462","1","1","0","1","1","0","100","0.06595660834768498","100","0"
"13","100","0.4","0.35","144","5","periodic","60","0.2","0.5","0.1","1","0.05","500","2000","0.5","0.01","true","false","all","5","8","1.5","0.3","1","coherence","0.3","0.8","0","3000","0","23.726864357112888","84.57779613855513","0.46987664521419514","84.57779613855513","0","0.46987664521419514","0","12881.588228061204","12881.588228061204","0","0","692.7835808964957","692.7835808964957","0","0","0.010018607478751385","1","1","0","1","1","0","100","0.0902510832045682","100","0"
"9","100","0.4","0.35","144","5","periodic","60","0.2","0.5","0.1","1","0.05","500","2000","0.5","0.01","true","false","all","5","8","1.5","0.3","1","coherence","0.3","0.8","0","3000","26","10.039603793131917","84.53496784521555","0.46963871025119747","84.53496784521555","0","0.46963871025119747","0","842.3009563207582","842.3009563207582","0","0","734.1624301200408","734.1624301200408","0","0","0.024524206242189983","0.3072374865201122","0.3072374865201122","0","0.22820063754717218","0.22820063754717218","0","100","0.08457080858788396","100","0"
"14","100","0.4","0.35","144","5","periodic","60","0.2","0.5","0.1","1","0.05","500","2000","0.5","0.01","true","false","all","5","8","1.5","0.3","1","coherence","0.3","0.8","0","3000","0","13.586822287356327","89.69825882398051","0.49832366013322504","89.69825882398051","0","0.49832366013322504","0","761.2367286680358","761.2367286680358","0","0","874.2315985123786","874.2315985123786","0","0","0.018532996729837103","0.20922735778600313","0.20922735778600313","0","0.17415781911202402","0.17415781911202402","0","100","0.08324389506617247","100","0"
"16","100","0.4","0.35","144","5","periodic","60","0.2","0.5","0.1","1","0.05","500","2000","0.5","0.01","true","false","all","5","8","1.5","0.3","1","coherence","0.3","0.8","0","3000","0","12.733925374136035","88.54870795541315","0.49193726641896196","88.54870795541315","0","0.49193726641896196","0","871.1320546827031","871.1320546827031","0","0","823.4043037080759","823.4043037080759","0","0","0.01562595125197408","0.2911501698145102","0.2911501698145102","0","0.24742136978846876","0.24742136978846876","0","100","0.08077180476923444","100","0"
"15","100","0.4","0.35","144","5","periodic","60","0.2","0.5","0.1","1","0.05","500","2000","0.5","0.01","true","false","all","5","8","1.5","0.3","1","coherence","0.3","0.8","0","3000","36","14.278946096242677","89.10914707489941","0.4950508170827745","89.10914707489941","0","0.4950508170827745","0","1069.943145991918","1069.943145991918","0","0","616.8672192689342","616.8672192689342","0","0","0.01982602082969831","0.43237336008630384","0.43237336008630384","0","0.3799620973279453","0.3799620973279453","0","100","0.07496595206891836","100","0"
"18","100","0.4","0.35","144","5","periodic","60","0.2","0.5","0.1","1","0.05","500","2000","0.5","0.01","true","false","all","5","8","1.5","0.3","1","coherence","0.3","0.8","0","3000","0","13.460339905143044","77.51301943309086","0.43062788573939365","77.51301943309086","0","0.43062788573939365","0","3097.0284028472965","3097.0284028472965","0","0","729.3899251689346","729.3899251689346","0","0","0.019841129335854912","1","1","0","1","1","0","100","0.05836111272189106","100","0"
"17","100","0.4","0.35","144","5","periodic","60","0.2","0.5","0.1","1","0.05","500","2000","0.5","0.01","true","false","all","5","8","1.5","0.3","1","coherence","0.3","0.8","0","3000","0","13.28857728754437","95.39266687177518","0.529959260398751","95.39266687177518","0","0.529959260398751","0","1492.8524659177388","1492.8524659177388","0","0","627.4759850788712","627.4759850788712","0","0","0.013620605944881348","0.7234680351913587","0.7234680351913587","0","0.661901643945159","0.661901643945159","0","100","0.09083666670526148","100","0"
"19","100","0.4","0.35","144","5","periodic","60","0.2","0.5","0.1","1","0.05","500","2000","0.5","0.01","true","false","all","5","8","1.5","0.3","1","coherence","0.3","0.8","0","3000","0","13.177022005952765","86.95092987841659","0.48306072154675883","86.95092987841659","0","0.48306072154675883","0","739.4195838169312","739.4195838169312","0","0","623.2247800403","623.2247800403","0","0","0.018786906808792914","0.20487639259817797","0.20487639259817797","0","0.1596130558779542","0.1596130558779542","0","100","0.07102094115683368","100","0"
"20","100","0.4","0.35","144","5","periodic","60","0.2","0.5","0.1","1","0.05","500","2000","0.5","0.01","true","false","all","5","8","1.5","0.3","1","coherence","0.3","0.8","0","3000","0","16.396319603582285","94.04184274684926","0.5224546819269403","94.04184274684926","0","0.5224546819269403","0","823.381794203405","823.381794203405","0","0","602.5011418700757","602.5011418700757","0","0","0.016692418052705493","0.2755272513701079","0.2755272513701079","0","0.21558786280226971","0.21558786280226971","0","100","0.08475945777005553","100","0"
"21","100","0.4","0.35","144","5","periodic","60","0.2","0.5","0.1","1","0.05","500","2000","0.5","0.01","true","false","all","5","8","1.5","0.3","1","coherence","0.3","0.8","0","3000","0","9.861019624482296","100.39064252690655","0.5577257918161475","100.39064252690655","0","0.5577257918161475","0","1191.2693364713316","1191.2693364713316","0","0","705.3713658473788","705.3713658473788","0","0","0.014638484145773845","0.5322101675301926","0.5322101675301926","0","0.46084622431422045","0.46084622431422045","0","100","0.07671127065102422","100","0"
"23","100","0.4","0.35","144","5","periodic","60","0.2","0.5","0.1","1","0.05","500","2000","0.5","0.01","true","false","all","5","8","1.5","0.3","1","coherence","0.3","0.8","0","3000","6","11.574025375332212","88.11191957075687","0.4895106642819826","88.11191957075687","0","0.4895106642819826","0","688.5883268441269","688.5883268441269","0","0","776.3517083323666","776.3517083323666","0","0","0.02236647799535718","0.1716836018523038","0.1716836018523038","0","0.12572555122941792","0.12572555122941792","0","100","0.10448241300427476","100","0"
"22","100","0.4","0.35","144","5","periodic","60","0.2","0.5","0.1","1","0.05","500","2000","0.5","0.01","true","false","all","5","8","1.5","0.3","1","coherence","0.3","0.8","0","3000","0","15.482571939991061","100.82170435785197","0.5601205797658443","100.82170435785197","0","0.5601205797658443","0","805.9522787021084","805.9522787021084","0","0","688.9813270045574","688.9813270045574","0","0","0.019619321542413193","0.24622178930847857","0.24622178930847857","0","0.20396818580140572","0.20396818580140572","0","100","0.09121180102645501","100","0"
"24","100","0.4","0.35","144","5","periodic","60","0.2","0.5","0.1","1","0.05","500","2000","0.5","0.01","true","false","all","5","8","1.5","0.3","1","coherence","0.3","0.8","0","3000","16","12.590624879832589","85.59070312392316","0.47550390624401756","85.59070312392316","0","0.47550390624401756","0","808.8611958508247","808.8611958508247","0","0","786.858147136836","786.858147136836","0","0","0.02093271285115117","0.26519151956454645","0.26519151956454645","0","0.20590746390054973","0.20590746390054973","0","100","0.08020333180526328","100","0"
"28","100","0.4","0.35","144","5","periodic","60","0.2","0.5","0.1","1","0.05","500","2000","0.5","0.01","true","false","all","5","8","1.5","0.3","1","coherence","0.3","0.8","0","3000","0","16.202895642246745","89.05126686907482","0.49472926038374904","89.05126686907482","0","0.49472926038374904","0","4495.560931163545","4495.560931163545","0","0","730.2497761053341","730.2497761053341","0","0","0.014466460565345507","1","1","0","1","1","0","100","0.0902603190747537","100","0"
"25","100","0.4","0.35","144","5","periodic","60","0.2","0.5","0.1","1","0.05","500","2000","0.5","0.01","true","false","all","5","8","1.5","0.3","1","coherence","0.3","0.8","0","3000","0","22.686454352491708","82.68286750838115","0.45934926393545084","82.68286750838115","0","0.45934926393545084","0","10316.29938676261","10316.29938676261","0","0","701.4171899696797","701.4171899696797","0","0","0.012010312217629382","1","1","0","1","1","0","100","0.07696571880169192","100","0"
"26","100","0.4","0.35","144","5","periodic","60","0.2","0.5","0.1","1","0.05","500","2000","0.5","0.01","true","false","all","5","8","1.5","0.3","1","coherence","0.3","0.8","0","3000","136","14.843242360299982","91.49050532287976","0.5082805851271097","91.49050532287976","0","0.5082805851271097","0","6934.830846351687","6934.830846351687","0","0","681.3536308216076","681.3536308216076","0","0","0.014010544198738373","1","1","0","1","1","0","100","0.0887788398100656","100","0"
"29","100","0.4","0.35","144","5","periodic","60","0.2","0.5","0.1","1","0.05","500","2000","0.5","0.01","true","false","all","5","8","1.5","0.3","1","coherence","0.3","0.8","0","3000","0","14.459525157838726","86.74181549297633","0.4818989749609796","86.74181549297633","0","0.4818989749609796","0","650.1491564350631","650.1491564350631","0","0","866.8674268332755","866.8674268332755","0","0","0.024460621705811425","0.1405004342799394","0.1405004342799394","0","0.10009943762337505","0.10009943762337505","0","100","0.08538402216287587","100","0"
"27","100","0.4","0.35","144","5","periodic","60","0.2","0.5","0.1","1","0.05","500","2000","0.5","0.01","true","false","all","5","8","1.5","0.3","1","coherence","0.3","0.8","0","3000","6","20.197221008760323","86.40469293196487","0.4800260718442493","86.40469293196487","0","0.4800260718442493","0","5601.352601566672","5601.352601566672","0","0","814.2761194350344","814.2761194350344","0","0","0.017150637123683365","1","1","0","1","1","0","100","0.09098672128929462","100","0"
"30","100","0.4","0.35","144","5","periodic","60","0.2","0.5","0.1","1","0.05","500","2000","0.5","0.01","true","false","all","5","8","1.5","0.3","1","coherence","0.3","0.8","0","3000","0","11.548111385896988","89.63460399572556","0.4979700221984753","89.63460399572556","0","0.4979700221984753","0","655.5254957609064","655.5254957609064","0","0","827.1674369045412","827.1674369045412","0","0","0.02179643828222355","0.14791124783637316","0.14791124783637316","0","0.10368366384060444","0.10368366384060444","0","100","0.07519570599954724","100","0"
"31","100","0.4","0.35","144","5","periodic","60","0.2","0.5","0.1","1","0.05","500","2000","0.5","0.01","true","false","all","5","8","1.5","0.3","1","coherence","0.3","0.8","0.2","3000","0","15.764114324696237","95.61308204559198","0.5311837891421777","98.00994463382789","80.85742656677759","0.544499692410155","0.44920792537098664","649.9348410550142","656.8638914932674","622.2186393019999","1.055680190214379","1456.2290578261004","624.2253953997176","4784.243707531629","0.13047525033413876","0.028595466147817827","0.16727656786193126","0.16727656786193126","0.1255218786966552","0.0999565607033425","0.10457592766217808","0.08147909286800006","100","0.08983010028225401","80","20"
"32","100","0.4","0.35","144","5","periodic","60","0.2","0.5","0.1","1","0.05","500","2000","0.5","0.01","true","false","all","5","8","1.5","0.3","1","coherence","0.3","0.8","0.2","3000","40","20.998372969731605","96.15944080756849","0.5342191155976027","93.01497776306158","108.85212274014711","0.5167498764614532","0.6047340152230395","1870.8513204244591","1885.633513270927","1811.7225490385867","1.0407959619819063","1422.7219747992617","915.0594349460714","3453.3721342120202","0.26497562364644117","0.018560450143880747","1","1","0.9656634994944229","0.9136600604258072","0.923454650692495","0.8744816993590578","100","0.0868259266905254","80","20"
"33","100","0.4","0.35","144","5","periodic","60","0.2","0.5","0.1","1","0.05","500","2000","0.5","0.01","true","false","all","5","8","1.5","0.3","1","coherence","0.3","0.8","0.2","3000","4","29.120458818031324","97.77253572053529","0.5431807540029738","95.07121658096457","108.23528256501406","0.5281734254498032","0.6013071253611892","7317.7491823887485","7361.109522807953","7144.307820711942","1.0303460751603517","1471.3652672316346","726.751120320138","4449.821854877621","0.16332139668097456","0.015195726737007531","1","1","1","1","1","1","100","0.0836018324030506","80","20"
"34","100","0.4","0.35","144","5","periodic","60","0.2","0.5","0.1","1","0.05","500","2000","0.5","0.01","true","false","all","5","8","1.5","0.3","1","coherence","0.3","0.8","0.2","3000","0","19.66065918613039","89.73717266720587","0.4985398481511437","86.04275425878463","103.46934071077706","0.4780153014376924","0.5748296706154281","691.3619180058741","697.3010806275023","667.6052675193615","1.044481094672129","1341.4097776262643","846.6993460942485","3320.251503754327","0.25501060541252835","0.024190259509112133","0.16473686797417061","0.16473686797417061","0.1516462457758389","0.1275746120039161","0.13153405375166816","0.11173684501290773","100","0.07959195683203645","80","20"
"35","100","0.4","0.35","144","5","periodic","60","0.2","0.5","0.1","1","0.05","500","2000","0.5","0.01","true","false","all","5","8","1.5","0.3","1","coherence","0.3","0.8","0.2","3000","0","19.13169281109019","96.64585262778384","0.536921403487688","96.52232251253692","96.61947673768465","0.5362351250696495","0.5367748707649147","3408.9459246245488","3436.2001821376384","3299.9288945721914","1.0412952193574805","1280.996773619287","768.4662917877143","3331.118700945578","0.2306931576979157","0.024168103720691336","1","1","1","1","1","1","100","0.08061697492148884","80","20"
"37","100","0.4","0.35","144","5","periodic","60","0.2","0.5","0.1","1","0.05","500","2000","0.5","0.01","true","false","all","5","8","1.5","0.3","1","coherence","0.3","0.8","0.2","3000","0","15.353877404452305","100.02937273879247","0.5557187374377359","102.6171631304228","77.94021267140229","0.5700953507245711","0.4330011815077905","641.5741614849303","644.1545088832735","631.2527718915578","1.0204383054874444","1378.2946113272221","855.2737653597381","3470.3779951971565","0.24644974309524725","0.024104353216043428","0.14420682404170582","0.14420682404170582","0.12779058719501465","0.09438277432328684","0.09610300592218225","0.08750184792770518","100","0.07969512727071316","80","20"
"38","100","0.4","0.35","144","5","periodic","60","0.2","0.5","0.1","1","0.05","500","2000","0.5","0.01","true","false","all","5","8","1.5","0.3","1","coherence","0.3","0.8","0.2","3000","0","30.48532618216548","77.65541877610522","0.4314189932005846","81.12951877405658","58.64381837727562","0.4507195487447588","0.3257989909848646","6224.582224672285","6264.461814830748","6065.063864038416","1.03287647999465","1302.059616098154","829.2299852407899","3193.378139527612","0.25967171722527543","0.01882492315990736","1","1","1","1","1","1","100","0.08874082982445469","80","20"
"36","100","0.4","0.35","144","5","periodic","60","0.2","0.5","0.1","1","0.05","500","2000","0.5","0.01","true","false","all","5","8","1.5","0.3","1","coherence","0.3","0.8","0.2","3000","0","11.710207006854816","82.42650034768256","0.4579250019315698","79.98952849184423","88.19555192579831","0.4443862693991346","0.4899752884766573","759.2651059405449","762.2694431342358","747.2477571657821","1.020102684584065","1350.486719913942","701.4155324632884","3946.771469716554","0.17771881089270716","0.0186080503250019","0.2241558149384864","0.2241558149384864","0.21754461263762997","0.17284340396036346","0.17484629542282398","0.16483183811052143","100","0.08692449127199765","80","20"
"39","100","0.4","0.35","144","5","periodic","60","0.2","0.5","0.1","1","0.05","500","2000","0.5","0.01","true","false","all","5","8","1.5","0.3","1","coherence","0.3","0.8","0.2","3000","0","16.413555077609615","87.4677156439113","0.485931753577285","81.97689004621205","105.69893291983394","0.4554271669234003","0.5872162939990774","10303.69658487151","10371.90949219246","10030.844955587698","1.034001575950466","1521.2234972690994","759.9518115884314","4566.31023999177","0.16642579493017565","0.016341665669306726","1","1","1","1","1","1","100","0.07862145406796468","80","20"
"40","100","0.4","0.35","144","5","periodic","60","0.2","0.5","0.1","1","0.05","500","2000","0.5","0.01","true","false","all","5","8","1.5","0.3","1","coherence","0.3","0.8","0.2","3000","0","9.658992979127362","82.49284404008033","0.4582935780004463","80.33717410973848","79.19352446066614","0.44631763394299157","0.43996402478147856","670.9381031311364","673.1547663946596","662.0714500770433","1.0167403628661629","1022.0641286217392","754.597945969507","2091.928859230665","0.3607187417678346","0.020910187739529462","0.152538920770314","0.152538920770314","0.14754978202344954","0.11395873542075766","0.11543651092977311","0.10804763338469563","100","0.07727539052966195","80","20"
"41","100","0.4","0.35","144","5","periodic","60","0.2","0.5","0.1","1","0.05","500","2000","0.5","0.01","true","false","all","5","8","1.5","0.3","1","coherence","0.3","0.8","0.2","3000","141","15.190050799039952","83.60813592653142","0.4644896440362857","87.7640310549846","64.05981606074975","0.48757795030547","0.3558878670041653","2654.2696616232442","2675.3692333029107","2569.8713749045814","1.0410518049379982","1482.2315177170528","670.7064043194811","4728.331971307336","0.14184841681791596","0.025107303790187885","1","1","1","1","1","1","100","0.08598934435780398","80","20"
"42","100","0.4","0.35","144","5","periodic","60","0.2","0.5","0.1","1","0.05","500","2000","0.5","0.01","true","false","all","5","8","1.5","0.3","1","coherence","0.3","0.8","0.2","3000","0","22.989066037555062","92.49468243356573","0.5138593468531429","93.95656974920186","86.75812103180152","0.5219809430511214","0.48198956128778625","10363.258348966709","10448.554574157624","10022.073448203035","1.042554180844789","1489.0636659210973","695.11428464245","4664.8611910356885","0.14901071139656377","0.015670975477928284","1","1","1","1","1","1","100","0.08698379676794318","80","20"
"43","100","0.4","0.35","144","5","periodic","60","0.2","0.5","0.1","1","0.05","500","2000","0.5","0.01","true","false","all","5","8","1.5","0.3","1","coherence","0.3","0.8","0.2","3000","61","11.11222801469097","87.89970162102294","0.4883316756723497","87.48733635917016","89.66449344584495","0.48604075755094533","0.4981360746991386","1253.1961125889356","1257.2361930547113","1237.0357907258326","1.0163296830053934","1290.9810149604343","676.2312819149909","3749.979947142206","0.18032930614211282","0.01865216672020087","0.5855079204805772","0.5855079204805772","0.5402665042883721","0.5021307417259568","0.5048241287031406","0.49135719381722165","100","0.07372604202584226","80","20"
"46","100","0.4","0.35","144","5","periodic","60","0.2","0.5","0.1","1","0.05","500","2000","0.5","0.01","true","false","all","5","8","1.5","0.3","1","coherence","0.3","0.8","0.2","3000","0","8.984870488489292","76.29453739074141","0.4238585410596745","76.47353798576088","70.81840003844557","0.4248529888097827","0.3934355557691421","760.1214559436135","764.7369532470816","741.6594667297423","1.0311160142256346","1372.8447528957506","854.4943689796977","3446.246288559962","0.2479493040924693","0.02170452865384731","0.2203678813933456","0.2203678813933456","0.19951342620273824","0.17341430396240906","0.17649130216472084","0.1611063111531615","100","0.09123189417574841","80","20"
"45","100","0.4","0.35","144","5","periodic","60","0.2","0.5","0.1","1","0.05","500","2000","0.5","0.01","true","false","all","5","8","1.5","0.3","1","coherence","0.3","0.8","0.2","3000","0","17.939217687538772","83.63419940806561","0.46463444115592006","87.97338080587124","66.15406847354207","0.4887410044770625","0.3675226026307893","3142.8463207563573","3177.9563143302316","3002.4063464608616","1.0584697564592824","1547.4715295578756","668.2999086482508","5064.1580131963765","0.1319666382657827","0.025046558094160343","1","1","1","1","1","1","100","0.08883172499204352","80","20"
"44","100","0.4","0.35","144","5","periodic","60","0.2","0.5","0.1","1","0.05","500","2000","0.5","0.01","true","false","all","5","8","1.5","0.3","1","coherence","0.3","0.8","0.2","3000","36","14.57505363366981","80.20209638047501","0.44556720211375006","80.38258409781123","78.78328251576104","0.4465699116545068","0.4376849028653391","954.2576645662365","962.1522018336376","922.6795154966333","1.0427804949324773","1448.8249263653552","768.6400357555219","4169.564488804688","0.18434540053747256","0.023281414938395306","0.3650518715948721","0.3650518715948721","0.3232797470240908","0.3028384430441577","0.30810146788909176","0.281786343664422","100","0.09124981581100884","80","20"
"47","100","0.4","0.35","144","5","periodic","60","0.2","0.5","0.1","1","0.05","500","2000","0.5","0.01","true","false","all","5","8","1.5","0.3","1","coherence","0.3","0.8","0.2","3000","21","18.644427436665822","84.95710983854872","0.4719839435474929","87.15408027354064","73.03239288311696","0.4841893348530036","0.40573551601731644","967.7190149382102","976.2345164774813","933.6570087811244","1.045602943367759","1216.9922592928651","670.8988412837441","3401.3659313293524","0.1972439469403215","0.022946007009479574","0.36411327478672484","0.36411327478672484","0.33606644211525427","0.31181267662547335","0.3174896776516542","0.2891046725207496","100","0.07533827573370762","80","20"
"48","100","0.4","0.35","144","5","periodic","60","0.2","0.5","0.1","1","0.05","500","2000","0.5","0.01","true","false","all","5","8","1.5","0.3","1","coherence","0.3","0.8","0.2","3000","0","10.540691671262636","91.36412355788518","0.5075784642104733","89.2840695503639","83.39360741673485","0.49602260861313274","0.4632978189818603","641.7572007333331","645.6699511959525","626.1061988828557","1.0312466995982532","1301.7576872805846","845.5064827997321","3126.7625052039957","0.2704095630520457","0.02283137664486845","0.130499393210455","0.12702202278055968","0.130499393210455","0.09450480048888879","0.09711330079730171","0.08407079925523696","100","0.08463721451671066","80","20"
"49","100","0.4","0.35","144","5","periodic","60","0.2","0.5","0.1","1","0.05","500","2000","0.5","0.01","true","false","all","5","8","1.5","0.3","1","coherence","0.3","0.8","0.2","3000","0","24.227290013207323","85.89613497369295","0.47720074985384975","82.27101088505306","100.17555939456778","0.4570611715836281","0.5565308855253766","5495.540850782226","5530.14854933736","5357.110056561694","1.0323007164214812","1043.5213053751975","788.3091053794653","2064.370105358126","0.38186423225825095","0.01753583761509314","1","1","1","1","1","1","100","0.08814268661197683","80","20"
"50","100","0.4","0.35","144","5","periodic","60","0.2","0.5","0.1","1","0.05","500","2000","0.5","0.01","true","false","all","5","8","1.5","0.3","1","coherence","0.3","0.8","0.2","3000","61","29.09142866466769","78.49758255114925","0.43609768083971806","76.54204417818187","72.712380134384","0.42523357876767703","0.40395766741324446","5024.601369133228","5067.703593490483","4852.192471704211","1.0444152046818087","1502.1961174615215","734.5246911570656","4572.881822679347","0.16062621332442217","0.015189542369228759","1","1","1","1","1","1","100","0.08867309352074491","80","20"
"51","100","0.4","0.35","144","5","periodic","60","0.2","0.5","0.1","1","0.05","500","2000","0.5","0.01","true","false","all","5","8","1.5","0.3","1","coherence","0.3","0.8","0.2","3000","11","14.586213460094527","66.96061998042457","0.37200344433569205","67.71841390747107","60.8095630233914","0.37621341059706154","0.3378309056855078","904.2272399158196","913.0909691414721","868.7723230132099","1.051012958118359","1345.3852036842802","906.8650069754273","3099.4659905196945","0.29258750047564513","0.022553818888477517","0.33768708398498437","0.33768708398498437","0.2831931218153239","0.2694848266105465","0.27539397942764826","0.24584821534213988","100","0.07462060145095963","80","20"
"52","100","0.4","0.35","144","5","periodic","60","0.2","0.5","0.1","1","0.05","500","2000","0.5","0.01","true","false","all","5","8","1.5","0.3","1","coherence","0.3","0.8","0.2","3000","85","26.80375868060011","93.67539734384158","0.5204188741324532","98.21277114105176","76.8462747713524","0.5456265063391764","0.42692374872973554","6306.064808554986","6341.493676439324","6164.349337017635","1.0287369079422408","1452.6033114110062","795.8446661465471","4079.6378924688447","0.19507728066152744","0.019084265957029833","1","1","1","1","1","1","100","0.08147075923651553","80","20"
"53","100","0.4","0.35","144","5","periodic","60","0.2","0.5","0.1","1","0.05","500","2000","0.5","0.01","true","false","all","5","8","1.5","0.3","1","coherence","0.3","0.8","0.2","3000","75","22.283191309734192","85.91768517406886","0.47732047318927145","89.85291433086329","69.98776036791065","0.4991828573936849","0.38882089093283695","9094.046931705461","9164.549774868636","8812.035559052758","1.0400037214391098","1222.7215826481909","613.2386092734486","3660.653476147162","0.1675216223740692","0.017608843323914103","1","1","1","1","1","1","100","0.08441959474329999","80","20"
"54","100","0.4","0.35","144","5","periodic","60","0.2","0.5","0.1","1","0.05","500","2000","0.5","0.01","true","false","all","5","8","1.5","0.3","1","coherence","0.3","0.8","0.2","3000","61","19.454884205640013","99.92343493907043","0.5551301941059469","102.07842103030718","90.10331269298916","0.5671023390572622","0.5005739594054953","1183.5309893366748","1192.923633016782","1145.9604146162449","1.0409815363615889","1056.1611182119982","633.3319171774142","2747.4779223503347","0.2305139240702721","0.027306779822633187","0.5341806075564367","0.5226953091971376","0.5341806075564367","0.4556873262244496","0.46194908867785445","0.43064027641082997","100","0.08872587523397504","80","20"
"55","100","0.4","0.35","144","5","periodic","60","0.2","0.5","0.1","1","0.05","500","2000","0.5","0.01","true","false","all","5","8","1.5","0.3","1","coherence","0.3","0.8","0.2","3000","0","17.019846341727188","101.99154096488017","0.566619672027112","106.5628381865464","83.99249867788673","0.5920157677030355","0.4666249926549263","1285.4211998378482","1296.566671890808","1240.8393116260077","1.0449110209054988","1490.4283191222075","746.4830577981741","4466.209364418343","0.16714018463740163","0.018971797045974848","0.5802386365629588","0.5802386365629588","0.5327330122450035","0.5236141332252316","0.5310444479272053","0.4938928744173383","100","0.08444655792065539","80","20"
"56","100","0.4","0.35","144","5","periodic","60","0.2","0.5","0.1","1","0.05","500","2000","0.5","0.01","true","false","all","5","8","1.5","0.3","1","coherence","0.3","0.8","0.2","3000","0","14.999245724154036","90.27334675342568","0.5015185930745871","90.52523793424683","88.58745361757119","0.5029179885235935","0.4921525200976177","646.8196221044054","652.1644618636162","625.4402630675636","1.0427286191409868","1409.1041733248298","856.0585088377964","3621.286831272964","0.23639621734599592","0.026084277938236644","0.14514916754816554","0.14514916754816554","0.13847130458086038","0.09787974806960378","0.10144297457574418","0.08362684204504237","100","0.08443366545649263","80","20"
"58","100","0.4","0.35","144","5","periodic","60","0.2","0.5","0.1","1","0.05","500","2000","0.5","0.01","true","false","all","5","8","1.5","0.3","1","coherence","0.3","0.8","0.2","3000","146","22.831346755604343","85.57184390554546","0.4753991328085859","85.89075344136482","74.80260290533332","0.4771708524520268","0.41557001614074063","5648.050013261748","5694.422626067261","5462.559562039693","1.042445864689298","1320.9681699580078","665.2935416483676","3943.6666831965717","0.16869923223559755","0.017517074769446417","1","1","1","1","1","1","100","0.07794888791892428","80","20"
"57","100","0.4","0.35","144","5","periodic","60","0.2","0.5","0.1","1","0.05","500","2000","0.5","0.01","true","false","all","5","8","1.5","0.3","1","coherence","0.3","0.8","0.2","3000","66","28.80781661946652","80.95908004099999","0.4497726668944444","80.35606474768952","72.3008037085679","0.44642258193160844","0.4016711317142661","1243.098864893314","1256.5535545095088","1189.2801064285359","1.0565665293796922","1455.8005584622763","739.4497238702409","4321.2038968304205","0.1711212295287948","0.023514563176423975","0.577155463099118","0.577155463099118","0.5278071907062637","0.49539924326220935","0.5043690363396723","0.4595200709523574","100","0.08179569377403904","80","20"
"59","100","0.4","0.35","144","5","periodic","60","0.2","0.5","0.1","1","0.05","500","2000","0.5","0.01","true","false","all","5","8","1.5","0.3","1","coherence","0.3","0.8","0.2","3000","0","12.071783399232388","83.61813925325292","0.4645452180736273","86.42015986848584","73.44573765573102","0.48011199926936576","0.40803187586517237","964.7223371014959","972.486603792751","933.6652703364731","1.0415794982309747","1391.0495756442972","742.3777705802978","3985.7367959002972","0.18625860376528194","0.01944293578902312","0.35635205840638595","0.35635205840638595","0.3314200422949702","0.309814891400997","0.3149910691951673","0.28911018022431545","100","0.06924263298667699","80","20"
"60","100","0.4","0.35","144","5","periodic","60","0.2","0.5","0.1","1","0.05","500","2000","0.5","0.01","true","false","all","5","8","1.5","0.3","1","coherence","0.3","0.8","0.2","3000","0","22.288813814193944","81.39151993755667","0.4521751107642037","79.43887898479838","88.4989637829357","0.4413271054711021","0.49166090990519834","1687.5865507751157","1702.6500714682352","1627.3324680026362","1.0462828616441495","1222.1246508507904","797.8592253943294","2919.1863526766338","0.2733156191494126","0.017813931367494096","0.8675106058068865","0.8675106058068865","0.801759792092405","0.7917243671834099","0.8017667143121567","0.7515549786684244","100","0.07139252230554986","80","20"
"61","100","0.4","0.35","144","5","periodic","60","0.2","0.5","0.1","1","0.05","500","2000","0.5","0.01","true","false","all","5","8","1.5","0.3","1","coherence","0.3","0.8","0.5","3000","11","17.321956943305835","62.35035880015179","0.34639088222306547","69.05196772141811","55.002391110164545","0.38362204289676727","0.3055688395009141","980.5130375532516","1003.0574355445133","957.9686395619896","1.0470670897986178","1734.8856878641484","703.8870079272654","2765.8843678010294","0.2544889497628851","0.02669533725390494","0.38336002345512254","0.3767069477978492","0.38336002345512254","0.32034202503550113","0.3353716236963423","0.3053124263746599","100","0.08084995826824669","50","50"
"62","100","0.4","0.35","144","5","periodic","60","0.2","0.5","0.1","1","0.05","500","2000","0.5","0.01","true","false","all","5","8","1.5","0.3","1","coherence","0.3","0.8","0.5","3000","149","29.332235527470885","67.79094292905147","0.3766163496058415","78.88585900845561","56.89457882956478","0.43825477226919785","0.3160809934975821","5082.666892804338","5185.0409115839975","4980.292874024677","1.0411116459891765","2448.9350928681924","841.6562551732039","4056.213930563182","0.20749799433195698","0.024306101559931514","1","1","1","1","1","1","100","0.0891800062392173","50","50"
"63","100","0.4","0.35","144","5","periodic","60","0.2","0.5","0.1","1","0.05","500","2000","0.5","0.01","true","false","all","5","8","1.5","0.3","1","coherence","0.3","0.8","0.5","3000","54","18.327956785873738","106.92769082905315","0.594042726828073","100.03116034265915","112.08900892881411","0.5557286685703287","0.6227167162711895","1500.0122558769683","1528.7877914740934","1471.2367202798437","1.0391174787856727","2255.7872773254026","734.601006098928","3776.9735485518772","0.1944946123280583","0.023254292758490225","0.7588341846913194","0.7588341846913194","0.7242149244078867","0.6666748372513125","0.6858585276493957","0.647491146853229","100","0.09246264292297225","50","50"
"64","100","0.4","0.35","144","5","periodic","60","0.2","0.5","0.1","1","0.05","500","2000","0.5","0.01","true","false","all","5","8","1.5","0.3","1","coherence","0.3","0.8","0.5","3000","114","25.11553186573036","96.3584188302401","0.5353245490568894","94.77458806044335","98.60099894526286","0.5265254892246852","0.5477833274736825","3532.500104991441","3603.368131797783","3461.632078185097","1.040944863697645","2371.496228287918","859.6780995033319","3883.314357072505","0.2213774164168912","0.02183879231417052","1","1","1","1","1","1","100","0.08117258845328962","50","50"
"67","100","0.4","0.35","144","5","periodic","60","0.2","0.5","0.1","1","0.05","500","2000","0.5","0.01","true","false","all","5","8","1.5","0.3","1","coherence","0.3","0.8","0.5","3000","0","13.098082209827794","92.73809742892703","0.515211652382928","91.45898873729608","88.16316403218848","0.5081054929849782","0.48979535573438043","780.9826234473356","792.9711273467896","768.9941195478818","1.031179702405273","2653.2719736746717","1003.9204110642339","4302.623536285109","0.23332750416064046","0.022167784478053898","0.22748090971704946","0.22748090971704946","0.21919598083576178","0.18732174896489043","0.1953140848978598","0.17932941303192115","100","0.08067615155373209","50","50"
"65","100","0.4","0.35","144","5","periodic","60","0.2","0.5","0.1","1","0.05","500","2000","0.5","0.01","true","false","all","5","8","1.5","0.3","1","coherence","0.3","0.8","0.5","3000","20","11.726210069186834","93.45894801657893","0.519216377869883","95.30369900939526","91.25125551640971","0.5294649944966403","0.5069514195356095","823.0796771106418","839.5528954824696","806.6064587388137","1.0408457388193617","2135.3466837070328","695.4675780675046","3575.225789346562","0.19452409974772925","0.024092410758640215","0.26715376687497056","0.26715376687497056","0.25685937421224503","0.21538645140709436","0.2263685969883132","0.2044043058258757","100","0.08139517762184727","50","50"
"66","100","0.4","0.35","144","5","periodic","60","0.2","0.5","0.1","1","0.05","500","2000","0.5","0.01","true","false","all","5","8","1.5","0.3","1","coherence","0.3","0.8","0.5","3000","26","15.54932322446129","77.31145683100793","0.4295080935055996","87.795801015862","65.44307887908883","0.4877544500881222","0.3635726604393824","847.8724507832293","867.1700536020487","828.5748479644097","1.0465802283673675","2588.366166485182","961.6255712423521","4215.1067617280105","0.22813789201584245","0.026399753369923618","0.29955956715196946","0.29955956715196946","0.2881534262203536","0.23191496718881946","0.24478003573469906","0.2190498986429398","100","0.08860416826891733","50","50"
"68","100","0.4","0.35","144","5","periodic","60","0.2","0.5","0.1","1","0.05","500","2000","0.5","0.01","true","false","all","5","8","1.5","0.3","1","coherence","0.3","0.8","0.5","3000","66","15.446586236385158","110.58978201927816","0.6143876778848787","105.49187217991035","114.51275810692636","0.5860659565550574","0.6361819894829241","2432.6761381211163","2491.3035773323045","2374.048698909925","1.0493902582858636","2244.774006464704","796.3355335180621","3693.2124794113456","0.21562136973093637","0.022899191949540043","1","1","1","1","1","1","100","0.08013874327079584","50","50"
"69","100","0.4","0.35","144","5","periodic","60","0.2","0.5","0.1","1","0.05","500","2000","0.5","0.01","true","false","all","5","8","1.5","0.3","1","coherence","0.3","0.8","0.5","3000","0","12.972994926393056","66.74318073896772","0.37079544854982066","65.86336667571625","65.89920382802207","0.36590759264286804","0.3661066879334559","1264.2863805552465","1296.52270883898","1232.0500522715145","1.0523295757738074","2130.7171596884173","665.5258478791795","3595.908471497655","0.18507863955780704","0.02089722496247015","0.5678448405181505","0.5678448405181505","0.5436645191476931","0.509524253703498","0.5310151392259863","0.4880333681810097","100","0.08075628738243736","50","50"
"70","100","0.4","0.35","144","5","periodic","60","0.2","0.5","0.1","1","0.05","500","2000","0.5","0.01","true","false","all","5","8","1.5","0.3","1","coherence","0.3","0.8","0.5","3000","0","13.603327180594604","73.25950536511598","0.40699725202842213","83.02562497142222","62.94251355553388","0.4612534720634568","0.3496806308640771","897.2470366420525","911.6936727492634","882.8004005348415","1.0327291109031185","2001.5671823826065","843.9619235973811","3159.1724411678324","0.2671465199555232","0.022705389864256853","0.31883772564468693","0.31443086691584743","0.31883772564468693","0.26483135776136846","0.274462448499509","0.25520026702322757","100","0.09374050009821211","50","50"
"71","100","0.4","0.35","144","5","periodic","60","0.2","0.5","0.1","1","0.05","500","2000","0.5","0.01","true","false","all","5","8","1.5","0.3","1","coherence","0.3","0.8","0.5","3000","0","23.809163785053357","63.095671388944446","0.35053150771635805","70.86290332496925","52.2888383001491","0.39368279624982916","0.29049354611193945","761.8452540072499","780.3498237289314","743.3406842855684","1.049787587610562","2586.0130946184786","743.3013733469459","4428.724815890013","0.1678364324376224","0.02661925459246084","0.23154141097024786","0.23154141097024786","0.21167338139713707","0.17456350267149992","0.18689988248595418","0.16222712285704552","100","0.07181805859201204","50","50"
"72","100","0.4","0.35","144","5","periodic","60","0.2","0.5","0.1","1","0.05","500","2000","0.5","0.01","true","false","all","5","8","1.5","0.3","1","coherence","0.3","0.8","0.5","3000","5","28.762893094147415","79.71637268069217","0.4428687371149565","87.69683195106195","71.56930313891867","0.4872046219503442","0.39760723966065925","5386.642262739785","5528.620711660301","5244.663813819268","1.0541420590377655","2834.3850654391194","906.4608806530235","4762.309250225216","0.19034061692027998","0.02745588661802989","1","1","1","1","1","1","100","0.08948755278372533","50","50"
"73","100","0.4","0.35","144","5","periodic","60","0.2","0.5","0.1","1","0.05","500","2000","0.5","0.01","true","false","all","5","8","1.5","0.3","1","coherence","0.3","0.8","0.5","3000","126","30.398011916398545","85.61073646951112","0.4756152026083951","86.95669748154756","84.12416012558829","0.48309276378637533","0.4673564451421572","5518.666616859746","5608.088407572728","5429.244826146767","1.0329407840598137","2080.160284892034","704.3864442301824","3455.9341255538857","0.20381940703724774","0.018896289816169753","1","1","1","1","1","1","100","0.0978650332819002","50","50"
"74","100","0.4","0.35","144","5","periodic","60","0.2","0.5","0.1","1","0.05","500","2000","0.5","0.01","true","false","all","5","8","1.5","0.3","1","coherence","0.3","0.8","0.5","3000","51","19.461396777437784","104.45755772012872","0.5803197651118263","94.10565060165618","114.28994538981138","0.522809170009201","0.6349441410545077","1237.4890137057491","1266.1056528726035","1208.8723745388954","1.0473443512641596","2296.1454420810546","818.975196374753","3773.315687787358","0.21704391154586736","0.024826296616118793","0.5642316306750808","0.5642316306750808","0.5464402136644929","0.4916593424704996","0.5107371019150689","0.47258158302593034","100","0.08075296661272215","50","50"
"75","100","0.4","0.35","144","5","periodic","60","0.2","0.5","0.1","1","0.05","500","2000","0.5","0.01","true","false","all","5","8","1.5","0.3","1","coherence","0.3","0.8","0.5","3000","4","31.41765521391106","94.95241201846426","0.5275134001025792","87.48008105073268","101.69027894940952","0.48600045028184824","0.5649459941633862","7872.512898233702","7991.37477445215","7753.651022015248","1.0306595888520036","2020.0842237391523","735.4635755959093","3304.7048718823958","0.22255045582239275","0.019153882023150492","1","1","1","1","1","1","100","0.08466458452553163","50","50"
"76","100","0.4","0.35","144","5","periodic","60","0.2","0.5","0.1","1","0.05","500","2000","0.5","0.01","true","false","all","5","8","1.5","0.3","1","coherence","0.3","0.8","0.5","3000","0","10.066722106339412","97.30820906121127","0.5406011614511738","89.64524703493207","104.36002387049778","0.49802915019406707","0.5797779103916544","636.3613834167649","654.4447441496646","618.2780226838643","1.0584958871881058","2410.676951777711","639.6230200567912","4181.7308834986325","0.1529565239553753","0.029147368313428457","0.14253699393139155","0.14253699393139155","0.12518571556501584","0.09090758894450969","0.10296316276644317","0.07885201512257614","100","0.09867865441027178","50","50"
"77","100","0.4","0.35","144","5","periodic","60","0.2","0.5","0.1","1","0.05","500","2000","0.5","0.01","true","false","all","5","8","1.5","0.3","1","coherence","0.3","0.8","0.5","3000","0","14.897098091095373","73.76996055977466","0.40983311422097035","81.30381481033463","63.70818852698771","0.4516878600574146","0.3539343807054873","869.3157588126124","888.2474671567275","850.3840504684968","1.0445250786010989","3069.984140130791","840.9078405572409","5299.060439704339","0.1586899885603416","0.02415584150125083","0.29928427204876484","0.29928427204876484","0.2956971155592286","0.24621050587507484","0.2588316447711518","0.2335893669789979","100","0.08222767438013039","50","50"
"78","100","0.4","0.35","144","5","periodic","60","0.2","0.5","0.1","1","0.05","500","2000","0.5","0.01","true","false","all","5","8","1.5","0.3","1","coherence","0.3","0.8","0.5","3000","5","13.070194171560559","88.79739698713709","0.49331887215076164","83.74089845304235","93.8776627403199","0.46522721362801306","0.521542570779555","775.8036691219128","793.4457452149082","758.1615930289174","1.0465390920753819","2418.4864873287147","788.6567850683123","4048.3161895891158","0.19481106418922217","0.024550913695769783","0.2233456947662925","0.2233456947662925","0.215461833511828","0.183869112747942","0.19563049680993905","0.172107728685945","100","0.08175682857818957","50","50"
"79","100","0.4","0.35","144","5","periodic","60","0.2","0.5","0.1","1","0.05","500","2000","0.5","0.01","true","false","all","5","8","1.5","0.3","1","coherence","0.3","0.8","0.5","3000","6","28.938785479712678","79.10053951628848","0.4394474417571582","63.75008002482884","94.42771751497173","0.3541671112490491","0.5245984306387318","7961.529448095089","8141.144134912802","7781.914761277372","1.0461620802405787","2484.588405076795","638.680694846907","4330.496115306682","0.14748441699079468","0.02298923276049658","1","1","1","1","1","1","100","0.08392561632329203","50","50"
"80","100","0.4","0.35","144","5","periodic","60","0.2","0.5","0.1","1","0.05","500","2000","0.5","0.01","true","false","all","5","8","1.5","0.3","1","coherence","0.3","0.8","0.5","3000","56","29.528965020331057","108.40816661777166","0.6022675923209536","98.70813858018708","117.84524182487662","0.548378547667706","0.6546957879159813","2499.4656275245156","2553.3866121818173","2445.5446428672144","1.0440973218907041","1929.5972277157346","636.3503003572102","3222.8441550742596","0.19744991372148676","0.021907016059862228","1","1","1","1","1","1","100","0.09255245837347634","50","50"
"83","100","0.4","0.35","144","5","periodic","60","0.2","0.5","0.1","1","0.05","500","2000","0.5","0.01","true","false","all","5","8","1.5","0.3","1","coherence","0.3","0.8","0.5","3000","0","21.713963615503985","79.82287999999168","0.44346044444439825","83.9073744212759","74.2187667297168","0.4661520801181995","0.41232648183176","3543.6859604372794","3624.8677505966057","3462.5041702779517","1.0468919522790412","2506.0184209024865","802.8724677874794","4209.16437401749","0.19074390934777566","0.027622570677343194","1","1","1","1","1","1","100","0.0736787677714166","50","50"
"82","100","0.4","0.35","144","5","periodic","60","0.2","0.5","0.1","1","0.05","500","2000","0.5","0.01","true","false","all","5","8","1.5","0.3","1","coherence","0.3","0.8","0.5","3000","0","12.014675269601142","90.61919842631357","0.5034399912572977","81.56072488101184","98.08984827754433","0.45311513822784355","0.544943601541913","638.1787821379738","651.0004709794956","625.3570932964521","1.0410059755584913","2165.2947628594284","734.4225640084281","3596.166961710429","0.20422371147615404","0.028053130424276373","0.1548352612446848","0.1548352612446848","0.13818110128341557","0.09211918809198252","0.10066698065299715","0.08357139553096796","100","0.07961459914444811","50","50"
"81","100","0.4","0.35","144","5","periodic","60","0.2","0.5","0.1","1","0.05","500","2000","0.5","0.01","true","false","all","5","8","1.5","0.3","1","coherence","0.3","0.8","0.5","3000","28","25.777663280637924","78.03789873929256","0.4335438818849587","82.7957263930934","73.29211388777722","0.4599762577394078","0.40717841048765124","900.693728982483","929.895898012302","871.4915599526637","1.0670165274610475","2528.048019796756","926.5003279663858","4129.595711627126","0.2243561822184599","0.02984391868337677","0.34453111446163037","0.34453111446163037","0.31080674842911693","0.26712915265498866","0.2865972653415348","0.24766103996844252","100","0.0868054511848016","50","50"
"84","100","0.4","0.35","144","5","periodic","60","0.2","0.5","0.1","1","0.05","500","2000","0.5","0.01","true","false","all","5","8","1.5","0.3","1","coherence","0.3","0.8","0.5","3000","101","21.170890676538846","89.54645841544976","0.49748032453027646","87.6862637260403","91.54225063004623","0.48714590958911275","0.5085680590558124","8245.21583087271","8422.838734048886","8067.5929276965335","1.044033680124436","2511.831942249432","774.2176244281536","4249.44626007071","0.18219259099779056","0.020324064455238933","1","1","1","1","1","1","100","0.07895142745559702","50","50"
"91","100","0.4","0.35","144","5","periodic","60","0.2","0.5","0.1","1","0.05","500","2000","0.5","0.01","true","false","all","5","8","1.5","0.3","1","entrainment","0.3","0.8","0","3000","-1","47.080340404773324","72.11453958613455","0.40063633103408086","72.11453958613455","0","0.40063633103408086","0","21771.096359176106","21771.096359176106","0","0","1338.171148220028","1338.171148220028","0","0","0.010991599968324106","1","1","0","1","1","0","100","0.08993309829141811","100","0"
"92","100","0.4","0.35","144","5","periodic","60","0.2","0.5","0.1","1","0.05","500","2000","0.5","0.01","true","false","all","5","8","1.5","0.3","1","entrainment","0.3","0.8","0","3000","0","19.569695624084332","67.85278745994049","0.3769599303330027","67.85278745994049","0","0.3769599303330027","0","1900.2513349612648","1900.2513349612648","0","0","1368.6377162113401","1368.6377162113401","0","0","0.011200702132086127","0.9973583629040742","0.9973583629040742","0","0.9335008899741765","0.9335008899741765","0","100","0.0864736552576269","100","0"
"85","100","0.4","0.35","144","5","periodic","60","0.2","0.5","0.1","1","0.05","500","2000","0.5","0.01","true","false","all","5","8","1.5","0.3","1","coherence","0.3","0.8","0.5","3000","146","28.27396606158831","70.7734966171636","0.39318609231757556","87.93693021754845","54.55048502177987","0.4885385012086025","0.3030582501209993","3248.3302403721073","3327.5490184154833","3169.111462328729","1.0499943148008846","2247.8126212174557","753.1504735401982","3742.4747688947123","0.20124396824260507","0.025900513957981985","1","1","1","1","1","1","100","0.08160274406279192","50","50"
"86","100","0.4","0.35","144","5","periodic","60","0.2","0.5","0.1","1","0.05","500","2000","0.5","0.01","true","false","all","5","8","1.5","0.3","1","coherence","0.3","0.8","0.5","3000","0","23.7657978492674","88.1737785899215","0.48985432549956387","90.22628121026884","85.12275235318782","0.5012571178348268","0.4729041797399323","1351.0653440895032","1375.362100799177","1326.76858737983","1.0366254627080909","2364.696499323602","802.2110700873216","3927.1819285598813","0.2042714304253016","0.02003289244343298","0.6598666203781681","0.6598666203781681","0.6094957616011082","0.5673768960596687","0.5835747338661176","0.55117905825322","100","0.08514672017761483","50","50"
"93","100","0.4","0.35","144","5","periodic","60","0.2","0.5","0.1","1","0.05","500","2000","0.5","0.01","true","false","all","5","8","1.5","0.3","1","entrainment","0.3","0.8","0","3000","-1","45.87349258604217","69.49019749068304","0.3860566527260169","69.49019749068304","0","0.3860566527260169","0","21849.726956115","21849.726956115","0","0","1222.2546847374854","1222.2546847374854","0","0","0.00865450155362435","1","1","0","1","1","0","100","0.06186783143827225","100","0"
"94","100","0.4","0.35","144","5","periodic","60","0.2","0.5","0.1","1","0.05","500","2000","0.5","0.01","true","false","all","5","8","1.5","0.3","1","entrainment","0.3","0.8","0","3000","141","26.267386636932017","75.4755990426532","0.41930888357029555","75.4755990426532","0","0.41930888357029555","0","13759.2851101","13759.2851101","0","0","1341.2172293177487","1341.2172293177487","0","0","0.011075019248305118","1","1","0","1","1","0","100","0.06805558414460677","100","0"
"87","100","0.4","0.35","144","5","periodic","60","0.2","0.5","0.1","1","0.05","500","2000","0.5","0.01","true","false","all","5","8","1.5","0.3","1","coherence","0.3","0.8","0.5","3000","3","24.684253848876224","104.24398029182737","0.5791332238434854","103.86310270170112","104.24400585721501","0.5770172372316729","0.5791333658734168","1531.5547742930694","1559.0069890532502","1504.102559532887","1.0365031155438058","2216.29695600618","748.758229912378","3683.835682099982","0.20325505655712256","0.018002984711203762","0.7709746172029186","0.7709746172029186","0.7331266229842287","0.687703182862046","0.706004659368833","0.6694017063552583","100","0.07524572120156935","50","50"
"95","100","0.4","0.35","144","5","periodic","60","0.2","0.5","0.1","1","0.05","500","2000","0.5","0.01","true","false","all","5","8","1.5","0.3","1","entrainment","0.3","0.8","0","3000","-1","50.89030970458414","76.10188646384614","0.42278825813247856","76.10188646384614","0","0.42278825813247856","0","21874.037985744006","21874.037985744006","0","0","1429.0954381986053","1429.0954381986053","0","0","0.009758214360315653","1","1","0","1","1","0","100","0.079424872104473","100","0"
"96","100","0.4","0.35","144","5","periodic","60","0.2","0.5","0.1","1","0.05","500","2000","0.5","0.01","true","false","all","5","8","1.5","0.3","1","entrainment","0.3","0.8","0","3000","0","45.39886718066707","67.81680579598249","0.37676003219990273","67.81680579598249","0","0.37676003219990273","0","8430.911732731625","8430.911732731625","0","0","1133.6752149161998","1133.6752149161998","0","0","0.012478843816759788","1","1","0","1","1","0","100","0.0864822572180083","100","0"
"88","100","0.4","0.35","144","5","periodic","60","0.2","0.5","0.1","1","0.05","500","2000","0.5","0.01","true","false","all","5","8","1.5","0.3","1","coherence","0.3","0.8","0.5","3000","4","11.973154007378966","86.81594997905486","0.4823108332169715","83.40378424568247","88.35234748542753","0.4633543569204582","0.4908463749190418","682.7050589136472","700.6306848805382","664.7794329467567","1.053929544382659","2332.0455397340147","926.9225906920602","3737.1684887759698","0.24802804408630091","0.02799147543050884","0.1779022505533729","0.1779022505533729","0.14800238642696764","0.1218033726090983","0.13375378992035858","0.10985295529783798","100","0.08835598456456922","50","50"
"97","100","0.4","0.35","144","5","periodic","60","0.2","0.5","0.1","1","0.05","500","2000","0.5","0.01","true","false","all","5","8","1.5","0.3","1","entrainment","0.3","0.8","0","3000","36","41.704173671385334","89.36590714467928","0.4964772619148849","89.36590714467928","0","0.4964772619148849","0","11372.785179624334","11372.785179624334","0","0","1176.0786414380004","1176.0786414380004","0","0","0.011302121167316548","1","1","0","1","1","0","100","0.07579074820955929","100","0"
"89","100","0.4","0.35","144","5","periodic","60","0.2","0.5","0.1","1","0.05","500","2000","0.5","0.01","true","false","all","5","8","1.5","0.3","1","coherence","0.3","0.8","0.5","3000","0","11.896345149503489","85.69495223574928","0.4760830679763849","87.23618885514603","82.10566583013112","0.48464549363970016","0.4561425879451729","1848.341396683822","1878.5616727998529","1818.121120567792","1.0332434135153685","2210.4135258767715","784.0959015583696","3636.7311501951745","0.21560458257033638","0.018155377538520368","0.9964490701050867","0.9964490701050867","0.9690393668543017","0.8988942644558814","0.9190411151999016","0.8787474137118614","100","0.07398300505264925","50","50"
"90","100","0.4","0.35","144","5","periodic","60","0.2","0.5","0.1","1","0.05","500","2000","0.5","0.01","true","false","all","5","8","1.5","0.3","1","coherence","0.3","0.8","0.5","3000","0","27.87073634112886","97.67321053435313","0.542628947413073","98.4352350766046","95.32175281914027","0.5468624170922478","0.5295652934396682","3079.659372622432","3162.602872029281","2996.7158732155817","1.055356265269052","2159.9430872192515","955.9947588180771","3363.891415620427","0.2841931087248712","0.03037455238704445","1","1","1","1","1","1","100","0.08454594616675999","50","50"
"98","100","0.4","0.35","144","5","periodic","60","0.2","0.5","0.1","1","0.05","500","2000","0.5","0.01","true","false","all","5","8","1.5","0.3","1","entrainment","0.3","0.8","0","3000","-1","52.327290219543826","67.66774041985646","0.3759318912214248","67.66774041985646","0","0.3759318912214248","0","21867.0895410137","21867.0895410137","0","0","1230.3812586039019","1230.3812586039019","0","0","0.009446155061539452","1","1","0","1","1","0","100","0.08690767804160253","100","0"
"100","100","0.4","0.35","144","5","periodic","60","0.2","0.5","0.1","1","0.05","500","2000","0.5","0.01","true","false","all","5","8","1.5","0.3","1","entrainment","0.3","0.8","0","3000","101","21.623123775796714","91.41665659595276","0.5078703144219597","91.41665659595276","0","0.5078703144219597","0","7783.947370469555","7783.947370469555","0","0","1420.923588811849","1420.923588811849","0","0","0.014696998438264552","1","1","0","1","1","0","100","0.086731356616326","100","0"
"101","100","0.4","0.35","144","5","periodic","60","0.2","0.5","0.1","1","0.05","500","2000","0.5","0.01","true","false","all","5","8","1.5","0.3","1","entrainment","0.3","0.8","0","3000","66","40.00367305451951","96.05144977502074","0.5336191654167819","96.05144977502074","0","0.5336191654167819","0","20387.01182128105","20387.01182128105","0","0","1188.8570511649489","1188.8570511649489","0","0","0.009469724001102575","1","1","0","1","1","0","100","0.07638830273370437","100","0"
"99","100","0.4","0.35","144","5","periodic","60","0.2","0.5","0.1","1","0.05","500","2000","0.5","0.01","true","false","all","5","8","1.5","0.3","1","entrainment","0.3","0.8","0","3000","-1","30.679834052208463","83.39768948667177","0.46332049714817647","83.39768948667177","0","0.46332049714817647","0","21869.652529052342","21869.652529052342","0","0","1251.2617001666633","1251.2617001666633","0","0","0.00873014099068059","1","1","0","1","1","0","100","0.09076288967971063","100","0"
"102","100","0.4","0.35","144","5","periodic","60","0.2","0.5","0.1","1","0.05","500","2000","0.5","0.01","true","false","all","5","8","1.5","0.3","1","entrainment","0.3","0.8","0","3000","-1","56.70929477689117","91.95707790526286","0.5108726550292382","91.95707790526286","0","0.5108726550292382","0","21912.36978812851","21912.36978812851","0","0","1397.5910667322462","1397.5910667322462","0","0","0.009659252952650466","1","1","0","1","1","0","100","0.08917781489694385","100","0"
"103","100","0.4","0.35","144","5","periodic","60","0.2","0.5","0.1","1","0.05","500","2000","0.5","0.01","true","false","all","5","8","1.5","0.3","1","entrainment","0.3","0.8","0","3000","0","36.94787904575601","71.91351619690002","0.3995195344272223","71.91351619690002","0","0.3995195344272223","0","8644.927349963318","8644.927349963318","0","0","1261.796168264228","1261.796168264228","0","0","0.015121816864709148","1","1","0","1","1","0","100","0.07842611804336917","100","0"
"104","100","0.4","0.35","144","5","periodic","60","0.2","0.5","0.1","1","0.05","500","2000","0.5","0.01","true","false","all","5","8","1.5","0.3","1","entrainment","0.3","0.8","0","3000","136","37.346751966875026","81.43180472929009","0.45239891516272274","81.43180472929009","0","0.45239891516272274","0","20987.876312121083","20987.876312121083","0","0","1156.9574369764837","1156.9574369764837","0","0","0.008469393327868335","1","1","0","1","1","0","100","0.08041505075448606","100","0"
"106","100","0.4","0.35","144","5","periodic","60","0.2","0.5","0.1","1","0.05","500","2000","0.5","0.01","true","false","all","5","8","1.5","0.3","1","entrainment","0.3","0.8","0","3000","-1","41.13807308095831","74.67982468070637","0.4148879148928132","74.67982468070637","0","0.4148879148928132","0","21835.04713646532","21835.04713646532","0","0","1326.2823797253493","1326.2823797253493","0","0","0.00957700384018012","1","1","0","1","1","0","100","0.06986716415711476","100","0"
"105","100","0.4","0.35","144","5","periodic","60","0.2","0.5","0.1","1","0.05","500","2000","0.5","0.01","true","false","all","5","8","1.5","0.3","1","entrainment","0.3","0.8","0","3000","-1","57.63149188122434","86.85249136458346","0.48251384091435257","86.85249136458346","0","0.48251384091435257","0","21894.900675298897","21894.900675298897","0","0","1257.0546112044135","1257.0546112044135","0","0","0.00936727191720621","1","1","0","1","1","0","100","0.08873571133143615","100","0"
"107","100","0.4","0.35","144","5","periodic","60","0.2","0.5","0.1","1","0.05","500","2000","0.5","0.01","true","false","all","5","8","1.5","0.3","1","entrainment","0.3","0.8","0","3000","131","38.593713893952966","84.17249124091482","0.4676249513384157","84.17249124091482","0","0.4676249513384157","0","20798.9665717343","20798.9665717343","0","0","992.7575737301704","992.7575737301704","0","0","0.008933366119915798","1","1","0","1","1","0","100","0.09632691405615443","100","0"
"108","100","0.4","0.35","144","5","periodic","60","0.2","0.5","0.1","1","0.05","500","2000","0.5","0.01","true","false","all","5","8","1.5","0.3","1","entrainment","0.3","0.8","0","3000","-1","44.02984644961655","77.36318491969908","0.429795471776106","77.36318491969908","0","0.429795471776106","0","21784.8546232403","21784.8546232403","0","0","1212.8023998932674","1212.8023998932674","0","0","0.008896410748239214","1","1","0","1","1","0","100","0.07583896161286517","100","0"
"109","100","0.4","0.35","144","5","periodic","60","0.2","0.5","0.1","1","0.05","500","2000","0.5","0.01","true","false","all","5","8","1.5","0.3","1","entrainment","0.3","0.8","0","3000","-1","58.430571134539875","96.7657152297792","0.5375873068321066","96.7657152297792","0","0.5375873068321066","0","21780.378555286847","21780.378555286847","0","0","1193.4512502226476","1193.4512502226476","0","0","0.009916112420174539","1","1","0","1","1","0","100","0.0790474372905915","100","0"
"110","100","0.4","0.35","144","5","periodic","60","0.2","0.5","0.1","1","0.05","500","2000","0.5","0.01","true","false","all","5","8","1.5","0.3","1","entrainment","0.3","0.8","0","3000","-1","60.476089563827294","95.67973215266151","0.5315540675147862","95.67973215266151","0","0.5315540675147862","0","21848.795596525917","21848.795596525917","0","0","1215.9699544871676","1215.9699544871676","0","0","0.009202457995108437","1","1","0","1","1","0","100","0.08101814892045275","100","0"
"112","100","0.4","0.35","144","5","periodic","60","0.2","0.5","0.1","1","0.05","500","2000","0.5","0.01","true","false","all","5","8","1.5","0.3","1","entrainment","0.3","0.8","0","3000","-1","77.75514519950607","103.41769223015193","0.5745427346119552","103.41769223015193","0","0.5745427346119552","0","21850.38446510982","21850.38446510982","0","0","1245.8347888253659","1245.8347888253659","0","0","0.009766740154285358","1","1","0","1","1","0","100","0.07617131904297435","100","0"
"111","100","0.4","0.35","144","5","periodic","60","0.2","0.5","0.1","1","0.05","500","2000","0.5","0.01","true","false","all","5","8","1.5","0.3","1","entrainment","0.3","0.8","0","3000","56","36.52160063679851","86.69845160466471","0.4816580644703595","86.69845160466471","0","0.4816580644703595","0","7781.608467082826","7781.608467082826","0","0","1219.9134041648724","1219.9134041648724","0","0","0.013796151401767487","1","1","0","1","1","0","100","0.08510029865229939","100","0"
"113","100","0.4","0.35","144","5","periodic","60","0.2","0.5","0.1","1","0.05","500","2000","0.5","0.01","true","false","all","5","8","1.5","0.3","1","entrainment","0.3","0.8","0","3000","141","25.6901052321313","91.71673853524624","0.5095374363069235","91.71673853524624","0","0.5095374363069235","0","13248.1966578525","13248.1966578525","0","0","1236.6401138722572","1236.6401138722572","0","0","0.01048261144044016","1","1","0","1","1","0","100","0.08432765722022922","100","0"
"114","100","0.4","0.35","144","5","periodic","60","0.2","0.5","0.1","1","0.05","500","2000","0.5","0.01","true","false","all","5","8","1.5","0.3","1","entrainment","0.3","0.8","0","3000","-1","47.802774467083275","89.97843808098482","0.49988021156102674","89.97843808098482","0","0.49988021156102674","0","21800.31782512521","21800.31782512521","0","0","1214.0671061346234","1214.0671061346234","0","0","0.009631812858846844","1","1","0","1","1","0","100","0.10049109836366996","100","0"
"115","100","0.4","0.35","144","5","periodic","60","0.2","0.5","0.1","1","0.05","500","2000","0.5","0.01","true","false","all","5","8","1.5","0.3","1","entrainment","0.3","0.8","0","3000","-1","60.31775661340422","78.2051696181418","0.4344731645452322","78.2051696181418","0","0.4344731645452322","0","21794.97700212718","21794.97700212718","0","0","1271.43882727476","1271.43882727476","0","0","0.008517019615041699","1","1","0","1","1","0","100","0.0951311495956693","100","0"
"116","100","0.4","0.35","144","5","periodic","60","0.2","0.5","0.1","1","0.05","500","2000","0.5","0.01","true","false","all","5","8","1.5","0.3","1","entrainment","0.3","0.8","0","3000","66","50.643352730334804","79.75531447312764","0.44308508040626465","79.75531447312764","0","0.44308508040626465","0","13132.380156544346","13132.380156544346","0","0","1154.4171383123064","1154.4171383123064","0","0","0.009899645190907691","1","1","0","1","1","0","100","0.07471851006830395","100","0"
"119","100","0.4","0.35","144","5","periodic","60","0.2","0.5","0.1","1","0.05","500","2000","0.5","0.01","true","false","all","5","8","1.5","0.3","1","entrainment","0.3","0.8","0","3000","-1","59.57199741947232","98.79356348958827","0.5488531304977126","98.79356348958827","0","0.5488531304977126","0","21831.37430768042","21831.37430768042","0","0","1152.9322419424707","1152.9322419424707","0","0","0.010641040832019666","1","1","0","1","1","0","100","0.07254555607430135","100","0"
"118","100","0.4","0.35","144","5","periodic","60","0.2","0.5","0.1","1","0.05","500","2000","0.5","0.01","true","false","all","5","8","1.5","0.3","1","entrainment","0.3","0.8","0","3000","-1","42.07042301559132","84.9860701366845","0.4721448340926917","84.9860701366845","0","0.4721448340926917","0","21825.46207740339","21825.46207740339","0","0","1218.394255438863","1218.394255438863","0","0","0.00827063407176909","1","1","0","1","1","0","100","0.09435209725605215","100","0"
"117","100","0.4","0.35","144","5","periodic","60","0.2","0.5","0.1","1","0.05","500","2000","0.5","0.01","true","false","all","5","8","1.5","0.3","1","entrainment","0.3","0.8","0","3000","-1","70.90655015041978","53.28882915169935","0.29604905084277416","53.28882915169935","0","0.29604905084277416","0","21790.588184561766","21790.588184561766","0","0","1173.3131399812398","1173.3131399812398","0","0","0.009944123824530804","1","1","0","1","1","0","100","0.08102721144614955","100","0"
"120","100","0.4","0.35","144","5","periodic","60","0.2","0.5","0.1","1","0.05","500","2000","0.5","0.01","true","false","all","5","8","1.5","0.3","1","entrainment","0.3","0.8","0","3000","21","32.90272476569369","82.22543918488464","0.4568079954715813","82.22543918488464","0","0.4568079954715813","0","20012.972836795023","20012.972836795023","0","0","1298.1461012043997","1298.1461012043997","0","0","0.008886531409212362","1","1","0","1","1","0","100","0.06446343515023632","100","0"
"121","100","0.4","0.35","144","5","periodic","60","0.2","0.5","0.1","1","0.05","500","2000","0.5","0.01","true","false","all","5","8","1.5","0.3","1","entrainment","0.3","0.8","0.2","3000","-1","50.49020430137729","60.010284376543694","0.3333904687585761","67.55185386663429","22.557772938411723","0.3752880770368572","0.12532096076895402","21669.213368810826","21751.589183121436","21339.71011156834","1.0193010621699974","1646.468343096377","1129.4494264685331","3714.5440096077537","0.30406139314736497","0.011876350817439763","1","1","1","1","1","1","100","0.07643026328338101","80","20"
"122","100","0.4","0.35","144","5","periodic","60","0.2","0.5","0.1","1","0.05","500","2000","0.5","0.01","true","false","all","5","8","1.5","0.3","1","entrainment","0.3","0.8","0.2","3000","-1","68.87974872997245","98.9544646128105","0.549747025626725","98.04347789568116","88.42329498552265","0.5446859883093398","0.49124052769734805","21678.726113570236","21763.94242094973","21337.860884052265","1.0199683341836718","1689.4974647711174","1238.8819287065153","3491.9596090295213","0.3547812882780803","0.01122002231002095","1","1","1","1","1","1","100","0.07556431875290533","80","20"
"123","100","0.4","0.35","144","5","periodic","60","0.2","0.5","0.1","1","0.05","500","2000","0.5","0.01","true","false","all","5","8","1.5","0.3","1","entrainment","0.3","0.8","0.2","3000","41","52.05954485783106","65.99982334240165","0.36666568523556475","72.90540065772053","24.2665839282005","0.405030003654003","0.13481435515666945","5066.450510635143","5095.0310050101925","4952.128533134949","1.0288567776298765","1833.825431746538","1184.2135439135632","4432.272983078435","0.2671797401546932","0.01378607661340081","1","1","1","1","1","1","100","0.08449892638220578","80","20"
"125","100","0.4","0.35","144","5","periodic","60","0.2","0.5","0.1","1","0.05","500","2000","0.5","0.01","true","false","all","5","8","1.5","0.3","1","entrainment","0.3","0.8","0.2","3000","-1","66.90215782782795","71.9293107235439","0.39960728179746613","79.68248097716149","31.265535795825308","0.4426804498731194","0.17369742108791839","21708.43064823552","21790.702426838714","21379.343533822754","1.0192409506103486","1773.7415984313254","1326.647472005236","3562.118104135681","0.3724321971427549","0.010498593946275614","1","1","1","1","1","1","100","0.08959781377516009","80","20"
"124","100","0.4","0.35","144","5","periodic","60","0.2","0.5","0.1","1","0.05","500","2000","0.5","0.01","true","false","all","5","8","1.5","0.3","1","entrainment","0.3","0.8","0.2","3000","-1","88.60620502023122","122.9050941333471","0.682806078518595","116.21370771241996","143.0654382063889","0.6456317095134442","0.794807990035494","21696.95626424907","21804.672270387062","21266.09223969708","1.0253257638789237","1671.4317491926786","1248.5050245512548","3363.138647758374","0.3712321005211658","0.012407251507960293","1","1","1","1","1","1","100","0.08470937945037713","80","20"
"126","100","0.4","0.35","144","5","periodic","60","0.2","0.5","0.1","1","0.05","500","2000","0.5","0.01","true","false","all","5","8","1.5","0.3","1","entrainment","0.3","0.8","0.2","3000","-1","58.72264225200899","55.32844877567849","0.3073802709759916","65.02625139393092","16.537238302668648","0.3612569521885051","0.09187354612593693","21701.624178270275","21807.863410217462","21276.66725048153","1.0249661356020836","1790.9508479264111","1226.1090568774919","4050.3180121220807","0.30271920703705363","0.011325789391341656","1","1","1","1","1","1","100","0.09995084013184921","80","20"
"128","100","0.4","0.35","144","5","periodic","60","0.2","0.5","0.1","1","0.05","500","2000","0.5","0.01","true","false","all","5","8","1.5","0.3","1","entrainment","0.3","0.8","0.2","3000","-1","53.394382276938885","96.96458455419385","0.538692136412188","104.84650517947227","53.86650708651175","0.5824805843304015","0.29925837270284306","21732.581826220085","21811.608501565144","21416.47512483985","1.0184499724824936","1615.6137316428462","1196.3060225849533","3292.8445678744165","0.3633047348351422","0.011042234557739894","1","1","1","1","1","1","100","0.08370413276148751","80","20"
"127","100","0.4","0.35","144","5","periodic","60","0.2","0.5","0.1","1","0.05","500","2000","0.5","0.01","true","false","all","5","8","1.5","0.3","1","entrainment","0.3","0.8","0.2","3000","-1","61.43138219359898","75.37994554918203","0.4187774752732335","85.04649712673803","20.00134015977221","0.4724805395929891","0.11111855644317893","21673.251559707292","21796.74102350315","21179.29370452386","1.0291533479630346","1824.3136454947953","1100.407797456144","4719.937037649399","0.23314035519511164","0.012588800685383594","1","1","1","1","1","1","100","0.0892374459714362","80","20"
"129","100","0.4","0.35","144","5","periodic","60","0.2","0.5","0.1","1","0.05","500","2000","0.5","0.01","true","false","all","5","8","1.5","0.3","1","entrainment","0.3","0.8","0.2","3000","-1","57.35467006749207","64.91145486858098","0.36061919371433876","75.64010076426516","20.076409873441484","0.42022278202369534","0.11153561040800825","21713.34499346967","21794.59185732911","21388.357538031913","1.0189932452071109","1826.8701028405005","1315.6680222206012","3871.678425320103","0.33981851736868457","0.012043141684692449","1","1","1","1","1","1","100","0.08102480812798409","80","20"
"130","100","0.4","0.35","144","5","periodic","60","0.2","0.5","0.1","1","0.05","500","2000","0.5","0.01","true","false","all","5","8","1.5","0.3","1","entrainment","0.3","0.8","0.2","3000","-1","56.50116286652953","46.257588288331874","0.2569866016018437","54.563480437100324","12.873345618108056","0.30313044687277957","0.07151858676726698","21642.09819751203","21761.013256121176","21166.43796307545","1.0280904748396","1763.6653156177213","1146.21412583826","4233.470074735576","0.27075049678007995","0.011699977245211102","1","1","1","1","1","1","100","0.0763017018478863","80","20"
"131","100","0.4","0.35","144","5","periodic","60","0.2","0.5","0.1","1","0.05","500","2000","0.5","0.01","true","false","all","5","8","1.5","0.3","1","entrainment","0.3","0.8","0.2","3000","-1","87.04293734572241","85.15006886013876","0.473055938111882","91.3038661543552","45.80678749989192","0.5072437008575289","0.25448215277717734","21681.723521604647","21784.780808603646","21269.494373608595","1.024226548405139","1680.5366458785938","1035.8993127781837","4259.085978280231","0.24322103804921735","0.011012043547551364","1","1","1","1","1","1","100","0.08579177052296165","80","20"
"132","100","0.4","0.35","144","5","periodic","60","0.2","0.5","0.1","1","0.05","500","2000","0.5","0.01","true","false","all","5","8","1.5","0.3","1","entrainment","0.3","0.8","0.2","3000","-1","66.1988787163304","88.70236917482407","0.4927909398601337","90.6702722777228","72","0.5037237348762378","0.4","21759.19153367487","21834.9406692394","21456.194991416723","1.0176520430567584","1356.7848216974517","1068.4975909624702","2509.9337446373816","0.4257074885922297","0.010361378038363789","1","1","1","1","1","1","100","0.08134434219368158","80","20"
"133","100","0.4","0.35","144","5","periodic","60","0.2","0.5","0.1","1","0.05","500","2000","0.5","0.01","true","false","all","5","8","1.5","0.3","1","entrainment","0.3","0.8","0.2","3000","-1","70.65458276308436","77.39276252140235","0.4299597917855686","79.74092958744946","68.11720423314422","0.4430051643747192","0.3784289124063568","21721.887182785795","21783.74276164848","21474.46486733504","1.0144021234626377","1745.460886457244","1252.818839865106","3716.029072825802","0.33713913839549614","0.010685909721604103","1","1","1","1","1","1","100","0.07916360103723243","80","20"
"134","100","0.4","0.35","144","5","periodic","60","0.2","0.5","0.1","1","0.05","500","2000","0.5","0.01","true","false","all","5","8","1.5","0.3","1","entrainment","0.3","0.8","0.2","3000","-1","51.6241288605047","78.06968496006321","0.4337204720003512","86.65660373645632","43.795401333775395","0.48142557631364624","0.2433077851876411","21724.54274931271","21784.478648007018","21484.799154535503","1.0139484428649284","1495.647165869507","1050.3529181102313","3276.8241569066095","0.32053990931932885","0.010752633643734466","1","1","1","1","1","1","100","0.09650799261193752","80","20"
"135","100","0.4","0.35","144","5","periodic","60","0.2","0.5","0.1","1","0.05","500","2000","0.5","0.01","true","false","all","5","8","1.5","0.3","1","entrainment","0.3","0.8","0.2","3000","-1","71.03227761241911","79.92895041786772","0.44404972454370956","80.13547889234553","27.366358884077528","0.44519710495747516","0.15203532713376405","21780.543970028968","21872.98145774743","21410.794019155106","1.0215866556923967","1556.014094859928","1152.8054836773658","3168.8485395901807","0.36379317890228197","0.01127925857864498","1","1","1","1","1","1","100","0.07771493524210193","80","20"
"136","100","0.4","0.35","144","5","periodic","60","0.2","0.5","0.1","1","0.05","500","2000","0.5","0.01","true","false","all","5","8","1.5","0.3","1","entrainment","0.3","0.8","0.2","3000","49","28.05676448006659","61.16741407560614","0.3398189670867008","67.82304695528892","19.224623736789347","0.37679470530716064","0.10680346520438526","3510.56163008557","3522.015913138103","3464.74449787544","1.016529765845008","1729.9751559689728","1257.6585563262165","3619.241554539994","0.34749229565752643","0.012629487308140286","1","1","1","1","1","1","100","0.08271633163339207","80","20"
"137","100","0.4","0.35","144","5","periodic","60","0.2","0.5","0.1","1","0.05","500","2000","0.5","0.01","true","false","all","5","8","1.5","0.3","1","entrainment","0.3","0.8","0.2","3000","-1","65.34156876291664","54.887141728622765","0.30492856515901534","61.142200734911796","31.098292736780422","0.3396788929717322","0.17276829298211346","21755.50101818258","21812.24183921444","21528.537734055186","1.0131780480710713","1563.9918326455195","1208.0126815480075","2987.9084370355667","0.4043004352390829","0.010509808573709645","1","1","1","1","1","1","100","0.0784167113538833","80","20"
"138","100","0.4","0.35","144","5","periodic","60","0.2","0.5","0.1","1","0.05","500","2000","0.5","0.01","true","false","all","5","8","1.5","0.3","1","entrainment","0.3","0.8","0.2","3000","131","45.47242801986695","59.86350885967168","0.3325750492203982","67.79095562487458","27.104596613565626","0.37661642013819213","0.15058109229758682","13756.259076242168","13799.249944278232","13584.295604097908","1.0158237384141935","1596.6857758846627","1202.6268334527738","3172.9215456122197","0.37902822876785813","0.0101160945390677","1","1","1","1","1","1","100","0.0830009426269422","80","20"
"140","100","0.4","0.35","144","5","periodic","60","0.2","0.5","0.1","1","0.05","500","2000","0.5","0.01","true","false","all","5","8","1.5","0.3","1","entrainment","0.3","0.8","0.2","3000","-1","95.5386751610579","92.77501807263847","0.5154167670702138","91.89397724205735","54.70770708559095","0.5105220957892075","0.3039317060310608","21738.7114310557","21818.27898171149","21420.44122843262","1.0185728085166978","1763.1100588453528","1268.5157816120131","3741.4871677787114","0.33904052712951577","0.010670047116617898","1","1","1","1","1","1","100","0.07612556592481251","80","20"
"139","100","0.4","0.35","144","5","periodic","60","0.2","0.5","0.1","1","0.05","500","2000","0.5","0.01","true","false","all","5","8","1.5","0.3","1","entrainment","0.3","0.8","0.2","3000","-1","63.51272309681741","76.2401672192138","0.4235564845511878","80.18852436764219","30.163009399906304","0.4454918020424566","0.16757227444392392","21769.01570606137","21837.12681479305","21496.571271134646","1.0158423191942103","1694.9728670026013","1195.7137279693384","3692.009423135654","0.32386529689672594","0.010702619391610657","1","1","1","1","1","1","100","0.07973089881706505","80","20"
"141","100","0.4","0.35","144","5","periodic","60","0.2","0.5","0.1","1","0.05","500","2000","0.5","0.01","true","false","all","5","8","1.5","0.3","1","entrainment","0.3","0.8","0.2","3000","-1","66.17109009871457","64.07651519378459","0.3559806399654699","70.81799911107045","39.320904402533294","0.3934333283948358","0.21844946890296274","21750.810791653497","21799.48964437327","21556.095380774448","1.0112912036850559","1715.2987310070266","1382.4457977161037","3046.7104641707188","0.4537503034744034","0.0094761072792231","1","1","1","1","1","1","100","0.07831654349652889","80","20"
"143","100","0.4","0.35","144","5","periodic","60","0.2","0.5","0.1","1","0.05","500","2000","0.5","0.01","true","false","all","5","8","1.5","0.3","1","entrainment","0.3","0.8","0.2","3000","83","55.092809720067265","77.25957541027554","0.4292198633904197","84.97504471934093","44.91321942849119","0.47208358177411625","0.24951788571383993","17079.316669537497","17157.608303240006","16766.150134727457","1.0233481249641048","1700.3340174652672","1149.0214123234705","3905.584438032454","0.29419960842078796","0.011966187164309527","1","1","1","1","1","1","100","0.07391986635610981","80","20"
"144","100","0.4","0.35","144","5","periodic","60","0.2","0.5","0.1","1","0.05","500","2000","0.5","0.01","true","false","all","5","8","1.5","0.3","1","entrainment","0.3","0.8","0.2","3000","-1","55.482979653570396","73.84694476554226","0.4102608042530126","84.83287703905417","22.96702557958349","0.4712937613280787","0.1275945865532416","21850.953073131335","21932.40527924449","21525.14424867875","1.0189202462878144","1693.7225903652838","1337.8306783470396","3117.290238438262","0.4291646192743613","0.010664859073242772","1","1","1","1","1","1","100","0.09587699438701237","80","20"
"142","100","0.4","0.35","144","5","periodic","60","0.2","0.5","0.1","1","0.05","500","2000","0.5","0.01","true","false","all","5","8","1.5","0.3","1","entrainment","0.3","0.8","0.2","3000","-1","66.0255704005722","65.59388373321913","0.3644104651845507","73.54431553372989","34.559361965950174","0.4085795307429438","0.19199645536638985","21690.971847875073","21715.11159466225","21594.412860726396","1.0055893501117303","1707.190674498565","1273.8668072302148","3440.486143571965","0.3702577932511788","0.009581277114113718","1","1","1","1","1","1","100","0.08692543446454974","80","20"
"146","100","0.4","0.35","144","5","periodic","60","0.2","0.5","0.1","1","0.05","500","2000","0.5","0.01","true","false","all","5","8","1.5","0.3","1","entrainment","0.3","0.8","0.2","3000","-1","49.017689607108885","65.04645990667626","0.361369221703757","75.36931106760248","23.080487755918256","0.4187183948200138","0.12822493197732365","21725.608766708585","21830.815019452333","21304.78375573355","1.0246907581766567","1572.2106242435132","1042.7351316537113","3690.112594602719","0.2825754241696717","0.011654284253813652","1","1","1","1","1","1","100","0.09015647958071393","80","20"
"145","100","0.4","0.35","144","5","periodic","60","0.2","0.5","0.1","1","0.05","500","2000","0.5","0.01","true","false","all","5","8","1.5","0.3","1","entrainment","0.3","0.8","0.2","3000","-1","71.28849012777053","70.95185032277","0.3941769462376111","71.28711441102138","57.54600728175596","0.3960395245056743","0.3197000404541998","21786.066875973876","21853.049057015138","21518.13815180884","1.0155641209682515","1458.0917151020476","1045.6688002442393","3107.783374533278","0.3364677244923082","0.010310722246632098","1","1","1","1","1","1","100","0.08092036737243313","80","20"
"147","100","0.4","0.35","144","5","periodic","60","0.2","0.5","0.1","1","0.05","500","2000","0.5","0.01","true","false","all","5","8","1.5","0.3","1","entrainment","0.3","0.8","0.2","3000","71","47.311756587937865","58.991157968019415","0.32772865537788565","66.56996046842055","19.922666738329887","0.36983311371344746","0.11068148187961048","17609.752875882787","17698.07294159875","17256.472613018897","1.025590416910968","1890.9931271611715","1307.7298169467692","4224.046368018777","0.3095917286438642","0.012284974654358294","1","1","1","1","1","1","100","0.06927146193302773","80","20"
"148","100","0.4","0.35","144","5","periodic","60","0.2","0.5","0.1","1","0.05","500","2000","0.5","0.01","true","false","all","5","8","1.5","0.3","1","entrainment","0.3","0.8","0.2","3000","106","44.60467168824554","49.5428982422622","0.27523832356812333","59.249381294371496","8.771074556128179","0.329163229413175","0.04872819197848988","8840.340909387904","8886.887914327703","8654.1528896287","1.026892871857848","1861.9687659397866","1227.8338506070982","4398.508427270541","0.2791477772316152","0.011938796172778599","1","1","1","1","1","1","100","0.08643553138447121","80","20"
"149","100","0.4","0.35","144","5","periodic","60","0.2","0.5","0.1","1","0.05","500","2000","0.5","0.01","true","false","all","5","8","1.5","0.3","1","entrainment","0.3","0.8","0.2","3000","-1","70.0573091165116","97.15207958253691","0.5397337754585384","98.96224950424106","55.79359444212984","0.5497902750235615","0.30996441356738796","21781.19628804879","21868.90017942834","21430.380722530586","1.0204625135957908","1770.239213322183","1457.9148522940272","3019.536657434811","0.4828273399841982","0.009874190150565232","1","1","1","1","1","1","100","0.0834506990700265","80","20"
"150","100","0.4","0.35","144","5","periodic","60","0.2","0.5","0.1","1","0.05","500","2000","0.5","0.01","true","false","all","5","8","1.5","0.3","1","entrainment","0.3","0.8","0.2","3000","-1","57.42023355037966","69.87725679156499","0.38820698217536104","73.14065335419781","39.8449669312183","0.40633696307887673","0.22136092739565724","21664.83507576521","21709.17811507725","21487.462918517078","1.0103183515616032","1509.075908057208","1068.6254979020773","3270.8775486777286","0.32670911154533305","0.010453090942591503","1","1","1","1","1","1","100","0.08214912927805745","80","20"
"151","100","0.4","0.35","144","5","periodic","60","0.2","0.5","0.1","1","0.05","500","2000","0.5","0.01","true","false","all","5","8","1.5","0.3","1","entrainment","0.3","0.8","0.5","3000","145","63.698070592673744","44.995871602817935","0.24997706446009965","62.83533219267183","18.450934152232254","0.3490851788481768","0.10250518973462364","14997.030137749352","15295.57117232643","14698.48910317226","1.0406220030482796","2190.328812120556","947.6545087567687","3433.0031154843427","0.2760424260853226","0.017081386837029866","1","1","1","1","1","1","100","0.07020343016024719","50","50"
"152","100","0.4","0.35","144","5","periodic","60","0.2","0.5","0.1","1","0.05","500","2000","0.5","0.01","true","false","all","5","8","1.5","0.3","1","entrainment","0.3","0.8","0.5","3000","19","50.742420456547656","74.54512110842752","0.41413956171348626","79.77233752267071","58.76077332338309","0.4431796529037262","0.3264487406854616","18034.317739855785","18188.91421692659","17879.721262785002","1.0172929403986373","2138.0115214421817","1307.9311115293929","2968.0919313549703","0.4406639490213858","0.01199897707692621","1","1","1","1","1","1","100","0.09767434794349233","50","50"
"153","100","0.4","0.35","144","5","periodic","60","0.2","0.5","0.1","1","0.05","500","2000","0.5","0.01","true","false","all","5","8","1.5","0.3","1","entrainment","0.3","0.8","0.5","3000","147","79.63672927303008","31.960931457940355","0.17756073032189085","45.71593372742098","17.310473273589032","0.2539774095967832","0.09616929596438352","19875.75243665471","20100.298790035773","19651.206083273668","1.0228531879854612","2350.9040163010436","1314.0408869164917","3387.767145685594","0.38787815998214514","0.014256976812092148","1","1","1","1","1","1","100","0.08938754449756392","50","50"
"154","100","0.4","0.35","144","5","periodic","60","0.2","0.5","0.1","1","0.05","500","2000","0.5","0.01","true","false","all","5","8","1.5","0.3","1","entrainment","0.3","0.8","0.5","3000","-1","70.28030783415487","44.524785680135395","0.24735992044519664","62.00649971045176","23.877178336810505","0.34448055394695426","0.13265099076005837","21518.645130058838","21762.277737931396","21275.012522186287","1.0229031693982304","2232.4280605541153","1168.8181906157488","3296.03793049248","0.35461308858211726","0.013495772249994875","1","1","1","1","1","1","100","0.07397620726801672","50","50"
"155","100","0.4","0.35","144","5","periodic","60","0.2","0.5","0.1","1","0.05","500","2000","0.5","0.01","true","false","all","5","8","1.5","0.3","1","entrainment","0.3","0.8","0.5","3000","151","72.16951891501564","70.59600256794023","0.3922000142663346","83.0260747896302","52.81941070783959","0.46125597105350113","0.2934411705991088","21345.008416131615","21573.162016902148","21116.85481536107","1.0216086725760478","2110.8875469887753","1056.630021773679","3165.1450722038703","0.33383304640692324","0.013242188702731639","1","1","1","1","1","1","100","0.07502299128772706","50","50"
"156","100","0.4","0.35","144","5","periodic","60","0.2","0.5","0.1","1","0.05","500","2000","0.5","0.01","true","false","all","5","8","1.5","0.3","1","entrainment","0.3","0.8","0.5","3000","-1","65.90194619214095","68.91487713001875","0.38286042850010416","109.58215525544041","25.22895980224476","0.6087897514191134","0.14016088779024866","21558.21643582645","21829.09043781233","21287.342433840597","1.025449301887046","2242.054418218714","1308.5459639352612","3175.5628725021647","0.41206740866830993","0.013881231906559544","1","1","1","1","1","1","100","0.0801610631971394","50","50"
"157","100","0.4","0.35","144","5","periodic","60","0.2","0.5","0.1","1","0.05","500","2000","0.5","0.01","true","false","all","5","8","1.5","0.3","1","entrainment","0.3","0.8","0.5","3000","-1","87.0361721159681","60.70563669473904","0.33725353719299467","74.62899430114159","32.41246303462692","0.41460552389523103","0.18006923908126066","21439.670259503633","21833.642859579624","21045.697659427653","1.0374397282001717","2340.342257811937","1041.602815950527","3639.0816996733497","0.2862268291596815","0.01754602872226152","1","1","1","1","1","1","100","0.08879504727333297","50","50"
"158","100","0.4","0.35","144","5","periodic","60","0.2","0.5","0.1","1","0.05","500","2000","0.5","0.01","true","false","all","5","8","1.5","0.3","1","entrainment","0.3","0.8","0.5","3000","-1","62.21624686460875","39.714041661382886","0.22063356478546048","57.403368172302095","22.069118410589695","0.31890760095723386","0.12260621339216497","21514.458062677655","21749.08439535167","21279.831730003654","1.0220515214265717","2204.7051997780018","1232.0703800602105","3177.3400194957935","0.3877678726546003","0.014417863143262544","1","1","1","1","1","1","100","0.0771727876548929","50","50"
"159","100","0.4","0.35","144","5","periodic","60","0.2","0.5","0.1","1","0.05","500","2000","0.5","0.01","true","false","all","5","8","1.5","0.3","1","entrainment","0.3","0.8","0.5","3000","-1","62.78210273943138","54.63154836518774","0.3035086020288208","73.37263601518933","35.8867126956623","0.4076257556399407","0.19937062608701275","21578.131239943366","21895.99408027847","21260.268399608256","1.0299020533852676","2144.563083446434","1206.2973365623682","3082.828830330501","0.3912955934154297","0.015339960711753253","1","1","1","1","1","1","100","0.08097563060991722","50","50"
"160","100","0.4","0.35","144","5","periodic","60","0.2","0.5","0.1","1","0.05","500","2000","0.5","0.01","true","false","all","5","8","1.5","0.3","1","entrainment","0.3","0.8","0.5","3000","-1","78.01564992354253","31.180679577671597","0.1732259976537311","44.8823126077785","17.523031814274415","0.249346181154325","0.09735017674596896","21651.277793406192","21950.25958890622","21352.29599790618","1.0280046506969869","2372.9679757611516","1654.2798081303583","3091.656143391946","0.5350788481656308","0.014296394082101704","1","1","1","1","1","1","100","0.08082296581001512","50","50"
"161","100","0.4","0.35","144","5","periodic","60","0.2","0.5","0.1","1","0.05","500","2000","0.5","0.01","true","false","all","5","8","1.5","0.3","1","entrainment","0.3","0.8","0.5","3000","-1","68.68298349243838","78.93214802347414","0.43851193346374523","103.75248659629611","33.27795317064824","0.5764027033127561","0.18487751761471244","21461.724053738842","21788.567483283317","21134.880624194375","1.0309292903382017","2188.9612590712727","943.8556873717909","3434.0668307707533","0.2748507043935279","0.015545471223613161","1","1","1","1","1","1","100","0.07814094947691914","50","50"
"162","100","0.4","0.35","144","5","periodic","60","0.2","0.5","0.1","1","0.05","500","2000","0.5","0.01","true","false","all","5","8","1.5","0.3","1","entrainment","0.3","0.8","0.5","3000","81","44.45345027236391","38.617118130863076","0.21453954517146154","55.5658955573717","19.14737614132438","0.3086994197631761","0.10637431189624655","3766.6390081599507","3834.1056973293203","3699.1723189905806","1.0364766403679075","2382.567222790387","1393.3457123168287","3371.7887332639466","0.4132363628156642","0.017737868614832175","1","1","1","1","1","1","100","0.08286224246125978","50","50"
"163","100","0.4","0.35","144","5","periodic","60","0.2","0.5","0.1","1","0.05","500","2000","0.5","0.01","true","false","all","5","8","1.5","0.3","1","entrainment","0.3","0.8","0.5","3000","65","40.5138097274432","67.21832685193381","0.37343514917741005","82.22114678011712","41.24974675521648","0.4567841487784285","0.22916525975120267","9970.237362002694","10096.180743629522","9844.293980375862","1.0255870826039717","2332.6777831947074","1008.7266498248755","3656.6289165645385","0.2758624604359883","0.016222143596454908","1","1","1","1","1","1","100","0.07629099769113397","50","50"
"164","100","0.4","0.35","144","5","periodic","60","0.2","0.5","0.1","1","0.05","500","2000","0.5","0.01","true","false","all","5","8","1.5","0.3","1","entrainment","0.3","0.8","0.5","3000","89","81.20876954458768","40.51666634551435","0.22509259080841307","57.812265768682536","17.77958915844911","0.3211792542704585","0.09877549532471727","9296.620516620238","9431.131997980356","9162.109035260133","1.0293625585206305","2176.1967543264022","1169.8577712013077","3182.535737451496","0.36758668800938704","0.014872195508711883","1","1","1","1","1","1","100","0.08736979863763993","50","50"
"165","100","0.4","0.35","144","5","periodic","60","0.2","0.5","0.1","1","0.05","500","2000","0.5","0.01","true","false","all","5","8","1.5","0.3","1","entrainment","0.3","0.8","0.5","3000","-1","91.17005285065703","44.95316062926432","0.24973978127369065","64.37669897408203","24.60700390862629","0.35764832763378906","0.13670557727014604","21555.065087859337","21845.38490266923","21264.745273049437","1.0273052708680075","2404.3819861093275","1253.1943053935825","3555.5696668250735","0.35245949955260353","0.016065346507134537","1","1","1","1","1","1","100","0.08474592457848064","50","50"
"166","100","0.4","0.35","144","5","periodic","60","0.2","0.5","0.1","1","0.05","500","2000","0.5","0.01","true","false","all","5","8","1.5","0.3","1","entrainment","0.3","0.8","0.5","3000","86","67.54643817250451","71.81856096934527","0.3989920053852515","94.4661710749431","34.688652178610425","0.5248120615274617","0.19271473432561348","11252.592336390278","11416.735620043466","11088.449052737089","1.0296061753762884","2377.6495958854916","1134.416421500383","3620.8827702705994","0.3132983014016784","0.017570544033879587","1","1","1","1","1","1","100","0.07248856326119561","50","50"
"167","100","0.4","0.35","144","5","periodic","60","0.2","0.5","0.1","1","0.05","500","2000","0.5","0.01","true","false","all","5","8","1.5","0.3","1","entrainment","0.3","0.8","0.5","3000","141","41.02797875567286","36.38127148014508","0.20211817488969488","60.479383736230936","11.860773347805184","0.3359965763123941","0.06589318526558435","4310.153635477043","4382.40589456555","4237.901376388539","1.0340981314435769","2713.542082521123","1256.1725484338756","4170.911616608373","0.3011745785817795","0.02151442894440536","1","1","1","1","1","1","100","0.0852640743556127","50","50"
"168","100","0.4","0.35","144","5","periodic","60","0.2","0.5","0.1","1","0.05","500","2000","0.5","0.01","true","false","all","5","8","1.5","0.3","1","entrainment","0.3","0.8","0.5","3000","-1","70.4169748584744","56.15240366024231","0.3119577981124573","80.76479653507015","23.81438610149221","0.44869331408372304","0.13230214500829007","21580.275897135703","21776.517550913428","21384.03424335797","1.0183540347480202","2055.655526344979","1242.5678058153117","2868.743246874648","0.43314012404875446","0.012753234336283725","1","1","1","1","1","1","100","0.08817501819767379","50","50"
"169","100","0.4","0.35","144","5","periodic","60","0.2","0.5","0.1","1","0.05","500","2000","0.5","0.01","true","false","all","5","8","1.5","0.3","1","entrainment","0.3","0.8","0.5","3000","121","63.42026022505338","58.17720312164728","0.32320668400915153","71.38423122121861","42.40649246060191","0.3965790623401034","0.23559162478112172","12545.894521481663","12710.276801070637","12381.512241892686","1.0265528598409475","2070.732687557251","1079.599800964754","3061.865574149749","0.3525954274673043","0.01581614161133449","1","1","1","1","1","1","100","0.08429649914550931","50","50"
"170","100","0.4","0.35","144","5","periodic","60","0.2","0.5","0.1","1","0.05","500","2000","0.5","0.01","true","false","all","5","8","1.5","0.3","1","entrainment","0.3","0.8","0.5","3000","-1","64.39246115349874","54.797132384181786","0.3044285132454544","75.10455055149625","29.05184730971265","0.41724750306386804","0.16139915172062583","21385.331454659863","21720.751482894873","21049.911426424846","1.0318690203906462","2256.2900538475214","1206.6557705221128","3305.9243371729303","0.36499799978906583","0.015930480840331995","1","1","1","1","1","1","100","0.0661661495070898","50","50"
"171","100","0.4","0.35","144","5","periodic","60","0.2","0.5","0.1","1","0.05","500","2000","0.5","0.01","true","false","all","5","8","1.5","0.3","1","entrainment","0.3","0.8","0.5","3000","-1","109.63303930160585","37.98723043050186","0.21104016905834366","51.31808157811591","24.257215547236136","0.28510045321175503","0.1347623085957563","21632.74529815604","21907.725679115672","21357.764917196426","1.0257499211200907","2215.2075456411385","1392.992536405548","3037.4225548767295","0.4586100587713852","0.01406003367076214","1","1","1","1","1","1","100","0.08700374558132488","50","50"
"172","100","0.4","0.35","144","5","periodic","60","0.2","0.5","0.1","1","0.05","500","2000","0.5","0.01","true","false","all","5","8","1.5","0.3","1","entrainment","0.3","0.8","0.5","3000","-1","63.02823879410721","42.07405083829716","0.23374472687942868","64.52705021974457","15.595721161367402","0.3584836123319143","0.08664289534093002","21552.130874089828","21860.83470329627","21243.427044883407","1.0290634678250543","2250.1217887615558","1110.0626317512451","3390.180945771867","0.3274346265014799","0.0139181841602809","1","1","1","1","1","1","100","0.08807959467780664","50","50"
"173","100","0.4","0.35","144","5","periodic","60","0.2","0.5","0.1","1","0.05","500","2000","0.5","0.01","true","false","all","5","8","1.5","0.3","1","entrainment","0.3","0.8","0.5","3000","71","37.33940060640662","65.57706567509219","0.3643170315282899","83.47087974437004","43.34575197564709","0.46372710969094466","0.2408097331980394","6460.6048856080415","6535.101900464301","6386.107870751776","1.0233309603796252","1989.3003604910007","918.8305910552107","3059.77012992679","0.3002939933521068","0.016221026575521824","1","1","1","1","1","1","100","0.0897033474941263","50","50"
"174","100","0.4","0.35","144","5","periodic","60","0.2","0.5","0.1","1","0.05","500","2000","0.5","0.01","true","false","all","5","8","1.5","0.3","1","entrainment","0.3","0.8","0.5","3000","-1","57.98308591535947","34.986752096572246","0.1943708449809569","56.99907954809374","12.524913705066007","0.31666155304496524","0.06958285391703337","21390.04731690706","21766.342209923318","21013.752423890783","1.035814154980569","2418.964577379976","1215.7189489252755","3622.2102058346763","0.33562904410323546","0.017971591613194837","1","1","1","1","1","1","100","0.08794421248664527","50","50"
"175","100","0.4","0.35","144","5","periodic","60","0.2","0.5","0.1","1","0.05","500","2000","0.5","0.01","true","false","all","5","8","1.5","0.3","1","entrainment","0.3","0.8","0.5","3000","62","93.40001679613742","122.58615055669274","0.6810341697594041","117.05882474216168","96.34193110438017","0.6503268041231204","0.5352329505798898","18037.19789710453","18304.98106781076","17769.414726398285","1.0301397851115963","2160.617351491292","1145.1746796931077","3176.0600232894753","0.36056455838231904","0.01539698651546395","1","1","1","1","1","1","100","0.08474493513621527","50","50"
"176","100","0.4","0.35","144","5","periodic","60","0.2","0.5","0.1","1","0.05","500","2000","0.5","0.01","true","false","all","5","8","1.5","0.3","1","entrainment","0.3","0.8","0.5","3000","-1","61.02871048758115","28.71673422670547","0.15953741237058594","40.85306913288761","17.000355232905246","0.22696149518270894","0.0944464179605847","21476.85084491619","21743.28789118591","21210.413798646467","1.025123229447483","2290.2049145625665","1418.2352815061731","3162.1745476189626","0.44849999901936727","0.016402469055647906","1","1","1","1","1","1","100","0.09073559356733955","50","50"
"177","100","0.4","0.35","144","5","periodic","60","0.2","0.5","0.1","1","0.05","500","2000","0.5","0.01","true","false","all","5","8","1.5","0.3","1","entrainment","0.3","0.8","0.5","3000","131","56.26046921558994","59.17664335746806","0.32875912976371147","92.5031583625449","20.76333860761266","0.5139064353474716","0.11535188115340367","14027.480648909848","14213.066785334333","13841.894512485364","1.0268151352052404","2228.388805901794","1233.156155551558","3223.621456252031","0.3825375194596504","0.014162788633517609","1","1","1","1","1","1","100","0.08438370746730083","50","50"
"178","100","0.4","0.35","144","5","periodic","60","0.2","0.5","0.1","1","0.05","500","2000","0.5","0.01","true","false","all","5","8","1.5","0.3","1","entrainment","0.3","0.8","0.5","3000","-1","63.16482786391155","37.38966236251529","0.20772034645841828","52.07374347798742","21.94064154377519","0.2892985748777079","0.12189245302097328","21573.68809984298","21875.92427264887","21271.45192703709","1.0284170703384599","2014.781917113596","1078.042633093644","2951.5212011335475","0.36524983546776363","0.016146426376259404","1","1","1","1","1","1","100","0.08556357596004582","50","50"
"179","100","0.4","0.35","144","5","periodic","60","0.2","0.5","0.1","1","0.05","500","2000","0.5","0.01","true","false","all","5","8","1.5","0.3","1","entrainment","0.3","0.8","0.5","3000","-1","73.18297140563311","45.729874484041574","0.2540548582446754","66.69856238475754","18.00592688182328","0.3705475688042085","0.10003292712124046","21500.099642285397","21817.072923535878","21183.12636103491","1.0299269593966582","2284.3865240433047","1187.293590030758","3381.47945805585","0.3511166058401494","0.01607616495557429","1","1","1","1","1","1","100","0.08713613524733367","50","50"
"180","100","0.4","0.35","144","5","periodic","60","0.2","0.5","0.1","1","0.05","500","2000","0.5","0.01","true","false","all","5","8","1.5","0.3","1","entrainment","0.3","0.8","0.5","3000","-1","88.46711714998875","47.27595440513656","0.26264419113964754","67.23103656332502","27.333256723947965","0.373505758685139","0.15185142624415537","21542.981913727694","21828.542112759813","21257.421714695567","1.0268668705795785","2206.2663470718708","1271.9177316668522","3140.6149624768905","0.4049900248401466","0.014398492903801241","1","1","1","1","1","1","100","0.07964894285097288","50","50"
