"BehaviorSpace results (NetLogo 7.0.3)","Table version 2.0"
"netlogo/coherence_model_tencon.nlogox"
"H003_batch4_mixed_regime"
"07/03/2026 09:45:00:115 +1000"
"min-pxcor","max-pxcor","min-pycor","max-pycor"
"-16","16","-16","16"
"[run number]","population","coupling-strength","noise-level","perturb-duration","recovery-tolerance","perturbation-regime","perturbation-strength","identity-pull-weight","social-pull-weight","metabolic-rate","shock-multiplier","recovery-rate","fatigue-threshold","fatigue-saturation","fatigue-intensity","cost-decay-rate","fatigue-enabled?","controlled-variance?","selective-identity-pull","human-update-rate","ai-influence-radius","ai-tie-strength-multiplier","ai-noise-multiplier","human-noise-multiplier","coordination-regime","ai-regime-bias-mean","ai-proportion","human-regime-bias-mean","[step]","recovery-time","max-deviation","heading-variance","diversity-index","human-heading-variance","ai-heading-variance","human-diversity-index","ai-diversity-index","mean-cumulative-cost","human-mean-cost","ai-mean-cost","human-ai-cost-ratio","mean-alignment-work","human-mean-alignment-work","ai-mean-alignment-work","human-ai-work-ratio","cost-gini","max-fatigue-level","human-max-fatigue","ai-max-fatigue","mean-fatigue-level","human-mean-fatigue","ai-mean-fatigue","agents-fatigued","initial-coupling-bias-variance","num-humans","num-ais","mean-regime-bias","human-mean-regime-bias","ai-mean-regime-bias","regime-bias-variance"
"8","100","0.4","0.35","144","5","single","60","0.2","0.5","0.1","1","0.05","500","2000","0.5","0.01","true","false","all","5","8","1.5","0.3","1","mixed","0.8","0","0","3000","0","13.683189570225224","81.50638557453846","0.4528132531918803","81.50638557453846","0","0.4528132531918803","0","10.988967719212077","10.988967719212077","0","0","1143.463277101265","1143.463277101265","0","0","0.07486833450738817","0","0","0","0","0","0","0","0.08694194435738328","100","0","0.047063384176295554","0.047063384176295554","0","0.006510135580090089"
"4","100","0.4","0.35","144","5","single","60","0.2","0.5","0.1","1","0.05","500","2000","0.5","0.01","true","false","all","5","8","1.5","0.3","1","mixed","0.8","0","0","3000","0","12.12248029536228","82.54805448574164","0.45860030269856467","82.54805448574164","0","0.45860030269856467","0","11.315456791116212","11.315456791116212","0","0","1032.474366221335","1032.474366221335","0","0","0.08278833620575177","0","0","0","0","0","0","0","0.09213955507229027","100","0","0.06305580454185604","0.06305580454185604","0","0.0066979930466486105"
"7","100","0.4","0.35","144","5","single","60","0.2","0.5","0.1","1","0.05","500","2000","0.5","0.01","true","false","all","5","8","1.5","0.3","1","mixed","0.8","0","0","3000","6","21.01418142249051","74.14567204580327","0.4119204002544626","74.14567204580327","0","0.4119204002544626","0","11.630649168867544","11.630649168867544","0","0","1276.6468072197715","1276.6468072197715","0","0","0.09888660314800668","0","0","0","0","0","0","0","0.07342690517387301","100","0","0.07056727398569058","0.07056727398569058","0","0.009564547252164499"
"2","100","0.4","0.35","144","5","single","60","0.2","0.5","0.1","1","0.05","500","2000","0.5","0.01","true","false","all","5","8","1.5","0.3","1","mixed","0.8","0","0","3000","0","12.974458065843336","89.10861585727365","0.4950478658737425","89.10861585727365","0","0.4950478658737425","0","11.216313334651131","11.216313334651131","0","0","1067.8871068806775","1067.8871068806775","0","0","0.09142575862852742","0","0","0","0","0","0","0","0.08366383178825355","100","0","0.05085050993556753","0.05085050993556753","0","0.006235341274366846"
"1","100","0.4","0.35","144","5","single","60","0.2","0.5","0.1","1","0.05","500","2000","0.5","0.01","true","false","all","5","8","1.5","0.3","1","mixed","0.8","0","0","3000","71","20.497600473542576","79.45849766424607","0.44143609813470036","79.45849766424607","0","0.44143609813470036","0","11.135765810506332","11.135765810506332","0","0","1056.939362136226","1056.939362136226","0","0","0.07956886598590995","0","0","0","0","0","0","0","0.08425560008601754","100","0","0.05261935300085784","0.05261935300085784","0","0.007051258757249602"
"5","100","0.4","0.35","144","5","single","60","0.2","0.5","0.1","1","0.05","500","2000","0.5","0.01","true","false","all","5","8","1.5","0.3","1","mixed","0.8","0","0","3000","0","8.734871211752633","83.50616992779916","0.4639231662655509","83.50616992779916","0","0.4639231662655509","0","10.981597125128763","10.981597125128763","0","0","888.278797446797","888.278797446797","0","0","0.07908501339991858","0","0","0","0","0","0","0","0.07455387406164998","100","0","0.06756923883707865","0.06756923883707865","0","0.007093359412135013"
"3","100","0.4","0.35","144","5","single","60","0.2","0.5","0.1","1","0.05","500","2000","0.5","0.01","true","false","all","5","8","1.5","0.3","1","mixed","0.8","0","0","3000","31","9.842310275474887","92.92002689194898","0.5162223716219387","92.92002689194898","0","0.5162223716219387","0","11.245931938985274","11.245931938985274","0","0","972.6040640072221","972.6040640072221","0","0","0.07622599693750698","0","0","0","0","0","0","0","0.08569879647915142","100","0","0.06907780912988616","0.06907780912988616","0","0.00913757109195878"
"6","100","0.4","0.35","144","5","single","60","0.2","0.5","0.1","1","0.05","500","2000","0.5","0.01","true","false","all","5","8","1.5","0.3","1","mixed","0.8","0","0","3000","96","26.55502697034231","74.9503335001145","0.4163907416673028","74.9503335001145","0","0.4163907416673028","0","11.443287193889093","11.443287193889093","0","0","1213.7046445022152","1213.7046445022152","0","0","0.09684526878958755","0","0","0","0","0","0","0","0.09192095803965415","100","0","0.04925004555894967","0.04925004555894967","0","0.005940827227319316"
"10","100","0.4","0.35","144","5","single","60","0.2","0.5","0.1","1","0.05","500","2000","0.5","0.01","true","false","all","5","8","1.5","0.3","1","mixed","0.8","0","0","3000","11","16.951989369404515","99.76451084721792","0.554247282484544","99.76451084721792","0","0.554247282484544","0","11.326470010819142","11.326470010819142","0","0","1077.2557869886607","1077.2557869886607","0","0","0.09784067416821784","0","0","0","0","0","0","0","0.07674718798253816","100","0","0.06060932157971019","0.06060932157971019","0","0.007257085821342646"
"14","100","0.4","0.35","144","5","single","60","0.2","0.5","0.1","1","0.05","500","2000","0.5","0.01","true","false","all","5","8","1.5","0.3","1","mixed","0.8","0","0","3000","0","13.956536164666275","99.07693761237164","0.5504274311798424","99.07693761237164","0","0.5504274311798424","0","11.620850777714333","11.620850777714333","0","0","1255.6147707841008","1255.6147707841008","0","0","0.10337304593271046","0","0","0","0","0","0","0","0.08324389506617247","100","0","0.06957526002673921","0.06957526002673921","0","0.00771122643476038"
"16","100","0.4","0.35","144","5","single","60","0.2","0.5","0.1","1","0.05","500","2000","0.5","0.01","true","false","all","5","8","1.5","0.3","1","mixed","0.8","0","0","3000","0","16.719673488096078","87.38394509760552","0.485466361653364","87.38394509760552","0","0.485466361653364","0","11.784914688276444","11.784914688276444","0","0","1240.427920763532","1240.427920763532","0","0","0.11742864899364225","0","0","0","0","0","0","0","0.08077180476923444","100","0","0.05730845533721549","0.05730845533721549","0","0.007732780246791778"
"9","100","0.4","0.35","144","5","single","60","0.2","0.5","0.1","1","0.05","500","2000","0.5","0.01","true","false","all","5","8","1.5","0.3","1","mixed","0.8","0","0","3000","0","10.490786268443898","81.80217808810225","0.4544565449339014","81.80217808810225","0","0.4544565449339014","0","11.136225644485386","11.136225644485386","0","0","1077.4628551735195","1077.4628551735195","0","0","0.08286247762890842","0","0","0","0","0","0","0","0.08457080858788396","100","0","0.06886074646557465","0.06886074646557465","0","0.008161399978332097"
"11","100","0.4","0.35","144","5","single","60","0.2","0.5","0.1","1","0.05","500","2000","0.5","0.01","true","false","all","5","8","1.5","0.3","1","mixed","0.8","0","0","3000","0","15.756643514252715","104.21687064651502","0.5789826147028612","104.21687064651502","0","0.5789826147028612","0","11.35615507088995","11.35615507088995","0","0","1146.585199942722","1146.585199942722","0","0","0.08295454323592888","0","0","0","0","0","0","0","0.0764419068316659","100","0","0.056345182097617234","0.056345182097617234","0","0.006540106022472058"
"15","100","0.4","0.35","144","5","single","60","0.2","0.5","0.1","1","0.05","500","2000","0.5","0.01","true","false","all","5","8","1.5","0.3","1","mixed","0.8","0","0","3000","171","16.70380448110393","85.6425227630241","0.4757917931279117","85.6425227630241","0","0.4757917931279117","0","11.088433835607107","11.088433835607107","0","0","910.5414176938154","910.5414176938154","0","0","0.07881576385666955","0","0","0","0","0","0","0","0.07496595206891833","100","0","0.0592190217162333","0.0592190217162333","0","0.006911563700436999"
"13","100","0.4","0.35","144","5","single","60","0.2","0.5","0.1","1","0.05","500","2000","0.5","0.01","true","false","all","5","8","1.5","0.3","1","mixed","0.8","0","0","3000","1231","16.125146254737587","77.63179722610461","0.4312877623672478","77.63179722610461","0","0.4312877623672478","0","11.218769857042602","11.218769857042602","0","0","865.8009859804945","865.8009859804945","0","0","0.08469380582617192","0","0","0","0","0","0","0","0.09025108320456818","100","0","0.045796277981686756","0.045796277981686756","0","0.005363570425882552"
"12","100","0.4","0.35","144","5","single","60","0.2","0.5","0.1","1","0.05","500","2000","0.5","0.01","true","false","all","5","8","1.5","0.3","1","mixed","0.8","0","0","3000","401","17.922700962389428","83.78403662494607","0.4654668701385893","83.78403662494607","0","0.4654668701385893","0","11.444414939826562","11.444414939826562","0","0","1171.2239383771903","1171.2239383771903","0","0","0.09276491197145553","0","0","0","0","0","0","0","0.06595660834768498","100","0","0.053168645303301815","0.053168645303301815","0","0.006299440243689344"
"20","100","0.4","0.35","144","5","single","60","0.2","0.5","0.1","1","0.05","500","2000","0.5","0.01","true","false","all","5","8","1.5","0.3","1","mixed","0.8","0","0","3000","0","14.28584464272673","105.792476984535","0.5877359832474167","105.792476984535","0","0.5877359832474167","0","10.889298854605972","10.889298854605972","0","0","990.2722236205675","990.2722236205675","0","0","0.07490270126949006","0","0","0","0","0","0","0","0.08475945777005556","100","0","0.04545154225086739","0.04545154225086739","0","0.005507004950596593"
"19","100","0.4","0.35","144","5","single","60","0.2","0.5","0.1","1","0.05","500","2000","0.5","0.01","true","false","all","5","8","1.5","0.3","1","mixed","0.8","0","0","3000","751","18.857548376466184","77.96636678100135","0.43314648211667417","77.96636678100135","0","0.43314648211667417","0","11.028317064912951","11.028317064912951","0","0","842.1584766238032","842.1584766238032","0","0","0.07218176802087761","0","0","0","0","0","0","0","0.07102094115683369","100","0","0.062157954070684085","0.062157954070684085","0","0.005455432173995493"
"17","100","0.4","0.35","144","5","single","60","0.2","0.5","0.1","1","0.05","500","2000","0.5","0.01","true","false","all","5","8","1.5","0.3","1","mixed","0.8","0","0","3000","16","15.897045941024558","99.28912742504954","0.5516062634724974","99.28912742504954","0","0.5516062634724974","0","11.015355009370737","11.015355009370737","0","0","1059.53413608489","1059.53413608489","0","0","0.08506772472250002","0","0","0","0","0","0","0","0.0908366667052614","100","0","0.05418444946798599","0.05418444946798599","0","0.008090805430491378"
"22","100","0.4","0.35","144","5","single","60","0.2","0.5","0.1","1","0.05","500","2000","0.5","0.01","true","false","all","5","8","1.5","0.3","1","mixed","0.8","0","0","3000","251","21.31708558518085","96.22782361113654","0.5345990200618697","96.22782361113654","0","0.5345990200618697","0","11.380914390248293","11.380914390248293","0","0","1095.2161604623925","1095.2161604623925","0","0","0.088010931663558","0","0","0","0","0","0","0","0.09121180102645494","100","0","0.05748158614505642","0.05748158614505642","0","0.0073950524292461725"
"23","100","0.4","0.35","144","5","single","60","0.2","0.5","0.1","1","0.05","500","2000","0.5","0.01","true","false","all","5","8","1.5","0.3","1","mixed","0.8","0","0","3000","0","9.182805634103943","86.72543653297672","0.4818079807387595","86.72543653297672","0","0.4818079807387595","0","11.41329992234309","11.41329992234309","0","0","1150.0116007920738","1150.0116007920738","0","0","0.0785457965885481","0","0","0","0","0","0","0","0.10448241300427472","100","0","0.0719529366438071","0.0719529366438071","0","0.010438040676278394"
"24","100","0.4","0.35","144","5","single","60","0.2","0.5","0.1","1","0.05","500","2000","0.5","0.01","true","false","all","5","8","1.5","0.3","1","mixed","0.8","0","0","3000","46","18.51212431387262","75.0014675310229","0.41667481961679387","75.0014675310229","0","0.41667481961679387","0","11.356997882606159","11.356997882606159","0","0","1201.0464779707183","1201.0464779707183","0","0","0.09491817334546737","0","0","0","0","0","0","0","0.08020333180526332","100","0","0.0568339864357986","0.0568339864357986","0","0.007071760870220921"
"18","100","0.4","0.35","144","5","single","60","0.2","0.5","0.1","1","0.05","500","2000","0.5","0.01","true","false","all","5","8","1.5","0.3","1","mixed","0.8","0","0","3000","0","9.70610835495846","88.68691186460957","0.4927050659144976","88.68691186460957","0","0.4927050659144976","0","11.12229374718654","11.12229374718654","0","0","1066.3868164340095","1066.3868164340095","0","0","0.08622420083365645","0","0","0","0","0","0","0","0.05836111272189108","100","0","0.05191218864952554","0.05191218864952554","0","0.005617224450836206"
"21","100","0.4","0.35","144","5","single","60","0.2","0.5","0.1","1","0.05","500","2000","0.5","0.01","true","false","all","5","8","1.5","0.3","1","mixed","0.8","0","0","3000","6","13.868736968806132","96.46628292329206","0.5359237940182892","96.46628292329206","0","0.5359237940182892","0","11.09722137947726","11.09722137947726","0","0","1149.9574457940346","1149.9574457940346","0","0","0.07973128743794655","0","0","0","0","0","0","0","0.07671127065102423","100","0","0.06546583906157988","0.06546583906157988","0","0.00832262721155457"
"27","100","0.4","0.35","144","5","single","60","0.2","0.5","0.1","1","0.05","500","2000","0.5","0.01","true","false","all","5","8","1.5","0.3","1","mixed","0.8","0","0","3000","0","10.416951300019122","82.57931938542806","0.4587739965857115","82.57931938542806","0","0.4587739965857115","0","11.29366838413831","11.29366838413831","0","0","1196.953052039641","1196.953052039641","0","0","0.07822352468520166","0","0","0","0","0","0","0","0.0909867212892946","100","0","0.05983757497296061","0.05983757497296061","0","0.007849132967215023"
"25","100","0.4","0.35","144","5","single","60","0.2","0.5","0.1","1","0.05","500","2000","0.5","0.01","true","false","all","5","8","1.5","0.3","1","mixed","0.8","0","0","3000","66","15.156495955968253","85.78786771314533","0.47659926507302963","85.78786771314533","0","0.47659926507302963","0","11.310647976412529","11.310647976412529","0","0","1038.8141466249942","1038.8141466249942","0","0","0.09054956288114191","0","0","0","0","0","0","0","0.07696571880169191","100","0","0.06158269825497457","0.06158269825497457","0","0.006167663347482233"
"26","100","0.4","0.35","144","5","single","60","0.2","0.5","0.1","1","0.05","500","2000","0.5","0.01","true","false","all","5","8","1.5","0.3","1","mixed","0.8","0","0","3000","96","13.738968806694217","92.47008951290717","0.5137227195161509","92.47008951290717","0","0.5137227195161509","0","11.299424012569743","11.299424012569743","0","0","983.5536117474483","983.5536117474483","0","0","0.09479173185571343","0","0","0","0","0","0","0","0.0887788398100656","100","0","0.06278493179755283","0.06278493179755283","0","0.007364024809043312"
"28","100","0.4","0.35","144","5","single","60","0.2","0.5","0.1","1","0.05","500","2000","0.5","0.01","true","false","all","5","8","1.5","0.3","1","mixed","0.8","0","0","3000","346","19.56429649407113","79.05709085192271","0.4392060602884595","79.05709085192271","0","0.4392060602884595","0","11.322209492219331","11.322209492219331","0","0","1151.0727508471302","1151.0727508471302","0","0","0.09621281098435852","0","0","0","0","0","0","0","0.09026031907475368","100","0","0.06495391692931082","0.06495391692931082","0","0.00972232598949924"
"29","100","0.4","0.35","144","5","single","60","0.2","0.5","0.1","1","0.05","500","2000","0.5","0.01","true","false","all","5","8","1.5","0.3","1","mixed","0.8","0","0","3000","101","12.250228991983647","92.94765710524958","0.5163758728069421","92.94765710524958","0","0.5163758728069421","0","11.610473056721773","11.610473056721773","0","0","1251.2695411459777","1251.2695411459777","0","0","0.1028564587680374","0","0","0","0","0","0","0","0.08538402216287586","100","0","0.05840162104717442","0.05840162104717442","0","0.007736071328508639"
"31","100","0.4","0.35","144","5","single","60","0.2","0.5","0.1","1","0.05","500","2000","0.5","0.01","true","false","all","5","8","1.5","0.3","1","mixed","0.8","0","0.25","3000","401","21.44084331926861","88.95577083935359","0.4941987268852977","88.95577083935359","0","0.4941987268852977","0","11.278385819114128","11.278385819114128","0","0","1071.518991385896","1071.518991385896","0","0","0.09603202409226097","0","0","0","0","0","0","0","0.08983010028225401","100","0","0.25094771655963594","0.25094771655963594","0","0.018830943638248266"
"30","100","0.4","0.35","144","5","single","60","0.2","0.5","0.1","1","0.05","500","2000","0.5","0.01","true","false","all","5","8","1.5","0.3","1","mixed","0.8","0","0","3000","321","21.883307298532344","95.43456356794975","0.5301920198219431","95.43456356794975","0","0.5301920198219431","0","11.550220836670684","11.550220836670684","0","0","1244.057320013079","1244.057320013079","0","0","0.08892037458026159","0","0","0","0","0","0","0","0.07519570599954722","100","0","0.07342584426827448","0.07342584426827448","0","0.009201530509278676"
"32","100","0.4","0.35","144","5","single","60","0.2","0.5","0.1","1","0.05","500","2000","0.5","0.01","true","false","all","5","8","1.5","0.3","1","mixed","0.8","0","0.25","3000","266","24.81135101324348","106.76402206901366","0.5931334559389648","106.76402206901366","0","0.5931334559389648","0","11.71383551143005","11.71383551143005","0","0","1435.7229218925452","1435.7229218925452","0","0","0.09894131627597313","0","0","0","0","0","0","0","0.08682592669052543","100","0","0.2536356413265291","0.2536356413265291","0","0.021044661656402383"
"37","100","0.4","0.35","144","5","single","60","0.2","0.5","0.1","1","0.05","500","2000","0.5","0.01","true","false","all","5","8","1.5","0.3","1","mixed","0.8","0","0.25","3000","0","11.730197880720766","98.8255489617584","0.5490308275653244","98.8255489617584","0","0.5490308275653244","0","11.57410283261444","11.57410283261444","0","0","1303.4515274560436","1303.4515274560436","0","0","0.08927806456625231","0","0","0","0","0","0","0","0.07969512727071315","100","0","0.2748620431785636","0.2748620431785636","0","0.021424670186419952"
"34","100","0.4","0.35","144","5","single","60","0.2","0.5","0.1","1","0.05","500","2000","0.5","0.01","true","false","all","5","8","1.5","0.3","1","mixed","0.8","0","0.25","3000","0","18.923584521405786","92.33790814259861","0.5129883785699922","92.33790814259861","0","0.5129883785699922","0","11.656837047864423","11.656837047864423","0","0","1386.2827481934153","1386.2827481934153","0","0","0.10173784408285891","0","0","0","0","0","0","0","0.07959195683203642","100","0","0.26193065728553416","0.26193065728553416","0","0.017401920987235333"
"36","100","0.4","0.35","144","5","single","60","0.2","0.5","0.1","1","0.05","500","2000","0.5","0.01","true","false","all","5","8","1.5","0.3","1","mixed","0.8","0","0.25","3000","171","17.401202962105515","69.2489686891801","0.3847164927176672","69.2489686891801","0","0.3847164927176672","0","11.038031730322885","11.038031730322885","0","0","1110.6004378940704","1110.6004378940704","0","0","0.08252315272080057","0","0","0","0","0","0","0","0.0869244912719977","100","0","0.24193368312166202","0.24193368312166202","0","0.02177502592162509"
"33","100","0.4","0.35","144","5","single","60","0.2","0.5","0.1","1","0.05","500","2000","0.5","0.01","true","false","all","5","8","1.5","0.3","1","mixed","0.8","0","0.25","3000","381","24.327315679854635","108.49333270055287","0.6027407372252938","108.49333270055287","0","0.6027407372252938","0","11.429042723395959","11.429042723395959","0","0","1288.231699591805","1288.231699591805","0","0","0.09906330095297222","0","0","0","0","0","0","0","0.08360183240305062","100","0","0.24680083743595635","0.24680083743595635","0","0.022876214247630113"
"35","100","0.4","0.35","144","5","single","60","0.2","0.5","0.1","1","0.05","500","2000","0.5","0.01","true","false","all","5","8","1.5","0.3","1","mixed","0.8","0","0.25","3000","0","13.101395047112376","81.06961055739654","0.4503867253188697","81.06961055739654","0","0.4503867253188697","0","11.490782389513688","11.490782389513688","0","0","1242.8588561117049","1242.8588561117049","0","0","0.09320868476015942","0","0","0","0","0","0","0","0.08061697492148887","100","0","0.2667037909307144","0.2667037909307144","0","0.0195825972114224"
"38","100","0.4","0.35","144","5","single","60","0.2","0.5","0.1","1","0.05","500","2000","0.5","0.01","true","false","all","5","8","1.5","0.3","1","mixed","0.8","0","0.25","3000","116","24.654216680353258","59.24733335979486","0.3291518519988603","59.24733335979486","0","0.3291518519988603","0","11.25114644516285","11.25114644516285","0","0","1300.7213329452638","1300.7213329452638","0","0","0.08633985653466358","0","0","0","0","0","0","0","0.08874082982445464","100","0","0.24369113884099222","0.24369113884099222","0","0.01914839014152379"
"39","100","0.4","0.35","144","5","single","60","0.2","0.5","0.1","1","0.05","500","2000","0.5","0.01","true","false","all","5","8","1.5","0.3","1","mixed","0.8","0","0.25","3000","2171","18.047380739327778","87.75907707028905","0.4875504281682725","87.75907707028905","0","0.4875504281682725","0","71.24607847730852","71.24607847730852","0","0","916.8820413554303","916.8820413554303","0","0","0.0330710332876647","0","0","0","0","0","0","0","0.0786214540679647","100","0","0.2625537700535203","0.2625537700535203","0","0.023268477055065462"
"40","100","0.4","0.35","144","5","single","60","0.2","0.5","0.1","1","0.05","500","2000","0.5","0.01","true","false","all","5","8","1.5","0.3","1","mixed","0.8","0","0.25","3000","796","19.62752078065077","76.15551148310867","0.4230861749061593","76.15551148310867","0","0.4230861749061593","0","11.567358274028336","11.567358274028336","0","0","1025.621586623861","1025.621586623861","0","0","0.09443286366626302","0","0","0","0","0","0","0","0.07727539052966192","100","0","0.25023535034736355","0.25023535034736355","0","0.019303242463035317"
"42","100","0.4","0.35","144","5","single","60","0.2","0.5","0.1","1","0.05","500","2000","0.5","0.01","true","false","all","5","8","1.5","0.3","1","mixed","0.8","0","0.25","3000","581","24.320394077102293","103.53097396815336","0.575172077600852","103.53097396815336","0","0.575172077600852","0","11.22822927692182","11.22822927692182","0","0","1139.0962160771817","1139.0962160771817","0","0","0.0871538434224639","0","0","0","0","0","0","0","0.08698379676794314","100","0","0.2533738070470941","0.2533738070470941","0","0.02762370881651574"
"44","100","0.4","0.35","144","5","single","60","0.2","0.5","0.1","1","0.05","500","2000","0.5","0.01","true","false","all","5","8","1.5","0.3","1","mixed","0.8","0","0.25","3000","0","12.557195267794256","79.4625275924579","0.4414584866247661","79.4625275924579","0","0.4414584866247661","0","11.804523040221186","11.804523040221186","0","0","1307.631069617186","1307.631069617186","0","0","0.11606412496576879","0","0","0","0","0","0","0","0.09124981581100888","100","0","0.24671981063702306","0.24671981063702306","0","0.016144485299309164"
"45","100","0.4","0.35","144","5","single","60","0.2","0.5","0.1","1","0.05","500","2000","0.5","0.01","true","false","all","5","8","1.5","0.3","1","mixed","0.8","0","0.25","3000","71","11.885504828656565","101.78233507981994","0.5654574171101108","101.78233507981994","0","0.5654574171101108","0","11.727244218916255","11.727244218916255","0","0","1235.8331272631372","1235.8331272631372","0","0","0.10838579244859892","0","0","0","0","0","0","0","0.08883172499204352","100","0","0.23876382084437067","0.23876382084437067","0","0.022888199045974854"
"46","100","0.4","0.35","144","5","single","60","0.2","0.5","0.1","1","0.05","500","2000","0.5","0.01","true","false","all","5","8","1.5","0.3","1","mixed","0.8","0","0.25","3000","0","11.005299475654652","79.34911043034103","0.4408283912796724","79.34911043034103","0","0.4408283912796724","0","11.651909883705565","11.651909883705565","0","0","1388.763810008991","1388.763810008991","0","0","0.10487722955674994","0","0","0","0","0","0","0","0.09123189417574838","100","0","0.2719765323631419","0.2719765323631419","0","0.018028429518415774"
"43","100","0.4","0.35","144","5","single","60","0.2","0.5","0.1","1","0.05","500","2000","0.5","0.01","true","false","all","5","8","1.5","0.3","1","mixed","0.8","0","0.25","3000","0","11.927029984387616","78.7222859833851","0.4373460332410284","78.7222859833851","0","0.4373460332410284","0","11.318978452693843","11.318978452693843","0","0","1112.0683486713635","1112.0683486713635","0","0","0.09703423677302259","0","0","0","0","0","0","0","0.07372604202584228","100","0","0.23775390351749517","0.23775390351749517","0","0.017300818385179054"
"41","100","0.4","0.35","144","5","single","60","0.2","0.5","0.1","1","0.05","500","2000","0.5","0.01","true","false","all","5","8","1.5","0.3","1","mixed","0.8","0","0.25","3000","0","14.579145214956881","76.53576286697796","0.42519868259432203","76.53576286697796","0","0.42519868259432203","0","11.272555695033587","11.272555695033587","0","0","1113.5557869244485","1113.5557869244485","0","0","0.09173358958530753","0","0","0","0","0","0","0","0.08598934435780398","100","0","0.2670429732210662","0.2670429732210662","0","0.024127926968785757"
"47","100","0.4","0.35","144","5","single","60","0.2","0.5","0.1","1","0.05","500","2000","0.5","0.01","true","false","all","5","8","1.5","0.3","1","mixed","0.8","0","0.25","3000","331","24.790686988126424","85.15238945455853","0.4730688303031029","85.15238945455853","0","0.4730688303031029","0","11.436069085676088","11.436069085676088","0","0","1161.3607958205616","1161.3607958205616","0","0","0.08908049596413403","0","0","0","0","0","0","0","0.07533827573370759","100","0","0.2722159695305935","0.2722159695305935","0","0.024376532767771165"
"48","100","0.4","0.35","144","5","single","60","0.2","0.5","0.1","1","0.05","500","2000","0.5","0.01","true","false","all","5","8","1.5","0.3","1","mixed","0.8","0","0.25","3000","731","20.062238544541046","74.61907111195416","0.414550395066412","74.61907111195416","0","0.414550395066412","0","11.460485542160848","11.460485542160848","0","0","1148.441410693778","1148.441410693778","0","0","0.09641259504878397","0","0","0","0","0","0","0","0.08463721451671066","100","0","0.2577066520257338","0.2577066520257338","0","0.022140138273256685"
"49","100","0.4","0.35","144","5","single","60","0.2","0.5","0.1","1","0.05","500","2000","0.5","0.01","true","false","all","5","8","1.5","0.3","1","mixed","0.8","0","0.25","3000","221","18.155480353632527","96.73061870630065","0.5373923261461147","96.73061870630065","0","0.5373923261461147","0","11.476734301235055","11.476734301235055","0","0","1197.6716458484184","1197.6716458484184","0","0","0.10883959642487451","0","0","0","0","0","0","0","0.08814268661197683","100","0","0.21290852089084045","0.21290852089084045","0","0.019449088654716208"
"50","100","0.4","0.35","144","5","single","60","0.2","0.5","0.1","1","0.05","500","2000","0.5","0.01","true","false","all","5","8","1.5","0.3","1","mixed","0.8","0","0.25","3000","11","19.914021823242948","68.38383744527565","0.37991020802930914","68.38383744527565","0","0.37991020802930914","0","11.714113000169789","11.714113000169789","0","0","1339.6715367815036","1339.6715367815036","0","0","0.09077445002501472","0","0","0","0","0","0","0","0.08867309352074491","100","0","0.24481362897991846","0.24481362897991846","0","0.016903152127496573"
"52","100","0.4","0.35","144","5","single","60","0.2","0.5","0.1","1","0.05","500","2000","0.5","0.01","true","false","all","5","8","1.5","0.3","1","mixed","0.8","0","0.25","3000","371","12.087966346253197","78.09919279049137","0.43388440439161874","78.09919279049137","0","0.43388440439161874","0","11.46019085087945","11.46019085087945","0","0","1181.3060302057536","1181.3060302057536","0","0","0.10254734053002457","0","0","0","0","0","0","0","0.08147075923651549","100","0","0.23086008771673253","0.23086008771673253","0","0.02009105268097291"
"53","100","0.4","0.35","144","5","single","60","0.2","0.5","0.1","1","0.05","500","2000","0.5","0.01","true","false","all","5","8","1.5","0.3","1","mixed","0.8","0","0.25","3000","0","15.169189886908327","91.43096717566569","0.5079498176425872","91.43096717566569","0","0.5079498176425872","0","11.22686407590761","11.22686407590761","0","0","1108.0133174681841","1108.0133174681841","0","0","0.08772655213257052","0","0","0","0","0","0","0","0.08441959474329991","100","0","0.2573956072562103","0.2573956072562103","0","0.02270805607128725"
"51","100","0.4","0.35","144","5","single","60","0.2","0.5","0.1","1","0.05","500","2000","0.5","0.01","true","false","all","5","8","1.5","0.3","1","mixed","0.8","0","0.25","3000","61","20.502903780863434","67.05573899921195","0.3725318833289553","67.05573899921195","0","0.3725318833289553","0","11.404594424972956","11.404594424972956","0","0","1308.5078956087368","1308.5078956087368","0","0","0.08897827967957883","0","0","0","0","0","0","0","0.0746206014509596","100","0","0.25275848885366387","0.25275848885366387","0","0.0206530230901877"
"55","100","0.4","0.35","144","5","single","60","0.2","0.5","0.1","1","0.05","500","2000","0.5","0.01","true","false","all","5","8","1.5","0.3","1","mixed","0.8","0","0.25","3000","0","24.272930716310086","93.4870848807435","0.5193726937819083","93.4870848807435","0","0.5193726937819083","0","11.5407576599873","11.5407576599873","0","0","1279.0048797274414","1279.0048797274414","0","0","0.09992945150941246","0","0","0","0","0","0","0","0.08444655792065542","100","0","0.24442343331868802","0.24442343331868802","0","0.018285769021851122"
"54","100","0.4","0.35","144","5","single","60","0.2","0.5","0.1","1","0.05","500","2000","0.5","0.01","true","false","all","5","8","1.5","0.3","1","mixed","0.8","0","0.25","3000","441","26.733213191019416","105.3634449200922","0.5853524717782901","105.3634449200922","0","0.5853524717782901","0","11.091060687615332","11.091060687615332","0","0","925.7087072390584","925.7087072390584","0","0","0.0920281303324133","0","0","0","0","0","0","0","0.08872587523397504","100","0","0.2446438803831626","0.2446438803831626","0","0.01861623346079353"
"56","100","0.4","0.35","144","5","single","60","0.2","0.5","0.1","1","0.05","500","2000","0.5","0.01","true","false","all","5","8","1.5","0.3","1","mixed","0.8","0","0.25","3000","0","8.859402467253275","94.62910168115057","0.5257172315619476","94.62910168115057","0","0.5257172315619476","0","11.358009810846339","11.358009810846339","0","0","1346.4778060077726","1346.4778060077726","0","0","0.08998342999576292","0","0","0","0","0","0","0","0.08443366545649264","100","0","0.2585997700813476","0.2585997700813476","0","0.01889501610303513"
"57","100","0.4","0.35","144","5","single","60","0.2","0.5","0.1","1","0.05","500","2000","0.5","0.01","true","false","all","5","8","1.5","0.3","1","mixed","0.8","0","0.25","3000","0","9.761632518634968","84.3192636957194","0.4684403538651078","84.3192636957194","0","0.4684403538651078","0","11.370791078609972","11.370791078609972","0","0","1246.6598133505329","1246.6598133505329","0","0","0.09979630278812146","0","0","0","0","0","0","0","0.08179569377403907","100","0","0.23437813960096832","0.23437813960096832","0","0.019412723628516416"
"59","100","0.4","0.35","144","5","single","60","0.2","0.5","0.1","1","0.05","500","2000","0.5","0.01","true","false","all","5","8","1.5","0.3","1","mixed","0.8","0","0.25","3000","216","18.47284430185917","82.2425600781092","0.4569031115450511","82.2425600781092","0","0.4569031115450511","0","11.60390765840597","11.60390765840597","0","0","1203.2835412792654","1203.2835412792654","0","0","0.10052107654126519","0","0","0","0","0","0","0","0.06924263298667703","100","0","0.24618256066590224","0.24618256066590224","0","0.02322506466602436"
"58","100","0.4","0.35","144","5","single","60","0.2","0.5","0.1","1","0.05","500","2000","0.5","0.01","true","false","all","5","8","1.5","0.3","1","mixed","0.8","0","0.25","3000","0","28.957955510731864","103.4854602652378","0.5749192236957655","103.4854602652378","0","0.5749192236957655","0","11.748924754628018","11.748924754628018","0","0","1221.1549931337336","1221.1549931337336","0","0","0.11608581386395711","0","0","0","0","0","0","0","0.07794888791892428","100","0","0.2733022612669686","0.2733022612669686","0","0.021468917475820297"
"61","100","0.4","0.35","144","5","single","60","0.2","0.5","0.1","1","0.05","500","2000","0.5","0.01","true","false","all","5","8","1.5","0.3","1","mixed","0.8","0","0.5","3000","196","23.331692322278457","50.06162497085383","0.2781201387269657","50.06162497085383","0","0.2781201387269657","0","10.678049258366418","10.678049258366418","0","0","1058.4723388646098","1058.4723388646098","0","0","0.07131435431062161","0","0","0","0","0","0","0","0.08084995826824669","100","0","0.5047674473264208","0.5047674473264208","0","0.023065781094027328"
"60","100","0.4","0.35","144","5","single","60","0.2","0.5","0.1","1","0.05","500","2000","0.5","0.01","true","false","all","5","8","1.5","0.3","1","mixed","0.8","0","0.25","3000","0","17.235014776339483","80.60938683057363","0.4478299268365201","80.60938683057363","0","0.4478299268365201","0","11.606611103518862","11.606611103518862","0","0","1396.8403953611923","1396.8403953611923","0","0","0.10376625674056861","0","0","0","0","0","0","0","0.07139252230554985","100","0","0.2724954986972128","0.2724954986972128","0","0.02174713831838527"
"62","100","0.4","0.35","144","5","single","60","0.2","0.5","0.1","1","0.05","500","2000","0.5","0.01","true","false","all","5","8","1.5","0.3","1","mixed","0.8","0","0.5","3000","151","23.326410358723095","46.52459444805729","0.25846996915587384","46.52459444805729","0","0.25846996915587384","0","10.948108939952938","10.948108939952938","0","0","1196.9133972424115","1196.9133972424115","0","0","0.05355137315685621","0","0","0","0","0","0","0","0.08918000623921735","100","0","0.49798689321976686","0.49798689321976686","0","0.026062376983733405"
"63","100","0.4","0.35","144","5","single","60","0.2","0.5","0.1","1","0.05","500","2000","0.5","0.01","true","false","all","5","8","1.5","0.3","1","mixed","0.8","0","0.5","3000","6","15.817161548133853","111.11980987670437","0.617332277092802","111.11980987670437","0","0.617332277092802","0","11.057397831722149","11.057397831722149","0","0","1300.6949634136704","1300.6949634136704","0","0","0.08348411735470851","0","0","0","0","0","0","0","0.09246264292297231","100","0","0.5227544361451961","0.5227544361451961","0","0.023522106100266702"
"64","100","0.4","0.35","144","5","single","60","0.2","0.5","0.1","1","0.05","500","2000","0.5","0.01","true","false","all","5","8","1.5","0.3","1","mixed","0.8","0","0.5","3000","0","18.238684367575985","79.41509080917908","0.44119494893988376","79.41509080917908","0","0.44119494893988376","0","10.947117025204209","10.947117025204209","0","0","1181.9608458402533","1181.9608458402533","0","0","0.08189744473621396","0","0","0","0","0","0","0","0.08117258845328963","100","0","0.5244923616553322","0.5244923616553322","0","0.02211473316540033"
"65","100","0.4","0.35","144","5","single","60","0.2","0.5","0.1","1","0.05","500","2000","0.5","0.01","true","false","all","5","8","1.5","0.3","1","mixed","0.8","0","0.5","3000","0","11.87453793037949","99.09944836665774","0.5505524909258763","99.09944836665774","0","0.5505524909258763","0","11.309938058472774","11.309938058472774","0","0","1259.3413983339651","1259.3413983339651","0","0","0.08445082770897394","0","0","0","0","0","0","0","0.08139517762184728","100","0","0.48704093465977033","0.48704093465977033","0","0.01824378678725264"
"66","100","0.4","0.35","144","5","single","60","0.2","0.5","0.1","1","0.05","500","2000","0.5","0.01","true","false","all","5","8","1.5","0.3","1","mixed","0.8","0","0.5","3000","0","21.05973597487599","58.505912439671874","0.32503284688706596","58.505912439671874","0","0.32503284688706596","0","11.0424752815779","11.0424752815779","0","0","1391.3663571442946","1391.3663571442946","0","0","0.08142461371754184","0","0","0","0","0","0","0","0.08860416826891734","100","0","0.5198001904853616","0.5198001904853616","0","0.02197231588719911"
"68","100","0.4","0.35","144","5","single","60","0.2","0.5","0.1","1","0.05","500","2000","0.5","0.01","true","false","all","5","8","1.5","0.3","1","mixed","0.8","0","0.5","3000","496","31.08323100652528","121.23105014362012","0.6735058341312229","121.23105014362012","0","0.6735058341312229","0","10.972703671445199","10.972703671445199","0","0","1170.618468811779","1170.618468811779","0","0","0.0749600927148335","0","0","0","0","0","0","0","0.08013874327079583","100","0","0.5072047438748772","0.5072047438748772","0","0.023600803009799578"
"67","100","0.4","0.35","144","5","single","60","0.2","0.5","0.1","1","0.05","500","2000","0.5","0.01","true","false","all","5","8","1.5","0.3","1","mixed","0.8","0","0.5","3000","96","22.74813519188642","116.78878602364075","0.6488265890202264","116.78878602364075","0","0.6488265890202264","0","11.669555141487843","11.669555141487843","0","0","1405.233432317197","1405.233432317197","0","0","0.11990014359891354","0","0","0","0","0","0","0","0.0806761515537321","100","0","0.514097125070827","0.514097125070827","0","0.022126381317152822"
"69","100","0.4","0.35","144","5","single","60","0.2","0.5","0.1","1","0.05","500","2000","0.5","0.01","true","false","all","5","8","1.5","0.3","1","mixed","0.8","0","0.5","3000","1166","37.45014730892829","55.635197634435166","0.3090844313024176","55.635197634435166","0","0.3090844313024176","0","10.921988134957553","10.921988134957553","0","0","998.8563600390729","998.8563600390729","0","0","0.06964718139554127","0","0","0","0","0","0","0","0.08075628738243736","100","0","0.49244835770791895","0.49244835770791895","0","0.02052080674735318"
"70","100","0.4","0.35","144","5","single","60","0.2","0.5","0.1","1","0.05","500","2000","0.5","0.01","true","false","all","5","8","1.5","0.3","1","mixed","0.8","0","0.5","3000","616","28.220249049069494","61.64584227901339","0.3424769015500744","61.64584227901339","0","0.3424769015500744","0","11.588324524517603","11.588324524517603","0","0","1190.5401883407828","1190.5401883407828","0","0","0.09288494648969636","0","0","0","0","0","0","0","0.09374050009821207","100","0","0.5035507455194349","0.5035507455194349","0","0.026662325362222815"
"71","100","0.4","0.35","144","5","single","60","0.2","0.5","0.1","1","0.05","500","2000","0.5","0.01","true","false","all","5","8","1.5","0.3","1","mixed","0.8","0","0.5","3000","466","28.47318510097037","47.35827372720109","0.2631015207066727","47.35827372720109","0","0.2631015207066727","0","11.135417005336357","11.135417005336357","0","0","1274.5969644322522","1274.5969644322522","0","0","0.07873485757440735","0","0","0","0","0","0","0","0.07181805859201208","100","0","0.4937640531435731","0.4937640531435731","0","0.022760843040411396"
"73","100","0.4","0.35","144","5","single","60","0.2","0.5","0.1","1","0.05","500","2000","0.5","0.01","true","false","all","5","8","1.5","0.3","1","mixed","0.8","0","0.5","3000","376","19.230927113117872","110.94758595937506","0.6163754775520837","110.94758595937506","0","0.6163754775520837","0","11.305859170030546","11.305859170030546","0","0","1283.4115925646372","1283.4115925646372","0","0","0.09153764240257178","0","0","0","0","0","0","0","0.09786503328190024","100","0","0.5145164554027594","0.5145164554027594","0","0.02233902033125158"
"72","100","0.4","0.35","144","5","single","60","0.2","0.5","0.1","1","0.05","500","2000","0.5","0.01","true","false","all","5","8","1.5","0.3","1","mixed","0.8","0","0.5","3000","606","42.2316782590042","59.400324022023405","0.33000180012235225","59.400324022023405","0","0.33000180012235225","0","11.445646750334843","11.445646750334843","0","0","1306.4847380290894","1306.4847380290894","0","0","0.09092429195932183","0","0","0","0","0","0","0","0.08948755278372535","100","0","0.4849525397639981","0.4849525397639981","0","0.02092766534235434"
"74","100","0.4","0.35","144","5","single","60","0.2","0.5","0.1","1","0.05","500","2000","0.5","0.01","true","false","all","5","8","1.5","0.3","1","mixed","0.8","0","0.5","3000","0","14.93115744892107","92.4108337247313","0.5133935206929517","92.4108337247313","0","0.5133935206929517","0","10.820935088552067","10.820935088552067","0","0","1211.8036133086673","1211.8036133086673","0","0","0.06687257798787671","0","0","0","0","0","0","0","0.08075296661272212","100","0","0.48859048421459855","0.48859048421459855","0","0.019875223663665068"
"75","100","0.4","0.35","144","5","single","60","0.2","0.5","0.1","1","0.05","500","2000","0.5","0.01","true","false","all","5","8","1.5","0.3","1","mixed","0.8","0","0.5","3000","841","27.480066602716562","107.00896671400477","0.5944942595222488","107.00896671400477","0","0.5944942595222488","0","11.002266324610268","11.002266324610268","0","0","1052.4131813071485","1052.4131813071485","0","0","0.08972774162265607","0","0","0","0","0","0","0","0.08466458452553167","100","0","0.5094200937842603","0.5094200937842603","0","0.023861186447972735"
"78","100","0.4","0.35","144","5","single","60","0.2","0.5","0.1","1","0.05","500","2000","0.5","0.01","true","false","all","5","8","1.5","0.3","1","mixed","0.8","0","0.5","3000","0","15.924819885722513","71.29995942304649","0.3961108856835916","71.29995942304649","0","0.3961108856835916","0","11.191160348541446","11.191160348541446","0","0","1365.7750311751556","1365.7750311751556","0","0","0.08400077902156089","0","0","0","0","0","0","0","0.08175682857818956","100","0","0.49834950232271524","0.49834950232271524","0","0.02170746630923633"
"76","100","0.4","0.35","144","5","single","60","0.2","0.5","0.1","1","0.05","500","2000","0.5","0.01","true","false","all","5","8","1.5","0.3","1","mixed","0.8","0","0.5","3000","36","14.465608601706435","113.75073739545621","0.6319485410858678","113.75073739545621","0","0.6319485410858678","0","11.174861133059435","11.174861133059435","0","0","1314.906134360576","1314.906134360576","0","0","0.08437428779546274","0","0","0","0","0","0","0","0.09867865441027177","100","0","0.48044274142686966","0.48044274142686966","0","0.024720875443422958"
"77","100","0.4","0.35","144","5","single","60","0.2","0.5","0.1","1","0.05","500","2000","0.5","0.01","true","false","all","5","8","1.5","0.3","1","mixed","0.8","0","0.5","3000","846","21.54911488456254","73.60080390109171","0.40889335500606505","73.60080390109171","0","0.40889335500606505","0","11.569711674935867","11.569711674935867","0","0","1382.8610739734404","1382.8610739734404","0","0","0.10645271769661724","0","0","0","0","0","0","0","0.08222767438013036","100","0","0.5052723345559363","0.5052723345559363","0","0.01988033635938896"
"79","100","0.4","0.35","144","5","single","60","0.2","0.5","0.1","1","0.05","500","2000","0.5","0.01","true","false","all","5","8","1.5","0.3","1","mixed","0.8","0","0.5","3000","236","18.82371425257044","60.21338189069034","0.334518788281613","60.21338189069034","0","0.334518788281613","0","11.513831845390078","11.513831845390078","0","0","1320.0622104401762","1320.0622104401762","0","0","0.10117332694301617","0","0","0","0","0","0","0","0.08392561632329203","100","0","0.49454400453714753","0.49454400453714753","0","0.01993631907187177"
"81","100","0.4","0.35","144","5","single","60","0.2","0.5","0.1","1","0.05","500","2000","0.5","0.01","true","false","all","5","8","1.5","0.3","1","mixed","0.8","0","0.5","3000","441","33.56815511765337","54.0490437585368","0.3002724653252044","54.0490437585368","0","0.3002724653252044","0","11.303749318219266","11.303749318219266","0","0","1362.6800643112674","1362.6800643112674","0","0","0.07534463057385965","0","0","0","0","0","0","0","0.0868054511848016","100","0","0.51504882948722","0.51504882948722","0","0.025435241633660177"
"80","100","0.4","0.35","144","5","single","60","0.2","0.5","0.1","1","0.05","500","2000","0.5","0.01","true","false","all","5","8","1.5","0.3","1","mixed","0.8","0","0.5","3000","226","32.472743171403366","106.88042114831246","0.5937801174906248","106.88042114831246","0","0.5937801174906248","0","10.975730876391058","10.975730876391058","0","0","1150.9923914663286","1150.9923914663286","0","0","0.07748710873856979","0","0","0","0","0","0","0","0.09255245837347637","100","0","0.510960026555213","0.510960026555213","0","0.025235681808768937"
"83","100","0.4","0.35","144","5","single","60","0.2","0.5","0.1","1","0.05","500","2000","0.5","0.01","true","false","all","5","8","1.5","0.3","1","mixed","0.8","0","0.5","3000","0","12.25417200452307","81.70512987914653","0.4539173882174807","81.70512987914653","0","0.4539173882174807","0","11.185858535573363","11.185858535573363","0","0","1509.6919232591742","1509.6919232591742","0","0","0.0817503418629637","0","0","0","0","0","0","0","0.07367876777141665","100","0","0.5053214049554696","0.5053214049554696","0","0.02386662771497749"
"82","100","0.4","0.35","144","5","single","60","0.2","0.5","0.1","1","0.05","500","2000","0.5","0.01","true","false","all","5","8","1.5","0.3","1","mixed","0.8","0","0.5","3000","6","15.865154484908174","82.40424752002161","0.4578013751112312","82.40424752002161","0","0.4578013751112312","0","10.695013304398863","10.695013304398863","0","0","1127.7534439552187","1127.7534439552187","0","0","0.06822905819417646","0","0","0","0","0","0","0","0.07961459914444811","100","0","0.4997381262541677","0.4997381262541677","0","0.026844943533194474"
"84","100","0.4","0.35","144","5","single","60","0.2","0.5","0.1","1","0.05","500","2000","0.5","0.01","true","false","all","5","8","1.5","0.3","1","mixed","0.8","0","0.5","3000","1511","30.967232630092752","111.03893670922014","0.6168829817178897","111.03893670922014","0","0.6168829817178897","0","11.698303922966563","11.698303922966563","0","0","1102.653880913701","1102.653880913701","0","0","0.0995263428356965","0","0","0","0","0","0","0","0.07895142745559705","100","0","0.5093825330646599","0.5093825330646599","0","0.0231267527830001"
"85","100","0.4","0.35","144","5","single","60","0.2","0.5","0.1","1","0.05","500","2000","0.5","0.01","true","false","all","5","8","1.5","0.3","1","mixed","0.8","0","0.5","3000","726","28.33085519518366","53.51065472811024","0.297281415156168","53.51065472811024","0","0.297281415156168","0","11.148915011953754","11.148915011953754","0","0","1164.7292937525788","1164.7292937525788","0","0","0.07990268675298551","0","0","0","0","0","0","0","0.08160274406279194","100","0","0.5332811928467085","0.5332811928467085","0","0.022621406452483134"
"86","100","0.4","0.35","144","5","single","60","0.2","0.5","0.1","1","0.05","500","2000","0.5","0.01","true","false","all","5","8","1.5","0.3","1","mixed","0.8","0","0.5","3000","36","16.228872761843206","58.874879263625964","0.3270826625756998","58.874879263625964","0","0.3270826625756998","0","11.421647630380454","11.421647630380454","0","0","1447.9083053704508","1447.9083053704508","0","0","0.10382088661279187","0","0","0","0","0","0","0","0.08514672017761485","100","0","0.5242084980708335","0.5242084980708335","0","0.020097307129756818"
"87","100","0.4","0.35","144","5","single","60","0.2","0.5","0.1","1","0.05","500","2000","0.5","0.01","true","false","all","5","8","1.5","0.3","1","mixed","0.8","0","0.5","3000","31","13.36888883753305","105.69437347357076","0.5871909637420598","105.69437347357076","0","0.5871909637420598","0","11.233417658320423","11.233417658320423","0","0","1317.5815571327594","1317.5815571327594","0","0","0.08406184938726002","0","0","0","0","0","0","0","0.07524572120156933","100","0","0.5071722506632623","0.5071722506632623","0","0.023329635266121147"
"89","100","0.4","0.35","144","5","single","60","0.2","0.5","0.1","1","0.05","500","2000","0.5","0.01","true","false","all","5","8","1.5","0.3","1","mixed","0.8","0","0.5","3000","0","11.863023943792271","105.32256998368071","0.5851253887982262","105.32256998368071","0","0.5851253887982262","0","11.666221193411785","11.666221193411785","0","0","1426.6382098659255","1426.6382098659255","0","0","0.11616816846114997","0","0","0","0","0","0","0","0.07398300505264924","100","0","0.5051225684304983","0.5051225684304983","0","0.027990207621333207"
"88","100","0.4","0.35","144","5","single","60","0.2","0.5","0.1","1","0.05","500","2000","0.5","0.01","true","false","all","5","8","1.5","0.3","1","mixed","0.8","0","0.5","3000","0","13.561965804043169","84.13988255325566","0.46744379196253144","84.13988255325566","0","0.46744379196253144","0","12.039413337382719","12.039413337382719","0","0","1441.9233812879056","1441.9233812879056","0","0","0.1199102380965178","0","0","0","0","0","0","0","0.0883559845645692","100","0","0.4809838489578074","0.4809838489578074","0","0.017346326190446047"
"91","100","0.4","0.35","144","5","single","60","0.2","0.5","0.1","1","0.05","500","2000","0.5","0.01","true","false","all","5","8","1.5","0.3","1","mixed","0.8","0","0.75","3000","961","38.643685836064805","104.34146629525063","0.5796748127513923","104.34146629525063","0","0.5796748127513923","0","10.70159222022594","10.70159222022594","0","0","1186.8443727381352","1186.8443727381352","0","0","0.06936906841754764","0","0","0","0","0","0","0","0.08993309829141806","100","0","0.7527523190006274","0.7527523190006274","0","0.02272253624901808"
"90","100","0.4","0.35","144","5","single","60","0.2","0.5","0.1","1","0.05","500","2000","0.5","0.01","true","false","all","5","8","1.5","0.3","1","mixed","0.8","0","0.5","3000","391","30.403461500510872","57.96697776706319","0.3220387653725733","57.96697776706319","0","0.3220387653725733","0","10.892620665200766","10.892620665200766","0","0","1077.462510701968","1077.462510701968","0","0","0.06133580485346091","0","0","0","0","0","0","0","0.08454594616675996","100","0","0.4752799873866936","0.4752799873866936","0","0.03015385700686181"
"93","100","0.4","0.35","144","5","single","60","0.2","0.5","0.1","1","0.05","500","2000","0.5","0.01","true","false","all","5","8","1.5","0.3","1","mixed","0.8","0","0.75","3000","686","40.61565787392115","37.450545021311584","0.20805858345173103","37.450545021311584","0","0.20805858345173103","0","10.749185297481276","10.749185297481276","0","0","1126.7164992996418","1126.7164992996418","0","0","0.06476615097323446","0","0","0","0","0","0","0","0.061867831438272285","100","0","0.7437362423982888","0.7437362423982888","0","0.024913451139979947"
"92","100","0.4","0.35","144","5","single","60","0.2","0.5","0.1","1","0.05","500","2000","0.5","0.01","true","false","all","5","8","1.5","0.3","1","mixed","0.8","0","0.75","3000","-1","58.49590222249226","131.0982492136094","0.7283236067422744","131.0982492136094","0","0.7283236067422744","0","2911.1104529174604","2911.1104529174604","0","0","826.009001500802","826.009001500802","0","0","0.02462912843323828","1","1","0","1","1","0","100","0.08647365525762694","100","0","0.760281890450914","0.760281890450914","0","0.021753792422999685"
"94","100","0.4","0.35","144","5","single","60","0.2","0.5","0.1","1","0.05","500","2000","0.5","0.01","true","false","all","5","8","1.5","0.3","1","mixed","0.8","0","0.75","3000","891","25.386159103161532","59.64934141577845","0.3313852300876581","59.64934141577845","0","0.3313852300876581","0","10.504200751379615","10.504200751379615","0","0","1045.0286594184677","1045.0286594184677","0","0","0.06189110496151207","0","0","0","0","0","0","0","0.06805558414460675","100","0","0.7090326397728414","0.7090326397728414","0","0.019390988547630886"
"95","100","0.4","0.35","144","5","single","60","0.2","0.5","0.1","1","0.05","500","2000","0.5","0.01","true","false","all","5","8","1.5","0.3","1","mixed","0.8","0","0.75","3000","801","29.39490573524982","56.00789386593325","0.3111549659218514","56.00789386593325","0","0.3111549659218514","0","11.273096887965924","11.273096887965924","0","0","1322.3511143539965","1322.3511143539965","0","0","0.08749299355738449","0","0","0","0","0","0","0","0.079424872104473","100","0","0.7400570862868547","0.7400570862868547","0","0.02177788614213485"
"96","100","0.4","0.35","144","5","single","60","0.2","0.5","0.1","1","0.05","500","2000","0.5","0.01","true","false","all","5","8","1.5","0.3","1","mixed","0.8","0","0.75","3000","66","10.030364768179467","60.560075514907524","0.3364448639717085","60.560075514907524","0","0.3364448639717085","0","10.86310661302064","10.86310661302064","0","0","1146.732453763981","1146.732453763981","0","0","0.06562996899005191","0","0","0","0","0","0","0","0.08648225721800823","100","0","0.758158071547364","0.758158071547364","0","0.020174674678081334"
"97","100","0.4","0.35","144","5","single","60","0.2","0.5","0.1","1","0.05","500","2000","0.5","0.01","true","false","all","5","8","1.5","0.3","1","mixed","0.8","0","0.75","3000","1711","38.66314369940977","130.47727610673567","0.7248737561485316","130.47727610673567","0","0.7248737561485316","0","11.48575485025759","11.48575485025759","0","0","877.6193519837477","877.6193519837477","0","0","0.06581641564065621","0","0","0","0","0","0","0","0.07579074820955926","100","0","0.7464884743491821","0.7464884743491821","0","0.02108407070083967"
"99","100","0.4","0.35","144","5","single","60","0.2","0.5","0.1","1","0.05","500","2000","0.5","0.01","true","false","all","5","8","1.5","0.3","1","mixed","0.8","0","0.75","3000","46","17.736761467122037","49.969183156059074","0.2776065730892171","49.969183156059074","0","0.2776065730892171","0","10.597288652209329","10.597288652209329","0","0","1258.7450206359954","1258.7450206359954","0","0","0.06312380192509903","0","0","0","0","0","0","0","0.09076288967971066","100","0","0.7351442750266652","0.7351442750266652","0","0.020682797654183332"
"100","100","0.4","0.35","144","5","single","60","0.2","0.5","0.1","1","0.05","500","2000","0.5","0.01","true","false","all","5","8","1.5","0.3","1","mixed","0.8","0","0.75","3000","341","23.008568260240878","122.75100027075734","0.6819500015042075","122.75100027075734","0","0.6819500015042075","0","10.884691954522694","10.884691954522694","0","0","1173.1134189696086","1173.1134189696086","0","0","0.077787896241438","0","0","0","0","0","0","0","0.08673135661632601","100","0","0.7596776990028132","0.7596776990028132","0","0.018559765162464166"
"101","100","0.4","0.35","144","5","single","60","0.2","0.5","0.1","1","0.05","500","2000","0.5","0.01","true","false","all","5","8","1.5","0.3","1","mixed","0.8","0","0.75","3000","-1","65.94640720630491","51.458223075752834","0.28587901708751573","51.458223075752834","0","0.28587901708751573","0","2888.9191315174303","2888.9191315174303","0","0","815.7926925715574","815.7926925715574","0","0","0.021726080425379157","1","1","0","1","1","0","100","0.07638830273370438","100","0","0.7263221183048287","0.7263221183048287","0","0.02521041425130887"
"98","100","0.4","0.35","144","5","single","60","0.2","0.5","0.1","1","0.05","500","2000","0.5","0.01","true","false","all","5","8","1.5","0.3","1","mixed","0.8","0","0.75","3000","366","32.84150955921973","44.11439800478798","0.24507998891548877","44.11439800478798","0","0.24507998891548877","0","10.916992695363863","10.916992695363863","0","0","1227.0613762939765","1227.0613762939765","0","0","0.06769913981403719","0","0","0","0","0","0","0","0.08690767804160256","100","0","0.742503855870855","0.742503855870855","0","0.017544738699430375"
"102","100","0.4","0.35","144","5","single","60","0.2","0.5","0.1","1","0.05","500","2000","0.5","0.01","true","false","all","5","8","1.5","0.3","1","mixed","0.8","0","0.75","3000","1036","43.483939226538574","39.19864229232935","0.2177702349573853","39.19864229232935","0","0.2177702349573853","0","10.845950732441645","10.845950732441645","0","0","1178.5090411933768","1178.5090411933768","0","0","0.07102001603601993","0","0","0","0","0","0","0","0.08917781489694382","100","0","0.7632635642076104","0.7632635642076104","0","0.0227825413817113"
"103","100","0.4","0.35","144","5","single","60","0.2","0.5","0.1","1","0.05","500","2000","0.5","0.01","true","false","all","5","8","1.5","0.3","1","mixed","0.8","0","0.75","3000","0","13.762386811656128","43.510809894883415","0.2417267216382412","43.510809894883415","0","0.2417267216382412","0","10.758622126129472","10.758622126129472","0","0","1200.221497052695","1200.221497052695","0","0","0.06842319234165317","0","0","0","0","0","0","0","0.07842611804336917","100","0","0.760071292793547","0.760071292793547","0","0.023381558386468444"
"104","100","0.4","0.35","144","5","single","60","0.2","0.5","0.1","1","0.05","500","2000","0.5","0.01","true","false","all","5","8","1.5","0.3","1","mixed","0.8","0","0.75","3000","76","29.473510163803113","58.02813408884295","0.32237852271579415","58.02813408884295","0","0.32237852271579415","0","10.917449843875726","10.917449843875726","0","0","1164.710967206166","1164.710967206166","0","0","0.08168786835353958","0","0","0","0","0","0","0","0.08041505075448599","100","0","0.7165888457902699","0.7165888457902699","0","0.01827499253026896"
"105","100","0.4","0.35","144","5","single","60","0.2","0.5","0.1","1","0.05","500","2000","0.5","0.01","true","false","all","5","8","1.5","0.3","1","mixed","0.8","0","0.75","3000","-1","53.26342982756612","92.41593704547618","0.5134218724748677","92.41593704547618","0","0.5134218724748677","0","2897.598548100257","2897.598548100257","0","0","884.9572635257381","884.9572635257381","0","0","0.021457366541735023","1","1","0","1","1","0","100","0.08873571133143614","100","0","0.7645678804250473","0.7645678804250473","0","0.0183445932085221"
"108","100","0.4","0.35","144","5","single","60","0.2","0.5","0.1","1","0.05","500","2000","0.5","0.01","true","false","all","5","8","1.5","0.3","1","mixed","0.8","0","0.75","3000","211","36.35707295088125","42.97205713367539","0.23873365074264108","42.97205713367539","0","0.23873365074264108","0","10.79888580353888","10.79888580353888","0","0","1105.9994252417052","1105.9994252417052","0","0","0.06197661200798721","0","0","0","0","0","0","0","0.0758389616128651","100","0","0.7687997984804243","0.7687997984804243","0","0.021926515683783187"
"106","100","0.4","0.35","144","5","single","60","0.2","0.5","0.1","1","0.05","500","2000","0.5","0.01","true","false","all","5","8","1.5","0.3","1","mixed","0.8","0","0.75","3000","-1","72.6513921122305","132.4821030555113","0.7360116836417294","132.4821030555113","0","0.7360116836417294","0","2883.8773465081667","2883.8773465081667","0","0","961.0883791266767","961.0883791266767","0","0","0.023536584996514565","1","1","0","1","1","0","100","0.06986716415711475","100","0","0.7434019232925315","0.7434019232925315","0","0.016300185281415105"
"107","100","0.4","0.35","144","5","single","60","0.2","0.5","0.1","1","0.05","500","2000","0.5","0.01","true","false","all","5","8","1.5","0.3","1","mixed","0.8","0","0.75","3000","16","11.926229670807047","91.85723986181507","0.5103179992323059","91.85723986181507","0","0.5103179992323059","0","10.833273255010958","10.833273255010958","0","0","1113.3407674996643","1113.3407674996643","0","0","0.07438975473471454","0","0","0","0","0","0","0","0.09632691405615436","100","0","0.7369006018630777","0.7369006018630777","0","0.022232198946813237"
"109","100","0.4","0.35","144","5","single","60","0.2","0.5","0.1","1","0.05","500","2000","0.5","0.01","true","false","all","5","8","1.5","0.3","1","mixed","0.8","0","0.75","3000","51","32.64262561617899","51.990436892820306","0.28883576051566834","51.990436892820306","0","0.28883576051566834","0","10.759850903688786","10.759850903688786","0","0","1170.001830066968","1170.001830066968","0","0","0.06032312058376843","0","0","0","0","0","0","0","0.07904743729059147","100","0","0.7375541612205452","0.7375541612205452","0","0.018875343703219447"
"110","100","0.4","0.35","144","5","single","60","0.2","0.5","0.1","1","0.05","500","2000","0.5","0.01","true","false","all","5","8","1.5","0.3","1","mixed","0.8","0","0.75","3000","-1","57.64832370759687","101.97377946219862","0.5665209970122146","101.97377946219862","0","0.5665209970122146","0","2888.560670419608","2888.560670419608","0","0","879.7689754761168","879.7689754761168","0","0","0.02228482895489403","1","1","0","1","1","0","100","0.0810181489204528","100","0","0.7249340708241074","0.7249340708241074","0","0.01694938005030842"
"111","100","0.4","0.35","144","5","single","60","0.2","0.5","0.1","1","0.05","500","2000","0.5","0.01","true","false","all","5","8","1.5","0.3","1","mixed","0.8","0","0.75","3000","1051","24.81160681883297","62.48225158751383","0.3471236199306324","62.48225158751383","0","0.3471236199306324","0","11.072432723763226","11.072432723763226","0","0","1148.1475582468945","1148.1475582468945","0","0","0.07629332396673871","0","0","0","0","0","0","0","0.08510029865229936","100","0","0.7250491381650979","0.7250491381650979","0","0.021278317521998668"
"112","100","0.4","0.35","144","5","single","60","0.2","0.5","0.1","1","0.05","500","2000","0.5","0.01","true","false","all","5","8","1.5","0.3","1","mixed","0.8","0","0.75","3000","26","18.327232293273354","42.60924453855656","0.2367180252142031","42.60924453855656","0","0.2367180252142031","0","10.64928889361898","10.64928889361898","0","0","1167.466234950121","1167.466234950121","0","0","0.0637966593250554","0","0","0","0","0","0","0","0.07617131904297436","100","0","0.7510088502657485","0.7510088502657485","0","0.020917259474090077"
"113","100","0.4","0.35","144","5","single","60","0.2","0.5","0.1","1","0.05","500","2000","0.5","0.01","true","false","all","5","8","1.5","0.3","1","mixed","0.8","0","0.75","3000","0","7.281305832571746","38.08129097318768","0.21156272762882042","38.08129097318768","0","0.21156272762882042","0","10.640854695323439","10.640854695323439","0","0","1195.0527481260763","1195.0527481260763","0","0","0.0630171238652284","0","0","0","0","0","0","0","0.08432765722022922","100","0","0.7445273004911607","0.7445273004911607","0","0.02197510393550658"
"115","100","0.4","0.35","144","5","single","60","0.2","0.5","0.1","1","0.05","500","2000","0.5","0.01","true","false","all","5","8","1.5","0.3","1","mixed","0.8","0","0.75","3000","681","45.47575008131744","40.56783609211952","0.22537686717844177","40.56783609211952","0","0.22537686717844177","0","10.73220049908499","10.73220049908499","0","0","1102.760419239471","1102.760419239471","0","0","0.07075429715605575","0","0","0","0","0","0","0","0.09513114959566926","100","0","0.7468648319339922","0.7468648319339922","0","0.021459502808147974"
"117","100","0.4","0.35","144","5","single","60","0.2","0.5","0.1","1","0.05","500","2000","0.5","0.01","true","false","all","5","8","1.5","0.3","1","mixed","0.8","0","0.75","3000","486","38.75334386434204","64.94963019174223","0.3608312788430124","64.94963019174223","0","0.3608312788430124","0","10.896132746714295","10.896132746714295","0","0","1102.2141394215282","1102.2141394215282","0","0","0.07782872855927359","0","0","0","0","0","0","0","0.08102721144614956","100","0","0.746182188808707","0.746182188808707","0","0.022863785038889927"
"116","100","0.4","0.35","144","5","single","60","0.2","0.5","0.1","1","0.05","500","2000","0.5","0.01","true","false","all","5","8","1.5","0.3","1","mixed","0.8","0","0.75","3000","0","10.716104858571455","47.84364996669109","0.26579805537050605","47.84364996669109","0","0.26579805537050605","0","10.942420634826187","10.942420634826187","0","0","1156.851201670119","1156.851201670119","0","0","0.062152287726331634","0","0","0","0","0","0","0","0.07471851006830389","100","0","0.7504769495484328","0.7504769495484328","0","0.02486568916606128"
"114","100","0.4","0.35","144","5","single","60","0.2","0.5","0.1","1","0.05","500","2000","0.5","0.01","true","false","all","5","8","1.5","0.3","1","mixed","0.8","0","0.75","3000","-1","69.53340963061555","130.60008363912476","0.7255560202173598","130.60008363912476","0","0.7255560202173598","0","2894.7012998541836","2894.7012998541836","0","0","824.7807675521659","824.7807675521659","0","0","0.021817342186619015","1","1","0","1","1","0","100","0.10049109836366991","100","0","0.7612637569424037","0.7612637569424037","0","0.021276932301185783"
"118","100","0.4","0.35","144","5","single","60","0.2","0.5","0.1","1","0.05","500","2000","0.5","0.01","true","false","all","5","8","1.5","0.3","1","mixed","0.8","0","0.75","3000","0","13.76981620048204","55.65650531247845","0.309202807291547","55.65650531247845","0","0.309202807291547","0","11.159238392820292","11.159238392820292","0","0","1239.02404814954","1239.02404814954","0","0","0.07524763278085445","0","0","0","0","0","0","0","0.09435209725605215","100","0","0.7570941294889532","0.7570941294889532","0","0.0176895414661619"
"119","100","0.4","0.35","144","5","single","60","0.2","0.5","0.1","1","0.05","500","2000","0.5","0.01","true","false","all","5","8","1.5","0.3","1","mixed","0.8","0","0.75","3000","741","34.3417381807064","46.40117051613966","0.2577842806452203","46.40117051613966","0","0.2577842806452203","0","10.625012265347173","10.625012265347173","0","0","1004.4047374785234","1004.4047374785234","0","0","0.06328191172370645","0","0","0","0","0","0","0","0.07254555607430134","100","0","0.7344306932636003","0.7344306932636003","0","0.01920194408944059"
"120","100","0.4","0.35","144","5","single","60","0.2","0.5","0.1","1","0.05","500","2000","0.5","0.01","true","false","all","5","8","1.5","0.3","1","mixed","0.8","0","0.75","3000","306","20.34181847858902","139.61154036672283","0.7756196687040158","139.61154036672283","0","0.7756196687040158","0","10.86700794572327","10.86700794572327","0","0","1184.9024364629697","1184.9024364629697","0","0","0.06999529000357585","0","0","0","0","0","0","0","0.06446343515023632","100","0","0.7504213939709217","0.7504213939709217","0","0.015459293831561725"
"121","100","0.4","0.35","144","5","single","60","0.2","0.5","0.1","1","0.05","500","2000","0.5","0.01","true","false","all","5","8","1.5","0.3","1","mixed","0.8","0","1","3000","326","33.118240227637","42.86261442030517","0.23812563566836206","42.86261442030517","0","0.23812563566836206","0","10.73297281515376","10.73297281515376","0","0","895.5711702632331","895.5711702632331","0","0","0.059623501661736356","0","0","0","0","0","0","0","0.07643026328338103","100","0","0.9419964077449553","0.9419964077449553","0","0.007985808992497016"
"122","100","0.4","0.35","144","5","single","60","0.2","0.5","0.1","1","0.05","500","2000","0.5","0.01","true","false","all","5","8","1.5","0.3","1","mixed","0.8","0","1","3000","516","55.165124177166184","25.333908238026325","0.1407439346557018","25.333908238026325","0","0.1407439346557018","0","10.770755536095377","10.770755536095377","0","0","942.7334819207534","942.7334819207534","0","0","0.057547034639271466","0","0","0","0","0","0","0","0.07556431875290531","100","0","0.9366387319960744","0.9366387319960744","0","0.00860013595753379"
"123","100","0.4","0.35","144","5","single","60","0.2","0.5","0.1","1","0.05","500","2000","0.5","0.01","true","false","all","5","8","1.5","0.3","1","mixed","0.8","0","1","3000","531","31.11158161548657","35.3446773713153","0.19635931872952944","35.3446773713153","0","0.19635931872952944","0","10.6826811271138","10.6826811271138","0","0","1076.5216051766172","1076.5216051766172","0","0","0.06401144379841783","0","0","0","0","0","0","0","0.08449892638220573","100","0","0.9343218382728657","0.9343218382728657","0","0.008695796664206935"
"124","100","0.4","0.35","144","5","single","60","0.2","0.5","0.1","1","0.05","500","2000","0.5","0.01","true","false","all","5","8","1.5","0.3","1","mixed","0.8","0","1","3000","371","47.37521656626384","32.589187785167","0.18105104325092777","32.589187785167","0","0.18105104325092777","0","10.386607622402009","10.386607622402009","0","0","961.4445367155472","961.4445367155472","0","0","0.06069517678947478","0","0","0","0","0","0","0","0.08470937945037713","100","0","0.9481060378777683","0.9481060378777683","0","0.006588371416273446"
"125","100","0.4","0.35","144","5","single","60","0.2","0.5","0.1","1","0.05","500","2000","0.5","0.01","true","false","all","5","8","1.5","0.3","1","mixed","0.8","0","1","3000","941","53.68026228969992","33.11456679646012","0.18396981553588954","33.11456679646012","0","0.18396981553588954","0","10.589124090601935","10.589124090601935","0","0","950.268003239541","950.268003239541","0","0","0.06698798330298938","0","0","0","0","0","0","0","0.08959781377516007","100","0","0.9475432124396187","0.9475432124396187","0","0.00552308074697965"
"127","100","0.4","0.35","144","5","single","60","0.2","0.5","0.1","1","0.05","500","2000","0.5","0.01","true","false","all","5","8","1.5","0.3","1","mixed","0.8","0","1","3000","46","10.808856611881353","29.06535349192628","0.16147418606625713","29.06535349192628","0","0.16147418606625713","0","10.41102908029028","10.41102908029028","0","0","1084.8346882932271","1084.8346882932271","0","0","0.05803791349537302","0","0","0","0","0","0","0","0.0892374459714362","100","0","0.9203068249746407","0.9203068249746407","0","0.012137434925321773"
"126","100","0.4","0.35","144","5","single","60","0.2","0.5","0.1","1","0.05","500","2000","0.5","0.01","true","false","all","5","8","1.5","0.3","1","mixed","0.8","0","1","3000","-1","82.8413753279521","42.95792739564682","0.2386551521980379","42.95792739564682","0","0.2386551521980379","0","2866.2575587146484","2866.2575587146484","0","0","780.8402412442365","780.8402412442365","0","0","0.022494635950946806","1","1","0","1","1","0","100","0.0999508401318492","100","0","0.9322490197164283","0.9322490197164283","0","0.006514664345318435"
"128","100","0.4","0.35","144","5","single","60","0.2","0.5","0.1","1","0.05","500","2000","0.5","0.01","true","false","all","5","8","1.5","0.3","1","mixed","0.8","0","1","3000","1536","42.92638584631608","35.44599837244243","0.19692221318023573","35.44599837244243","0","0.19692221318023573","0","10.611318349447984","10.611318349447984","0","0","898.6359804884321","898.6359804884321","0","0","0.04806107470909127","0","0","0","0","0","0","0","0.08370413276148754","100","0","0.9480022486375033","0.9480022486375033","0","0.007069807621244244"
"129","100","0.4","0.35","144","5","single","60","0.2","0.5","0.1","1","0.05","500","2000","0.5","0.01","true","false","all","5","8","1.5","0.3","1","mixed","0.8","0","1","3000","-1","78.83939709501989","44.900301961511786","0.2494461220083988","44.900301961511786","0","0.2494461220083988","0","2902.6419508273248","2902.6419508273248","0","0","782.7693081520297","782.7693081520297","0","0","0.022839933295363934","1","1","0","1","1","0","100","0.0810248081279841","100","0","0.9293724975609851","0.9293724975609851","0","0.009161049619926719"
"132","100","0.4","0.35","144","5","single","60","0.2","0.5","0.1","1","0.05","500","2000","0.5","0.01","true","false","all","5","8","1.5","0.3","1","mixed","0.8","0","1","3000","731","28.44092647881854","139.76886714163362","0.776493706342409","139.76886714163362","0","0.776493706342409","0","10.412738681665516","10.412738681665516","0","0","770.2188805836513","770.2188805836513","0","0","0.05334448909664391","0","0","0","0","0","0","0","0.08134434219368153","100","0","0.9355006195089466","0.9355006195089466","0","0.009373408772114568"
"130","100","0.4","0.35","144","5","single","60","0.2","0.5","0.1","1","0.05","500","2000","0.5","0.01","true","false","all","5","8","1.5","0.3","1","mixed","0.8","0","1","3000","186","38.25954409053159","42.086197897559074","0.23381221054199486","42.086197897559074","0","0.23381221054199486","0","10.69251579457325","10.69251579457325","0","0","947.6231268253496","947.6231268253496","0","0","0.06649678393883973","0","0","0","0","0","0","0","0.07630170184788632","100","0","0.9497192883372503","0.9497192883372503","0","0.006486443424535974"
"131","100","0.4","0.35","144","5","single","60","0.2","0.5","0.1","1","0.05","500","2000","0.5","0.01","true","false","all","5","8","1.5","0.3","1","mixed","0.8","0","1","3000","481","42.35180906209838","27.792705181656338","0.15440391767586853","27.792705181656338","0","0.15440391767586853","0","10.487265266137197","10.487265266137197","0","0","838.6958814943786","838.6958814943786","0","0","0.05673760943904882","0","0","0","0","0","0","0","0.08579177052296168","100","0","0.9506444723510407","0.9506444723510407","0","0.0054761150213087206"
"133","100","0.4","0.35","144","5","single","60","0.2","0.5","0.1","1","0.05","500","2000","0.5","0.01","true","false","all","5","8","1.5","0.3","1","mixed","0.8","0","1","3000","526","50.004892677243305","31.928215129950296","0.17737897294416832","31.928215129950296","0","0.17737897294416832","0","10.674770488105239","10.674770488105239","0","0","919.0012532977905","919.0012532977905","0","0","0.06324168298793187","0","0","0","0","0","0","0","0.07916360103723248","100","0","0.9375694691151933","0.9375694691151933","0","0.007693736503670071"
"134","100","0.4","0.35","144","5","single","60","0.2","0.5","0.1","1","0.05","500","2000","0.5","0.01","true","false","all","5","8","1.5","0.3","1","mixed","0.8","0","1","3000","-1","95.17073784065911","112.238718898172","0.6235484383231777","112.238718898172","0","0.6235484383231777","0","2886.702651761992","2886.702651761992","0","0","653.5054715778784","653.5054715778784","0","0","0.02428462770586326","1","1","0","1","1","0","100","0.09650799261193757","100","0","0.9545736493453886","0.9545736493453886","0","0.006328132300407132"
"136","100","0.4","0.35","144","5","single","60","0.2","0.5","0.1","1","0.05","500","2000","0.5","0.01","true","false","all","5","8","1.5","0.3","1","mixed","0.8","0","1","3000","-1","74.28907186858623","43.30125532914499","0.24056252960636107","43.30125532914499","0","0.24056252960636107","0","2898.5056361621646","2898.5056361621646","0","0","814.4023556526729","814.4023556526729","0","0","0.023557670399888764","1","1","0","1","1","0","100","0.08271633163339208","100","0","0.9300821656751898","0.9300821656751898","0","0.009784497540823887"
"135","100","0.4","0.35","144","5","single","60","0.2","0.5","0.1","1","0.05","500","2000","0.5","0.01","true","false","all","5","8","1.5","0.3","1","mixed","0.8","0","1","3000","-1","105.25630640290365","136.42391575548493","0.7579106430860274","136.42391575548493","0","0.7579106430860274","0","2883.81877422998","2883.81877422998","0","0","809.4519377850027","809.4519377850027","0","0","0.02662235129426671","1","1","0","1","1","0","100","0.07771493524210193","100","0","0.9406063308833206","0.9406063308833206","0","0.008092157124749453"
"137","100","0.4","0.35","144","5","single","60","0.2","0.5","0.1","1","0.05","500","2000","0.5","0.01","true","false","all","5","8","1.5","0.3","1","mixed","0.8","0","1","3000","-1","60.94945970535397","33.59208606127914","0.18662270034043968","33.59208606127914","0","0.18662270034043968","0","2877.0108050382883","2877.0108050382883","0","0","695.8323182998217","695.8323182998217","0","0","0.02313149841684825","1","1","0","1","1","0","100","0.07841671135388335","100","0","0.9369305327898906","0.9369305327898906","0","0.007709251392337875"
"138","100","0.4","0.35","144","5","single","60","0.2","0.5","0.1","1","0.05","500","2000","0.5","0.01","true","false","all","5","8","1.5","0.3","1","mixed","0.8","0","1","3000","1306","56.405560503576794","119.92373024837032","0.6662429458242796","119.92373024837032","0","0.6662429458242796","0","10.518244225519034","10.518244225519034","0","0","765.5803226299723","765.5803226299723","0","0","0.05649749570599649","0","0","0","0","0","0","0","0.08300094262694221","100","0","0.9453026926146879","0.9453026926146879","0","0.006696035934344432"
"140","100","0.4","0.35","144","5","single","60","0.2","0.5","0.1","1","0.05","500","2000","0.5","0.01","true","false","all","5","8","1.5","0.3","1","mixed","0.8","0","1","3000","481","48.32912318731254","29.771789817536686","0.16539883231964825","29.771789817536686","0","0.16539883231964825","0","10.363295633974156","10.363295633974156","0","0","947.423823816916","947.423823816916","0","0","0.05290959598212752","0","0","0","0","0","0","0","0.07612556592481248","100","0","0.9495761243231197","0.9495761243231197","0","0.005773032677425077"
"139","100","0.4","0.35","144","5","single","60","0.2","0.5","0.1","1","0.05","500","2000","0.5","0.01","true","false","all","5","8","1.5","0.3","1","mixed","0.8","0","1","3000","2061","89.1966411824048","31.803763020421332","0.17668757233567406","31.803763020421332","0","0.17668757233567406","0","29.84105054959247","29.84105054959247","0","0","704.5708702213441","704.5708702213441","0","0","0.02698741154278883","0","0","0","0","0","0","0","0.07973089881706505","100","0","0.9477412250121553","0.9477412250121553","0","0.006354712053515433"
"141","100","0.4","0.35","144","5","single","60","0.2","0.5","0.1","1","0.05","500","2000","0.5","0.01","true","false","all","5","8","1.5","0.3","1","mixed","0.8","0","1","3000","-1","107.89407027263806","145.49639890403606","0.8083133272446448","145.49639890403606","0","0.8083133272446448","0","2885.9605370263803","2885.9605370263803","0","0","731.0568621645003","731.0568621645003","0","0","0.025032670489640862","1","1","0","1","1","0","100","0.07831654349652889","100","0","0.9441463836859377","0.9441463836859377","0","0.00798042138885136"
"144","100","0.4","0.35","144","5","single","60","0.2","0.5","0.1","1","0.05","500","2000","0.5","0.01","true","false","all","5","8","1.5","0.3","1","mixed","0.8","0","1","3000","566","24.962618794661168","29.672903539191978","0.1648494641066221","29.672903539191978","0","0.1648494641066221","0","10.694142142933034","10.694142142933034","0","0","1158.4257067877165","1158.4257067877165","0","0","0.056438991091308344","0","0","0","0","0","0","0","0.0958769943870124","100","0","0.9295870887613364","0.9295870887613364","0","0.009701900366820572"
"142","100","0.4","0.35","144","5","single","60","0.2","0.5","0.1","1","0.05","500","2000","0.5","0.01","true","false","all","5","8","1.5","0.3","1","mixed","0.8","0","1","3000","286","39.043630700785414","30.87453626548634","0.17152520147492412","30.87453626548634","0","0.17152520147492412","0","10.58233361070444","10.58233361070444","0","0","950.6113677374659","950.6113677374659","0","0","0.05847216626188789","0","0","0","0","0","0","0","0.08692543446454969","100","0","0.9597657784767741","0.9597657784767741","0","0.00451482277516177"
"143","100","0.4","0.35","144","5","single","60","0.2","0.5","0.1","1","0.05","500","2000","0.5","0.01","true","false","all","5","8","1.5","0.3","1","mixed","0.8","0","1","3000","-1","70.10892861282406","65.53868068228371","0.36410378156824286","65.53868068228371","0","0.36410378156824286","0","2913.2818243542597","2913.2818243542597","0","0","721.4748123944879","721.4748123944879","0","0","0.022844162018923697","1","1","0","1","1","0","100","0.07391986635610984","100","0","0.9420862794522569","0.9420862794522569","0","0.006615657691311358"
"145","100","0.4","0.35","144","5","single","60","0.2","0.5","0.1","1","0.05","500","2000","0.5","0.01","true","false","all","5","8","1.5","0.3","1","mixed","0.8","0","1","3000","1251","47.548158024674805","108.87096954627296","0.6048387197015165","108.87096954627296","0","0.6048387197015165","0","10.437974497552554","10.437974497552554","0","0","795.2797193899557","795.2797193899557","0","0","0.061278085055158193","0","0","0","0","0","0","0","0.08092036737243317","100","0","0.9487892263280903","0.9487892263280903","0","0.007955893876255699"
"146","100","0.4","0.35","144","5","single","60","0.2","0.5","0.1","1","0.05","500","2000","0.5","0.01","true","false","all","5","8","1.5","0.3","1","mixed","0.8","0","1","3000","731","47.11709701786406","36.594211681773274","0.2033011760098515","36.594211681773274","0","0.2033011760098515","0","10.637951301442547","10.637951301442547","0","0","866.4910695430632","866.4910695430632","0","0","0.06852198373838725","0","0","0","0","0","0","0","0.09015647958071393","100","0","0.9342725760729613","0.9342725760729613","0","0.007089285158269994"
"147","100","0.4","0.35","144","5","single","60","0.2","0.5","0.1","1","0.05","500","2000","0.5","0.01","true","false","all","5","8","1.5","0.3","1","mixed","0.8","0","1","3000","-1","76.98695303137558","30.99235193034657","0.17217973294636982","30.99235193034657","0","0.17217973294636982","0","2897.6587367324246","2897.6587367324246","0","0","764.0927600503114","764.0927600503114","0","0","0.024633264165045743","1","1","0","1","1","0","100","0.0692714619330277","100","0","0.9409559022563421","0.9409559022563421","0","0.00671472552887911"
"148","100","0.4","0.35","144","5","single","60","0.2","0.5","0.1","1","0.05","500","2000","0.5","0.01","true","false","all","5","8","1.5","0.3","1","mixed","0.8","0","1","3000","2551","67.09045675281607","68.34401664503527","0.379688981361307","68.34401664503527","0","0.379688981361307","0","2765.8432073128274","2765.8432073128274","0","0","821.9844962061073","821.9844962061073","0","0","0.021682124347402798","1","1","0","1","1","0","100","0.08643553138447121","100","0","0.9389200540591033","0.9389200540591033","0","0.009419875085411877"
"150","100","0.4","0.35","144","5","single","60","0.2","0.5","0.1","1","0.05","500","2000","0.5","0.01","true","false","all","5","8","1.5","0.3","1","mixed","0.8","0","1","3000","1121","40.519387686185325","52.5746199964835","0.2920812222026861","52.5746199964835","0","0.2920812222026861","0","10.665891864598445","10.665891864598445","0","0","853.5285192721376","853.5285192721376","0","0","0.053827846685851055","0","0","0","0","0","0","0","0.08214912927805737","100","0","0.9459067616257603","0.9459067616257603","0","0.006790107367531536"
"149","100","0.4","0.35","144","5","single","60","0.2","0.5","0.1","1","0.05","500","2000","0.5","0.01","true","false","all","5","8","1.5","0.3","1","mixed","0.8","0","1","3000","0","22.07752561520661","26.76316220939043","0.1486842344966135","26.76316220939043","0","0.1486842344966135","0","10.621444883471016","10.621444883471016","0","0","1038.2145577796944","1038.2145577796944","0","0","0.04931294247582452","0","0","0","0","0","0","0","0.0834506990700265","100","0","0.9396854978681921","0.9396854978681921","0","0.010460070175446248"
"151","100","0.4","0.35","144","5","single","60","0.2","0.5","0.1","1","0.05","500","2000","0.5","0.01","true","false","all","5","8","1.5","0.3","1","mixed","0.8","0.2","0","3000","0","19.623506493391687","86.1161786949354","0.47842321497186335","93.57860268920557","30.953164011364454","0.519881126051142","0.17196202228535806","12.848903198616654","11.104889732170824","19.82495706439999","0.5601469751534577","1841.9154953919926","1080.571165854373","4887.292813542473","0.22109810217635378","0.1577483605159058","0","0","0","0","0","0","0","0.07020343016024717","80","20","0.19518388906765147","0.05080947126256881","0.7726815602879819","0.0914998893960664"
"152","100","0.4","0.35","144","5","single","60","0.2","0.5","0.1","1","0.05","500","2000","0.5","0.01","true","false","all","5","8","1.5","0.3","1","mixed","0.8","0.2","0","3000","107","24.850830211680204","100.99288345173201","0.5610715747318445","93.32984072375085","131.89813498282365","0.5184991151319491","0.7327674165712424","12.775861225078527","11.609417463392106","17.441636271824173","0.6656151568844696","1549.1003872182357","1139.2971077173593","3188.313505221738","0.3573353454268056","0.12775837248785793","0","0","0","0","0","0","0","0.09767434794349233","80","20","0.2038531836282237","0.05443409327805517","0.8015295450288982","0.09752482779005268"
"153","100","0.4","0.35","144","5","single","60","0.2","0.5","0.1","1","0.05","500","2000","0.5","0.01","true","false","all","5","8","1.5","0.3","1","mixed","0.8","0.2","0","3000","311","26.145603696553962","101.01457218228433","0.5611920676793574","102.64249488772714","24.530514249417937","0.5702360827095952","0.13628063471898855","12.619397517154791","11.242465014123889","18.127127529278418","0.6202011320307302","1713.6627832330134","1142.092300471802","3999.944714277854","0.28552702150984466","0.1404445817373292","0","0","0","0","0","0","0","0.08938754449756389","80","20","0.21176452212763272","0.05491074941386063","0.8391796129827214","0.10736156418008032"
"155","100","0.4","0.35","144","5","single","60","0.2","0.5","0.1","1","0.05","500","2000","0.5","0.01","true","false","all","5","8","1.5","0.3","1","mixed","0.8","0.2","0","3000","186","25.7595691925179","74.28435043124638","0.41269083572914655","82.10065655931234","34.331041344636574","0.45611475866284634","0.1907280074702032","12.143434889550335","10.979487523448595","16.79922435395728","0.65357109900507","1390.401712925809","1038.6454891687406","2797.4266079540826","0.37128605491043104","0.126671010071161","0","0","0","0","0","0","0","0.07502299128772709","80","20","0.2169319573760403","0.0747628647312659","0.7856083279551378","0.0927233732106646"
"154","100","0.4","0.35","144","5","single","60","0.2","0.5","0.1","1","0.05","500","2000","0.5","0.01","true","false","all","5","8","1.5","0.3","1","mixed","0.8","0.2","0","3000","68","17.810686975274322","78.54855569598884","0.4363808649777158","85.6928675855176","48.35946042234478","0.4760714865862089","0.2686636690130266","13.055517749390528","11.432512750169005","19.54753774627661","0.5848569215499614","1599.6034604816275","1123.9261417433427","3502.3127354347657","0.32090970357158083","0.16220470375488616","0","0","0","0","0","0","0","0.07397620726801672","80","20","0.21046640167914318","0.06662190528684722","0.7858443872483272","0.09188120007168031"
"156","100","0.4","0.35","144","5","single","60","0.2","0.5","0.1","1","0.05","500","2000","0.5","0.01","true","false","all","5","8","1.5","0.3","1","mixed","0.8","0.2","0","3000","4","26.191599694006015","82.74055344334724","0.4596697413519291","92.10786606447512","21.323239353999227","0.5117103670248617","0.11846244085555126","11.881195454980602","10.76323765444038","16.35302665714152","0.6581801571111591","1518.8036641570152","1063.4245562766246","3340.3200956785777","0.31836007502765773","0.12081688256517475","0","0","0","0","0","0","0","0.08016106319713938","80","20","0.2085272362561432","0.056776560925699285","0.815529937577919","0.10077580770013772"
"157","100","0.4","0.35","144","5","single","60","0.2","0.5","0.1","1","0.05","500","2000","0.5","0.01","true","false","all","5","8","1.5","0.3","1","mixed","0.8","0.2","0","3000","46","20.909726689709927","63.27264578595896","0.3515146988108831","71.7768106714819","28.37133465330293","0.39876005928601055","0.15761852585168296","12.440316953672362","11.188139579761458","17.44902644931595","0.6411899031879836","1609.248738889723","1077.2821474303162","3737.1151047273497","0.2882657122515662","0.13009197250552917","0","0","0","0","0","0","0","0.08879504727333302","80","20","0.1990463798098238","0.050062583116955425","0.7949815665812974","0.09552858153925071"
"158","100","0.4","0.35","144","5","single","60","0.2","0.5","0.1","1","0.05","500","2000","0.5","0.01","true","false","all","5","8","1.5","0.3","1","mixed","0.8","0.2","0","3000","0","13.707692218696309","77.40141063305134","0.4300078368502852","80.15642516466683","60.234547693377124","0.44531347313703795","0.33463637607431734","12.68042633002116","11.148780808404961","18.807008416485907","0.5927992672472102","1905.5510458628635","1187.3758103046348","4778.251988095779","0.24849585439670918","0.1518694893962893","0","0","0","0","0","0","0","0.0771727876548929","80","20","0.22241999521091624","0.07961890215868414","0.7936243674198449","0.09375282660342646"
"159","100","0.4","0.35","144","5","single","60","0.2","0.5","0.1","1","0.05","500","2000","0.5","0.01","true","false","all","5","8","1.5","0.3","1","mixed","0.8","0.2","0","3000","381","27.692154413591908","64.67020925225819","0.35927894029032326","70.54514745059294","41.113447111074514","0.39191748583662744","0.22840803950596952","12.341027876173673","11.325753526699803","16.40212527406915","0.690505244744423","1460.4080011893311","1120.3238639951344","2820.7445499661135","0.397173102402553","0.12713662787419033","0","0","0","0","0","0","0","0.08097563060991722","80","20","0.2014282788970335","0.049971520861239446","0.8072553110402098","0.0990026248817393"
"160","100","0.4","0.35","144","5","single","60","0.2","0.5","0.1","1","0.05","500","2000","0.5","0.01","true","false","all","5","8","1.5","0.3","1","mixed","0.8","0.2","0","3000","196","34.567506354706346","59.36993824022595","0.3298329902234775","68.53192116792295","21.414902046371594","0.3807328953773497","0.11897167803539775","12.549427498798424","11.395742857188669","17.164166065237442","0.6639263925713496","1665.2875577366897","1241.2256520439907","3361.5351805074824","0.3692436893837911","0.13300062298276227","0","0","0","0","0","0","0","0.08082296581001515","80","20","0.21447075089810785","0.0633712907754742","0.8188685913886425","0.09992688824279328"
"161","100","0.4","0.35","144","5","single","60","0.2","0.5","0.1","1","0.05","500","2000","0.5","0.01","true","false","all","5","8","1.5","0.3","1","mixed","0.8","0.2","0","3000","171","29.42401238200354","61.78880362992602","0.3432711312773668","68.73210294091919","27.191676041674718","0.3818450163384399","0.15106486689819287","12.151628412846119","10.969152952111141","16.88153025578604","0.6497724309294494","1616.0877565869655","1024.0213011135913","3984.3535784804562","0.25701064951773944","0.12562870298763396","0","0","0","0","0","0","0","0.07814094947691912","80","20","0.2146636959274776","0.07197593050966869","0.7854147575987134","0.09072777255216204"
"163","100","0.4","0.35","144","5","single","60","0.2","0.5","0.1","1","0.05","500","2000","0.5","0.01","true","false","all","5","8","1.5","0.3","1","mixed","0.8","0.2","0","3000","71","17.02084751294882","94.83672117225493","0.526870673179194","99.94622411532168","52.72616700382289","0.5552568006406761","0.29292315002123825","12.123451665840072","10.756502547976563","17.591248137294116","0.6114689795758363","1860.6315125871704","896.973417838821","5715.263891580567","0.1569434823753626","0.13824196658074395","0","0","0","0","0","0","0","0.07629099769113395","80","20","0.21231843467306985","0.07426008066084618","0.7645518507219649","0.08714797160875057"
"164","100","0.4","0.35","144","5","single","60","0.2","0.5","0.1","1","0.05","500","2000","0.5","0.01","true","false","all","5","8","1.5","0.3","1","mixed","0.8","0.2","0","3000","420","26.823871532975858","88.89538402455452","0.49386324458085845","96.32496395718428","28.36131897581181","0.5351386886510238","0.1575628831989545","12.257933577104753","11.0720104682558","17.00162601250056","0.651232444480018","1425.1854646092966","1017.9225943927183","3054.2369454756063","0.3332821298951996","0.12750514780823674","0","0","0","0","0","0","0","0.08736979863763998","80","20","0.21217331235764506","0.05734317293760919","0.8314938700377889","0.10312196820102427"
"162","100","0.4","0.35","144","5","single","60","0.2","0.5","0.1","1","0.05","500","2000","0.5","0.01","true","false","all","5","8","1.5","0.3","1","mixed","0.8","0.2","0","3000","-1","23.257407638712124","67.60305592306592","0.3755725329059218","73.95917753700658","39.929428870554304","0.4108843196500366","0.22183016039196835","2928.9586165300007","2896.619819657447","3058.313804020222","0.9471296947519824","1261.5814905690984","808.7799068071298","3072.7878256169715","0.2632072087973527","0.02788691091166684","1","1","1","1","1","1","100","0.08286224246125978","80","20","0.20830784322903864","0.06209271629031212","0.7931683509839448","0.09365139869844627"
"165","100","0.4","0.35","144","5","single","60","0.2","0.5","0.1","1","0.05","500","2000","0.5","0.01","true","false","all","5","8","1.5","0.3","1","mixed","0.8","0.2","0","3000","86","19.562359949413974","65.6287377531751","0.36460409862875054","76.03470036689788","24.009381309383212","0.42241500203832155","0.13338545171879562","12.624164221114913","11.308754620268662","17.88580262449991","0.6322754901017397","1775.8460907002225","1299.0555016194483","3683.008447023315","0.3527158626718252","0.1382650268191612","0","0","0","0","0","0","0","0.08474592457848061","80","20","0.21265612112653773","0.06088565018852511","0.8197380048785883","0.10302892244299848"
"166","100","0.4","0.35","144","5","single","60","0.2","0.5","0.1","1","0.05","500","2000","0.5","0.01","true","false","all","5","8","1.5","0.3","1","mixed","0.8","0.2","0","3000","267","22.166624756787925","109.37201963568475","0.6076223313093597","104.6775269050989","106.99805915433019","0.5815418161394383","0.5944336619685011","12.762625657789645","11.458897887002706","17.977536740937367","0.637400888237886","1777.7919320834212","1169.004459624859","4212.941821917671","0.2774793740428973","0.13740961652523098","0","0","0","0","0","0","0","0.0724885632611956","80","20","0.20375365127471007","0.05589244038671929","0.7951984948266732","0.09675344476771296"
"168","100","0.4","0.35","144","5","single","60","0.2","0.5","0.1","1","0.05","500","2000","0.5","0.01","true","false","all","5","8","1.5","0.3","1","mixed","0.8","0.2","0","3000","108","14.319600397621585","99.69207572769108","0.5538448651538393","102.64003341217764","23.63268025776158","0.5702224078454313","0.13129266809867546","12.233822973703647","11.246238760698459","16.184159825724382","0.6948917263423714","1434.9912828746405","1114.3484316897125","2717.5626876143506","0.410054361126057","0.12202674232253985","0","0","0","0","0","0","0","0.08817501819767377","80","20","0.19947410487711564","0.056370667747602944","0.7718878533951661","0.09069361304090036"
"167","100","0.4","0.35","144","5","single","60","0.2","0.5","0.1","1","0.05","500","2000","0.5","0.01","true","false","all","5","8","1.5","0.3","1","mixed","0.8","0.2","0","3000","0","12.309437325246478","96.6604058374568","0.5370022546525378","92.24696421797388","89.99999999999999","0.5124831345442994","0.49999999999999994","13.45228217035369","11.789420648033722","20.103728259633513","0.5864295664852288","2363.897780681294","1421.85517757334","6132.068193113109","0.2318720426446362","0.1656849739884252","0","0","0","0","0","0","0","0.08526407435561269","80","20","0.2081392161111525","0.06419345638653126","0.7839222550096373","0.0922599311073508"
"169","100","0.4","0.35","144","5","single","60","0.2","0.5","0.1","1","0.05","500","2000","0.5","0.01","true","false","all","5","8","1.5","0.3","1","mixed","0.8","0.2","0","3000","1","12.706325093573298","86.21287150209747","0.47896039723387485","91.88214540924407","42.1319701867546","0.5104563633846892","0.23406650103752555","12.367212331756354","11.072102227339638","17.547652749423253","0.6309734062695963","1494.084216165214","1086.4815024015165","3124.495071220006","0.3477302660545674","0.14552405047422612","0","0","0","0","0","0","0","0.08429649914550932","80","20","0.19773836339811385","0.06097969198098223","0.7447730490666403","0.08356713243756052"
"170","100","0.4","0.35","144","5","single","60","0.2","0.5","0.1","1","0.05","500","2000","0.5","0.01","true","false","all","5","8","1.5","0.3","1","mixed","0.8","0.2","0","3000","0","22.1147629454494","95.06070912893816","0.5281150507163231","101.84234655060749","19.417696516785902","0.5657908141700416","0.10787609175992167","12.28083988986217","10.984795645878933","17.465016865795135","0.628959922013727","1642.4838607090733","1063.5594612108139","3958.1814587021136","0.26869901552203085","0.13326203433258432","0","0","0","0","0","0","0","0.06616614950708984","80","20","0.20425275136956894","0.05540007076299576","0.7996634737958617","0.09594763605019496"
"171","100","0.4","0.35","144","5","single","60","0.2","0.5","0.1","1","0.05","500","2000","0.5","0.01","true","false","all","5","8","1.5","0.3","1","mixed","0.8","0.2","0","3000","0","13.12872040804082","93.52077901461377","0.519559883414521","99.6980912989101","37.05617808326133","0.553878284993945","0.2058676560181185","12.34083646845695","11.28861715667642","16.549713715579024","0.6821034702280028","1662.0252576495673","1222.6099948792667","3419.686308730772","0.3575210953583175","0.1228945071316292","0","0","0","0","0","0","0","0.08700374558132488","80","20","0.20803427158727353","0.06982116164484388","0.760886711356992","0.08800186107865558"
"172","100","0.4","0.35","144","5","single","60","0.2","0.5","0.1","1","0.05","500","2000","0.5","0.01","true","false","all","5","8","1.5","0.3","1","mixed","0.8","0.2","0","3000","-1","46.563650562929936","96.21206990248803","0.5345114994582668","97.61918572230775","42.294760634726416","0.5423288095683764","0.23497089241514676","2934.4201466940804","2891.8551055018797","3104.6803114628815","0.9314502027228944","1089.27089920156","649.3977790238506","2848.763379912397","0.22795778112109127","0.028138533194818738","1","1","1","1","1","1","100","0.08807959467780663","80","20","0.19652215944472118","0.04082641435590085","0.8193051398000026","0.10381242797842223"
"173","100","0.4","0.35","144","5","single","60","0.2","0.5","0.1","1","0.05","500","2000","0.5","0.01","true","false","all","5","8","1.5","0.3","1","mixed","0.8","0.2","0","3000","0","20.78084728478902","99.19424505117476","0.5510791391731931","86.4530157510619","150.69870850063975","0.4802945319503439","0.8372150472257764","12.599258824175509","11.069039481023916","18.7201361967819","0.591290542155711","1379.686877291054","939.6853861531824","3139.692841842544","0.299292138909271","0.14804060546443387","0","0","0","0","0","0","0","0.08970334749412637","80","20","0.1949424131346268","0.048401777387170046","0.7811049561244539","0.09235483456380189"
"174","100","0.4","0.35","144","5","single","60","0.2","0.5","0.1","1","0.05","500","2000","0.5","0.01","true","false","all","5","8","1.5","0.3","1","mixed","0.8","0.2","0","3000","0","21.80356088313698","68.80740223662745","0.3822633457590414","75.77111786129937","25.576465937581055","0.4209506547849965","0.14209147743100586","12.54213869070356","11.126714243151453","18.203836480912006","0.6112290810136968","1727.5441649253148","1148.4261410882032","4044.016260273761","0.28398158344953345","0.13814092270477496","0","0","0","0","0","0","0","0.08794421248664525","80","20","0.20543909928615278","0.05794075497011607","0.7954324765502998","0.09484693966844869"
"175","100","0.4","0.35","144","5","single","60","0.2","0.5","0.1","1","0.05","500","2000","0.5","0.01","true","false","all","5","8","1.5","0.3","1","mixed","0.8","0.2","0","3000","20","24.02978826008929","117.05623581642136","0.6503124212023409","107.16853300991745","109.77172328220406","0.5953807389439858","0.6098429071233559","12.642524023747203","11.193669101317582","18.437943713465657","0.6070996459948292","1477.5648804332502","1062.4002542008693","3138.223385362771","0.3385355737122131","0.14717958905088824","0","0","0","0","0","0","0","0.08474493513621532","80","20","0.21703832081419908","0.061766098130396484","0.8381272115494101","0.10632759140776493"
"176","100","0.4","0.35","144","5","single","60","0.2","0.5","0.1","1","0.05","500","2000","0.5","0.01","true","false","all","5","8","1.5","0.3","1","mixed","0.8","0.2","0","3000","556","26.171413025372644","81.32714230474062","0.451817457248559","88.85874133689764","26.758970731546935","0.4936596740938758","0.14866094850859407","12.426742044799703","11.30758966104445","16.903351579820708","0.6689554794886653","1486.655072297612","1142.9657866105981","2861.4122150456674","0.39944115028262583","0.12393024658182972","0","0","0","0","0","0","0","0.0907355935673396","80","20","0.21548469362856948","0.06293648505693702","0.8256775279150996","0.10302648509630957"
"177","100","0.4","0.35","144","5","single","60","0.2","0.5","0.1","1","0.05","500","2000","0.5","0.01","true","false","all","5","8","1.5","0.3","1","mixed","0.8","0.2","0","3000","-1","37.59700395108352","77.75066316384935","0.43194812868805194","87.01190385706971","35.173278253598404","0.4833994658726095","0.19540710140888","2934.4715924961283","2911.0862483711676","3028.0129689959704","0.9613850000571259","1276.5313409878122","754.0418045396802","3366.4894867803405","0.22398460102153311","0.02527320839822167","1","1","1","1","1","1","100","0.08438370746730083","80","20","0.21370576541531583","0.06667849918405147","0.8018148303403734","0.09930620332333844"
"179","100","0.4","0.35","144","5","single","60","0.2","0.5","0.1","1","0.05","500","2000","0.5","0.01","true","false","all","5","8","1.5","0.3","1","mixed","0.8","0.2","0","3000","1551","30.826754173135654","80.08411420633033","0.44491174559072405","80.66971871139597","48.33756513940663","0.44816510395219983","0.26854202855225906","13.040825749946496","11.533542211355465","19.069959904310593","0.6048015973409787","1341.1275856222703","865.7002379871723","3242.8369761626645","0.26695768068229525","0.14924230974527886","0","0","0","0","0","0","0","0.08713613524733366","80","20","0.21602528462051032","0.06548439145340386","0.818188857288936","0.0988576885365242"
"178","100","0.4","0.35","144","5","single","60","0.2","0.5","0.1","1","0.05","500","2000","0.5","0.01","true","false","all","5","8","1.5","0.3","1","mixed","0.8","0.2","0","3000","101","20.962245228125198","77.18541886305012","0.42880788257250063","87.11820631072536","36.9533039910094","0.4839900350595853","0.20529613328338556","12.307407438422647","11.037263624766341","17.387982693047864","0.6347638952492923","1492.770368183983","1002.6162950208102","3453.3866608366757","0.29032842061708186","0.13372737547928648","0","0","0","0","0","0","0","0.08556357596004578","80","20","0.21099528083660762","0.06291273927623306","0.8033254470781053","0.09621536840447394"
"180","100","0.4","0.35","144","5","single","60","0.2","0.5","0.1","1","0.05","500","2000","0.5","0.01","true","false","all","5","8","1.5","0.3","1","mixed","0.8","0.2","0","3000","0","10.70232806873598","68.8055958733447","0.38225331040747057","79.16317445911339","20.698311997982493","0.4397954136617411","0.11499062221101385","12.33771340862032","11.00341757165514","17.674896756481015","0.6225449417474204","1620.6777294718415","1039.372164298124","3945.899990166715","0.2634056024958224","0.13284786822706973","0","0","0","0","0","0","0","0.07964894285097285","80","20","0.1897643073500351","0.0425689492098326","0.7785457399108454","0.09241323536614021"
"181","100","0.4","0.35","144","5","single","60","0.2","0.5","0.1","1","0.05","500","2000","0.5","0.01","true","false","all","5","8","1.5","0.3","1","mixed","0.8","0.2","0.25","3000","1276","33.59675467656956","85.9229411909058","0.47734967328281","89.58450672114307","61.678676613712824","0.4976917040063504","0.3426593145206268","12.516965881753547","11.336706980125324","17.238001488266434","0.6576578490170101","1534.745828656174","1152.1880458461183","3064.976959896395","0.3759206222173578","0.1366640894206259","0","0","0","0","0","0","0","0.09330561672252495","80","20","0.3723665320817768","0.27000291030023754","0.7818210192079321","0.05983523580087308"
"182","100","0.4","0.35","144","5","single","60","0.2","0.5","0.1","1","0.05","500","2000","0.5","0.01","true","false","all","5","8","1.5","0.3","1","mixed","0.8","0.2","0.25","3000","36","20.210194584387978","109.01317203229618","0.6056287335127566","99.88766404101834","125.99999999999997","0.5549314668945463","0.6999999999999998","12.39278401373715","11.03732008474292","17.814639729714095","0.6195645969945219","1759.1083400032448","1238.48988955946","3841.582141778387","0.3223905786343866","0.1363826433807105","0","0","0","0","0","0","0","0.08185423777737846","80","20","0.39083984418826967","0.290481301925443","0.792274013239578","0.06115288174997941"
"183","100","0.4","0.35","144","5","single","60","0.2","0.5","0.1","1","0.05","500","2000","0.5","0.01","true","false","all","5","8","1.5","0.3","1","mixed","0.8","0.2","0.25","3000","-1","41.92379454059517","94.66129771716801","0.5258960984287112","98.37205508224612","53.57303596323","0.5465114171235895","0.2976279775735","2940.849827683596","2901.9584390147397","3096.415382359013","0.9371993355761834","998.0155718232745","728.5165216416357","2076.0117725498267","0.35092118998287153","0.027977400857447376","1","1","1","1","1","1","100","0.09495697548706065","80","20","0.37280316602097174","0.26285765736234007","0.8125852006554986","0.06911996402899688"
"185","100","0.4","0.35","144","5","single","60","0.2","0.5","0.1","1","0.05","500","2000","0.5","0.01","true","false","all","5","8","1.5","0.3","1","mixed","0.8","0.2","0.25","3000","506","38.14172205487032","61.649756947140595","0.34249864970633664","66.57958044201212","40.479094907342","0.3698865580111784","0.22488386059634446","12.195175213966404","10.923272544866546","17.28278589036584","0.6320319313193392","1479.7536114953195","925.9723050768822","3694.8788371690666","0.25060965349173436","0.1403403840885833","0","0","0","0","0","0","0","0.08125641674361594","80","20","0.34126751990872956","0.23443504006496899","0.7685974392837716","0.06403716056869542"
"184","100","0.4","0.35","144","5","single","60","0.2","0.5","0.1","1","0.05","500","2000","0.5","0.01","true","false","all","5","8","1.5","0.3","1","mixed","0.8","0.2","0.25","3000","1715","38.25638894157487","99.70362301475808","0.553909016748656","107.10262969628272","29.683442806754606","0.5950146094237929","0.16490801559308113","12.697545469733615","11.460737340055354","17.64477798844665","0.6495257320641581","1318.7330006861196","875.3214464153341","3092.3792177692603","0.2830576021807448","0.12413406225093282","0","0","0","0","0","0","0","0.08217291557416978","80","20","0.35660568938073517","0.24757865209294477","0.7927138385318973","0.06571061703126362"
"186","100","0.4","0.35","144","5","single","60","0.2","0.5","0.1","1","0.05","500","2000","0.5","0.01","true","false","all","5","8","1.5","0.3","1","mixed","0.8","0.2","0.25","3000","0","21.479252602669206","73.20544920311377","0.4066969400172987","82.24365262359233","35.44552048894727","0.4569091812421796","0.19691955827192925","12.775446935849141","11.57346216853213","17.583386005117166","0.6582044075676887","1853.4959598549776","1273.8735390829477","4171.9856429430965","0.30533986645848155","0.12940160242873833","0","0","0","0","0","0","0","0.08305709568570571","80","20","0.3608708647322824","0.24747970492687504","0.8144355039539122","0.07267587350025792"
"187","100","0.4","0.35","144","5","single","60","0.2","0.5","0.1","1","0.05","500","2000","0.5","0.01","true","false","all","5","8","1.5","0.3","1","mixed","0.8","0.2","0.25","3000","0","11.057010684632317","98.05006985280716","0.5447226102933731","97.3506122545562","90","0.5408367347475345","0.5","12.295701619621832","10.984806280524689","17.539282976010387","0.6262973404072059","1912.1656577308768","1177.8933282579567","4849.254975622555","0.24290191672314304","0.13651735201997628","0","0","0","0","0","0","0","0.08122501488671953","80","20","0.3771046198402929","0.2691020594295423","0.8091148614832943","0.06621967438371285"
"188","100","0.4","0.35","144","5","single","60","0.2","0.5","0.1","1","0.05","500","2000","0.5","0.01","true","false","all","5","8","1.5","0.3","1","mixed","0.8","0.2","0.25","3000","301","35.99057179416241","59.41041990008626","0.33005788833381255","67.41541112030265","20.58846327983154","0.3745300617794592","0.11438035155461966","12.113353248538763","10.980725822545658","16.64386295251117","0.659746229218315","1466.1331698759254","1034.2506540617858","3193.663233132484","0.32384461934871844","0.12514385479548262","0","0","0","0","0","0","0","0.07102725944825522","80","20","0.3857245611383117","0.2756474985644748","0.8260328114336601","0.06547817746674395"
"190","100","0.4","0.35","144","5","single","60","0.2","0.5","0.1","1","0.05","500","2000","0.5","0.01","true","false","all","5","8","1.5","0.3","1","mixed","0.8","0.2","0.25","3000","966","30.0892556727907","94.23860948300374","0.5235478304611318","99.2815111446134","55.11499012498096","0.5515639508034078","0.3061943895832276","12.853260267420506","11.598177192294639","17.873592567923982","0.6489001664449244","1548.5517054985671","1152.244710073648","3133.779687198239","0.3676852954215854","0.14657945838560926","0","0","0","0","0","0","0","0.0937310137468101","80","20","0.38489933377205837","0.27383769424568893","0.8291458918775367","0.06847990540885651"
"189","100","0.4","0.35","144","5","single","60","0.2","0.5","0.1","1","0.05","500","2000","0.5","0.01","true","false","all","5","8","1.5","0.3","1","mixed","0.8","0.2","0.25","3000","0","21.21356506096251","57.92739470330973","0.32181885946283184","64.239852770706","33.112620252820406","0.3568880709483666","0.18395900140455781","12.206856106047523","11.158571575309853","16.399994228998214","0.6804009452381051","1408.0673396499167","1134.9202614873025","2500.6556523003774","0.45384907771818894","0.11047112212533117","0","0","0","0","0","0","0","0.08503366810449102","80","20","0.381322782995894","0.2691717991610613","0.8299267183352246","0.06921877364733164"
"191","100","0.4","0.35","144","5","single","60","0.2","0.5","0.1","1","0.05","500","2000","0.5","0.01","true","false","all","5","8","1.5","0.3","1","mixed","0.8","0.2","0.25","3000","321","30.94532289710579","52.552246446754474","0.29195692470419154","59.558555750970925","22.808822202723235","0.3308808652831718","0.12671567890401797","12.131346391707334","10.913134759382864","17.004192921005224","0.6417908106595231","1606.6376779650984","1134.0903236902855","3496.82709506435","0.32431981703957125","0.12568430452339574","0","0","0","0","0","0","0","0.08571306845721369","80","20","0.34516942673784845","0.2358456097302676","0.7824646947681722","0.06531442191801469"
"192","100","0.4","0.35","144","5","single","60","0.2","0.5","0.1","1","0.05","500","2000","0.5","0.01","true","false","all","5","8","1.5","0.3","1","mixed","0.8","0.2","0.25","3000","398","27.90957100946129","53.521910473334565","0.2973439470740809","61.76122254426949","20.442574534851353","0.3431179030237194","0.11356985852695196","12.481248610988146","11.205516288198524","17.584177902146603","0.6372499385843119","1558.9857335195861","1018.7030173504166","3720.116598196266","0.27383631412099946","0.13816502963153487","0","0","0","0","0","0","0","0.10091000364364967","80","20","0.3623185993505086","0.25380290267277694","0.796381386061435","0.06735082534320012"
"193","100","0.4","0.35","144","5","single","60","0.2","0.5","0.1","1","0.05","500","2000","0.5","0.01","true","false","all","5","8","1.5","0.3","1","mixed","0.8","0.2","0.25","3000","-1","55.69355154413313","111.03882413797321","0.6168823563220733","102.46165403209413","141.33657698306808","0.5692314112894118","0.7852032054614894","2918.816490632218","2881.3329392867204","3068.750696014209","0.9389270177695075","1142.3607443916992","796.1934864790808","2527.029776042171","0.31507087649995064","0.02668319843952993","1","1","1","1","1","1","100","0.07309623993075966","80","20","0.3833705103174983","0.2880950814405137","0.7644722258254371","0.06289072885660334"
"194","100","0.4","0.35","144","5","single","60","0.2","0.5","0.1","1","0.05","500","2000","0.5","0.01","true","false","all","5","8","1.5","0.3","1","mixed","0.8","0.2","0.25","3000","-1","48.60312063861825","82.51093956758625","0.4583941087088125","94.44471794543867","19.21407489542736","0.5246928774746593","0.10674486053015199","2912.2638906799675","2886.417419504167","3015.6497753831663","0.9571460993468384","1038.3577400151062","719.9222339361173","2312.099764331063","0.3113716133890121","0.024732853671755928","1","1","1","1","1","1","100","0.06431135050806398","80","20","0.37073710447398134","0.248490919693453","0.8597218435960953","0.07933986734692738"
"195","100","0.4","0.35","144","5","single","60","0.2","0.5","0.1","1","0.05","500","2000","0.5","0.01","true","false","all","5","8","1.5","0.3","1","mixed","0.8","0.2","0.25","3000","1591","44.84879474773611","86.11389153416167","0.4784105085231204","84.5051258238874","91.64376009628481","0.4694729212438189","0.5091320005349156","12.782276224885333","11.712911988656165","17.05973316980202","0.6865823675008919","1413.1806071737801","1015.3685488110793","3004.42884062458","0.3379572633179751","0.12667318821712326","0","0","0","0","0","0","0","0.08829478881557715","80","20","0.35921128501796384","0.25014520480130076","0.7954756058846169","0.06480837606557038"
"196","100","0.4","0.35","144","5","single","60","0.2","0.5","0.1","1","0.05","500","2000","0.5","0.01","true","false","all","5","8","1.5","0.3","1","mixed","0.8","0.2","0.25","3000","66","30.30939518748393","55.03645454329581","0.30575808079608785","63.48843910088984","19.421577005748354","0.35271355056049913","0.1078976500319353","12.05447566724303","10.978282327593627","16.359249025840665","0.6710749564513997","1689.0935041173339","1139.436503308607","3887.7215073522398","0.2930859376510814","0.11761573006022408","0","0","0","0","0","0","0","0.07857773417706992","80","20","0.375038017203358","0.2578999099729062","0.8435904461251639","0.07483111453559474"
"197","100","0.4","0.35","144","5","single","60","0.2","0.5","0.1","1","0.05","500","2000","0.5","0.01","true","false","all","5","8","1.5","0.3","1","mixed","0.8","0.2","0.25","3000","3","22.371635595523955","66.26383857490458","0.3681324365272477","74.19766383891208","31.096585375888356","0.41220924354951155","0.1727588076438242","12.505734400318852","11.310840183061021","17.28531126935018","0.6543613827259843","1601.5725771219438","1173.8694802573532","3312.3849645803048","0.3543879992240238","0.1288774185315389","0","0","0","0","0","0","0","0.06733013495584213","80","20","0.37598634216461746","0.2657353939917564","0.8169901348560623","0.06703713440816589"
"198","100","0.4","0.35","144","5","single","60","0.2","0.5","0.1","1","0.05","500","2000","0.5","0.01","true","false","all","5","8","1.5","0.3","1","mixed","0.8","0.2","0.25","3000","-1","37.15609713414075","101.74747944657058","0.5652637747031699","94.93136677306465","127.51490828077519","0.5273964820725814","0.7084161571154177","2919.2200993466536","2876.5030955539564","3090.0881145174444","0.9308806056500298","1133.4745109458324","790.1275504495883","2506.8623529308084","0.3151858535534825","0.030978477079493416","1","1","1","1","1","1","100","0.08539014502102679","80","20","0.3569933856859707","0.2474061981103463","0.7953421359884681","0.06459884630911979"
"199","100","0.4","0.35","144","5","single","60","0.2","0.5","0.1","1","0.05","500","2000","0.5","0.01","true","false","all","5","8","1.5","0.3","1","mixed","0.8","0.2","0.25","3000","16","27.44985823286588","64.28762185314662","0.35715345473970345","70.24564886767605","40.45551379502877","0.39025360482042254","0.22475285441682652","12.504092190660497","11.27838465149333","17.406922347329125","0.6479252579203847","1810.2127915464591","1282.5114818081433","3921.018030499723","0.3270863515118014","0.13016555723839995","0","0","0","0","0","0","0","0.08405475752381351","80","20","0.3276738391415052","0.21636846015207728","0.7728953550992174","0.07034880030220793"
"200","100","0.4","0.35","144","5","single","60","0.2","0.5","0.1","1","0.05","500","2000","0.5","0.01","true","false","all","5","8","1.5","0.3","1","mixed","0.8","0.2","0.25","3000","-1","39.398186462827056","103.53549269914393","0.5751971816619107","100.00322415336066","89.4761369572593","0.5555734675186703","0.49708964976255166","2907.619853059657","2867.934307240778","3066.3620363351756","0.9352888775874769","1009.9333613810456","726.7550050575032","2142.646786675217","0.3391856322642997","0.027699084750122838","1","1","1","1","1","1","100","0.09354114637629266","80","20","0.3584911224037007","0.24781996677441742","0.8011757449208332","0.0661623438974738"
"201","100","0.4","0.35","144","5","single","60","0.2","0.5","0.1","1","0.05","500","2000","0.5","0.01","true","false","all","5","8","1.5","0.3","1","mixed","0.8","0.2","0.25","3000","0","17.209138975410667","117.5818506295112","0.6532325034972845","111.14732883279946","135.8130665394221","0.6174851601822192","0.7545170363301228","12.629116662549919","11.627245656836262","16.636600685404556","0.6988955181834081","2024.2438089335224","1506.168228051371","4096.546132462123","0.3676678302524396","0.1249816825331489","0","0","0","0","0","0","0","0.0929615601054289","80","20","0.35091364983355694","0.2475029795891369","0.7645563308112366","0.06058160440755356"
"203","100","0.4","0.35","144","5","single","60","0.2","0.5","0.1","1","0.05","500","2000","0.5","0.01","true","false","all","5","8","1.5","0.3","1","mixed","0.8","0.2","0.25","3000","266","25.943508115895824","118.10663455053768","0.6561479697252093","113.39144364644885","128.8627097487024","0.6299524647024936","0.7159039430483467","12.336002135301918","11.17719857832359","16.971216363215202","0.6585973768238531","1794.3006231991715","1320.3170193530325","3690.23503858372","0.35778670072455837","0.1377415010483436","0","0","0","0","0","0","0","0.08929038521453157","80","20","0.3693517987070636","0.2587019512301517","0.8119511886147117","0.0669958089866921"
"204","100","0.4","0.35","144","5","single","60","0.2","0.5","0.1","1","0.05","500","2000","0.5","0.01","true","false","all","5","8","1.5","0.3","1","mixed","0.8","0.2","0.25","3000","901","43.874123205607205","71.98763635424707","0.3999313130791504","79.3420412582888","37.844478393155065","0.4407891181016045","0.2102471021841948","12.71876846300204","11.401459660834762","17.988003671671116","0.633836854213603","1629.9125421842805","1088.5812042719824","3795.237893833474","0.28682818698683304","0.14137700212143156","0","0","0","0","0","0","0","0.08600463491864417","80","20","0.3463512378608283","0.24194038623201894","0.7639946443760655","0.059544065724320784"
"202","100","0.4","0.35","144","5","single","60","0.2","0.5","0.1","1","0.05","500","2000","0.5","0.01","true","false","all","5","8","1.5","0.3","1","mixed","0.8","0.2","0.25","3000","811","22.470263261126362","75.32275617125974","0.41845975650699857","82.0605849655555","49.02102729297642","0.4558921386975306","0.2723390405165357","13.190566008847691","11.335184646018623","20.612091460163963","0.5499288933355264","1855.0638761822493","1031.0556901571438","5151.09662028267","0.20016236661089148","0.16617021493090922","0","0","0","0","0","0","0","0.09454910847897698","80","20","0.3457659024012969","0.23339133909049017","0.7952641556445239","0.07065408274533298"
"205","100","0.4","0.35","144","5","single","60","0.2","0.5","0.1","1","0.05","500","2000","0.5","0.01","true","false","all","5","8","1.5","0.3","1","mixed","0.8","0.2","0.25","3000","426","29.582669367926286","61.01134265713729","0.3389519036507627","70.42077859947992","18.72686952566513","0.3912265477748884","0.10403816403147294","11.962425244063063","10.837681748534317","16.46139922617806","0.6583694131723311","1248.2443866398326","932.017697073649","2513.1511449045715","0.3708562053513254","0.11798461976083985","0","0","0","0","0","0","0","0.08359387097805356","80","20","0.3676141263960019","0.2580284367657294","0.8059568849170923","0.06469416784920567"
"206","100","0.4","0.35","144","5","single","60","0.2","0.5","0.1","1","0.05","500","2000","0.5","0.01","true","false","all","5","8","1.5","0.3","1","mixed","0.8","0.2","0.25","3000","66","20.507249280035026","64.86490296050323","0.3603605720027957","72.92970567396306","26.92778767733197","0.405165031522017","0.14959882042962205","12.360260531933186","11.10985548339294","17.36188072609422","0.6398993092203002","1667.4013695491296","1104.2117310122326","3920.1599236967168","0.2816751746114886","0.12663657606869738","0","0","0","0","0","0","0","0.07038067452340041","80","20","0.35465986169548197","0.24870093154399298","0.7784955823014374","0.06132362383207398"
"207","100","0.4","0.35","144","5","single","60","0.2","0.5","0.1","1","0.05","500","2000","0.5","0.01","true","false","all","5","8","1.5","0.3","1","mixed","0.8","0.2","0.25","3000","1576","29.59485996809825","94.22352736430557","0.5234640409128087","100.87560181548423","30.6015215853139","0.5604200100860235","0.17000845325174388","12.661783160528868","11.241570195982638","18.342635018713768","0.6128656097945366","1459.8840587387015","874.488593865962","3801.465918229661","0.23003983533626168","0.13876275036143793","0","0","0","0","0","0","0","0.08478143335882055","80","20","0.38952075935771496","0.2927730518765428","0.7765115892824032","0.05858586655215443"
"208","100","0.4","0.35","144","5","single","60","0.2","0.5","0.1","1","0.05","500","2000","0.5","0.01","true","false","all","5","8","1.5","0.3","1","mixed","0.8","0.2","0.25","3000","0","21.272529284971185","111.45227461026136","0.6191793033903409","104.94686239926276","125.99999999999997","0.5830381244403486","0.6999999999999998","12.975693554497347","11.265309988757226","19.817227817457816","0.5684604371774518","1816.0329372947817","1180.7037121107403","4357.349838030942","0.2709683078015816","0.1584996671366663","0","0","0","0","0","0","0","0.07336976001674204","80","20","0.3690884912467968","0.2578738045556875","0.8139472380112345","0.06716085842099315"
"209","100","0.4","0.35","144","5","single","60","0.2","0.5","0.1","1","0.05","500","2000","0.5","0.01","true","false","all","5","8","1.5","0.3","1","mixed","0.8","0.2","0.25","3000","76","14.178401963702044","88.58331582999985","0.492129532388888","95.99725464419161","22.691431808049355","0.5333180813566201","0.12606351004471864","12.348611902140526","11.22253816716797","16.852906842030762","0.6659111257399952","1794.2614857849073","1367.136211992252","3502.7625809555298","0.3903022772440678","0.1339373288875696","0","0","0","0","0","0","0","0.08112246850246994","80","20","0.3446759233330284","0.22423897045309663","0.8264237348527557","0.07733633928287409"
"210","100","0.4","0.35","144","5","single","60","0.2","0.5","0.1","1","0.05","500","2000","0.5","0.01","true","false","all","5","8","1.5","0.3","1","mixed","0.8","0.2","0.25","3000","0","10.041083910185407","64.128329689648","0.3562684982758222","73.16525422548298","26.782555488360952","0.4064736345860166","0.14879197493533863","12.800954377254143","11.485810868022831","18.06152841417936","0.6359268498565048","1863.0663260235192","1244.5206666495362","4337.248963519449","0.28693779792610136","0.14832549413761242","0","0","0","0","0","0","0","0.07245990407093837","80","20","0.35945465056027237","0.2527025447823802","0.7864630736718411","0.06386817869369739"
"211","100","0.4","0.35","144","5","single","60","0.2","0.5","0.1","1","0.05","500","2000","0.5","0.01","true","false","all","5","8","1.5","0.3","1","mixed","0.8","0.2","0.5","3000","28","29.19791813468197","125.47005637440012","0.6970558687466674","121.18082513658639","105.85059621714758","0.6732268063143688","0.5880588678730422","12.172948647854888","10.962691351731927","17.013977832346725","0.6443344090227867","1741.9388580535697","1293.18927672697","3536.9371833599666","0.3656240441054384","0.1274770147823736","0","0","0","0","0","0","0","0.08264661662960654","80","20","0.5401549374096599","0.47815636724322347","0.788149218075407","0.035222253279031286"
"212","100","0.4","0.35","144","5","single","60","0.2","0.5","0.1","1","0.05","500","2000","0.5","0.01","true","false","all","5","8","1.5","0.3","1","mixed","0.8","0.2","0.5","3000","0","24.250234687005445","46.45552556804228","0.2580862531557905","52.35887539523095","22.960587152831085","0.2908826410846164","0.12755881751572826","12.01462442865365","10.890418875578735","16.511446640953274","0.6595678205789237","1878.414549116572","1490.8299363062006","3428.7530003580628","0.43480237163496865","0.12024449972840423","0","0","0","0","0","0","0","0.08943188672444609","80","20","0.5487303139097319","0.48465924211233824","0.8050146010993062","0.035982373032238245"
"213","100","0.4","0.35","144","5","single","60","0.2","0.5","0.1","1","0.05","500","2000","0.5","0.01","true","false","all","5","8","1.5","0.3","1","mixed","0.8","0.2","0.5","3000","-1","52.045736663391125","108.24851209455537","0.6013806227475298","113.17171651282786","53.999999999999986","0.6287317584045992","0.29999999999999993","2933.0299556216346","2915.283588299883","3004.015424908641","0.9704622566605311","1302.3016037976925","942.2672942189147","2742.4388421128033","0.34358734997094137","0.026697401917275432","1","1","1","1","1","1","100","0.09520716086995443","80","20","0.5720938791814805","0.5200298351547886","0.780350055288248","0.031095892399338187"
"214","100","0.4","0.35","144","5","single","60","0.2","0.5","0.1","1","0.05","500","2000","0.5","0.01","true","false","all","5","8","1.5","0.3","1","mixed","0.8","0.2","0.5","3000","736","24.17816669857102","113.54630464808666","0.6308128036004814","120.37523332219897","58.38326675832693","0.6687512962344387","0.3243514819907052","12.137160157746306","11.138700679556482","16.130998070505633","0.6905152818735251","1428.268519750969","1147.7529328855603","2550.3308672126036","0.45004079574192757","0.11293930827347953","0","0","0","0","0","0","0","0.07323571155401436","80","20","0.5607365925649198","0.4977840158987904","0.8125468992294369","0.03397528016922475"
"215","100","0.4","0.35","144","5","single","60","0.2","0.5","0.1","1","0.05","500","2000","0.5","0.01","true","false","all","5","8","1.5","0.3","1","mixed","0.8","0.2","0.5","3000","246","26.853674080298546","129.8417302645157","0.7213429459139761","124.62527508155787","148.64467323984755","0.6923626393419882","0.8258037402213753","12.039094619874497","10.99640309999464","16.20986069939394","0.6783773965686068","1641.568848795188","1353.1137017799042","2795.3894368563215","0.4840519478035978","0.11317546528352151","0","0","0","0","0","0","0","0.07589245765003015","80","20","0.5660632833600847","0.5037863591939473","0.8151709800246346","0.04204533361392521"
"216","100","0.4","0.35","144","5","single","60","0.2","0.5","0.1","1","0.05","500","2000","0.5","0.01","true","false","all","5","8","1.5","0.3","1","mixed","0.8","0.2","0.5","3000","131","23.027990312709008","58.32298654030854","0.324016591890603","63.652741667361454","37.10620053784628","0.35362634259645254","0.20614555854359043","12.358413177436852","11.137732670632904","17.241135204652622","0.6459976410153851","1717.052200573982","1327.2738553336217","3276.1655815354193","0.40513027266209684","0.12604779320025883","0","0","0","0","0","0","0","0.08844821515658738","80","20","0.5392346322960926","0.479497492000744","0.7781831934774887","0.03254142376102348"
"217","100","0.4","0.35","144","5","single","60","0.2","0.5","0.1","1","0.05","500","2000","0.5","0.01","true","false","all","5","8","1.5","0.3","1","mixed","0.8","0.2","0.5","3000","621","24.640780907601098","103.80165286884184","0.5766758492713435","107.42364635357642","54.033963624962915","0.5967980352976467","0.30018868680534955","12.404411763124978","11.20632737608997","17.196749311265016","0.6516538197570327","1821.618936084349","1208.036372198478","4275.949191627832","0.2825188789810163","0.1165967586602843","0","0","0","0","0","0","0","0.07097242983566579","80","20","0.5438471373296183","0.48230766370235595","0.7900050318386682","0.03552158956581548"
"218","100","0.4","0.35","144","5","single","60","0.2","0.5","0.1","1","0.05","500","2000","0.5","0.01","true","false","all","5","8","1.5","0.3","1","mixed","0.8","0.2","0.5","3000","56","20.775894652805377","46.282526680315186","0.25712514822397325","52.34416729978155","21.70624139689523","0.2908009294432308","0.12059022998275128","11.89694815305123","10.746534735751098","16.498601822251747","0.6513603305012909","1825.3491860313256","1097.4542000299316","4736.929130036909","0.23168051915131357","0.11809940800834617","0","0","0","0","0","0","0","0.08401762675017038","80","20","0.5594131300063853","0.49550082359485526","0.8150623556525035","0.03459050878532762"
"219","100","0.4","0.35","144","5","single","60","0.2","0.5","0.1","1","0.05","500","2000","0.5","0.01","true","false","all","5","8","1.5","0.3","1","mixed","0.8","0.2","0.5","3000","-1","77.19421606592903","119.04296940052082","0.6613498300028934","117.35733125940911","108.00000000000003","0.6519851736633839","0.6000000000000002","2904.588002975961","2874.7689121511053","3023.864366275376","0.950693736204869","1082.339080009865","788.4017931906844","2258.0882272865883","0.3491456992971707","0.027092685156086205","1","1","1","1","1","1","100","0.06982161121087385","80","20","0.5696576839359238","0.5057201473735635","0.825407830185364","0.041873834953826815"
"220","100","0.4","0.35","144","5","single","60","0.2","0.5","0.1","1","0.05","500","2000","0.5","0.01","true","false","all","5","8","1.5","0.3","1","mixed","0.8","0.2","0.5","3000","1142","36.07430202031615","96.76219887435138","0.5375677715241743","101.42070724702941","55.384590436189136","0.5634483735946079","0.3076921690899396","12.290696180959037","11.22191832969393","16.56580758601944","0.6774145040272329","1398.581226095357","1120.5631219714878","2510.653642590834","0.4463232613858829","0.11801140833645984","0","0","0","0","0","0","0","0.07999365673058657","80","20","0.5737176550926348","0.5098516942669356","0.8291814983954314","0.03643022998081522"
"221","100","0.4","0.35","144","5","single","60","0.2","0.5","0.1","1","0.05","500","2000","0.5","0.01","true","false","all","5","8","1.5","0.3","1","mixed","0.8","0.2","0.5","3000","-1","61.022824477820194","117.47182550948492","0.6526212528304718","117.70413019419686","108.00000000000003","0.6539118344122048","0.6000000000000002","2908.222386770844","2880.1306019187587","3020.5895261791834","0.9534994996694915","1263.975731270396","751.9551168994615","3312.0581887541316","0.2270355996318766","0.025682308487771977","1","1","1","1","1","1","100","0.07045174711799215","80","20","0.5659490151861902","0.5096841144620123","0.7910086180829008","0.03139694322773787"
"222","100","0.4","0.35","144","5","single","60","0.2","0.5","0.1","1","0.05","500","2000","0.5","0.01","true","false","all","5","8","1.5","0.3","1","mixed","0.8","0.2","0.5","3000","-1","41.813512255267504","58.41640275874855","0.3245355708819364","68.41485904965663","21.352743456895787","0.3800825502758701","0.11862635253830993","2931.9715234499313","2907.6203474919803","3029.3762272817353","0.9598082672289908","1200.5025838906447","896.5600949721726","2416.2725395645343","0.3710508977326509","0.027761405126164762","1","1","1","1","1","1","100","0.08441897942172048","80","20","0.5458443003624169","0.48260456958911035","0.7988032234556437","0.03948081309862499"
"223","100","0.4","0.35","144","5","single","60","0.2","0.5","0.1","1","0.05","500","2000","0.5","0.01","true","false","all","5","8","1.5","0.3","1","mixed","0.8","0.2","0.5","3000","611","38.70130664397324","48.78667814872536","0.271037100826252","55.8864232983001","20.16305423862689","0.3104801294350006","0.11201696799237162","12.226767148554886","11.032989682123196","17.001877014281654","0.6489277432636075","1556.569413343402","1038.072821144663","3630.5557821383563","0.2859266964721445","0.13285352252659144","0","0","0","0","0","0","0","0.0868802301251858","80","20","0.5783375570657995","0.5173787944867858","0.8221726073818523","0.03783595461758276"
"224","100","0.4","0.35","144","5","single","60","0.2","0.5","0.1","1","0.05","500","2000","0.5","0.01","true","false","all","5","8","1.5","0.3","1","mixed","0.8","0.2","0.5","3000","8","20.801802786216697","126.27705820283441","0.701539212237969","116.47352207505135","146.37268390835646","0.6470751226391742","0.813181577268647","12.062982469003027","10.965725281547979","16.452011218823248","0.6665279482062204","1637.8057634367685","1037.1921372140475","4040.2602683276477","0.25671418877263663","0.10995717654463477","0","0","0","0","0","0","0","0.08499861248085176","80","20","0.5843295746189149","0.5379390238142052","0.7698917778377522","0.028689445243792033"
"225","100","0.4","0.35","144","5","single","60","0.2","0.5","0.1","1","0.05","500","2000","0.5","0.01","true","false","all","5","8","1.5","0.3","1","mixed","0.8","0.2","0.5","3000","0","16.04055496330193","49.6533434622396","0.2758519081235533","55.32709495612871","25.58241511792709","0.3073727497562706","0.14212452843292828","12.008744785214397","10.709508059798193","17.2056916868792","0.6224398445989302","1640.6456736516432","1065.5278410806907","3941.117003935454","0.27036188979334885","0.12798448931095852","0","0","0","0","0","0","0","0.10074256556895594","80","20","0.5832090126565586","0.5337627757716809","0.7809939601960698","0.034061467940331575"
"227","100","0.4","0.35","144","5","single","60","0.2","0.5","0.1","1","0.05","500","2000","0.5","0.01","true","false","all","5","8","1.5","0.3","1","mixed","0.8","0.2","0.5","3000","306","34.373129446711346","51.12666104392444","0.28403700579958024","58.4295432231778","21.306328088394274","0.3246085734620989","0.11836848937996819","12.216489678677625","11.13411665244433","16.54598178361082","0.6729196730696837","1784.6521990863912","1220.9986529239766","4039.266383736046","0.30228228022798437","0.13485540112163474","0","0","0","0","0","0","0","0.09127884618350879","80","20","0.5751685910305807","0.5220144427223791","0.7877851842633878","0.03540926783404208"
"226","100","0.4","0.35","144","5","single","60","0.2","0.5","0.1","1","0.05","500","2000","0.5","0.01","true","false","all","5","8","1.5","0.3","1","mixed","0.8","0.2","0.5","3000","-1","60.128437199630895","102.12219345900985","0.5673455192167214","118.604529750524","20.514351619498058","0.6589140541695777","0.11396862010832254","2890.935508443945","2881.7004743071534","2927.8756449911125","0.9842291216285247","1292.7445272432874","810.891283183735","3220.157503481494","0.2518172736293286","0.025328989686875802","1","1","1","1","1","1","100","0.08168039297435715","80","20","0.5558456965852946","0.49766754653140444","0.788558296800856","0.03198965483640215"
"228","100","0.4","0.35","144","5","single","60","0.2","0.5","0.1","1","0.05","500","2000","0.5","0.01","true","false","all","5","8","1.5","0.3","1","mixed","0.8","0.2","0.5","3000","646","42.26614539015531","51.60486748519205","0.28669370825106694","58.30798612440445","20.496763409685602","0.3239332562466914","0.11387090783158668","11.979125327578767","10.875059860679256","16.395387195176802","0.663299971584598","1536.12083048337","1186.1575151438806","2935.9740918413277","0.40400816834182934","0.11415219144641209","0","0","0","0","0","0","0","0.07064851622063568","80","20","0.5373217606478148","0.4767761294931532","0.7795042852664609","0.03577745477871201"
"229","100","0.4","0.35","144","5","single","60","0.2","0.5","0.1","1","0.05","500","2000","0.5","0.01","true","false","all","5","8","1.5","0.3","1","mixed","0.8","0.2","0.5","3000","896","37.26550483953876","59.57665267685349","0.33098140376029717","64.32655692367652","36.3419503090428","0.35736976068709175","0.20189972393912667","11.985038803129003","10.919911601958063","16.245547607812767","0.6721787326335793","1191.886495259665","931.5956299779175","2233.0499563866547","0.41718530627292916","0.1221475119438713","0","0","0","0","0","0","0","0.07854706472141482","80","20","0.5474864040209","0.48709298568818465","0.7890600773517614","0.03256661598505483"
"230","100","0.4","0.35","144","5","single","60","0.2","0.5","0.1","1","0.05","500","2000","0.5","0.01","true","false","all","5","8","1.5","0.3","1","mixed","0.8","0.2","0.5","3000","433","33.076912574813896","52.89485608386829","0.29386031157704606","59.18592536246297","25.126604623279412","0.3288106964581276","0.13959224790710784","12.509734301093133","11.208581037086267","17.71434735712059","0.6327402760667205","1800.1534077750787","1097.4090584080843","4611.130805243056","0.23799130945500024","0.1308273790177401","0","0","0","0","0","0","0","0.08212901258287884","80","20","0.5586853025621353","0.4934051505679971","0.8198059105386889","0.03716017708779457"
"231","100","0.4","0.35","144","5","single","60","0.2","0.5","0.1","1","0.05","500","2000","0.5","0.01","true","false","all","5","8","1.5","0.3","1","mixed","0.8","0.2","0.5","3000","501","49.49955450667781","40.49241778686925","0.22495787659371805","43.25188175905906","27.868542116693725","0.24028823199477256","0.1548252339816318","11.951079630862717","10.856085823133514","16.331054861779528","0.6647510473154193","1651.2453954716368","1090.996696080545","3892.2401930360043","0.28030045474391746","0.1183457634802556","0","0","0","0","0","0","0","0.08109855732549735","80","20","0.5545822921266756","0.4987372218884019","0.7779625730797716","0.03648148946454836"
"232","100","0.4","0.35","144","5","single","60","0.2","0.5","0.1","1","0.05","500","2000","0.5","0.01","true","false","all","5","8","1.5","0.3","1","mixed","0.8","0.2","0.5","3000","2271","54.82178624449574","61.89688273215328","0.3438715707341849","68.57609113443459","29.07147575808033","0.3809782840801922","0.16150819865600183","176.38030593969074","174.28597281646594","184.75763843258977","0.9433221505483544","1115.0238986127174","871.113031819407","2090.66736578596","0.4166674460391374","0.02901511919824884","0","0","0","0","0","0","0","0.09407461158037611","80","20","0.5598809088528958","0.5047234776058922","0.7805106338409094","0.0295750473914283"
"233","100","0.4","0.35","144","5","single","60","0.2","0.5","0.1","1","0.05","500","2000","0.5","0.01","true","false","all","5","8","1.5","0.3","1","mixed","0.8","0.2","0.5","3000","437","25.067799369305277","94.36274081287988","0.5242374489604438","91.63246237411258","105.47446672011628","0.5090692354117365","0.5859692595562016","11.949338186287129","10.880622116916589","16.22420246376926","0.6706414161937654","1759.437222634999","1234.5013708339739","3859.1806298390934","0.3198869110424213","0.10691378251191619","0","0","0","0","0","0","0","0.08755687883974536","80","20","0.5225807024984154","0.456873731323361","0.7854085871986332","0.04137145738100212"
"234","100","0.4","0.35","144","5","single","60","0.2","0.5","0.1","1","0.05","500","2000","0.5","0.01","true","false","all","5","8","1.5","0.3","1","mixed","0.8","0.2","0.5","3000","-1","64.58805527177385","124.87779930277534","0.6937655516820852","120.5178013835957","90","0.669543341019976","0.5","2908.729915209337","2893.1371300051087","2971.101056026253","0.9737592479855203","1079.2351180761668","780.7744823012282","2273.077661175922","0.34348781638077136","0.02657920641633016","1","1","1","1","1","1","100","0.08583104910310625","80","20","0.5568227228639987","0.4931392628992509","0.81155656272299","0.03526668362114629"
"235","100","0.4","0.35","144","5","single","60","0.2","0.5","0.1","1","0.05","500","2000","0.5","0.01","true","false","all","5","8","1.5","0.3","1","mixed","0.8","0.2","0.5","3000","574","46.42233159585068","52.7779377542662","0.2932107653014789","59.50648034593627","24.713048517199365","0.3305915574774237","0.1372947139844409","12.112845474261322","11.056344176103513","16.33885066689256","0.6766904479093502","1705.919062184283","1197.603291786242","3739.1821437764424","0.3202848231877534","0.11675568574879946","0","0","0","0","0","0","0","0.07997605859895147","80","20","0.5645345517995847","0.5158043061309543","0.759455534474106","0.03184212915583451"
"236","100","0.4","0.35","144","5","single","60","0.2","0.5","0.1","1","0.05","500","2000","0.5","0.01","true","false","all","5","8","1.5","0.3","1","mixed","0.8","0.2","0.5","3000","206","22.658762894412135","125.05803090198188","0.6947668383443438","124.89274144936037","121.52417089529558","0.6938485636075576","0.6751342827516421","11.830015115689353","10.771930603540476","16.062353164284843","0.6706321603918043","1471.0898216564865","1155.9765163258533","2731.5430429790226","0.4231954240285902","0.11194050941022571","0","0","0","0","0","0","0","0.09001340517252686","80","20","0.5601527296914601","0.5014993279610962","0.7947663366129165","0.035326673609485305"
"237","100","0.4","0.35","144","5","single","60","0.2","0.5","0.1","1","0.05","500","2000","0.5","0.01","true","false","all","5","8","1.5","0.3","1","mixed","0.8","0.2","0.5","3000","0","14.113409994231503","61.55075673296701","0.3419486485164834","70.41263905537016","28.666771057102814","0.3911813280853898","0.15925983920612674","12.06792500580615","10.864602493534745","16.881215054891758","0.643591261541713","1692.0040087584273","1208.5988619027482","3625.6245961811424","0.33334914573774715","0.12913865472189423","0","0","0","0","0","0","0","0.0824170590871135","80","20","0.550515012530272","0.48541334889928367","0.8109216670542247","0.033216025852106104"
"238","100","0.4","0.35","144","5","single","60","0.2","0.5","0.1","1","0.05","500","2000","0.5","0.01","true","false","all","5","8","1.5","0.3","1","mixed","0.8","0.2","0.5","3000","786","38.68057730901029","56.045020663350094","0.31136122590750054","61.56833701114749","30.237466239219252","0.3420463167285972","0.16798592355121805","12.791761682210424","11.752267709272532","16.949737573962018","0.6933598622391783","1700.4922624316816","1390.7758532592566","2939.35789912138","0.4731563494445441","0.1424689111297015","0","0","0","0","0","0","0","0.07620127405813773","80","20","0.5751675069455094","0.5094768169313387","0.8379302670021914","0.03911832664430614"
"239","100","0.4","0.35","144","5","single","60","0.2","0.5","0.1","1","0.05","500","2000","0.5","0.01","true","false","all","5","8","1.5","0.3","1","mixed","0.8","0.2","0.5","3000","97","18.23724587031562","48.1442019184019","0.2674677884355661","53.98747347395194","23.91530591782622","0.2999304081886219","0.1328628106545901","12.192037198788382","11.048430749889016","16.766462994385854","0.6589601368868622","1873.5046143586767","1407.2689633351524","3738.4472184527754","0.3764314115199884","0.11864780514922613","0","0","0","0","0","0","0","0.08175098681659569","80","20","0.5549873972679451","0.49142447650067594","0.8092390803370222","0.03708684424701308"
"240","100","0.4","0.35","144","5","single","60","0.2","0.5","0.1","1","0.05","500","2000","0.5","0.01","true","false","all","5","8","1.5","0.3","1","mixed","0.8","0.2","0.5","3000","376","19.414184102662574","66.57769748479126","0.36987609713772923","74.23606373751127","20.621557849597377","0.4124225763195071","0.11456421027554098","12.407751617876938","10.973138606772713","18.146203662293832","0.604707122822274","1567.870373328662","1138.284722759492","3286.212975605339","0.34638190866184304","0.14707060977458686","0","0","0","0","0","0","0","0.0963062674801945","80","20","0.5512993294133868","0.49024095431630765","0.7955328298017029","0.0344225950226129"
"242","100","0.4","0.35","144","5","single","60","0.2","0.5","0.1","1","0.05","500","2000","0.5","0.01","true","false","all","5","8","1.5","0.3","1","mixed","0.8","0.2","0.75","3000","1871","78.63308763336877","50.57429859715473","0.2809683255397485","51.1998341224884","45.27500867992508","0.2844435229027133","0.2515278259995838","14.71516061781699","13.642477084159808","19.005894752445712","0.717802411402087","1195.0928121984816","931.1846324370839","2250.72553124407","0.4137264271056539","0.091882920999252","0","0","0","0","0","0","0","0.08735725483853377","80","20","0.7708623009882316","0.7568558009893138","0.826888300983903","0.017716076617151695"
"243","100","0.4","0.35","144","5","single","60","0.2","0.5","0.1","1","0.05","500","2000","0.5","0.01","true","false","all","5","8","1.5","0.3","1","mixed","0.8","0.2","0.75","3000","1436","56.55884818188784","46.36600925001845","0.25758894027788026","50.32407813685067","28.80616756851183","0.27957821187139265","0.16003426426951017","11.807421438701114","10.747371540493777","16.047621031530493","0.6697174315979453","1360.1528551532717","968.0517431174909","2928.5573032963957","0.3305558481057713","0.11681949601151342","0","0","0","0","0","0","0","0.07504417688981876","80","20","0.7505412606179062","0.7341291353833257","0.8161897615562269","0.019692133513858942"
"241","100","0.4","0.35","144","5","single","60","0.2","0.5","0.1","1","0.05","500","2000","0.5","0.01","true","false","all","5","8","1.5","0.3","1","mixed","0.8","0.2","0.75","3000","1226","66.2386446569752","33.52366617571098","0.18624258986506098","35.943114099464275","22.29838240052988","0.19968396721924597","0.12387990222516601","11.576792253626593","10.526479557551596","15.778043037926569","0.6671600230933902","1036.3025775630379","789.4661089911453","2023.6484518506072","0.39012018528672116","0.10551287053101444","0","0","0","0","0","0","0","0.0897884822718132","80","20","0.763055490087325","0.752827465105916","0.80396759001296","0.01898736862723887"
"244","100","0.4","0.35","144","5","single","60","0.2","0.5","0.1","1","0.05","500","2000","0.5","0.01","true","false","all","5","8","1.5","0.3","1","mixed","0.8","0.2","0.75","3000","-1","83.28998921996936","105.72151841368712","0.5873417689649284","97.41060383487039","140.37553101559413","0.5411700213048355","0.7798640611977452","2910.274471822237","2874.285467377859","3054.2304895997568","0.9410833521456075","974.3917997720815","750.3070969404573","1870.7306110985805","0.4010770404295902","0.027112927349989713","1","1","1","1","1","1","100","0.0829408722097783","80","20","0.7672597364065404","0.7600250816981294","0.7961983552401861","0.014735084867299644"
"245","100","0.4","0.35","144","5","single","60","0.2","0.5","0.1","1","0.05","500","2000","0.5","0.01","true","false","all","5","8","1.5","0.3","1","mixed","0.8","0.2","0.75","3000","-1","103.61770872678855","41.71493625607432","0.23174964586707955","45.02650055911896","26.591812967742317","0.25014722532843864","0.1477322942652351","2920.191833759947","2888.7851267052115","3045.8186619788803","0.9484429138103573","1040.449565997085","821.3681967740513","1916.77504288922","0.4285156987102539","0.025060303777376225","1","1","1","1","1","1","100","0.08267399188175643","80","20","0.7489146025367801","0.7427128435370652","0.7737216385356394","0.02077202362238049"
"246","100","0.4","0.35","144","5","single","60","0.2","0.5","0.1","1","0.05","500","2000","0.5","0.01","true","false","all","5","8","1.5","0.3","1","mixed","0.8","0.2","0.75","3000","146","36.78465193953587","40.580292429300144","0.22544606905166747","45.049556910404924","22.792235658002934","0.25027531616891624","0.12662353143334965","12.023627045781472","10.965207020653915","16.2573071462917","0.6744786773100416","1564.6920744669364","1197.935586334775","3031.7180269955848","0.395134235990252","0.11258659544435212","0","0","0","0","0","0","0","0.08173769485720073","80","20","0.7587900682632573","0.7426468595706173","0.8233629030338185","0.017670195469383417"
"247","100","0.4","0.35","144","5","single","60","0.2","0.5","0.1","1","0.05","500","2000","0.5","0.01","true","false","all","5","8","1.5","0.3","1","mixed","0.8","0.2","0.75","3000","251","45.920639087086734","35.259706279325876","0.195887257107366","38.11153576264163","22.60299841450266","0.21173075423689794","0.12557221341390368","11.918356215436699","10.806160179503323","16.367140359170214","0.6602350772564142","1557.3644677964628","1066.2349126632755","3521.882688329213","0.30274572068983346","0.10746763956874217","0","0","0","0","0","0","0","0.09123215813794172","80","20","0.757130211160919","0.7516434176638633","0.7790773851491437","0.019397774259129863"
"248","100","0.4","0.35","144","5","single","60","0.2","0.5","0.1","1","0.05","500","2000","0.5","0.01","true","false","all","5","8","1.5","0.3","1","mixed","0.8","0.2","0.75","3000","447","47.4687007843189","33.96761645623367","0.1887089803124093","37.41859209459154","22.019792836450254","0.20788106719217522","0.12233218242472363","11.669699888055787","10.626690861212484","15.841735995428994","0.6708034311567073","1448.3210169056574","1133.8713747406448","2706.119585565708","0.41900268590813655","0.10542345197895786","0","0","0","0","0","0","0","0.08527727488817927","80","20","0.7495207015870119","0.7391470580541435","0.7910152757184855","0.01835649717913068"
"252","100","0.4","0.35","144","5","single","60","0.2","0.5","0.1","1","0.05","500","2000","0.5","0.01","true","false","all","5","8","1.5","0.3","1","mixed","0.8","0.2","0.75","3000","0","26.06458565657053","55.756952810754335","0.3097608489486352","61.00167746057731","32.90659333446567","0.3388982081143184","0.18281440741369817","12.166530284679132","11.03662333508365","16.68615808306104","0.6614238748155863","1707.258728076442","1099.615303099364","4137.832427984754","0.26574669763388875","0.12892604881151093","0","0","0","0","0","0","0","0.09327818971430794","80","20","0.738912736098566","0.7227409889126142","0.8035997248423732","0.01988058369651059"
"249","100","0.4","0.35","144","5","single","60","0.2","0.5","0.1","1","0.05","500","2000","0.5","0.01","true","false","all","5","8","1.5","0.3","1","mixed","0.8","0.2","0.75","3000","436","37.50790104260979","35.95521594716826","0.19975119970649036","39.97263768410801","18.03533834932014","0.2220702093561556","0.10019632416288966","11.660290161684557","10.509087809158002","16.26509957179076","0.6461127251495191","1362.3214793868153","917.3068935036956","3142.379822919296","0.2919147096137824","0.1170000281211554","0","0","0","0","0","0","0","0.08605146394507288","80","20","0.757991401979285","0.7479345341803512","0.7982188731750206","0.020805359608810116"
"251","100","0.4","0.35","144","5","single","60","0.2","0.5","0.1","1","0.05","500","2000","0.5","0.01","true","false","all","5","8","1.5","0.3","1","mixed","0.8","0.2","0.75","3000","246","31.18086340992135","36.770192563243434","0.20427884757357465","40.32105281272138","21.95827577985719","0.22400584895956324","0.12199042099920661","11.700804571061242","10.64396548470912","15.928160916469755","0.6682482391110975","1403.3480822854074","949.6371918766233","3218.191643920539","0.29508410217600806","0.1091614878725593","0","0","0","0","0","0","0","0.09530077682214962","80","20","0.7861709346710545","0.7787030539875837","0.8160424574049367","0.013461303656514703"
"250","100","0.4","0.35","144","5","single","60","0.2","0.5","0.1","1","0.05","500","2000","0.5","0.01","true","false","all","5","8","1.5","0.3","1","mixed","0.8","0.2","0.75","3000","221","41.33778365183441","36.09145045543599","0.2005080580857555","39.85518904583738","19.86457625306415","0.22141771692131876","0.1103587569614675","11.809407356783845","10.638178894181944","16.494321207191465","0.6449600902366166","1539.201910911048","1061.4537030459078","3450.194742371607","0.30765037405288065","0.11981057069002787","0","0","0","0","0","0","0","0.07737482344122543","80","20","0.7622815842263048","0.7492715238501312","0.8143218257309999","0.01738961276131709"
"253","100","0.4","0.35","144","5","single","60","0.2","0.5","0.1","1","0.05","500","2000","0.5","0.01","true","false","all","5","8","1.5","0.3","1","mixed","0.8","0.2","0.75","3000","296","38.855929233291974","39.70750417861358","0.22059724543674214","42.80778691848764","26.067416818948903","0.23782103843604246","0.1448189823274939","11.760649930765009","10.72990683190882","15.883622326189771","0.6755327350120113","1499.0030212490337","1250.097367123532","2494.6256377510445","0.5011162188850586","0.10684468915521839","0","0","0","0","0","0","0","0.07171469447578292","80","20","0.751486141916872","0.7358447109092041","0.8140518659475413","0.02004135067594065"
"254","100","0.4","0.35","144","5","single","60","0.2","0.5","0.1","1","0.05","500","2000","0.5","0.01","true","false","all","5","8","1.5","0.3","1","mixed","0.8","0.2","0.75","3000","231","50.914467785228055","37.87627244866333","0.21042373582590737","41.109099718028965","22.399894454541773","0.22838388732238313","0.12444385808078763","12.015339738646059","10.891814660539954","16.509440051070495","0.6597325304096979","1760.5824860706155","1205.8743513682634","3979.41502488002","0.3030280440288132","0.11197330676994643","0","0","0","0","0","0","0","0.07293447241109788","80","20","0.7337279168552928","0.7163646552798641","0.8031809631570038","0.01975480823417073"
"255","100","0.4","0.35","144","5","single","60","0.2","0.5","0.1","1","0.05","500","2000","0.5","0.01","true","false","all","5","8","1.5","0.3","1","mixed","0.8","0.2","0.75","3000","626","59.505383983577715","48.588721106715774","0.2699373394817543","51.747507580188554","38.095512282228896","0.28748615322326976","0.21164173490127164","12.218045608397906","11.150919861685894","16.486548595245964","0.6763647222622057","1564.4849085650546","1072.3265783092","3533.118229588472","0.30350713127256485","0.124932603834075","0","0","0","0","0","0","0","0.09055964293246066","80","20","0.7402734447214724","0.7283827290406625","0.7878363074447124","0.017378616664487825"
"256","100","0.4","0.35","144","5","single","60","0.2","0.5","0.1","1","0.05","500","2000","0.5","0.01","true","false","all","5","8","1.5","0.3","1","mixed","0.8","0.2","0.75","3000","-1","76.05924597992683","138.8746199664899","0.7715256664804994","136.4093626577316","148.65618229217108","0.7578297925429534","0.8258676794009504","2917.766998642057","2888.1075511254808","3036.404788708357","0.9511602543460752","1231.1799712446314","696.7854968351148","3368.7578688826934","0.20683751220927488","0.024394575536135665","1","1","1","1","1","1","100","0.07746656212443068","80","20","0.7534348570645453","0.7437508090399245","0.7921710491630292","0.02201674717032437"
"257","100","0.4","0.35","144","5","single","60","0.2","0.5","0.1","1","0.05","500","2000","0.5","0.01","true","false","all","5","8","1.5","0.3","1","mixed","0.8","0.2","0.75","3000","-1","85.74800697282808","115.0195179203999","0.6389973217799995","111.93152748708155","125.90676918644786","0.6218418193726752","0.6994820510358214","2909.506357374457","2886.5656046593303","3001.2693682349623","0.9617815832228721","1136.5266177402525","711.0177141278135","2838.562232190009","0.25048515972794055","0.02753034880908589","1","1","1","1","1","1","100","0.07959132506378748","80","20","0.7572180925263374","0.7437202641552947","0.8112094060105088","0.015275919429585587"
"260","100","0.4","0.35","144","5","single","60","0.2","0.5","0.1","1","0.05","500","2000","0.5","0.01","true","false","all","5","8","1.5","0.3","1","mixed","0.8","0.2","0.75","3000","76","20.21913526268773","41.76797157738647","0.23204428654103593","44.861942152720914","28.316296321490476","0.24923301195956063","0.15731275734161376","11.800346963969254","10.601874386741208","16.594237272881475","0.6388889234497648","1484.9015599587178","883.6172079893537","3890.0389678361753","0.2271486777626969","0.1211800531123628","0","0","0","0","0","0","0","0.07983211053308717","80","20","0.7660339652687618","0.7503954742419335","0.8285879293760747","0.022312530832165264"
"258","100","0.4","0.35","144","5","single","60","0.2","0.5","0.1","1","0.05","500","2000","0.5","0.01","true","false","all","5","8","1.5","0.3","1","mixed","0.8","0.2","0.75","3000","316","35.95650758395815","40.906842361480514","0.22726023534155843","42.19760884820665","35.54654130210117","0.23443116026781471","0.19748078501167315","11.862778272465242","10.744529919666943","16.33577168365839","0.6577301720258075","1515.6903780279672","1035.6261248652133","3435.9473906789826","0.3014091914429929","0.11142451985796331","0","0","0","0","0","0","0","0.08493901509638282","80","20","0.7654948530415219","0.7532602749165613","0.8144331655413641","0.01759795368074471"
"259","100","0.4","0.35","144","5","single","60","0.2","0.5","0.1","1","0.05","500","2000","0.5","0.01","true","false","all","5","8","1.5","0.3","1","mixed","0.8","0.2","0.75","3000","369","24.591691206427697","57.60111445177108","0.3200061913987282","60.59114510893619","38.26385404781704","0.33661747282742327","0.2125769669323169","11.658938864071008","10.547999613060561","16.102695868112797","0.6550455712169371","1362.3496686320414","972.9112836812077","2920.103208435374","0.33317701952134265","0.10870538839299959","0","0","0","0","0","0","0","0.09649385520897956","80","20","0.7359548492013086","0.7208763228151608","0.7962689547459012","0.017943824803224595"
"261","100","0.4","0.35","144","5","single","60","0.2","0.5","0.1","1","0.05","500","2000","0.5","0.01","true","false","all","5","8","1.5","0.3","1","mixed","0.8","0.2","0.75","3000","216","26.603733213314484","128.87542048404367","0.715974558244687","131.44874152568445","105.35245807587982","0.7302707862538025","0.5852914337548879","11.812479342992278","10.718894445513275","16.18681893290826","0.6621989465590096","1386.1230046234446","1131.6988440942225","2403.819646740335","0.470791910544889","0.11512454977453634","0","0","0","0","0","0","0","0.07476833231122909","80","20","0.7506469301594992","0.7388506947086971","0.7978318719627084","0.015471818082890415"
"262","100","0.4","0.35","144","5","single","60","0.2","0.5","0.1","1","0.05","500","2000","0.5","0.01","true","false","all","5","8","1.5","0.3","1","mixed","0.8","0.2","0.75","3000","36","31.68624830637706","35.274932142318015","0.19597184523510008","38.76396529165977","23.0339394937968","0.21535536273144318","0.12796633052109335","11.723478782071446","10.568265080210256","16.34433358951617","0.646601161333927","1428.793507629681","1045.001227698549","2963.9626273542062","0.3525689622582638","0.1147663791292104","0","0","0","0","0","0","0","0.085794023127867","80","20","0.7736312874267268","0.7644926075547811","0.8101860069145088","0.020179128860786346"
"263","100","0.4","0.35","144","5","single","60","0.2","0.5","0.1","1","0.05","500","2000","0.5","0.01","true","false","all","5","8","1.5","0.3","1","mixed","0.8","0.2","0.75","3000","-1","78.29811053943794","54.73593122795459","0.3040885068219699","58.11241352691459","42.400118152432334","0.32284674181619216","0.23555621195795742","2920.8283864905497","2888.188533345442","3051.3877990709834","0.9465163799320334","1093.733466061043","798.8580719890031","2273.2350423492003","0.35141903811382796","0.02495879040751947","1","1","1","1","1","1","100","0.10051520715203022","80","20","0.7539722967209186","0.7402581873632477","0.8088287341516016","0.020000066125291708"
"264","100","0.4","0.35","144","5","single","60","0.2","0.5","0.1","1","0.05","500","2000","0.5","0.01","true","false","all","5","8","1.5","0.3","1","mixed","0.8","0.2","0.75","3000","-1","63.12398659716676","62.35963645449295","0.34644242474718306","64.6561174455588","48.06384482986073","0.3592006524753267","0.26702136016589295","2899.305899820929","2876.789232915461","2989.372567442807","0.9623388078978555","1141.1717135894314","834.1836138223804","2369.124112657636","0.35210633726006446","0.02713101760334391","1","1","1","1","1","1","100","0.08570105699247224","80","20","0.7347669444082624","0.7185578243341986","0.7996034247045163","0.023454166800012527"
"267","100","0.4","0.35","144","5","single","60","0.2","0.5","0.1","1","0.05","500","2000","0.5","0.01","true","false","all","5","8","1.5","0.3","1","mixed","0.8","0.2","0.75","3000","171","29.12469005534578","74.42274214340603","0.4134596785744779","74.40404805255653","71.99999999999999","0.41335582251420294","0.3999999999999999","11.924970607086989","10.89121892359347","16.05997734106105","0.6781590466972546","1758.2098318177927","1209.3247897037024","3953.7500002741544","0.3058677937704325","0.11405409805462874","0","0","0","0","0","0","0","0.07729736894204445","80","20","0.768758942157185","0.7686686640569055","0.7691200545583031","0.016300633570986895"
"266","100","0.4","0.35","144","5","single","60","0.2","0.5","0.1","1","0.05","500","2000","0.5","0.01","true","false","all","5","8","1.5","0.3","1","mixed","0.8","0.2","0.75","3000","-1","48.59630539560389","52.67898150784342","0.2926610083769079","58.646892191292366","21.77864178335647","0.325816067729402","0.12099245435198039","2917.1207689184494","2885.370909554164","3044.120206375598","0.9478505163859986","1049.4216967666255","717.1750156943924","2378.4084210555566","0.3015356863629437","0.02704119724261389","1","1","1","1","1","1","100","0.0851451781215471","80","20","0.7594737162002678","0.7460791931206877","0.8130518085185889","0.02000665552717177"
"265","100","0.4","0.35","144","5","single","60","0.2","0.5","0.1","1","0.05","500","2000","0.5","0.01","true","false","all","5","8","1.5","0.3","1","mixed","0.8","0.2","0.75","3000","-1","53.19411690747968","37.48375758816204","0.20824309771201135","38.754612925863974","32.401582584544144","0.21530340514368873","0.18000879213635634","2891.6963828547196","2867.74891049494","2987.4862722938374","0.9599203641839796","1122.7749424710064","857.5358364103249","2183.731366713733","0.3926929152008376","0.026011073042096378","1","1","1","1","1","1","100","0.06942974832319858","80","20","0.7602215729621234","0.7584900116049098","0.7671478183909773","0.017510126200639485"
"269","100","0.4","0.35","144","5","single","60","0.2","0.5","0.1","1","0.05","500","2000","0.5","0.01","true","false","all","5","8","1.5","0.3","1","mixed","0.8","0.2","0.75","3000","642","57.71497531433202","29.949327272343456","0.1663851515130192","32.090556434574246","19.218916267509183","0.17828086908096805","0.10677175704171768","11.77849858480167","10.656403082244923","16.266880595028688","0.6550981314451658","1623.2432734140043","1035.1584829084875","3975.582435436074","0.26037907645472913","0.11002785321460506","0","0","0","0","0","0","0","0.07148730504440198","80","20","0.7607384847452101","0.749102017575203","0.8072843534252396","0.019444431264154148"
"270","100","0.4","0.35","144","5","single","60","0.2","0.5","0.1","1","0.05","500","2000","0.5","0.01","true","false","all","5","8","1.5","0.3","1","mixed","0.8","0.2","0.75","3000","346","38.1149246226786","44.269081886297634","0.24593934381276464","48.873923196979696","25.89685889873901","0.2715217955387761","0.14387143832632782","12.023619665321096","10.965253101510328","16.257085920564172","0.6744906900959405","1586.0996732082806","1124.5263574159942","3432.3929363774287","0.3276216850052217","0.1113951780169482","0","0","0","0","0","0","0","0.08093468517059757","80","20","0.742488298796344","0.7336709660322667","0.7777576298526527","0.0174358307010997"
"268","100","0.4","0.35","144","5","single","60","0.2","0.5","0.1","1","0.05","500","2000","0.5","0.01","true","false","all","5","8","1.5","0.3","1","mixed","0.8","0.2","0.75","3000","-1","55.117121493124294","44.434204479293065","0.24685669155162815","48.39902223317014","25.812478194332975","0.2688834568509452","0.1434026566351832","2923.000653109866","2896.1703129144544","3030.322013891518","0.9557302160093584","1069.9189864691705","784.993368082429","2209.621460016138","0.35526147002423475","0.025263628446783315","1","1","1","1","1","1","100","0.09563468605403763","80","20","0.7581217162348638","0.7445342121884496","0.8124717324205214","0.020247348868426645"
"271","100","0.4","0.35","144","5","single","60","0.2","0.5","0.1","1","0.05","500","2000","0.5","0.01","true","false","all","5","8","1.5","0.3","1","mixed","0.8","0.2","1","3000","138","31.63086686828794","26.154043151725332","0.1453002397318074","28.185689079272606","18.059734768118528","0.15658716155151448","0.1003318598228807","11.577062823088058","10.446572918448824","16.099022441645012","0.6488948603131081","1201.2548543149053","770.7941467160808","2923.097684710204","0.2636908614952761","0.1105288652491232","0","0","0","0","0","0","0","0.07552392896779613","80","20","0.9235342560663271","0.9551383602567161","0.7971178393047735","0.009441102683654274"
"272","100","0.4","0.35","144","5","single","60","0.2","0.5","0.1","1","0.05","500","2000","0.5","0.01","true","false","all","5","8","1.5","0.3","1","mixed","0.8","0.2","1","3000","466","41.52341689244427","29.30282724664403","0.16279348470357793","27.102990432513213","39.18987319968555","0.15057216906951784","0.21772151777603083","11.50789775336009","10.398380191194693","15.945968002021692","0.6521009066289574","1356.2206283369326","962.5564395143032","2930.877383627446","0.3284192115614818","0.11212506717619752","0","0","0","0","0","0","0","0.08459722291819993","80","20","0.9298445931449038","0.9584120489413553","0.8155747699590968","0.009874279398795024"
"273","100","0.4","0.35","144","5","single","60","0.2","0.5","0.1","1","0.05","500","2000","0.5","0.01","true","false","all","5","8","1.5","0.3","1","mixed","0.8","0.2","1","3000","441","58.14716985096165","36.13677494685824","0.2007598608158791","41.12434017559961","17.167122305879843","0.22846855653110895","0.09537290169933246","11.771940908349645","10.639615211803683","16.301243694533504","0.6526873293337486","1412.8898686491957","1010.0764135302968","3024.1436891247895","0.3340041073982902","0.11447064753604663","0","0","0","0","0","0","0","0.08875803559589825","80","20","0.9020638782917709","0.9291406905944181","0.7937566290811808","0.011470542814142252"
"276","100","0.4","0.35","144","5","single","60","0.2","0.5","0.1","1","0.05","500","2000","0.5","0.01","true","false","all","5","8","1.5","0.3","1","mixed","0.8","0.2","1","3000","0","33.28544239976388","31.701974401394235","0.17612208000774576","33.264427392507244","25.92853887566156","0.18480237440281802","0.14404743819811977","11.803110182150588","10.687261322124195","16.266505622256147","0.6570102743825741","1527.2781183279956","891.3125026407622","4071.140581076927","0.21893434650320667","0.10944875408044852","0","0","0","0","0","0","0","0.10193250546316504","80","20","0.9070059284445955","0.9393687230775697","0.777554749912696","0.012570936868933912"
"274","100","0.4","0.35","144","5","single","60","0.2","0.5","0.1","1","0.05","500","2000","0.5","0.01","true","false","all","5","8","1.5","0.3","1","mixed","0.8","0.2","1","3000","27","20.01678373568683","145.82395234885925","0.8101330686047736","146.63426565799634","139.890155723522","0.8146348092110908","0.7771675317973445","11.682210575202356","10.568164566175335","16.138394611310414","0.6548460872786415","1208.0909095200818","902.6994995964435","2429.6565492146333","0.37153378731172276","0.10835912795408831","0","0","0","0","0","0","0","0.07931253814843689","80","20","0.9166137663960113","0.9480375990231004","0.7909184358876546","0.009969295774339998"
"275","100","0.4","0.35","144","5","single","60","0.2","0.5","0.1","1","0.05","500","2000","0.5","0.01","true","false","all","5","8","1.5","0.3","1","mixed","0.8","0.2","1","3000","431","39.99121499542822","43.02941302238455","0.23905229456880306","44.382873629293194","39.841356802399005","0.24657152016273998","0.22134087112443893","11.670071039593408","10.557186317731986","16.12160992703911","0.654846902109045","1217.6547799154791","904.5327065861331","2470.1430732328627","0.36618636239653224","0.11632462347454009","0","0","0","0","0","0","0","0.0916063299019864","80","20","0.9255868881499855","0.9513281945074012","0.8226216627203204","0.009385701760329752"
"278","100","0.4","0.35","144","5","single","60","0.2","0.5","0.1","1","0.05","500","2000","0.5","0.01","true","false","all","5","8","1.5","0.3","1","mixed","0.8","0.2","1","3000","-1","100.2981521395144","95.61990450099788","0.5312216916722104","93.04814167329661","105.95886001776412","0.5169341204072034","0.588660333432023","2941.471824249475","2920.29075824486","3026.1960882679286","0.9650038110770002","1127.0427473267562","807.8174673101215","2403.9438673932964","0.3360384068310521","0.02798797716153545","1","1","1","1","1","1","100","0.07174822319032179","80","20","0.9049974802371524","0.9344429517699261","0.7872155941060585","0.012600789864333276"
"277","100","0.4","0.35","144","5","single","60","0.2","0.5","0.1","1","0.05","500","2000","0.5","0.01","true","false","all","5","8","1.5","0.3","1","mixed","0.8","0.2","1","3000","1416","80.0918582238157","35.590829068306","0.19772682815725556","39.02791218834453","20.980299335605118","0.21682173437969182","0.11655721853113954","11.59210538997193","10.487249704584219","16.01152813152276","0.6549811872070728","1252.7391973952097","755.4915083489216","3241.729953580362","0.2330519565685943","0.11352085228546183","0","0","0","0","0","0","0","0.08627421680636653","80","20","0.9042695119671177","0.9321624431539848","0.7926977872196502","0.012488346359332896"
"279","100","0.4","0.35","144","5","single","60","0.2","0.5","0.1","1","0.05","500","2000","0.5","0.01","true","false","all","5","8","1.5","0.3","1","mixed","0.8","0.2","1","3000","151","49.22705294844523","26.058420882616687","0.14476900490342604","27.031814586667046","22.65808543285913","0.15017674770370582","0.12587825240477296","11.604955961413163","10.544467002985723","15.846911795122912","0.6653957022863543","1298.244369795829","813.4218162579925","3237.5345839471747","0.25124729795666784","0.10473194528189778","0","0","0","0","0","0","0","0.0624833701940225","80","20","0.9267274298605571","0.9601531696389751","0.7930244707468873","0.009110422380264372"
"280","100","0.4","0.35","144","5","single","60","0.2","0.5","0.1","1","0.05","500","2000","0.5","0.01","true","false","all","5","8","1.5","0.3","1","mixed","0.8","0.2","1","3000","346","61.36014331102918","25.54638654192196","0.14192436967734423","27.905595528683442","14.75425492743122","0.15503108627046355","0.08196808293017344","11.662778560849585","10.653704034690165","15.699076665487286","0.6786197852075706","1133.5831067602805","847.183123044427","2279.1830416236944","0.3717047326049302","0.09926943051012227","0","0","0","0","0","0","0","0.08311845403882157","80","20","0.9254293839071192","0.9513640617425623","0.8216906725653453","0.008555747907830251"
"284","100","0.4","0.35","144","5","single","60","0.2","0.5","0.1","1","0.05","500","2000","0.5","0.01","true","false","all","5","8","1.5","0.3","1","mixed","0.8","0.2","1","3000","0","15.347258729492623","28.469484367181394","0.15816380203989663","30.460807408466177","21.969752777885578","0.16922670782481208","0.12205418209936432","11.674325815349443","10.557662758289974","16.140978043587314","0.654090646166541","1555.5719334593205","955.2606406956545","3956.817104513984","0.2414214798065552","0.11226831095520873","0","0","0","0","0","0","0","0.0736701471979252","80","20","0.9242915462152397","0.9540086661840721","0.8054230663399119","0.009977843000475089"
"281","100","0.4","0.35","144","5","single","60","0.2","0.5","0.1","1","0.05","500","2000","0.5","0.01","true","false","all","5","8","1.5","0.3","1","mixed","0.8","0.2","1","3000","-1","60.45860512249883","35.942544556636776","0.19968080309242653","36.6692040439334","33.237082510597524","0.20371780024407443","0.18465045839220848","2891.077786085839","2852.552310752862","3045.1796874177485","0.9367435105846804","859.4659499650314","711.580984100485","1451.0058134232181","0.49040532954290555","0.027742555313984063","1","1","1","1","1","1","100","0.08123000605738388","80","20","0.9206237699269831","0.9470600087180493","0.81487881476272","0.010552769287998216"
"282","100","0.4","0.35","144","5","single","60","0.2","0.5","0.1","1","0.05","500","2000","0.5","0.01","true","false","all","5","8","1.5","0.3","1","mixed","0.8","0.2","1","3000","1756","83.77331536486336","29.184966863229512","0.1621387047957195","32.099064653343426","23.236617269425793","0.17832813696301902","0.12909231816347663","12.574864435487505","11.478209127990413","16.9614856654759","0.6767219189621833","1176.4655263982393","802.1378657181357","2673.776169118655","0.3000018756179356","0.1025657854398907","0","0","0","0","0","0","0","0.08609818819279458","80","20","0.9244017788280375","0.9514635889986364","0.816154538145641","0.0103323764526055"
"283","100","0.4","0.35","144","5","single","60","0.2","0.5","0.1","1","0.05","500","2000","0.5","0.01","true","false","all","5","8","1.5","0.3","1","mixed","0.8","0.2","1","3000","246","44.42350564361717","26.78778689671003","0.14882103831505572","26.380733718805622","27.018514726002433","0.14655963177114234","0.1501028595889024","11.435386041342694","10.279028068406443","16.06081793308768","0.6400065121982432","1517.7365509944148","906.5120308266927","3962.634631665302","0.22876497963823875","0.1147017731673945","0","0","0","0","0","0","0","0.07368856325316737","80","20","0.914422316886143","0.9426870353969855","0.8013634428427739","0.012285287893937916"
"285","100","0.4","0.35","144","5","single","60","0.2","0.5","0.1","1","0.05","500","2000","0.5","0.01","true","false","all","5","8","1.5","0.3","1","mixed","0.8","0.2","1","3000","539","59.516794555813036","28.528249478361857","0.1584902748797881","28.281389625362237","32.12039280046163","0.15711883125201243","0.17844662666923128","11.615548522821168","10.451351713013974","16.27233576204993","0.6422772898644608","1326.7079141640406","887.5391487104565","3083.3829759783807","0.28784590030657276","0.1122049353732486","0","0","0","0","0","0","0","0.08161579624687623","80","20","0.9076208996827756","0.939878921584848","0.7785888120744856","0.010981231173022883"
"286","100","0.4","0.35","144","5","single","60","0.2","0.5","0.1","1","0.05","500","2000","0.5","0.01","true","false","all","5","8","1.5","0.3","1","mixed","0.8","0.2","1","3000","306","40.71713175500564","28.071352962539645","0.15595196090299804","29.965092190048","20.71448712765505","0.16647273438915555","0.11508048404252806","11.57516077225618","10.481388309210063","15.950250624440661","0.6571300072958958","1097.0581628371867","804.7548516462723","2266.271407600846","0.35510082726508635","0.11183353010780195","0","0","0","0","0","0","0","0.07302074192344594","80","20","0.9147253982011659","0.940856249828905","0.8102019916902081","0.009905499357199298"
"287","100","0.4","0.35","144","5","single","60","0.2","0.5","0.1","1","0.05","500","2000","0.5","0.01","true","false","all","5","8","1.5","0.3","1","mixed","0.8","0.2","1","3000","156","45.44967667179468","30.5801775959717","0.1698898755331761","31.52427441368663","25.624998494350166","0.1751348578538146","0.1423611027463898","11.577285010094396","10.497955633049603","15.894602518273569","0.660472988926927","1248.2084109232462","856.6636262579611","2814.3875495843854","0.3043872285408842","0.11012259294019167","0","0","0","0","0","0","0","0.07248368877150846","80","20","0.9048410518576538","0.9380572662281145","0.7719761943758128","0.012085863033678111"
"288","100","0.4","0.35","144","5","single","60","0.2","0.5","0.1","1","0.05","500","2000","0.5","0.01","true","false","all","5","8","1.5","0.3","1","mixed","0.8","0.2","1","3000","1309","53.091522338162704","35.9081498021901","0.19948972112327834","37.77912913443986","27.18724422289575","0.20988405074688812","0.15104024568275418","11.96574497494381","10.96667188785738","15.962037323289517","0.6870471272396026","1110.8730531927033","949.1872028373016","1757.6164546143086","0.5400422830278927","0.1080521712088156","0","0","0","0","0","0","0","0.09546131493287671","80","20","0.9194298415381601","0.9428930799888364","0.8255768877354551","0.009949671019216259"
"289","100","0.4","0.35","144","5","single","60","0.2","0.5","0.1","1","0.05","500","2000","0.5","0.01","true","false","all","5","8","1.5","0.3","1","mixed","0.8","0.2","1","3000","276","62.77295188522497","23.82023333073313","0.13233462961518405","23.35412044565114","25.676607940025054","0.1297451135869508","0.14264782188902808","11.54453475111821","10.53804522685334","15.570492848177656","0.6767958682879259","1223.120474705047","894.8847621968173","2536.063324737965","0.35286372917729864","0.10626965531381938","0","0","0","0","0","0","0","0.08667257976116294","80","20","0.9275478045310819","0.9604763720131014","0.7958335346030025","0.009546040610105536"
"291","100","0.4","0.35","144","5","single","60","0.2","0.5","0.1","1","0.05","500","2000","0.5","0.01","true","false","all","5","8","1.5","0.3","1","mixed","0.8","0.2","1","3000","-1","98.57591497337569","63.768778385551244","0.35427099103084025","73.72127270052114","27.307205994852943","0.40956262611400635","0.15170669997140523","2919.326412830612","2892.5889043378393","3026.276446801704","0.9558244116775422","958.937949901494","690.1204748760056","2034.2078500034463","0.3392576008763493","0.02496223216713389","1","1","1","1","1","1","100","0.08723001408787616","80","20","0.9198199693921297","0.944944770076574","0.8193207666543536","0.009835435963697615"
"292","100","0.4","0.35","144","5","single","60","0.2","0.5","0.1","1","0.05","500","2000","0.5","0.01","true","false","all","5","8","1.5","0.3","1","mixed","0.8","0.2","1","3000","401","50.0904857833852","27.233018516651246","0.15129454731472913","28.633828911403214","21.620428781774","0.1590768272855734","0.12011349323207778","11.469995107622953","10.3293073219695","16.032746250236762","0.6442631325133684","1417.68841437308","835.9410718302443","3744.6777845444203","0.2232344463068256","0.11504119761286313","0","0","0","0","0","0","0","0.08180061764580457","80","20","0.909772755528516","0.9419973637722855","0.7808743225534388","0.012607609683517118"
"290","100","0.4","0.35","144","5","single","60","0.2","0.5","0.1","1","0.05","500","2000","0.5","0.01","true","false","all","5","8","1.5","0.3","1","mixed","0.8","0.2","1","3000","446","49.45766745073026","28.77847622441763","0.15988042346898684","29.135135339117294","27.859218736623813","0.16186186299509608","0.15477343742568786","11.770175627716366","10.653306188808811","16.2376533833466","0.6560865623437242","1438.716916999798","970.4718573317354","3311.69715567205","0.2930436606105655","0.10967022210072486","0","0","0","0","0","0","0","0.07595616182556757","80","20","0.9018706783963654","0.9267388781494844","0.8023978793838868","0.013726838250617124"
"293","100","0.4","0.35","144","5","single","60","0.2","0.5","0.1","1","0.05","500","2000","0.5","0.01","true","false","all","5","8","1.5","0.3","1","mixed","0.8","0.2","1","3000","193","31.989155293412296","123.30134748446788","0.6850074860248215","110.93228186008727","160.11026089824827","0.6162904547782626","0.8895014494347127","11.56693847044714","10.52350924816391","15.74065535958004","0.6685559786276065","1323.8018487778065","921.6217113192857","2932.5223986118926","0.31427610297385433","0.1084348737023706","0","0","0","0","0","0","0","0.09088809731046038","80","20","0.909882604869605","0.9302363243808767","0.8284677268245211","0.009477206007974887"
"294","100","0.4","0.35","144","5","single","60","0.2","0.5","0.1","1","0.05","500","2000","0.5","0.01","true","false","all","5","8","1.5","0.3","1","mixed","0.8","0.2","1","3000","-1","75.55089621998147","140.79914803250497","0.7822174890694721","139.18935906110954","145.97221566512167","0.7732742170061642","0.8109567536951203","2928.802850303301","2894.747611278089","3065.0238064041546","0.9444453923097482","1225.9331004394653","805.7796922651444","2906.54673313675","0.27722922293960345","0.028290081777396336","1","1","1","1","1","1","100","0.08683058428380688","80","20","0.9236513911585584","0.9520594306186997","0.8100192333179942","0.008780082908156378"
"295","100","0.4","0.35","144","5","single","60","0.2","0.5","0.1","1","0.05","500","2000","0.5","0.01","true","false","all","5","8","1.5","0.3","1","mixed","0.8","0.2","1","3000","-1","84.03299840601235","106.89109661181483","0.5938394256211935","110.36132507241612","90.51915180004863","0.613118472624534","0.5028841766669369","2910.428707297402","2883.427675318288","3018.4328352138573","0.9552730945938028","977.9264031279477","713.387271377828","2036.0829301284307","0.35037240419909077","0.026230805376571187","1","1","1","1","1","1","100","0.08232536534233616","80","20","0.9045420460968036","0.9333413598721103","0.7893447909955765","0.013128917425411805"
"296","100","0.4","0.35","144","5","single","60","0.2","0.5","0.1","1","0.05","500","2000","0.5","0.01","true","false","all","5","8","1.5","0.3","1","mixed","0.8","0.2","1","3000","336","44.23137284636712","27.30927024106409","0.15171816800591162","28.62735496282928","21.89081371273125","0.15904086090460712","0.12161563173739584","11.62463672489536","10.564913991246014","15.863527659492728","0.6659876805474587","1395.6434718235196","905.1187321403119","3357.742430556351","0.2695616923750584","0.10901502676224872","0","0","0","0","0","0","0","0.09492062702068843","80","20","0.9217940145291722","0.951285591169922","0.803827707966172","0.009398281263002526"
"297","100","0.4","0.35","144","5","single","60","0.2","0.5","0.1","1","0.05","500","2000","0.5","0.01","true","false","all","5","8","1.5","0.3","1","mixed","0.8","0.2","1","3000","-1","72.21545777696466","32.58979540136296","0.1810544188964609","31.80741944714801","34.43813601338583","0.17670788581748895","0.1913229778521435","2913.8075511156344","2886.651271087976","3022.4326712262705","0.9550754591058582","1070.3118756687795","709.6633137211019","2512.9061234594874","0.2824074115208557","0.02762922742820728","1","1","1","1","1","1","100","0.07630816018639901","80","20","0.913034120804468","0.9466650803841936","0.778510282485566","0.01088775388050491"
"300","100","0.4","0.35","144","5","single","60","0.2","0.5","0.1","1","0.05","500","2000","0.5","0.01","true","false","all","5","8","1.5","0.3","1","mixed","0.8","0.2","1","3000","476","50.454850608477045","33.13855399630857","0.18410307775726986","34.86303263170224","25.820158329827347","0.193683514620568","0.14344532405459637","11.675066689025504","10.531191866099954","16.25056598072769","0.6480507742677636","1258.7892096644407","754.7422977035741","3274.976857507906","0.2304572919266048","0.11032079360541847","0","0","0","0","0","0","0","0.0801117765300444","80","20","0.9111501301503026","0.9391942530499803","0.7989736385515915","0.010284105896573323"
"298","100","0.4","0.35","144","5","single","60","0.2","0.5","0.1","1","0.05","500","2000","0.5","0.01","true","false","all","5","8","1.5","0.3","1","mixed","0.8","0.2","1","3000","-1","88.15289320370962","146.5124844558947","0.8139582469771928","142.86220670270092","149.54621478450287","0.7936789261261162","0.8308123043583493","2930.13180560965","2903.816510628055","3035.392985536032","0.9566525733125981","927.9045895787293","717.3271783696164","1770.2142344151805","0.4052205458660756","0.026015408455491773","1","1","1","1","1","1","100","0.08331948774465822","80","20","0.9182985467968483","0.937924720515427","0.8397938519225324","0.011514216668486732"
"299","100","0.4","0.35","144","5","single","60","0.2","0.5","0.1","1","0.05","500","2000","0.5","0.01","true","false","all","5","8","1.5","0.3","1","mixed","0.8","0.2","1","3000","516","59.34940835344554","24.81127480993406","0.13784041561074478","28.83159709475691","8.855645641250671","0.16017553941531615","0.04919803134028151","11.674525746055298","10.653283038314047","15.759496577020334","0.6759913291804068","911.320591371776","747.1002574134784","1568.2019272049674","0.4764056493318101","0.10157859060930052","0","0","0","0","0","0","0","0.09018878861918467","80","20","0.9270018375356949","0.9399623595379584","0.8751597495266413","0.007005459585517908"
"301","100","0.4","0.35","144","5","single","60","0.2","0.5","0.1","1","0.05","500","2000","0.5","0.01","true","false","all","5","8","1.5","0.3","1","mixed","0.8","0.5","0","3000","0","17.595868598092807","70.1268996151309","0.3895938867507272","90.24887902091783","30.224459238448212","0.5013826612273212","0.1679136624358234","13.794540312702354","11.122443872007366","16.466636753397346","0.675453284029759","1980.804808707294","1026.033816487271","2935.575800927318","0.34951705766315333","0.12361984396757308","0","0","0","0","0","0","0","0.09818184339272033","50","50","0.43118827226080675","0.05844282957014773","0.8039337149514652","0.14822694633437813"
"302","100","0.4","0.35","144","5","single","60","0.2","0.5","0.1","1","0.05","500","2000","0.5","0.01","true","false","all","5","8","1.5","0.3","1","mixed","0.8","0.5","0","3000","100","21.30402248091915","56.717511388061936","0.315097285489233","76.35412006532555","27.092214986775375","0.42418955591847524","0.1505123054820854","13.781940121998884","10.742323938433863","16.821556305563895","0.6386046417643733","2634.1375037464836","1081.1566175220737","4187.118389970894","0.25821018581936717","0.1339371555142499","0","0","0","0","0","0","0","0.09967522615642428","50","50","0.42266985423747583","0.08854385434164272","0.7567958541333087","0.1252221643661756"
"303","100","0.4","0.35","144","5","single","60","0.2","0.5","0.1","1","0.05","500","2000","0.5","0.01","true","false","all","5","8","1.5","0.3","1","mixed","0.8","0.5","0","3000","216","34.30093475051332","69.98696740502336","0.38881648558346316","111.16189792270583","20.45559745671321","0.617566099570588","0.11364220809285117","13.445443211839468","10.559060055004018","16.331826368674907","0.6465327157320699","2338.3519165656576","921.7532991385507","3754.950533992763","0.245476815418503","0.13436176835125235","0","0","0","0","0","0","0","0.08102710376098726","50","50","0.4380454131394152","0.05944928353239478","0.8166415427464354","0.1526335952437412"
"304","100","0.4","0.35","144","5","single","60","0.2","0.5","0.1","1","0.05","500","2000","0.5","0.01","true","false","all","5","8","1.5","0.3","1","mixed","0.8","0.5","0","3000","864","54.65498177588156","49.82635611603614","0.2768130895335341","64.11513250198941","31.78510986936391","0.3561951805666078","0.1765839437186884","13.482205917208898","10.769475115034565","16.194936719383215","0.664990256006676","1732.2419097768664","882.3281824497603","2582.155637103973","0.3417021692152294","0.12497497450261741","0","0","0","0","0","0","0","0.07603990694083101","50","50","0.4361294282010833","0.07591063569075526","0.7963482207114115","0.13879122998765905"
"305","100","0.4","0.35","144","5","single","60","0.2","0.5","0.1","1","0.05","500","2000","0.5","0.01","true","false","all","5","8","1.5","0.3","1","mixed","0.8","0.5","0","3000","2489","76.22134262343444","106.99199710130792","0.5943999838961551","113.42869083552709","87.59083360549857","0.630159393530706","0.4866157422527699","1510.072428654816","1470.8152771315808","1549.3295801780505","0.9493236919691111","1212.8925603973028","470.5204386873475","1955.2646821072572","0.2406428362324077","0.029439477600858188","0.7983871610785753","0.7276926601065626","0.7983871610785753","0.6733816191032101","0.6472101847543871","0.6995530534520339","100","0.08496963052067744","50","50","0.42637524505770663","0.03863639168650151","0.8141140984289117","0.1601024516433923"
"306","100","0.4","0.35","144","5","single","60","0.2","0.5","0.1","1","0.05","500","2000","0.5","0.01","true","false","all","5","8","1.5","0.3","1","mixed","0.8","0.5","0","3000","481","42.09406853316772","44.82020182057994","0.2490011212254441","57.8792627768469","32.32150028396634","0.3215514598713717","0.17956389046647964","13.47016628699958","10.654518989789018","16.285813584210143","0.6542208612850064","2068.0436548916036","798.3533179616363","3337.7339918215694","0.23919021705080068","0.13115388742386314","0","0","0","0","0","0","0","0.07578915867544185","50","50","0.4308345883848122","0.04537841648234371","0.816290760287281","0.15949756814256616"
"308","100","0.4","0.35","144","5","single","60","0.2","0.5","0.1","1","0.05","500","2000","0.5","0.01","true","false","all","5","8","1.5","0.3","1","mixed","0.8","0.5","0","3000","78","20.309405175701592","50.44131356604662","0.2802295198113701","77.33446403570201","21.394965756938433","0.4296359113094556","0.11886092087188019","13.662303708853383","10.854026351886255","16.470581065820497","0.6589947439322811","2173.6276662216487","1002.7342086563699","3344.521123786928","0.29981398578251345","0.12832235982638518","0","0","0","0","0","0","0","0.08462254980694911","50","50","0.4172703215557502","0.03854454029684664","0.7959961028146538","0.15310152178707923"
"307","100","0.4","0.35","144","5","single","60","0.2","0.5","0.1","1","0.05","500","2000","0.5","0.01","true","false","all","5","8","1.5","0.3","1","mixed","0.8","0.5","0","3000","111","29.599136433135605","49.27797667262806","0.27376653707015586","62.96420505443596","31.10251078924731","0.3498011391913109","0.1727917266069295","13.646812293028548","10.714258521523055","16.57936606453405","0.6462405426008773","2272.41695725689","1051.2452191618713","3493.58869535191","0.30090697870659877","0.12976930166544354","0","0","0","0","0","0","0","0.08402751879273997","50","50","0.44269153285197615","0.06994651668722801","0.8154365490167241","0.15275903739846297"
"309","100","0.4","0.35","144","5","single","60","0.2","0.5","0.1","1","0.05","500","2000","0.5","0.01","true","false","all","5","8","1.5","0.3","1","mixed","0.8","0.5","0","3000","4","24.881086086196234","65.94514818930276","0.3663619343850153","101.13449602378185","21.44355664531764","0.5618583112432325","0.11913087025176466","13.498429171799105","10.623003471440644","16.373854872157565","0.648778406452363","1818.8785568348105","875.1538538806731","2762.603259788946","0.31678593398443045","0.12965024500672406","0","0","0","0","0","0","0","0.08744207380614345","50","50","0.42202231966088066","0.047373557738953256","0.7966710815828081","0.14949192228243022"
"310","100","0.4","0.35","144","5","single","60","0.2","0.5","0.1","1","0.05","500","2000","0.5","0.01","true","false","all","5","8","1.5","0.3","1","mixed","0.8","0.5","0","3000","56","24.789752385835087","74.10489788387413","0.41169387713263406","86.3001138917705","53.42699710465701","0.47944507717650275","0.29681665058142787","13.470922673317345","10.607487123370623","16.33435822326406","0.6493972385314167","2161.3030021449995","970.641967979328","3351.9640363106723","0.28957409968146963","0.12634894588729728","0","0","0","0","0","0","0","0.06930163203873689","50","50","0.42224980511689963","0.04243735311684307","0.8020622571169567","0.15157172622346682"
"311","100","0.4","0.35","144","5","single","60","0.2","0.5","0.1","1","0.05","500","2000","0.5","0.01","true","false","all","5","8","1.5","0.3","1","mixed","0.8","0.5","0","3000","245","41.24028681587315","49.23969906564914","0.2735538836980508","79.59927667292145","18.956853320430227","0.4422182037384525","0.10531585178016793","13.711077023103753","10.94652259477688","16.475631451430637","0.6644068621616533","2241.2948059274377","1046.6565071115415","3435.933104743335","0.30462074644777665","0.12680570322425733","0","0","0","0","0","0","0","0.07751512864111144","50","50","0.42538990611149446","0.0440106725070123","0.8067691397159764","0.1523497354250332"
"312","100","0.4","0.35","144","5","single","60","0.2","0.5","0.1","1","0.05","500","2000","0.5","0.01","true","false","all","5","8","1.5","0.3","1","mixed","0.8","0.5","0","3000","95","30.821246395728295","50.699468741229666","0.2816637152290537","72.76514156374509","29.553198747811493","0.4042507864652505","0.16418443748784162","13.74828553427046","10.882200080523374","16.614370988017548","0.6549871847915113","2462.8233211071974","1109.448226151999","3816.198416062395","0.2907207920537692","0.13538214427847284","0","0","0","0","0","0","0","0.08412816684935169","50","50","0.43575003344104346","0.06614502926737555","0.8053550376147114","0.14700981743516892"
"313","100","0.4","0.35","144","5","single","60","0.2","0.5","0.1","1","0.05","500","2000","0.5","0.01","true","false","all","5","8","1.5","0.3","1","mixed","0.8","0.5","0","3000","46","20.183562982763924","47.73210163792371","0.2651783424329095","76.19430516622667","20.47625831786116","0.42330169536792595","0.11375699065478422","13.551400069300174","10.621125566341064","16.48167457225928","0.6444202935676053","2474.519429773419","1006.4987209727967","3942.540138574041","0.2552919401187968","0.13484003255533406","0","0","0","0","0","0","0","0.09208746654330106","50","50","0.45015913416210224","0.07245271477378996","0.8278655535504141","0.15346108860524063"
"315","100","0.4","0.35","144","5","single","60","0.2","0.5","0.1","1","0.05","500","2000","0.5","0.01","true","false","all","5","8","1.5","0.3","1","mixed","0.8","0.5","0","3000","191","65.79284803207949","50.63825059781093","0.28132361443228293","65.09610466660709","28.281927652189825","0.36164502592559494","0.15712182028994348","13.462692660434135","10.574729308619943","16.350656012248333","0.6467464853213459","1886.8903044346557","980.6334484435314","2793.1471604257804","0.3510854932162062","0.13041569703322464","0","0","0","0","0","0","0","0.08116410402921578","50","50","0.4444929383696381","0.05969161779951593","0.82929425893976","0.15851684448762846"
"314","100","0.4","0.35","144","5","single","60","0.2","0.5","0.1","1","0.05","500","2000","0.5","0.01","true","false","all","5","8","1.5","0.3","1","mixed","0.8","0.5","0","3000","581","31.607501825512557","95.30047515903223","0.5294470842168457","113.80567369776516","39.93831212051327","0.632253742765362","0.22187951178062926","13.533142265428818","10.915576549004395","16.15070798185323","0.6758574646553591","1946.327343318944","919.3598386705413","2973.29484796735","0.30920574167040593","0.11945759769392494","0","0","0","0","0","0","0","0.07796064422337645","50","50","0.43344705292689106","0.06454672650168565","0.8023473793520963","0.14919941018724958"
"316","100","0.4","0.35","144","5","single","60","0.2","0.5","0.1","1","0.05","500","2000","0.5","0.01","true","false","all","5","8","1.5","0.3","1","mixed","0.8","0.5","0","3000","141","40.09912239516035","134.21511841834038","0.7456395467685577","112.77122903551577","153.55895179950133","0.6265068279750876","0.8531052877750074","13.538386560126094","10.84352466794604","16.23324845230615","0.6679824250706626","2197.123871970949","771.6118756309065","3622.63586831099","0.2129973598452393","0.11895850502479033","0","0","0","0","0","0","0","0.0972239064019465","50","50","0.4403918209642804","0.06703460843275638","0.813749033495804","0.1515253352801594"
"317","100","0.4","0.35","144","5","single","60","0.2","0.5","0.1","1","0.05","500","2000","0.5","0.01","true","false","all","5","8","1.5","0.3","1","mixed","0.8","0.5","0","3000","376","28.46510070961086","57.71094203502583","0.3206163446390324","71.55678724894494","35.37551502051295","0.39753770693858304","0.19653063900284973","13.666328539244121","10.772850442152622","16.55980663633561","0.650542043076444","2279.914607497917","924.8967274423597","3634.9324875534776","0.2544467416133138","0.1273476595786769","0","0","0","0","0","0","0","0.08743126188839677","50","50","0.428876907474748","0.05501975618375247","0.8027340587657433","0.1508299214448312"
"319","100","0.4","0.35","144","5","single","60","0.2","0.5","0.1","1","0.05","500","2000","0.5","0.01","true","false","all","5","8","1.5","0.3","1","mixed","0.8","0.5","0","3000","1297","49.538804066067485","40.611775188723065","0.2256209732706837","54.82114173165181","25.00834433445813","0.3045618985091767","0.13893524630254517","13.588805772407943","10.751713132735633","16.425898412080233","0.6545586039195529","1991.2063053076015","835.902071734579","3146.5105388806232","0.2656600260528453","0.1298169662528228","0","0","0","0","0","0","0","0.0808037716227561","50","50","0.42070666659733796","0.05701705658681193","0.784396276607864","0.1415665950131201"
"318","100","0.4","0.35","144","5","single","60","0.2","0.5","0.1","1","0.05","500","2000","0.5","0.01","true","false","all","5","8","1.5","0.3","1","mixed","0.8","0.5","0","3000","-1","64.07926166105618","59.90950266740259","0.33283057037445885","77.9792845556548","29.536994719015016","0.4332182475314156","0.164094415105639","2949.832705928933","2888.5895464553173","3011.07586540255","0.9593214105447794","1315.1613840205398","637.8174196647001","1992.5053483763807","0.32010825977678514","0.024174979358990045","1","1","1","1","1","1","100","0.09108414727577178","50","50","0.4506814235536666","0.0847488894478036","0.81661395765953","0.14376979324380437"
"320","100","0.4","0.35","144","5","single","60","0.2","0.5","0.1","1","0.05","500","2000","0.5","0.01","true","false","all","5","8","1.5","0.3","1","mixed","0.8","0.5","0","3000","267","23.160412112424538","73.94235905049827","0.4107908836138793","101.72114363816527","32.71373827119707","0.5651174646564737","0.1817429903955393","13.43739620680607","10.571034850768136","16.303757562844005","0.6483802773698838","2132.2302763792204","967.303134798621","3297.15741795982","0.29337487180007255","0.1287474858718285","0","0","0","0","0","0","0","0.08515708922713087","50","50","0.4282347645933104","0.05955212108218968","0.7969174081044313","0.1467206508684687"
"322","100","0.4","0.35","144","5","single","60","0.2","0.5","0.1","1","0.05","500","2000","0.5","0.01","true","false","all","5","8","1.5","0.3","1","mixed","0.8","0.5","0","3000","96","24.517594127300015","75.46655024399838","0.4192586124666577","98.9793488557351","27.417560716475418","0.5498852714207505","0.15231978175819677","13.772822471168356","11.073975865831137","16.471669076505574","0.6723044164131823","1747.2459490079907","1042.7944534175053","2451.697444598475","0.4253357018888961","0.12344429309207006","0","0","0","0","0","0","0","0.10084877283062728","50","50","0.4199199248778552","0.04617379699211481","0.7936660527635958","0.148031741486669"
"323","100","0.4","0.35","144","5","single","60","0.2","0.5","0.1","1","0.05","500","2000","0.5","0.01","true","false","all","5","8","1.5","0.3","1","mixed","0.8","0.5","0","3000","69","28.035964348055863","48.3295665710686","0.2684975920614922","71.49557241382523","25.5639168366056","0.3971976245212513","0.14202176020336443","13.834467992142153","11.136377572590797","16.532558411693515","0.6736027960871449","2514.6637254015404","1244.0306420908998","3785.296808712182","0.3286481100313343","0.12118818198837644","0","0","0","0","0","0","0","0.09456162915957142","50","50","0.4391783435012981","0.07140962248599583","0.8069470645166003","0.14616163515411026"
"321","100","0.4","0.35","144","5","single","60","0.2","0.5","0.1","1","0.05","500","2000","0.5","0.01","true","false","all","5","8","1.5","0.3","1","mixed","0.8","0.5","0","3000","-1","48.96058386318319","126.646489654572","0.7035916091920666","105.32006927082948","140.34151147937203","0.5851114959490527","0.7796750637742891","2955.2984216900363","2884.4443848469564","3026.152458533115","0.9531721961705626","1430.1342225252777","604.8504794115304","2255.4179656390256","0.2681766699682019","0.02880072135356415","1","1","1","1","1","1","100","0.08662761124512967","50","50","0.4351319846095321","0.07331058271064589","0.7969533865084182","0.1427791094610116"
"324","100","0.4","0.35","144","5","single","60","0.2","0.5","0.1","1","0.05","500","2000","0.5","0.01","true","false","all","5","8","1.5","0.3","1","mixed","0.8","0.5","0","3000","2494","42.77322194829877","88.34146458222676","0.49078591434570423","86.97165740830401","54.44717087978571","0.48317587449057786","0.30248428266547617","1595.8058868257795","1561.8356722997376","1629.7761013518204","0.9583130290131696","1448.5875029049264","625.3490585352935","2271.825947274561","0.2752627503376767","0.02572666497876286","0.8523852113407288","0.7981020610553342","0.8523852113407288","0.7305372578838524","0.707890448199825","0.7531840675678803","100","0.07439343904659154","50","50","0.433722268074343","0.0676370324860142","0.7998075036626715","0.1454839893518523"
"325","100","0.4","0.35","144","5","single","60","0.2","0.5","0.1","1","0.05","500","2000","0.5","0.01","true","false","all","5","8","1.5","0.3","1","mixed","0.8","0.5","0","3000","0","30.048623003496942","62.190663591531944","0.3455036866196219","100.30402570753301","20.129703386264726","0.5572445872640723","0.11183168547924847","13.42038217999343","10.510991148131057","16.3297732118558","0.6436703689491431","2128.926444114773","938.005204372614","3319.847683856931","0.2825446507482111","0.13007431062557595","0","0","0","0","0","0","0","0.07636217778229969","50","50","0.4406200076770467","0.0657321516461923","0.8155078637079011","0.15118766408845175"
"326","100","0.4","0.35","144","5","single","60","0.2","0.5","0.1","1","0.05","500","2000","0.5","0.01","true","false","all","5","8","1.5","0.3","1","mixed","0.8","0.5","0","3000","579","33.5148086508414","89.78939245928123","0.49882995810711794","97.62270534096446","58.553977061369544","0.542348363005358","0.3252998725631641","13.92040348138796","11.294646148126084","16.546160814649816","0.682614310029304","2280.6021884685533","1390.2525241869607","3170.951852750146","0.4384338169566352","0.1250338807698519","0","0","0","0","0","0","0","0.08216269586232258","50","50","0.4398599624275467","0.06338212659616295","0.8163377982589306","0.15237722475509166"
"327","100","0.4","0.35","144","5","single","60","0.2","0.5","0.1","1","0.05","500","2000","0.5","0.01","true","false","all","5","8","1.5","0.3","1","mixed","0.8","0.5","0","3000","192","38.11371970835698","66.71498098283094","0.37063878323794963","96.9621272116451","23.488631621027952","0.5386784845091395","0.13049239789459974","13.623627622391579","10.898835472836515","16.348419771946652","0.6666598744631302","2234.147231263406","1108.4653157077194","3359.8291468190937","0.3299171675908446","0.12531020656460723","0","0","0","0","0","0","0","0.07580596489623685","50","50","0.4269223678202389","0.0691433832212825","0.7847013524191953","0.13772137221644357"
"328","100","0.4","0.35","144","5","single","60","0.2","0.5","0.1","1","0.05","500","2000","0.5","0.01","true","false","all","5","8","1.5","0.3","1","mixed","0.8","0.5","0","3000","151","44.937906859248685","44.05470917572249","0.2447483843095694","61.84893116434298","26.2705481291684","0.34360517313523875","0.14594748960649112","13.716363076835817","10.913218114015095","16.519508039656554","0.6606260966014812","2528.702834939436","1090.037992151482","3967.36767772739","0.2747509383289334","0.13150294140731544","0","0","0","0","0","0","0","0.09260024940581922","50","50","0.437056480023198","0.07087704281007175","0.8032359172363244","0.14194119061664587"
"329","100","0.4","0.35","144","5","single","60","0.2","0.5","0.1","1","0.05","500","2000","0.5","0.01","true","false","all","5","8","1.5","0.3","1","mixed","0.8","0.5","0","3000","409","39.773330264809644","47.814254646258824","0.2656347480347713","64.04471399718847","27.648009561642617","0.355803966651047","0.15360005312023675","13.600298856579938","10.79812517586032","16.402472537299563","0.6583230151006296","2129.768798605355","1103.043520647821","3156.49407656289","0.3494521117077229","0.1295923921093709","0","0","0","0","0","0","0","0.08511035629365904","50","50","0.4280157998604738","0.06366870209225954","0.7923628976286881","0.14240563182048285"
"330","100","0.4","0.35","144","5","single","60","0.2","0.5","0.1","1","0.05","500","2000","0.5","0.01","true","false","all","5","8","1.5","0.3","1","mixed","0.8","0.5","0","3000","341","48.15628250261083","48.002100947226424","0.26667833859570234","62.24144678309019","33.680795507055464","0.3457858154616122","0.18711553059475258","13.66242465335693","11.015640318194244","16.309208988519604","0.675424560807847","2001.5344685421276","1064.5718431433415","2938.497093940913","0.36228446348933085","0.12089695889095542","0","0","0","0","0","0","0","0.08379799598490756","50","50","0.45896687267741726","0.10288578525980481","0.8150479600950296","0.13936282825155816"
"331","100","0.4","0.35","144","5","single","60","0.2","0.5","0.1","1","0.05","500","2000","0.5","0.01","true","false","all","5","8","1.5","0.3","1","mixed","0.8","0.5","0.25","3000","2399","49.67108160050753","63.40135827455951","0.3522297681919973","72.55421382872144","47.56800667535396","0.40307896571511914","0.2642667037519665","620.9792379204416","597.457969222104","644.5005066187794","0.9270093088933739","1364.8744144942384","740.3297381873499","1989.4190908011274","0.37213362514241455","0.03145954067077539","0.1295878653144507","0.10072178591291754","0.1295878653144507","0.08065282528029442","0.06497197948140258","0.09633367107918625","100","0.08189428487968715","50","50","0.4953243420649888","0.2033042259154432","0.7873444582145344","0.10034898065338989"
"332","100","0.4","0.35","144","5","single","60","0.2","0.5","0.1","1","0.05","500","2000","0.5","0.01","true","false","all","5","8","1.5","0.3","1","mixed","0.8","0.5","0.25","3000","136","46.317295858743606","55.24963052039831","0.3069423917799906","79.88138379171868","27.808352856845467","0.4437854655095482","0.15449084920469705","13.681887833256006","11.066225322001566","16.297550344510455","0.6790115746277801","2037.471814228172","1114.8898188582493","2960.053809598094","0.3766451188296558","0.12182613878226256","0","0","0","0","0","0","0","0.07146105572820262","50","50","0.521753917622951","0.23634298685922997","0.8071648483866716","0.09937842532446568"
"333","100","0.4","0.35","144","5","single","60","0.2","0.5","0.1","1","0.05","500","2000","0.5","0.01","true","false","all","5","8","1.5","0.3","1","mixed","0.8","0.5","0.25","3000","201","33.359276265240766","46.615268069196446","0.25897371149553583","66.49937017027473","26.36804834273013","0.36944094539041517","0.14648915745961183","13.533172093335617","10.672757660702441","16.39358652596878","0.6510325024847932","2025.970107014446","1008.814618180033","3043.125595848858","0.3315060737408151","0.1289719619676286","0","0","0","0","0","0","0","0.08531879876976779","50","50","0.5268321933991295","0.2576379978190275","0.7960263889792313","0.08545925412480745"
"334","100","0.4","0.35","144","5","single","60","0.2","0.5","0.1","1","0.05","500","2000","0.5","0.01","true","false","all","5","8","1.5","0.3","1","mixed","0.8","0.5","0.25","3000","31","41.22113557745567","44.16373380500606","0.24535407669447812","62.99767220792868","19.128897851821588","0.349987067821826","0.10627165473234215","13.571712300878744","11.063085984590609","16.080338617166884","0.6879883718854026","1717.4706549466466","1194.4731974129363","2240.4681124803565","0.5331355491110159","0.11819004476295025","0","0","0","0","0","0","0","0.08736459609311167","50","50","0.5370966944807916","0.26133081502779487","0.8128625739337881","0.08831981787929613"
"335","100","0.4","0.35","144","5","single","60","0.2","0.5","0.1","1","0.05","500","2000","0.5","0.01","true","false","all","5","8","1.5","0.3","1","mixed","0.8","0.5","0.25","3000","77","43.920667253595596","64.39533203510467","0.3577518446394704","89.88815113879795","35.97737245591071","0.4993786174377664","0.19987429142172616","14.184199169874313","11.693864619968416","16.67453371978021","0.7013008469374189","2433.902340765175","1513.1674074920834","3354.637274038267","0.4510673685058514","0.12219614488414776","0","0","0","0","0","0","0","0.09097423738478579","50","50","0.5154613837403751","0.25456666901450914","0.7763560984662409","0.0803185257472197"
"336","100","0.4","0.35","144","5","single","60","0.2","0.5","0.1","1","0.05","500","2000","0.5","0.01","true","false","all","5","8","1.5","0.3","1","mixed","0.8","0.5","0.25","3000","-1","64.68753946223617","98.57531368310003","0.547640631572778","101.20554281564728","79.8505077496276","0.5622530156424849","0.44361393194237553","2944.612832621827","2888.4475013945025","3000.7781638491538","0.962566155736563","1498.9392311179556","739.3435189536672","2258.5349432822445","0.32735535978876956","0.02630959898760188","1","1","1","1","1","1","100","0.08763421327509367","50","50","0.540241443910634","0.2827104314372552","0.7977724563840125","0.08088419643352533"
"337","100","0.4","0.35","144","5","single","60","0.2","0.5","0.1","1","0.05","500","2000","0.5","0.01","true","false","all","5","8","1.5","0.3","1","mixed","0.8","0.5","0.25","3000","339","42.57282239197637","34.747204663913905","0.1930400259106328","46.76951146475195","22.69546203108551","0.25983061924862194","0.12608590017269727","13.474201001034675","10.625746144071881","16.322655857997475","0.6509814479036304","2494.101569769146","1193.4191825227413","3794.783957015551","0.3144893611970782","0.12773744993745884","0","0","0","0","0","0","0","0.08536880945336041","50","50","0.5182079550682196","0.24926437813189675","0.7871515320045422","0.08572657022448946"
"338","100","0.4","0.35","144","5","single","60","0.2","0.5","0.1","1","0.05","500","2000","0.5","0.01","true","false","all","5","8","1.5","0.3","1","mixed","0.8","0.5","0.25","3000","-1","77.885256440388","125.71900877674182","0.6984389376485657","109.86464321898269","131.22010038610605","0.6103591289943483","0.7290005577005891","2959.0637645849574","2882.096149680288","3036.0313794896247","0.9492972204275393","1332.7266325510247","838.3153163350885","1827.1379487669606","0.4588133681426866","0.02768636672888447","1","1","1","1","1","1","100","0.08346194289344566","50","50","0.5409131160329623","0.2548462218341578","0.826980010231767","0.1016397219348812"
"339","100","0.4","0.35","144","5","single","60","0.2","0.5","0.1","1","0.05","500","2000","0.5","0.01","true","false","all","5","8","1.5","0.3","1","mixed","0.8","0.5","0.25","3000","-1","77.70859605840371","51.918130166437315","0.2884340564802073","63.21902046138774","40.6156454560363","0.35121678034104303","0.22564247475575722","2954.485399034562","2892.5085504993267","3016.4622475697956","0.9589075921071668","1656.1308426051398","834.6785978776729","2477.5830873326067","0.33689227301607744","0.02907287766319433","1","1","1","1","1","1","100","0.0856446969547118","50","50","0.529353054886051","0.2661372508557933","0.7925688589163089","0.08054928439663775"
"340","100","0.4","0.35","144","5","single","60","0.2","0.5","0.1","1","0.05","500","2000","0.5","0.01","true","false","all","5","8","1.5","0.3","1","mixed","0.8","0.5","0.25","3000","316","41.20111905317013","42.069816722319445","0.2337212040128858","65.48574244801335","18.788444817490767","0.3638096802667409","0.10438024898605981","13.440554802293654","10.748087926503722","16.133021678083583","0.6662166667205812","2435.5468918313327","1158.5733871899586","3712.5203964727057","0.31207192512416304","0.12076982116483337","0","0","0","0","0","0","0","0.08016141514861762","50","50","0.5338808953709548","0.246291874168752","0.8214699165731585","0.09620615873918176"
"341","100","0.4","0.35","144","5","single","60","0.2","0.5","0.1","1","0.05","500","2000","0.5","0.01","true","false","all","5","8","1.5","0.3","1","mixed","0.8","0.5","0.25","3000","161","40.58998591695729","45.19855193258331","0.2511030662921295","62.04149794366413","26.515070850032917","0.34467498857591183","0.14730594916684953","13.610692040769989","10.963488125246194","16.25789595629378","0.6743485230019566","2303.9286536614622","979.850610405536","3628.0066969173886","0.27007960355698535","0.12322909761621026","0","0","0","0","0","0","0","0.08834800925152614","50","50","0.5409333033587648","0.2805418095023726","0.8013247972151569","0.0801378317467457"
"342","100","0.4","0.35","144","5","single","60","0.2","0.5","0.1","1","0.05","500","2000","0.5","0.01","true","false","all","5","8","1.5","0.3","1","mixed","0.8","0.5","0.25","3000","-1","39.330733121430384","48.94957877878917","0.2719421043266065","68.11371960517056","29.26164372601361","0.37840955336205867","0.1625646873667423","2959.847992696382","2905.262291189634","3014.433694203131","0.9637837769583596","1614.8587672932435","835.0669870706793","2394.6505475158083","0.34872185753239504","0.02362126742061199","1","1","1","1","1","1","100","0.08213782013291324","50","50","0.532545858669279","0.27906757871054194","0.7860241386280157","0.07908164508534653"
"343","100","0.4","0.35","144","5","single","60","0.2","0.5","0.1","1","0.05","500","2000","0.5","0.01","true","false","all","5","8","1.5","0.3","1","mixed","0.8","0.5","0.25","3000","192","56.44708326572771","40.75174180295626","0.22639856557197924","54.953084444571125","26.745462278835813","0.3052949135809507","0.14858590154908785","13.376107842515054","10.67675518282155","16.07546050220856","0.6641648107906271","2399.095757091807","1100.971805386692","3697.2197087969207","0.2977837110321338","0.1220982237715047","0","0","0","0","0","0","0","0.08209262938134408","50","50","0.510157273608995","0.23831575409257633","0.7819987931254133","0.09146555025337144"
"344","100","0.4","0.35","144","5","single","60","0.2","0.5","0.1","1","0.05","500","2000","0.5","0.01","true","false","all","5","8","1.5","0.3","1","mixed","0.8","0.5","0.25","3000","37","32.7359516538023","62.563579706642464","0.34757544281468034","83.54634216702085","38.6106705370265","0.46414634537233806","0.21450372520570277","13.85885765821586","11.264059778514344","16.453655537917385","0.6845931442138414","2062.081656903526","1044.5050292121591","3079.6582845948938","0.3391626384125132","0.12683973273896032","0","0","0","0","0","0","0","0.09186745528027708","50","50","0.520606049057402","0.21337485683591442","0.8278372412788891","0.10729319641229312"
"345","100","0.4","0.35","144","5","single","60","0.2","0.5","0.1","1","0.05","500","2000","0.5","0.01","true","false","all","5","8","1.5","0.3","1","mixed","0.8","0.5","0.25","3000","606","45.99592377236411","120.56974466163","0.6698319147868333","107.27932378717773","130.36690265246273","0.5959962432620985","0.7242605702914596","13.750178723546439","10.896919736404616","16.60343771068826","0.6563050331070814","1976.0163193320823","962.9729453027907","2989.059693361373","0.3221658461493858","0.13494811813963858","0","0","0","0","0","0","0","0.100502821336424","50","50","0.5023884700720013","0.21828183928875633","0.7864951008552454","0.09660992377496001"
"346","100","0.4","0.35","144","5","single","60","0.2","0.5","0.1","1","0.05","500","2000","0.5","0.01","true","false","all","5","8","1.5","0.3","1","mixed","0.8","0.5","0.25","3000","-1","60.17156635550075","46.09239904859801","0.2560688836033223","70.07970434349677","22.810524583612324","0.3893316907972043","0.126725136575624","2911.0757371846003","2871.1256716017147","2951.025802767488","0.9729246246878481","1654.2751151236232","720.3952498948089","2588.154980352436","0.27834316544549065","0.027658029312765064","1","1","1","1","1","1","100","0.0817635600117883","50","50","0.5340219557257531","0.2564212785653093","0.8116226328861965","0.09219283311446168"
"347","100","0.4","0.35","144","5","single","60","0.2","0.5","0.1","1","0.05","500","2000","0.5","0.01","true","false","all","5","8","1.5","0.3","1","mixed","0.8","0.5","0.25","3000","161","41.79308955993403","47.496226909328264","0.2638679272740459","64.3986919887521","29.796918368915996","0.3577705110486228","0.16553843538286664","13.359095826730734","10.587717567362201","16.13047408609927","0.6563798131938576","2044.1088860892105","973.3150874756486","3114.9026847027726","0.31247046408723467","0.12749816124700208","0","0","0","0","0","0","0","0.09186667673322955","50","50","0.5409921836240801","0.2819666454209015","0.8000177218272584","0.08388559511156443"
"348","100","0.4","0.35","144","5","single","60","0.2","0.5","0.1","1","0.05","500","2000","0.5","0.01","true","false","all","5","8","1.5","0.3","1","mixed","0.8","0.5","0.25","3000","291","28.44734315186591","42.33243616276365","0.2351802009042425","58.99145855749128","24.920670879126348","0.327730325319396","0.13844817155070194","13.552618201582424","10.715475116254423","16.389761286910428","0.6537907983328753","2386.9146513916576","1356.2383633732977","3417.590939410018","0.39684046084445274","0.1265407787583519","0","0","0","0","0","0","0","0.07891105008827387","50","50","0.5426574897253625","0.2882683112412154","0.7970466682095096","0.0842413108848077"
"350","100","0.4","0.35","144","5","single","60","0.2","0.5","0.1","1","0.05","500","2000","0.5","0.01","true","false","all","5","8","1.5","0.3","1","mixed","0.8","0.5","0.25","3000","0","34.628880458355695","52.13486678624227","0.28963814881245703","76.4889490462548","25.5491910335803","0.4249386058125267","0.14193995018655722","13.395625888733093","10.74193243751181","16.049319339954387","0.6693076640808082","2433.079782966339","1323.6003293820095","3542.5592365506677","0.3736282842431105","0.12252537384144002","0","0","0","0","0","0","0","0.08475120555924577","50","50","0.5094124147004966","0.25068286571362325","0.7681419636873699","0.08330733250121766"
"349","100","0.4","0.35","144","5","single","60","0.2","0.5","0.1","1","0.05","500","2000","0.5","0.01","true","false","all","5","8","1.5","0.3","1","mixed","0.8","0.5","0.25","3000","-1","61.86197569181377","136.57498688094134","0.7587499271163408","115.5594345213234","143.36119734734663","0.6419968584517967","0.7964510963741479","2957.3405836170587","2894.965156414683","3019.716010819435","0.9586878852323274","1473.151567010268","793.9993886560832","2152.303745364454","0.36890675415408597","0.02936293029436321","1","1","1","1","1","1","100","0.08464043595625174","50","50","0.5205629822174581","0.25358329025776855","0.7875426741771483","0.08641644754251948"
"351","100","0.4","0.35","144","5","single","60","0.2","0.5","0.1","1","0.05","500","2000","0.5","0.01","true","false","all","5","8","1.5","0.3","1","mixed","0.8","0.5","0.25","3000","21","21.661175428373653","47.96256419349207","0.26645868996384486","60.517653690723435","30.19414309662657","0.33620918717068576","0.16774523942570316","13.520505113051366","10.670031798924605","16.37097842717813","0.651765063791841","2182.1312365442923","984.4057255608614","3379.856747527723","0.29125664165527965","0.1294678455361724","0","0","0","0","0","0","0","0.09127386095092742","50","50","0.523026616490228","0.22978458670063953","0.8162686462798168","0.10384872660000947"
"352","100","0.4","0.35","144","5","single","60","0.2","0.5","0.1","1","0.05","500","2000","0.5","0.01","true","false","all","5","8","1.5","0.3","1","mixed","0.8","0.5","0.25","3000","23","26.03962933394358","49.048351331008845","0.2724908407278269","70.53964221595966","25.430136153510166","0.39188690119977587","0.1412785341861676","13.712790194061588","11.26200819760733","16.16357219051585","0.696752429776348","1673.099576446717","1034.2249201150014","2311.974232778433","0.44733410323181394","0.11460708865018887","0","0","0","0","0","0","0","0.07699589197647587","50","50","0.5372634586213307","0.24967508344664258","0.8248518337960189","0.09832805690598907"
"353","100","0.4","0.35","144","5","single","60","0.2","0.5","0.1","1","0.05","500","2000","0.5","0.01","true","false","all","5","8","1.5","0.3","1","mixed","0.8","0.5","0.25","3000","271","49.93841892397614","91.55648645680743","0.5086471469822635","105.99270699449691","48.87250668528194","0.5888483721916495","0.2715139260293441","14.000442996341445","11.277477331700831","16.72340866098206","0.6743527925627202","2502.1435921261254","1337.5622387932897","3666.7249454589632","0.36478390353489343","0.13267663285948483","0","0","0","0","0","0","0","0.09510167588926403","50","50","0.5265759028487274","0.2740154793269662","0.7791363263704888","0.07958633826918017"
"355","100","0.4","0.35","144","5","single","60","0.2","0.5","0.1","1","0.05","500","2000","0.5","0.01","true","false","all","5","8","1.5","0.3","1","mixed","0.8","0.5","0.25","3000","-1","72.80622351259227","73.6729543574013","0.4092941908744516","94.23736856487358","41.779384850816044","0.5235409364715199","0.23210769361564468","2934.2509509221936","2877.0798861138405","2991.422015730547","0.9617766637353631","1487.4320420945173","800.8483914441043","2174.015692744931","0.36837286599019264","0.02720314993981221","1","1","1","1","1","1","100","0.07685894036485623","50","50","0.5417712338553852","0.2834525809015085","0.8000898868092619","0.0853456337530421"
"354","100","0.4","0.35","144","5","single","60","0.2","0.5","0.1","1","0.05","500","2000","0.5","0.01","true","false","all","5","8","1.5","0.3","1","mixed","0.8","0.5","0.25","3000","-1","66.40949610897961","60.67764589242749","0.33709803273570826","84.08419835213088","35.286991441778426","0.467134435289616","0.19603884134321348","2961.5078945958066","2894.8243545486976","3028.1914346429135","0.9559581740544938","1430.3551906767957","851.1787250050949","2009.5316563484957","0.42357069733938174","0.025847573333998675","1","1","1","1","1","1","100","0.07928585151360631","50","50","0.5327439897942029","0.2656359906898595","0.7998519888985463","0.08553304003539894"
"356","100","0.4","0.35","144","5","single","60","0.2","0.5","0.1","1","0.05","500","2000","0.5","0.01","true","false","all","5","8","1.5","0.3","1","mixed","0.8","0.5","0.25","3000","182","32.299973479503194","58.27100392013865","0.3237277995563258","87.39223269925535","27.14043477746387","0.4855124038847519","0.1507801932081326","13.643548314220073","11.135688768593932","16.151407859846216","0.6894562297741368","1956.9589608743183","1218.3601095734962","2695.55781217514","0.451988120629607","0.12178133656647083","0","0","0","0","0","0","0","0.08398699917236871","50","50","0.5051420679460968","0.21972557551633914","0.7905585603758546","0.09745981043867265"
"358","100","0.4","0.35","144","5","single","60","0.2","0.5","0.1","1","0.05","500","2000","0.5","0.01","true","false","all","5","8","1.5","0.3","1","mixed","0.8","0.5","0.25","3000","56","48.119022871046994","41.37810336519858","0.229878352028881","54.81238777803449","26.13971458505831","0.30451326543352497","0.14522063658365728","13.786571432147207","11.222166760774835","16.35097610351958","0.6863300814413911","2340.250760971851","1189.7787869920182","3490.722734951684","0.3408402435057582","0.11578989175343501","0","0","0","0","0","0","0","0.07753306908217436","50","50","0.5488050759328696","0.29280180957780055","0.8048083422879384","0.08343416141111284"
"357","100","0.4","0.35","144","5","single","60","0.2","0.5","0.1","1","0.05","500","2000","0.5","0.01","true","false","all","5","8","1.5","0.3","1","mixed","0.8","0.5","0.25","3000","201","39.82305837783643","69.64610669101802","0.3869228149501001","86.97568212779689","45.51560703970887","0.483198234043316","0.25286448355393815","13.864550427452686","11.085757259185357","16.643343595720026","0.6660775339659606","2377.7473424701643","1181.2334364595297","3574.2612484808005","0.33048323956778486","0.1231355889878405","0","0","0","0","0","0","0","0.08132718257879329","50","50","0.5197482323851623","0.24093238058904695","0.7985640841812781","0.09477239726592199"
"359","100","0.4","0.35","144","5","single","60","0.2","0.5","0.1","1","0.05","500","2000","0.5","0.01","true","false","all","5","8","1.5","0.3","1","mixed","0.8","0.5","0.25","3000","204","35.85290508395407","58.05255389852767","0.3225141883251537","75.44918292256743","38.594269810508884","0.41916212734759684","0.2144126100583827","13.994918917417564","11.2970426690191","16.692795165816033","0.6767615942567542","2126.143905652074","1146.6125833129972","3105.675227991151","0.36919912712658703","0.14046768393876596","0","0","0","0","0","0","0","0.08475471768553094","50","50","0.5154953957919512","0.24411805642989368","0.7868727351540089","0.09105438237996019"
"360","100","0.4","0.35","144","5","single","60","0.2","0.5","0.1","1","0.05","500","2000","0.5","0.01","true","false","all","5","8","1.5","0.3","1","mixed","0.8","0.5","0.25","3000","17","30.514063680468794","46.11333770248841","0.25618520945826895","68.51163715899715","23.7786105008091","0.380620206438873","0.13210339167116167","13.47856983608279","10.7775509068888","16.179588765276787","0.6661202001634697","2013.871790400418","1027.3930297808045","3000.3505510200325","0.342424330860779","0.12234265353394425","0","0","0","0","0","0","0","0.07653579864533502","50","50","0.5325619739192972","0.24179630717261116","0.8233276406659829","0.10218850180569701"
"363","100","0.4","0.35","144","5","single","60","0.2","0.5","0.1","1","0.05","500","2000","0.5","0.01","true","false","all","5","8","1.5","0.3","1","mixed","0.8","0.5","0.5","3000","771","65.78521309122718","139.24952931737812","0.7736084962076563","128.18148471987405","148.6071725262858","0.7121193595548558","0.8255954029238101","13.610240354206349","10.945942066722456","16.274538641690235","0.6725807906272934","1825.3320554789088","948.4916800558524","2702.172430901965","0.35101079013645825","0.12083642226776559","0","0","0","0","0","0","0","0.08277796646564467","50","50","0.6459390768744886","0.4950131921064955","0.7968649616424817","0.03771768658083474"
"362","100","0.4","0.35","144","5","single","60","0.2","0.5","0.1","1","0.05","500","2000","0.5","0.01","true","false","all","5","8","1.5","0.3","1","mixed","0.8","0.5","0.5","3000","60","39.76927840898776","33.64733424493877","0.18692963469410426","45.281597898931466","21.996873575252522","0.2515644327718415","0.12220485319584734","13.34122982295532","10.523636522240613","16.15882312367004","0.6512625605032587","2207.1076595240943","1157.1577075471166","3257.0576115010726","0.3552770155065878","0.12699847082185967","0","0","0","0","0","0","0","0.0869429932967978","50","50","0.6691731109895176","0.514110712928647","0.8242355090503882","0.04559679518011813"
"361","100","0.4","0.35","144","5","single","60","0.2","0.5","0.1","1","0.05","500","2000","0.5","0.01","true","false","all","5","8","1.5","0.3","1","mixed","0.8","0.5","0.5","3000","491","47.30704198869339","37.847392705709346","0.21026329280949638","49.239431215818676","25.65373150625564","0.2735523956434371","0.1425207305903091","13.435525029808923","10.830366431869349","16.04068362774848","0.675181100955953","1977.7933152665685","1082.9061813979292","2872.680449135207","0.3769671568321942","0.11947237234852026","0","0","0","0","0","0","0","0.07093767448804403","50","50","0.6364538563184825","0.4843823779685964","0.7885253346683686","0.039632811798534846"
"364","100","0.4","0.35","144","5","single","60","0.2","0.5","0.1","1","0.05","500","2000","0.5","0.01","true","false","all","5","8","1.5","0.3","1","mixed","0.8","0.5","0.5","3000","6","46.33349392014466","35.435745935848885","0.19686525519916048","43.51194269154469","25.362468204409357","0.24173301495302604","0.14090260113560754","13.429910543447857","10.62316312337719","16.236657963518518","0.6542703028693431","2487.854373962832","1341.811155994901","3633.897591930765","0.36924847826599566","0.12539688142177585","0","0","0","0","0","0","0","0.06943501774255492","50","50","0.672749701844907","0.5624584236527085","0.7830409800371056","0.028494743188362967"
"366","100","0.4","0.35","144","5","single","60","0.2","0.5","0.1","1","0.05","500","2000","0.5","0.01","true","false","all","5","8","1.5","0.3","1","mixed","0.8","0.5","0.5","3000","743","44.48940133419534","43.03870255293132","0.23910390307184065","62.171185708741945","23.785357221417076","0.3453954761596775","0.1321408734523171","13.397622699314129","10.488821353127584","16.306424045500677","0.6432324661654865","1997.2839419774725","1113.8042148961529","2880.76366905879","0.38663505335724313","0.13200267616996442","0","0","0","0","0","0","0","0.06687209150676347","50","50","0.6503528158487623","0.4843195196251125","0.8163861120724119","0.04270322584474467"
"365","100","0.4","0.35","144","5","single","60","0.2","0.5","0.1","1","0.05","500","2000","0.5","0.01","true","false","all","5","8","1.5","0.3","1","mixed","0.8","0.5","0.5","3000","321","49.276378769056855","41.12112782290205","0.22845071012723359","48.60979259604671","27.854754777222034","0.2700544033113706","0.15474863765123353","13.600303167040499","10.422396428438024","16.778209905642974","0.6211864368756458","2653.1519937880475","1048.4756356816592","4257.828351894437","0.24624657196788136","0.13786943564759424","0","0","0","0","0","0","0","0.08014091553972491","50","50","0.6484824475370295","0.5071491608077954","0.7898157342662634","0.03409001581026883"
"367","100","0.4","0.35","144","5","single","60","0.2","0.5","0.1","1","0.05","500","2000","0.5","0.01","true","false","all","5","8","1.5","0.3","1","mixed","0.8","0.5","0.5","3000","-1","84.38565815411343","49.13577507880863","0.2729765282156035","61.45600138723821","35.15561551239177","0.34142222992910115","0.19530897506884315","2946.316849896712","2891.130213362892","3001.5034864305344","0.9632273380435412","1430.722495954907","607.1940669936379","2254.2509249161767","0.269355137124416","0.025722915947812508","1","1","1","1","1","1","100","0.08865444600901914","50","50","0.6501061018471757","0.511143038780918","0.7890691649134332","0.03379678157457733"
"368","100","0.4","0.35","144","5","single","60","0.2","0.5","0.1","1","0.05","500","2000","0.5","0.01","true","false","all","5","8","1.5","0.3","1","mixed","0.8","0.5","0.5","3000","0","27.943517179600775","40.89860642913629","0.22721448016186827","53.49546353462902","27.644425133291985","0.2971970196368279","0.15358013962939993","13.541566099551485","10.752403446500855","16.3307287526021","0.658415408729852","2220.556873535507","1214.2581879790287","3226.855559091986","0.37629765750057687","0.1316674847395627","0","0","0","0","0","0","0","0.09283688599939863","50","50","0.6455435344800219","0.4898089981938145","0.8012780707662287","0.043374909236331916"
"370","100","0.4","0.35","144","5","single","60","0.2","0.5","0.1","1","0.05","500","2000","0.5","0.01","true","false","all","5","8","1.5","0.3","1","mixed","0.8","0.5","0.5","3000","321","54.98881039254676","39.89905800208573","0.22166143334492072","54.06129592255918","24.467964329105026","0.3003405329031066","0.13593313516169458","13.410438965652036","10.815677702687863","16.005200228616207","0.6757602246893586","2139.406059195482","1044.9178025912781","3233.894315799684","0.32311439414892845","0.11849704973075403","0","0","0","0","0","0","0","0.09271278080988513","50","50","0.6683520137356866","0.5141067872086506","0.822597240262723","0.040384677754686106"
"371","100","0.4","0.35","144","5","single","60","0.2","0.5","0.1","1","0.05","500","2000","0.5","0.01","true","false","all","5","8","1.5","0.3","1","mixed","0.8","0.5","0.5","3000","558","44.10866046279106","36.752914937338566","0.20418286076299202","45.326453835094874","27.923993201448752","0.25181363241719373","0.15513329556360417","13.335195635397147","10.603144740270134","16.067246530524148","0.6599229507138359","1996.9014373388031","1021.6434363805324","2972.159438297074","0.3437377629263027","0.12386812215783016","0","0","0","0","0","0","0","0.08581304176209555","50","50","0.6513314605084394","0.489001442877197","0.8136614781396818","0.03784295130306726"
"369","100","0.4","0.35","144","5","single","60","0.2","0.5","0.1","1","0.05","500","2000","0.5","0.01","true","false","all","5","8","1.5","0.3","1","mixed","0.8","0.5","0.5","3000","946","61.05033693606614","46.731734911022684","0.2596207495056816","65.80268182863442","23.628258270217202","0.36557045460352455","0.13126810150120669","13.544120345458435","10.837745795969834","16.25049489494703","0.6669178917953908","2295.1586008306326","1053.7100833373065","3536.6071183239583","0.2979437772088952","0.12407182305161757","0","0","0","0","0","0","0","0.09977706692538915","50","50","0.63869535201678","0.46882339795052663","0.8085673060830332","0.04484061741353258"
"372","100","0.4","0.35","144","5","single","60","0.2","0.5","0.1","1","0.05","500","2000","0.5","0.01","true","false","all","5","8","1.5","0.3","1","mixed","0.8","0.5","0.5","3000","938","62.66043236585511","47.002384090786826","0.2611243560599268","60.57397092759846","28.004683367160474","0.33652206070888036","0.15558157426200264","13.53192054817081","10.725179080215531","16.3386620161261","0.6564294597458399","1938.1647979483762","941.5223360794718","2934.807259817279","0.320812323511184","0.12474007776892915","0","0","0","0","0","0","0","0.09166175085743522","50","50","0.6391859332264759","0.47633222055255653","0.8020396459003953","0.0428689246641414"
"373","100","0.4","0.35","144","5","single","60","0.2","0.5","0.1","1","0.05","500","2000","0.5","0.01","true","false","all","5","8","1.5","0.3","1","mixed","0.8","0.5","0.5","3000","91","32.383814236059976","49.377705834248445","0.2743205879680469","70.35368734106704","25.525436763103794","0.3908538185614836","0.1418079820172433","13.639622510851023","10.935567593531216","16.343677428170842","0.669100797026383","1982.203818698535","1134.4308975206268","2829.9767398764434","0.4008622691259844","0.12392380356667987","0","0","0","0","0","0","0","0.07638271513102554","50","50","0.6536645286676546","0.5067781545367088","0.8005509027986006","0.03515464985364327"
"374","100","0.4","0.35","144","5","single","60","0.2","0.5","0.1","1","0.05","500","2000","0.5","0.01","true","false","all","5","8","1.5","0.3","1","mixed","0.8","0.5","0.5","3000","186","37.40772394063416","34.15392662741459","0.18974403681896995","45.18390678774196","23.131435359757578","0.25102170437634425","0.12850797422087543","13.384187135241596","10.683948509208665","16.084425761274534","0.6642418366549172","2071.0588900596604","1374.3438629773277","2767.7739171419935","0.49655206823990766","0.12311249434088833","0","0","0","0","0","0","0","0.08623749236597801","50","50","0.6419890745004818","0.45771908993873694","0.8262590590622265","0.048557729847037615"
"375","100","0.4","0.35","144","5","single","60","0.2","0.5","0.1","1","0.05","500","2000","0.5","0.01","true","false","all","5","8","1.5","0.3","1","mixed","0.8","0.5","0.5","3000","110","42.52430592386891","37.748442198800404","0.20971356777111336","49.17602241632271","23.641087784961375","0.27320012453512615","0.13133937658311876","13.412740885184776","10.736301960334826","16.08917981003472","0.6672995197454789","2283.8216880320515","1108.0960346960599","3459.547341368042","0.3203008733095918","0.12253189929005726","0","0","0","0","0","0","0","0.08453816568094892","50","50","0.6650707357886254","0.5281047138894148","0.8020367576878358","0.03331411704965495"
"376","100","0.4","0.35","144","5","single","60","0.2","0.5","0.1","1","0.05","500","2000","0.5","0.01","true","false","all","5","8","1.5","0.3","1","mixed","0.8","0.5","0.5","3000","1847","51.52804738995356","51.3996792881812","0.2855537738232289","73.93169484976633","27.666599181079913","0.4107316380542574","0.1537033287837773","15.88463915989034","13.087158422617303","18.68211989716337","0.7005178477954427","1723.3703045059979","927.74589611437","2518.9947128976246","0.36830005690927975","0.10739514381140425","0","0","0","0","0","0","0","0.098608212565258","50","50","0.6631136771753396","0.5239711159233588","0.8022562384273206","0.039864477909747204"
"377","100","0.4","0.35","144","5","single","60","0.2","0.5","0.1","1","0.05","500","2000","0.5","0.01","true","false","all","5","8","1.5","0.3","1","mixed","0.8","0.5","0.5","3000","-1","63.57405837805854","53.12880883490153","0.29516004908278626","74.59683029887864","30.198755834762288","0.41442683499377025","0.1677708657486794","2926.3669929021444","2849.983128876492","3002.7508569277975","0.9491240747800147","1537.722565650416","541.3505535565014","2534.094577744332","0.2136268150016613","0.031121769869558724","1","1","1","1","1","1","100","0.0967007222897319","50","50","0.6591059516333324","0.5250429664270885","0.7931689368395758","0.03388538574306862"
"379","100","0.4","0.35","144","5","single","60","0.2","0.5","0.1","1","0.05","500","2000","0.5","0.01","true","false","all","5","8","1.5","0.3","1","mixed","0.8","0.5","0.5","3000","136","47.11579198686891","54.364091378656106","0.3020227298814228","78.79248256165232","19.23497228116752","0.4377360142314018","0.10686095711759733","13.347361286518737","10.537519668424922","16.15720290461256","0.6521871224020258","2406.858379715942","1083.4234730427029","3730.2932863891806","0.29043922015349805","0.1250038556045614","0","0","0","0","0","0","0","0.08047227895140104","50","50","0.6297016425498027","0.47375397213557635","0.7856493129640293","0.038130920142021865"
"380","100","0.4","0.35","144","5","single","60","0.2","0.5","0.1","1","0.05","500","2000","0.5","0.01","true","false","all","5","8","1.5","0.3","1","mixed","0.8","0.5","0.5","3000","376","33.69344162716719","43.01904062960444","0.23899467016446913","58.747306252329125","26.4589634565605","0.3263739236240507","0.14699424142533613","13.492102396585617","10.820615923328567","16.16358886984266","0.6694438970492013","1762.1181809836344","1214.8456467350416","2309.3907152322286","0.5260459560706592","0.12310979252659471","0","0","0","0","0","0","0","0.09483418079979263","50","50","0.6409588253934075","0.464684717181917","0.8172329336048976","0.04467811028876975"
"378","100","0.4","0.35","144","5","single","60","0.2","0.5","0.1","1","0.05","500","2000","0.5","0.01","true","false","all","5","8","1.5","0.3","1","mixed","0.8","0.5","0.5","3000","261","51.525352338197514","40.78133302527214","0.2265629612515119","46.49630199977822","34.84400402997876","0.25831278888765674","0.19357780016654869","13.615819714099475","10.912998876511326","16.31864055168763","0.6687443627393787","2262.223221080453","1020.5711066493412","3503.875335511564","0.29126924017698763","0.12646555101139434","0","0","0","0","0","0","0","0.07282748963225094","50","50","0.641635939239962","0.5082839306200511","0.7749879478598729","0.030725737773873836"
"381","100","0.4","0.35","144","5","single","60","0.2","0.5","0.1","1","0.05","500","2000","0.5","0.01","true","false","all","5","8","1.5","0.3","1","mixed","0.8","0.5","0.5","3000","-1","78.32416910252424","45.15635772334154","0.2508686540185641","70.68176152922884","22.719420050245215","0.3926764529401602","0.1262190002791401","2938.759844212614","2892.801897969045","2984.7177904561845","0.9692044947160343","1537.133328995945","764.4705135163366","2309.796144475554","0.3309688239565021","0.02692363452945723","1","1","1","1","1","1","100","0.07312484771591461","50","50","0.6383394128452662","0.48545483004676077","0.7912239956437714","0.039661685464508815"
"382","100","0.4","0.35","144","5","single","60","0.2","0.5","0.1","1","0.05","500","2000","0.5","0.01","true","false","all","5","8","1.5","0.3","1","mixed","0.8","0.5","0.5","3000","305","47.82776608622418","43.81487063034783","0.24341594794637686","56.08801333913071","28.635590231234413","0.3116000741062817","0.15908661239574673","13.490581538322505","10.83630728470841","16.144855791936603","0.6711925720711917","2019.2010760655048","1150.5684752241345","2887.833676906876","0.3984192318362651","0.1228933547217701","0","0","0","0","0","0","0","0.07670820001260444","50","50","0.6634455034953206","0.5215915569764129","0.8052994500142286","0.03267733693366201"
"383","100","0.4","0.35","144","5","single","60","0.2","0.5","0.1","1","0.05","500","2000","0.5","0.01","true","false","all","5","8","1.5","0.3","1","mixed","0.8","0.5","0.5","3000","627","55.260006717513114","39.69510127793355","0.22052834043296418","49.5595056757951","29.032627011425905","0.27533058708775054","0.16129237228569948","13.471363111098787","10.675552708110894","16.267173514086675","0.6562635296701249","1974.098481612757","915.8815703865141","3032.3153928389993","0.30204033938864844","0.12349162900789556","0","0","0","0","0","0","0","0.07971552148184372","50","50","0.649643647830285","0.49716851275897384","0.8021187829015968","0.033547045450530194"
"384","100","0.4","0.35","144","5","single","60","0.2","0.5","0.1","1","0.05","500","2000","0.5","0.01","true","false","all","5","8","1.5","0.3","1","mixed","0.8","0.5","0.5","3000","741","80.23909700051425","41.57707704976223","0.23098376138756796","51.39580225026374","26.051813878320758","0.28553223472368744","0.14473229932400422","13.554104466971873","10.81830006440732","16.28990886953643","0.6641105331558051","1800.5087630727514","931.5024241047776","2669.5151020407266","0.3489406834195039","0.12089565791384382","0","0","0","0","0","0","0","0.07356010271998434","50","50","0.6492682294486142","0.49846916786559214","0.8000672910316365","0.03248938998980466"
"386","100","0.4","0.35","144","5","single","60","0.2","0.5","0.1","1","0.05","500","2000","0.5","0.01","true","false","all","5","8","1.5","0.3","1","mixed","0.8","0.5","0.5","3000","231","45.218007211552205","42.15731935471312","0.23420732974840622","49.128495214062816","34.50581711895481","0.2729360845225712","0.19169898399419338","13.661398932566597","10.783747312964467","16.539050552168717","0.6520173137478212","2304.2622179581695","992.9715417427042","3615.5528941736357","0.274638919912595","0.126956349980895","0","0","0","0","0","0","0","0.08659516616657362","50","50","0.6714690393126185","0.5409404149011189","0.8019976637241174","0.03438391627941438"
"385","100","0.4","0.35","144","5","single","60","0.2","0.5","0.1","1","0.05","500","2000","0.5","0.01","true","false","all","5","8","1.5","0.3","1","mixed","0.8","0.5","0.5","3000","-1","70.97313515976174","95.21334396919876","0.5289630220511042","97.52309514017469","85.84744705883685","0.5417949730009705","0.4769302614379825","2916.2368303430176","2864.1770171564654","2968.296643529569","0.9649227692252165","1447.3203977359306","651.048527134928","2243.5922683369317","0.29018130269165154","0.024995996455392744","1","1","1","1","1","1","100","0.06792415018158367","50","50","0.6424492808915819","0.504769223136165","0.7801293386469986","0.0364224763188483"
"388","100","0.4","0.35","144","5","single","60","0.2","0.5","0.1","1","0.05","500","2000","0.5","0.01","true","false","all","5","8","1.5","0.3","1","mixed","0.8","0.5","0.5","3000","-1","58.59226247747634","143.95666431560932","0.7997592461978296","134.68681215190955","153.0265199669899","0.7482600675106086","0.8501473331499438","2927.3167328408667","2853.3671813432757","3001.266284338455","0.9507210993683024","1416.5201151646888","667.2163601261252","2165.8238702032527","0.30806584473718546","0.028143836712636983","1","1","1","1","1","1","100","0.08324765656268915","50","50","0.632636819396231","0.4728794981765212","0.7923941406159409","0.0457354960733485"
"387","100","0.4","0.35","144","5","single","60","0.2","0.5","0.1","1","0.05","500","2000","0.5","0.01","true","false","all","5","8","1.5","0.3","1","mixed","0.8","0.5","0.5","3000","-1","70.01644126100294","66.23029191291265","0.36794606618284803","97.59303765179305","28.874921071506407","0.5421835425099614","0.1604162281750356","2946.427511164954","2877.766303183122","3015.088719146788","0.9544549335840022","1377.3319302704322","742.6154961370886","2012.048364403776","0.36908431689570514","0.030958177446405166","1","1","1","1","1","1","100","0.08197523626986453","50","50","0.66128922468776","0.5337473192709901","0.7888311301045294","0.03348468526939395"
"389","100","0.4","0.35","144","5","single","60","0.2","0.5","0.1","1","0.05","500","2000","0.5","0.01","true","false","all","5","8","1.5","0.3","1","mixed","0.8","0.5","0.5","3000","156","38.26763738627733","42.87095282282686","0.23817196012681588","57.36410040158966","22.201874958597987","0.3186894466754981","0.12334374976998881","13.458131601274042","10.72574020195159","16.19052300059649","0.6624702736011943","2131.5301491744613","1270.5883968767332","2992.47190147219","0.424594929780844","0.12437144867290217","0","0","0","0","0","0","0","0.08758576270904947","50","50","0.6470951033616603","0.4779322171508003","0.8162579895725203","0.047102043030853094"
"390","100","0.4","0.35","144","5","single","60","0.2","0.5","0.1","1","0.05","500","2000","0.5","0.01","true","false","all","5","8","1.5","0.3","1","mixed","0.8","0.5","0.5","3000","326","45.668531929343295","35.96490863676112","0.19980504798200624","48.90430534644855","20.80667812782019","0.2716905852580475","0.11559265626566773","13.409669092969473","10.607338223862044","16.211999962076895","0.6542893072214858","2480.0682846362465","1352.9468609205196","3607.1897083519702","0.37506950571187064","0.12442438102763331","0","0","0","0","0","0","0","0.08312308588670961","50","50","0.6388287744805343","0.47219942531375536","0.8054581236473122","0.04263268603313034"
"391","100","0.4","0.35","144","5","single","60","0.2","0.5","0.1","1","0.05","500","2000","0.5","0.01","true","false","all","5","8","1.5","0.3","1","mixed","0.8","0.5","0.75","3000","-1","56.50521711646866","139.79842472270948","0.7766579151261638","132.1581766271005","147.17708606981702","0.7342120923727805","0.8176504781656502","2943.681546604203","2892.0040924008435","2995.3590008075676","0.965494984614913","1507.4191036701648","838.2879225046304","2176.5502848356973","0.3851452127456411","0.026006965823982542","1","1","1","1","1","1","100","0.09730630495535675","50","50","0.7541746215015253","0.7258006961684009","0.7825485468346497","0.013340448522596271"
"392","100","0.4","0.35","144","5","single","60","0.2","0.5","0.1","1","0.05","500","2000","0.5","0.01","true","false","all","5","8","1.5","0.3","1","mixed","0.8","0.5","0.75","3000","784","73.12710142199316","55.747298521523234","0.3097072140084624","63.50503474750975","47.42173346809306","0.35280574859727637","0.2634540748227392","13.302658136188855","10.657638245681992","15.947678026695717","0.668287773796384","1704.649307318426","846.5849775927609","2562.7136370440912","0.33034708418270115","0.12036259578421382","0","0","0","0","0","0","0","0.0847508238889744","50","50","0.7813438280939535","0.7457878474097518","0.8168998087781552","0.01865616206895941"
"394","100","0.4","0.35","144","5","single","60","0.2","0.5","0.1","1","0.05","500","2000","0.5","0.01","true","false","all","5","8","1.5","0.3","1","mixed","0.8","0.5","0.75","3000","464","59.24467491699962","31.18117445690791","0.17322874698282173","37.00108253165674","26.00564286191406","0.20556156962031524","0.14447579367730032","13.240942455927291","10.381207604842096","16.100677307012493","0.6447683788010995","2138.6925987035256","904.8596246468333","3372.52557276022","0.26830326564618373","0.12809784274438774","0","0","0","0","0","0","0","0.07841172715612703","50","50","0.7588925100679558","0.742856579766296","0.7749284403696144","0.013155666772104951"
"393","100","0.4","0.35","144","5","single","60","0.2","0.5","0.1","1","0.05","500","2000","0.5","0.01","true","false","all","5","8","1.5","0.3","1","mixed","0.8","0.5","0.75","3000","53","20.841988024281918","35.48889252572725","0.19716051403181806","38.938651445551905","32.034279628966566","0.21632584136417726","0.17796822016092537","13.323447418582175","10.543226099547006","16.10366873761734","0.6547095740313246","2156.0985376880276","1174.9930795831604","3137.203995792894","0.3745351214517351","0.12604140476129655","0","0","0","0","0","0","0","0.08129613393373235","50","50","0.7695042789958122","0.7548993493513494","0.7841092086402753","0.02081361032362779"
"395","100","0.4","0.35","144","5","single","60","0.2","0.5","0.1","1","0.05","500","2000","0.5","0.01","true","false","all","5","8","1.5","0.3","1","mixed","0.8","0.5","0.75","3000","2535","61.228779281705336","46.15990156381749","0.25644389757676384","54.47079099225932","36.73501907329211","0.3026155055125518","0.20408343929606726","2426.1935191694893","2364.5404511095776","2487.846587229402","0.9504365997675344","1304.3640135590915","685.1499044585164","1923.5781226596664","0.3561851200049949","0.024963885038098876","1","1","1","1","1","1","100","0.07273886688634724","50","50","0.7827477810594583","0.7556700246262957","0.8098255374926204","0.017604589409426857"
"396","100","0.4","0.35","144","5","single","60","0.2","0.5","0.1","1","0.05","500","2000","0.5","0.01","true","false","all","5","8","1.5","0.3","1","mixed","0.8","0.5","0.75","3000","41","52.79318346403505","30.891280662150862","0.1716182259008381","36.41738528719096","24.084720832221574","0.2023188071510609","0.13380400462345318","13.585488031166403","10.879235646047398","16.291740416285418","0.6677761471802228","2419.106208113565","934.8689780909237","3903.343438136208","0.239504668986368","0.11983287095952067","0","0","0","0","0","0","0","0.07259116022044429","50","50","0.7893874024686357","0.7797993374300445","0.7989754675072269","0.01325811113967256"
"397","100","0.4","0.35","144","5","single","60","0.2","0.5","0.1","1","0.05","500","2000","0.5","0.01","true","false","all","5","8","1.5","0.3","1","mixed","0.8","0.5","0.75","3000","556","52.904559850852706","45.8508645338988","0.2547270251883267","68.00832908978842","24.961113761732815","0.37782405049882456","0.13867285423184897","13.439820508845846","10.730047985136205","16.149593032555494","0.6644159988122187","2028.8803162771626","1041.1126108135154","3016.64802174081","0.34512233555598","0.1207711591687346","0","0","0","0","0","0","0","0.08609714787148526","50","50","0.7582493974262872","0.7290352481345046","0.7874635467180693","0.015730361147796683"
"398","100","0.4","0.35","144","5","single","60","0.2","0.5","0.1","1","0.05","500","2000","0.5","0.01","true","false","all","5","8","1.5","0.3","1","mixed","0.8","0.5","0.75","3000","357","48.142329630054505","33.304801683759834","0.18502667602088796","38.61125027240583","28.785810573550247","0.2145069459578102","0.15992116985305693","13.352203517962062","10.705186702302985","15.999220333621142","0.6691067738974036","1890.31343511114","1062.5492393705154","2718.0776308517648","0.3909193863008041","0.11996373786514947","0","0","0","0","0","0","0","0.06303205751619831","50","50","0.7681445078634639","0.7377004922079402","0.7985885235189882","0.018678304384843615"
"399","100","0.4","0.35","144","5","single","60","0.2","0.5","0.1","1","0.05","500","2000","0.5","0.01","true","false","all","5","8","1.5","0.3","1","mixed","0.8","0.5","0.75","3000","291","51.640911333692564","30.652061347822404","0.17028922971012447","39.418069775149114","22.054342568503586","0.2189892765286062","0.12252412538057547","13.362070147719459","10.554992726864457","16.16914756857446","0.6527859729215784","2201.592493802046","1003.8566507733054","3399.328336830787","0.2953102940650936","0.12592006997742056","0","0","0","0","0","0","0","0.08052844336698256","50","50","0.7831866357191948","0.7543838564628501","0.8119894149755386","0.01832991666100396"
"400","100","0.4","0.35","144","5","single","60","0.2","0.5","0.1","1","0.05","500","2000","0.5","0.01","true","false","all","5","8","1.5","0.3","1","mixed","0.8","0.5","0.75","3000","169","53.382435221550104","37.56615697626867","0.20870087209038152","54.408508544380254","21.814175902080073","0.3022694919132236","0.12118986612266708","13.295150401411094","10.491838870948252","16.098461931873924","0.6517292717371391","1890.7730491277623","1224.2184079532365","2557.3276903022875","0.47871002710979443","0.1258249980387991","0","0","0","0","0","0","0","0.0751642268702817","50","50","0.7694986686778341","0.7220186511927632","0.8169786861629054","0.01792629468441459"
"401","100","0.4","0.35","144","5","single","60","0.2","0.5","0.1","1","0.05","500","2000","0.5","0.01","true","false","all","5","8","1.5","0.3","1","mixed","0.8","0.5","0.75","3000","366","54.386652510885064","32.128637282811184","0.17849242934895101","37.437474893243504","26.852228729059142","0.20798597162913057","0.149179048494773","13.441950749469676","10.749373020977139","16.134528477962224","0.6662340976161439","2138.2213945289523","1127.0095148168534","3149.43327424105","0.3578451793326021","0.12211171514356534","0","0","0","0","0","0","0","0.07238893712029389","50","50","0.7792334646282891","0.7556923390439952","0.8027745902125822","0.015230049865508122"
"404","100","0.4","0.35","144","5","single","60","0.2","0.5","0.1","1","0.05","500","2000","0.5","0.01","true","false","all","5","8","1.5","0.3","1","mixed","0.8","0.5","0.75","3000","996","51.62601410487056","40.30467242149448","0.22391484678608045","50.41311171512961","29.977977093700204","0.28007284286183115","0.16654431718722335","13.457849217312159","10.636855176156873","16.27884325846746","0.653415909673072","1848.3971539105803","889.435098025306","2807.3592097958544","0.3168226904921028","0.1273111236369735","0","0","0","0","0","0","0","0.07926344546710518","50","50","0.7675481730582878","0.7307310728682882","0.8043652732482872","0.01340746281476927"
"402","100","0.4","0.35","144","5","single","60","0.2","0.5","0.1","1","0.05","500","2000","0.5","0.01","true","false","all","5","8","1.5","0.3","1","mixed","0.8","0.5","0.75","3000","1733","98.41579706117862","83.24121557851392","0.46245119765841064","92.35607545691214","72.88698564906548","0.5130893080939564","0.40492769805036377","13.981825226937994","11.262382215025207","16.701268238850762","0.6743429333603824","1614.0226540248364","872.1609748848616","2355.884333164811","0.37020534608048083","0.11707857577841874","0","0","0","0","0","0","0","0.08394308512926299","50","50","0.7679464775869456","0.7340832132131615","0.8018097419607293","0.015467580684908982"
"403","100","0.4","0.35","144","5","single","60","0.2","0.5","0.1","1","0.05","500","2000","0.5","0.01","true","false","all","5","8","1.5","0.3","1","mixed","0.8","0.5","0.75","3000","796","62.244837593125126","143.6164604461131","0.7978692247006284","141.34856550617923","144.32086711612476","0.7852698083676624","0.801782595089582","13.38942249195087","10.810554177134254","15.968290806767493","0.6770013339532028","1785.586839077596","1104.9251858824316","2466.2484922727604","0.4480185955893651","0.11561675024067175","0","0","0","0","0","0","0","0.07929733946834362","50","50","0.7686036148830989","0.7384494939681749","0.7987577357980227","0.015853423776144234"
"405","100","0.4","0.35","144","5","single","60","0.2","0.5","0.1","1","0.05","500","2000","0.5","0.01","true","false","all","5","8","1.5","0.3","1","mixed","0.8","0.5","0.75","3000","86","53.75283353770316","42.28289901186852","0.2349049945103807","51.81845044746115","33.256283666224604","0.28788028026367307","0.1847571314790256","13.628861924724788","10.96217825445493","16.295545594994657","0.6727101090633055","2234.6180527977285","1094.4238300647528","3374.8122755307036","0.3242917652042291","0.12428318122801918","0","0","0","0","0","0","0","0.07880901780220871","50","50","0.7657801342234088","0.7206960786236722","0.8108641898231455","0.017049381940770172"
"406","100","0.4","0.35","144","5","single","60","0.2","0.5","0.1","1","0.05","500","2000","0.5","0.01","true","false","all","5","8","1.5","0.3","1","mixed","0.8","0.5","0.75","3000","261","55.93629360310915","31.922186309863818","0.17734547949924342","41.99107756357438","22.474770950134175","0.2332837642420799","0.12485983861185652","13.349275606147701","10.774554204658234","15.923997007637183","0.6766237270385532","2171.303725240399","1135.1683964986964","3207.4390539821006","0.35391737064788864","0.11565856968974964","0","0","0","0","0","0","0","0.08942409887567045","50","50","0.7853310829153347","0.7670268115979869","0.8036353542326827","0.011268273200377743"
"407","100","0.4","0.35","144","5","single","60","0.2","0.5","0.1","1","0.05","500","2000","0.5","0.01","true","false","all","5","8","1.5","0.3","1","mixed","0.8","0.5","0.75","3000","331","37.17166210240018","33.16206060793306","0.18423367004407254","40.80101867683288","25.608908745626454","0.2266723259824049","0.1422717152534803","13.155143027504602","10.355603108141995","15.954682946867205","0.6490635472123486","2072.8280705634916","1142.1061852695605","3003.5499558574193","0.380252102363826","0.12716827434623057","0","0","0","0","0","0","0","0.07179806868250746","50","50","0.776924412895059","0.7584174344041881","0.7954313913859299","0.013296199475685003"
"408","100","0.4","0.35","144","5","single","60","0.2","0.5","0.1","1","0.05","500","2000","0.5","0.01","true","false","all","5","8","1.5","0.3","1","mixed","0.8","0.5","0.75","3000","326","40.12676396332532","132.71528824274952","0.737307156904164","144.30550908641794","95.80015550110515","0.8016972727023219","0.5322230861172509","13.54634495608727","10.975108636935031","16.1175812752395","0.6809401764144007","2109.472462233344","1111.7365670216036","3107.208357445085","0.3577927319736399","0.11659706890332511","0","0","0","0","0","0","0","0.07844814819670703","50","50","0.7970605887416862","0.77327918058243","0.8208419969009425","0.01950067204975074"
"409","100","0.4","0.35","144","5","single","60","0.2","0.5","0.1","1","0.05","500","2000","0.5","0.01","true","false","all","5","8","1.5","0.3","1","mixed","0.8","0.5","0.75","3000","127","39.17844655094929","37.071407094883114","0.20595226163823951","50.36475211701103","24.05294437639637","0.27980417842783906","0.1336274687577576","13.54919169238862","10.825848341119684","16.272535043657548","0.6652834553482319","2363.630409725493","1112.5558912819606","3614.7049281690265","0.30778608859935597","0.12401573793986098","0","0","0","0","0","0","0","0.08208131440275335","50","50","0.7626701042820402","0.7407063238402262","0.7846338847238542","0.017906133748526502"
"411","100","0.4","0.35","144","5","single","60","0.2","0.5","0.1","1","0.05","500","2000","0.5","0.01","true","false","all","5","8","1.5","0.3","1","mixed","0.8","0.5","0.75","3000","6","14.768049219155856","56.35092474597562","0.3130606930331979","86.124193142212","26.085341909810612","0.4784677396789555","0.14491856616561452","13.279020969982275","10.622797221410949","15.935244718553587","0.6666227854689111","1765.8416915284686","891.8161309129392","2639.8672521439985","0.33782612750267677","0.11983741276479454","0","0","0","0","0","0","0","0.07044258985410157","50","50","0.7636579994389747","0.7331621033280473","0.7941538955499019","0.014972238200098763"
"410","100","0.4","0.35","144","5","single","60","0.2","0.5","0.1","1","0.05","500","2000","0.5","0.01","true","false","all","5","8","1.5","0.3","1","mixed","0.8","0.5","0.75","3000","221","46.49116624899005","76.38638072379162","0.4243687817988423","97.41708923676354","52.69808963897327","0.541206051315353","0.29276716466096264","13.212991371539948","10.53477259765967","15.891210145420212","0.6629307964123644","1893.4433499792867","1093.872393387941","2693.014306570632","0.40618885340453764","0.1219200939123335","0","0","0","0","0","0","0","0.08268507055995326","50","50","0.7772348783815614","0.7554774824340891","0.7989922743290337","0.014764756942586528"
"412","100","0.4","0.35","144","5","single","60","0.2","0.5","0.1","1","0.05","500","2000","0.5","0.01","true","false","all","5","8","1.5","0.3","1","mixed","0.8","0.5","0.75","3000","131","46.83892696875955","138.72492060248516","0.7706940033471398","139.2530632123202","136.59729347951668","0.7736281289573345","0.7588738526639816","13.318488090207463","10.702158273788491","15.934817906626428","0.6716209960164052","2401.4765382087653","1045.3394277776852","3757.613648639845","0.278192365028286","0.11820876633503774","0","0","0","0","0","0","0","0.07260341992996074","50","50","0.7870157668305098","0.7622067715054698","0.8118247621555491","0.013591052501222896"
"413","100","0.4","0.35","144","5","single","60","0.2","0.5","0.1","1","0.05","500","2000","0.5","0.01","true","false","all","5","8","1.5","0.3","1","mixed","0.8","0.5","0.75","3000","281","46.6816087385224","30.82452084784162","0.17124733804356454","36.728808669712706","24.305622076894974","0.2040489370539595","0.13503123376052764","13.357087976389403","10.552949515829027","16.16122643694976","0.6529794973790845","2308.5855353313855","848.805461528505","3768.3656091342655","0.2252449867048615","0.12458354679601147","0","0","0","0","0","0","0","0.08249913484008192","50","50","0.7786633442704219","0.7834171108074653","0.7739095777333782","0.014294829477413219"
"414","100","0.4","0.35","144","5","single","60","0.2","0.5","0.1","1","0.05","500","2000","0.5","0.01","true","false","all","5","8","1.5","0.3","1","mixed","0.8","0.5","0.75","3000","1581","49.680389538268784","86.97576120471804","0.4831986733595447","106.14705238612012","66.93040252321677","0.5897058465895563","0.3718355695734265","13.63660756793845","10.680836436741313","16.59237869913558","0.6437194226586549","1841.6964835638623","652.6973487021628","3030.6956184255628","0.21536222401682065","0.12671617344235053","0","0","0","0","0","0","0","0.08579825554599305","50","50","0.7684271647406865","0.7458881330902928","0.7909661963910811","0.01603091962160918"
"415","100","0.4","0.35","144","5","single","60","0.2","0.5","0.1","1","0.05","500","2000","0.5","0.01","true","false","all","5","8","1.5","0.3","1","mixed","0.8","0.5","0.75","3000","304","52.64413533518097","28.849040953138747","0.1602724497396597","35.37333883080035","23.187850778857165","0.19651854906000193","0.12882139321587313","13.178633967072908","10.399746515564077","15.957521418581727","0.6517144011759933","2167.1207053646926","820.5443652204149","3513.6970455089718","0.23352735155957532","0.12395431725375072","0","0","0","0","0","0","0","0.08111546648035528","50","50","0.7702532929725902","0.7405383307608379","0.7999682551843421","0.016430178591998867"
"416","100","0.4","0.35","144","5","single","60","0.2","0.5","0.1","1","0.05","500","2000","0.5","0.01","true","false","all","5","8","1.5","0.3","1","mixed","0.8","0.5","0.75","3000","161","41.97314113815064","38.12960998481713","0.21183116658231738","45.40665999981635","31.97957129942269","0.25225922222120195","0.17766428499679274","13.305080513883004","10.417071820422246","16.19308920734376","0.6433035529562807","2107.8811043738283","1073.5124943204364","3142.24971442722","0.3416381866124602","0.12966772802386384","0","0","0","0","0","0","0","0.08332179984335673","50","50","0.749188233284646","0.7068408055927472","0.7915356609765439","0.014046828008315975"
"417","100","0.4","0.35","144","5","single","60","0.2","0.5","0.1","1","0.05","500","2000","0.5","0.01","true","false","all","5","8","1.5","0.3","1","mixed","0.8","0.5","0.75","3000","0","25.459123751300808","36.24726276002464","0.2013736820001369","33.93899816168093","40.01688691507477","0.18854998978711626","0.22231603841708206","13.361681087631228","10.632178065369217","16.09118410989325","0.660745535739181","2055.406368713337","1090.3710589373418","3020.441678489331","0.3609972232546762","0.12346974361442942","0","0","0","0","0","0","0","0.08348259110520746","50","50","0.7735441902508345","0.7621250016264317","0.7849633788752374","0.013982275026475317"
"418","100","0.4","0.35","144","5","single","60","0.2","0.5","0.1","1","0.05","500","2000","0.5","0.01","true","false","all","5","8","1.5","0.3","1","mixed","0.8","0.5","0.75","3000","476","47.72199550544255","35.20352613070472","0.19557514517058175","40.34123835297653","30.020964024565366","0.22411799084986964","0.16678313346980758","13.428388029336594","10.719006989624662","16.13776906904851","0.6642186378898692","2332.9321819479424","1186.2965327098775","3479.567831186006","0.3409321473999056","0.1250603813108142","0","0","0","0","0","0","0","0.09093375978556156","50","50","0.7834619010181172","0.7678581866407203","0.7990656153955144","0.01590780165319213"
"419","100","0.4","0.35","144","5","single","60","0.2","0.5","0.1","1","0.05","500","2000","0.5","0.01","true","false","all","5","8","1.5","0.3","1","mixed","0.8","0.5","0.75","3000","171","47.66389360636194","38.86826884696205","0.21593482692756696","48.48630683378551","27.47048347362067","0.2693683712988084","0.1526137970756704","13.546487043703598","10.939085461438356","16.15388862596883","0.6771797004872742","2163.824648410793","1094.817342115328","3232.83195470626","0.33865581553706353","0.11857270433233613","0","0","0","0","0","0","0","0.08150996714638843","50","50","0.7713583395145656","0.7274164534534907","0.8153002255756411","0.01856463825235386"
"420","100","0.4","0.35","144","5","single","60","0.2","0.5","0.1","1","0.05","500","2000","0.5","0.01","true","false","all","5","8","1.5","0.3","1","mixed","0.8","0.5","0.75","3000","766","63.445069124052715","38.68176984065385","0.21489872133696583","38.583086058111505","38.7804536231962","0.21435047810061947","0.21544696457331222","13.557350225596103","10.824203766570909","16.2904966846213","0.6644489714539683","2396.2347232373177","1151.1896122421715","3641.2798342324654","0.31614972335264846","0.12049244410307902","0","0","0","0","0","0","0","0.089498538342367","50","50","0.7596101149566817","0.7414958230692901","0.7777244068440738","0.018102249202411297"
"421","100","0.4","0.35","144","5","single","60","0.2","0.5","0.1","1","0.05","500","2000","0.5","0.01","true","false","all","5","8","1.5","0.3","1","mixed","0.8","0.5","1","3000","-1","90.00803199488195","134.67329031615907","0.7481849462008837","138.57584147839512","118.18181652580066","0.769865785991084","0.6565656473655592","2932.2207993735383","2875.6387700442046","2988.8028287028724","0.9621373288422042","1249.685292285811","620.8854616666307","1878.4851229049918","0.33052455624799376","0.024392067739333223","1","1","1","1","1","1","100","0.08631476258189193","50","50","0.8683399518246889","0.9441355211632324","0.7925443824861453","0.014205219762692841"
"422","100","0.4","0.35","144","5","single","60","0.2","0.5","0.1","1","0.05","500","2000","0.5","0.01","true","false","all","5","8","1.5","0.3","1","mixed","0.8","0.5","1","3000","1986","101.12459786152047","50.265589649702214","0.27925327583167897","42.044870328760396","59.18975828909542","0.23358261293755775","0.3288319904949746","22.68173720158919","19.909200918862766","25.454273484315603","0.7821555359311436","1546.08971057577","824.847742309085","2267.3316788424545","0.3637966822437714","0.07423834419631126","0","0","0","0","0","0","0","0.08082844016683126","50","50","0.8663961978283402","0.9447175540947904","0.78807484156189","0.013921304776155304"
"423","100","0.4","0.35","144","5","single","60","0.2","0.5","0.1","1","0.05","500","2000","0.5","0.01","true","false","all","5","8","1.5","0.3","1","mixed","0.8","0.5","1","3000","486","50.47062648602163","24.4441111689658","0.13580061760536555","21.418935834002706","29.09535219311686","0.1189940879666817","0.1616408455173159","13.277584438453923","10.727792740825251","15.827376136082586","0.6777998228252426","1766.6048979861826","924.8712115347042","2608.3385844376603","0.3545824982434556","0.11398471542286592","0","0","0","0","0","0","0","0.0919283300674591","50","50","0.8758357031638478","0.949709956736749","0.8019614495909458","0.01204928312658659"
"424","100","0.4","0.35","144","5","single","60","0.2","0.5","0.1","1","0.05","500","2000","0.5","0.01","true","false","all","5","8","1.5","0.3","1","mixed","0.8","0.5","1","3000","224","39.28745033023864","24.933838135175957","0.13852132297319977","26.230291451288263","22.811819857747032","0.1457238413960459","0.12673233254303906","13.33494719474205","10.532435414711644","16.137458974772446","0.652670004067983","1987.396897272965","914.2984949512891","3060.4952995946414","0.2987420026661654","0.12407751080819107","0","0","0","0","0","0","0","0.08251879194007924","50","50","0.880461988621968","0.9623235569846064","0.7986004202593296","0.013085102107444797"
"425","100","0.4","0.35","144","5","single","60","0.2","0.5","0.1","1","0.05","500","2000","0.5","0.01","true","false","all","5","8","1.5","0.3","1","mixed","0.8","0.5","1","3000","176","36.960772479307735","26.894726250034534","0.1494151458335252","27.623973374367523","26.432233445509443","0.15346651874648623","0.14684574136394135","13.191905676159076","10.496711076386976","15.887100275931184","0.6607065414126831","2069.9466088453787","905.8832387069829","3234.009978983775","0.28011145438445406","0.12289320944243598","0","0","0","0","0","0","0","0.078658288782888","50","50","0.8803864901352807","0.9626811658589658","0.7980918144115949","0.013866780064797234"
"426","100","0.4","0.35","144","5","single","60","0.2","0.5","0.1","1","0.05","500","2000","0.5","0.01","true","false","all","5","8","1.5","0.3","1","mixed","0.8","0.5","1","3000","176","35.791861209135476","27.481232344216664","0.1526735130234259","33.96218950521148","21.583437546265756","0.1886788305845082","0.1199079863681431","13.226888621099187","10.520825402339165","15.932951839859218","0.6603186595982409","1724.239971019023","759.4453431800309","2689.0345988580143","0.28242304636115645","0.12173599837056548","0","0","0","0","0","0","0","0.0881017116330479","50","50","0.8833587996439867","0.9541639593325667","0.8125536399554069","0.012572756770425311"
"427","100","0.4","0.35","144","5","single","60","0.2","0.5","0.1","1","0.05","500","2000","0.5","0.01","true","false","all","5","8","1.5","0.3","1","mixed","0.8","0.5","1","3000","1210","60.7945697962948","79.16749272890027","0.43981940404944597","90.91043411745125","66.18118408210253","0.5050579673191736","0.36767324490056963","13.299048338221677","10.610297929522655","15.987798746920701","0.6636497054709444","1601.6601271461145","829.4940596523296","2373.826194639899","0.34943335848484924","0.12369194450631893","0","0","0","0","0","0","0","0.08336583693145398","50","50","0.8849630417345341","0.9322902361833424","0.8376358472857255","0.010455463114033607"
"428","100","0.4","0.35","144","5","single","60","0.2","0.5","0.1","1","0.05","500","2000","0.5","0.01","true","false","all","5","8","1.5","0.3","1","mixed","0.8","0.5","1","3000","1881","104.86118267044104","35.698665327727404","0.19832591848737446","39.4718350957112","31.118051496813624","0.21928797275395112","0.17287806387118682","16.44718233508408","13.78302261415305","19.11134205601511","0.7211959565034824","1757.160365033711","654.152951894124","2860.167778173297","0.2287113912988391","0.09686982290615798","0","0","0","0","0","0","0","0.07797918976088192","50","50","0.8709586657627899","0.9373486977643631","0.8045686337612166","0.01281224667726381"
"429","100","0.4","0.35","144","5","single","60","0.2","0.5","0.1","1","0.05","500","2000","0.5","0.01","true","false","all","5","8","1.5","0.3","1","mixed","0.8","0.5","1","3000","127","21.930998742912507","119.69181095192256","0.6649545052884587","141.87721312016527","99.6993912067613","0.7882067395564737","0.5538855067042294","13.27936719065728","10.663557882827732","15.89517649848683","0.6708675354339644","1763.2661886283397","1031.5069156510656","2495.0254616056122","0.4134254064835333","0.11667703239899296","0","0","0","0","0","0","0","0.08167285828476178","50","50","0.8552350898996197","0.9246022657244062","0.7858679140748341","0.016565002907532426"
"430","100","0.4","0.35","144","5","single","60","0.2","0.5","0.1","1","0.05","500","2000","0.5","0.01","true","false","all","5","8","1.5","0.3","1","mixed","0.8","0.5","1","3000","526","69.25101737143963","24.012867489127583","0.13340481938404214","27.206417176698686","20.650074330277704","0.15114676209277048","0.11472263516820946","13.105060706855898","10.357675075362083","15.852446338349704","0.6533802325704863","1566.6483019347006","836.7070431956465","2296.5895606737536","0.36432589328246395","0.12453781422598698","0","0","0","0","0","0","0","0.08492170719174601","50","50","0.8679187310407563","0.9562226364181666","0.779614825663346","0.013759410559577676"
"431","100","0.4","0.35","144","5","single","60","0.2","0.5","0.1","1","0.05","500","2000","0.5","0.01","true","false","all","5","8","1.5","0.3","1","mixed","0.8","0.5","1","3000","226","47.753379755091494","26.744727693857087","0.14858182052142827","25.375168014599456","28.470177680634833","0.14097315563666366","0.15816765378130462","13.248160037585658","10.552446116794968","15.943873958376336","0.661849569580365","1964.813176455868","929.5546547576471","3000.0716981540877","0.30984414650142933","0.1229864533099061","0","0","0","0","0","0","0","0.08548272422282661","50","50","0.8495769551537949","0.9020629346751532","0.7970909756324369","0.014107228209079463"
"432","100","0.4","0.35","144","5","single","60","0.2","0.5","0.1","1","0.05","500","2000","0.5","0.01","true","false","all","5","8","1.5","0.3","1","mixed","0.8","0.5","1","3000","293","58.96237969021093","45.40398002023994","0.25224433344577746","41.22168177761942","49.17550601033381","0.2290093432089968","0.27319725561296565","13.393368853731879","10.606287764470135","16.180449942993626","0.6555001747069966","2156.8480174269334","881.2053566741146","3432.4906781797517","0.2567247632385173","0.1231484629916415","0","0","0","0","0","0","0","0.09196436948707959","50","50","0.8469519284044676","0.9374143863183692","0.7564894704905659","0.017178745099210097"
"433","100","0.4","0.35","144","5","single","60","0.2","0.5","0.1","1","0.05","500","2000","0.5","0.01","true","false","all","5","8","1.5","0.3","1","mixed","0.8","0.5","1","3000","426","45.95348704140225","29.797985291892743","0.16554436273273745","30.086291331439725","29.607068510106625","0.16714606295244291","0.1644837139450368","13.345026161467361","10.835590398818708","15.854461924116006","0.68344106855729","1952.9351476716806","895.5577882635702","3010.3125070797896","0.29749661743003636","0.11345232966299501","0","0","0","0","0","0","0","0.08636294321256698","50","50","0.8772219605214632","0.9455428826723176","0.8089010383706089","0.012376376193475001"
"434","100","0.4","0.35","144","5","single","60","0.2","0.5","0.1","1","0.05","500","2000","0.5","0.01","true","false","all","5","8","1.5","0.3","1","mixed","0.8","0.5","1","3000","676","64.39529678851753","32.73215011348545","0.18184527840825251","31.69911137800518","32.954236605196485","0.176106174322251","0.1830790922510916","13.2920878657949","10.593760306264285","15.99041542532553","0.6625068845607316","1987.1492291360194","822.6847666373822","3151.613691634656","0.26103604284403215","0.11798949477199816","0","0","0","0","0","0","0","0.08141093682530852","50","50","0.8823795861133952","0.9547275682550013","0.8100316039717889","0.013030900087074679"
"435","100","0.4","0.35","144","5","single","60","0.2","0.5","0.1","1","0.05","500","2000","0.5","0.01","true","false","all","5","8","1.5","0.3","1","mixed","0.8","0.5","1","3000","336","48.024048323387916","22.428863536331093","0.12460479742406162","23.17237952262139","21.417463081081554","0.12873544179234106","0.11898590600600863","13.237761634946958","10.558467457532403","15.917055812361518","0.6633429939557339","1942.7142217611015","790.593880385592","3094.8345631366105","0.25545594255750026","0.11970986195852729","0","0","0","0","0","0","0","0.06464299966868234","50","50","0.8677174040706612","0.9458976187398065","0.7895371894015161","0.0154070250092002"
"436","100","0.4","0.35","144","5","single","60","0.2","0.5","0.1","1","0.05","500","2000","0.5","0.01","true","false","all","5","8","1.5","0.3","1","mixed","0.8","0.5","1","3000","-1","74.88217243420141","62.19307583700404","0.3455170879833558","61.670123692021","63.080457371115784","0.34261179828900556","0.3504469853950877","2956.3080746493156","2864.1947463842657","3048.4214029143677","0.9395665388144905","1386.6337547703877","569.6349498666291","2203.632559674147","0.25849815449761804","0.029865525058685893","1","1","1","1","1","1","100","0.0865077691736563","50","50","0.8733805478891233","0.9341179850924826","0.8126431106857639","0.013663495980252526"
"437","100","0.4","0.35","144","5","single","60","0.2","0.5","0.1","1","0.05","500","2000","0.5","0.01","true","false","all","5","8","1.5","0.3","1","mixed","0.8","0.5","1","3000","186","38.9949330189349","121.69479595168028","0.6760821997315571","145.13535947404472","97.46398511122032","0.8063075526335818","0.541466583951224","13.150501881975613","10.318716352335812","15.982287411615427","0.6456345131696538","2125.308752914717","804.1228792471265","3446.4946265823096","0.23331615637669767","0.12980818270390726","0","0","0","0","0","0","0","0.08144943666743738","50","50","0.8581719533830332","0.93717680007339","0.7791671066926772","0.014929479077438718"
"438","100","0.4","0.35","144","5","single","60","0.2","0.5","0.1","1","0.05","500","2000","0.5","0.01","true","false","all","5","8","1.5","0.3","1","mixed","0.8","0.5","1","3000","-1","101.76728541256203","31.200529726605513","0.1733362762589195","34.7767397026101","26.983871920518382","0.193204109458945","0.14991039955843546","2940.123951259797","2857.4584343012625","3022.7894682183332","0.9453051442532255","1406.194327293023","715.9105351075904","2096.478119478456","0.3414824740864402","0.028980294451298017","1","1","1","1","1","1","100","0.07928050553661176","50","50","0.8659076812027497","0.9470078322802661","0.784807530125233","0.01587114713112867"
"439","100","0.4","0.35","144","5","single","60","0.2","0.5","0.1","1","0.05","500","2000","0.5","0.01","true","false","all","5","8","1.5","0.3","1","mixed","0.8","0.5","1","3000","370","47.56072134713626","25.523709311376106","0.14179838506320058","30.405559939346084","20.43299399181426","0.16891977744081157","0.11351663328785701","13.330526081919688","10.423224899567085","16.23782726427231","0.641910073923563","1956.8469948068885","701.8366596840065","3211.85732992977","0.21851426996583084","0.1290298159626586","0","0","0","0","0","0","0","0.09554294069985389","50","50","0.8771038243365266","0.9409030398726311","0.8133046088004218","0.013310144866034587"
"440","100","0.4","0.35","144","5","single","60","0.2","0.5","0.1","1","0.05","500","2000","0.5","0.01","true","false","all","5","8","1.5","0.3","1","mixed","0.8","0.5","1","3000","472","61.38994667249962","24.07386025227398","0.13374366806818877","25.804063305907384","22.50109120143851","0.14335590725504102","0.12500606223021393","13.265063438099626","10.570939640044815","15.959187236154436","0.662373307839705","1645.362396590182","883.5133330231646","2407.211460157198","0.36702771968585957","0.11803307572668298","0","0","0","0","0","0","0","0.07002240157899967","50","50","0.875059866004144","0.9289039905836289","0.8212157414246591","0.010023189056999964"
"441","100","0.4","0.35","144","5","single","60","0.2","0.5","0.1","1","0.05","500","2000","0.5","0.01","true","false","all","5","8","1.5","0.3","1","mixed","0.8","0.5","1","3000","176","51.49264374561847","31.43096978120772","0.17461649878448732","35.16648392298243","28.27049914254329","0.19536935512768017","0.15705832856968494","13.19699624894758","10.34290991275992","16.051082585135248","0.6443745995262893","1930.6747781160554","876.9514327007088","2984.398123531401","0.29384532371405697","0.1335123189077132","0","0","0","0","0","0","0","0.07613540508806653","50","50","0.8786447091941025","0.946465794856379","0.8108236235318256","0.01361930687519809"
"442","100","0.4","0.35","144","5","single","60","0.2","0.5","0.1","1","0.05","500","2000","0.5","0.01","true","false","all","5","8","1.5","0.3","1","mixed","0.8","0.5","1","3000","583","69.8618700994955","26.739495636563664","0.1485527535364648","29.41953375105758","23.92510361479242","0.1634418541725421","0.13291724230440233","13.171853364824884","10.443676049650971","15.900030679998801","0.6568337042763341","1717.6436064290908","741.8992164304963","2693.387996427682","0.27545203936993057","0.12347234445876398","0","0","0","0","0","0","0","0.07864036791356697","50","50","0.889087010601873","0.9589817381943648","0.8191922830093809","0.01164892225681921"
"443","100","0.4","0.35","144","5","single","60","0.2","0.5","0.1","1","0.05","500","2000","0.5","0.01","true","false","all","5","8","1.5","0.3","1","mixed","0.8","0.5","1","3000","221","42.28469930396539","32.13690926352977","0.17853838479738762","33.21960817202286","31.785748382131864","0.18455337873346034","0.17658749101184368","13.491377365707761","10.75133129591454","16.23142343550096","0.6623775997611833","2296.8772042849696","870.6090691135971","3723.1453394563414","0.23383698183555862","0.12261358902303976","0","0","0","0","0","0","0","0.08845055197014479","50","50","0.8719642904221585","0.9371324607433791","0.8067961201009379","0.011801776567754317"
"444","100","0.4","0.35","144","5","single","60","0.2","0.5","0.1","1","0.05","500","2000","0.5","0.01","true","false","all","5","8","1.5","0.3","1","mixed","0.8","0.5","1","3000","661","69.34871529795087","28.637570990290087","0.1590976166127227","29.973057825874566","27.288864438992473","0.16651698792152536","0.15160480243884708","13.208002096358138","10.487940575602767","15.928063617113528","0.6584567231596343","2302.737238911155","895.5047449432994","3709.9697328790126","0.24137791125545627","0.12362785714332714","0","0","0","0","0","0","0","0.0794637448570761","50","50","0.876000091744642","0.9432921443755943","0.8087080391136898","0.013652694987418479"
"445","100","0.4","0.35","144","5","single","60","0.2","0.5","0.1","1","0.05","500","2000","0.5","0.01","true","false","all","5","8","1.5","0.3","1","mixed","0.8","0.5","1","3000","1007","104.7114581598789","65.73235717280113","0.3651797620711174","66.2614095548023","65.10337114588383","0.3681189419711239","0.36168539525491017","13.37501496378129","10.645915762693585","16.104114164868992","0.6610680757540561","1964.2198292828791","859.9355870136204","3068.504071552136","0.28024586800650403","0.12245087465451854","0","0","0","0","0","0","0","0.08148738527754353","50","50","0.8563607624216536","0.9347994483019285","0.7779220765413786","0.01449069177832353"
"451","100","0.4","0.35","144","5","periodic","60","0.2","0.5","0.1","1","0.05","500","2000","0.5","0.01","true","false","all","5","8","1.5","0.3","1","mixed","0.8","0","0","3000","61","15.551382704410045","92.43942079855506","0.5135523377697504","92.43942079855506","0","0.5135523377697504","0","1436.5303288909645","1436.5303288909645","0","0","705.8158694152186","705.8158694152186","0","0","0.016786242332525347","0.6854226042606153","0.6854226042606153","0","0.6243535525939768","0.6243535525939768","0","100","0.09234196657720148","100","0","0.05636896745032662","0.05636896745032662","0","0.005963272335899143"
"452","100","0.4","0.35","144","5","periodic","60","0.2","0.5","0.1","1","0.05","500","2000","0.5","0.01","true","false","all","5","8","1.5","0.3","1","mixed","0.8","0","0","3000","0","12.154482368412147","86.46845988650017","0.48038033270277875","86.46845988650017","0","0.48038033270277875","0","8062.633333916498","8062.633333916498","0","0","646.552532728758","646.552532728758","0","0","0.01420611280537809","1","1","0","1","1","0","100","0.0905720860559066","100","0","0.06102426076041976","0.06102426076041976","0","0.007017397061468514"
"453","100","0.4","0.35","144","5","periodic","60","0.2","0.5","0.1","1","0.05","500","2000","0.5","0.01","true","false","all","5","8","1.5","0.3","1","mixed","0.8","0","0","3000","1","17.356810281318275","89.36618998605697","0.49647883325587205","89.36618998605697","0","0.49647883325587205","0","2725.5909943073384","2725.5909943073384","0","0","771.5870944923616","771.5870944923616","0","0","0.01012481608577298","1","1","0","1","1","0","100","0.07581818779522999","100","0","0.05732999740808284","0.05732999740808284","0","0.007206978432287379"
"447","100","0.4","0.35","144","5","single","60","0.2","0.5","0.1","1","0.05","500","2000","0.5","0.01","true","false","all","5","8","1.5","0.3","1","mixed","0.8","0.5","1","3000","126","33.199841456551006","26.78405572079587","0.14880030955997706","32.242395861179745","21.593565535576136","0.17912442145099858","0.11996425297542299","13.170190371772051","10.432569751558615","15.907810991985496","0.6558142887676149","2013.4394875259313","840.1939285515389","3186.685046500322","0.2636576618935893","0.1269977244635565","0","0","0","0","0","0","0","0.09461116416858574","50","50","0.8698105637486018","0.9333289170682209","0.8062922104289829","0.01272167444957925"
"446","100","0.4","0.35","144","5","single","60","0.2","0.5","0.1","1","0.05","500","2000","0.5","0.01","true","false","all","5","8","1.5","0.3","1","mixed","0.8","0.5","1","3000","156","58.42783583234092","46.35739415893564","0.25754107866075354","62.09763412662295","30.785757920075483","0.3449868562590164","0.17103198844486378","13.441855733879038","10.68556555957271","16.198145908185356","0.6596783125760715","2131.6356975329527","909.6098102309983","3353.6615848349074","0.27122886052194684","0.12217885768902903","0","0","0","0","0","0","0","0.08435282441699192","50","50","0.8697607877624793","0.9411416418175772","0.798379933707381","0.014678396555069969"
"454","100","0.4","0.35","144","5","periodic","60","0.2","0.5","0.1","1","0.05","500","2000","0.5","0.01","true","false","all","5","8","1.5","0.3","1","mixed","0.8","0","0","3000","0","28.81648820676176","86.86476721811249","0.48258204010062494","86.86476721811249","0","0.48258204010062494","0","10362.05493488034","10362.05493488034","0","0","746.1766986460415","746.1766986460415","0","0","0.010725415125730109","1","1","0","1","1","0","100","0.06807345186999367","100","0","0.06256567693399989","0.06256567693399989","0","0.007675443940247589"
"448","100","0.4","0.35","144","5","single","60","0.2","0.5","0.1","1","0.05","500","2000","0.5","0.01","true","false","all","5","8","1.5","0.3","1","mixed","0.8","0.5","1","3000","295","41.84179806918079","30.05311249643835","0.16696173609132417","31.0465140461857","28.319744922460877","0.17248063358992055","0.15733191623589377","13.243176373135626","10.586246531304798","15.900106214966451","0.6657972209858684","1820.5491983029906","929.2171894156338","2711.8812071903476","0.34264671584871953","0.11961175868758667","0","0","0","0","0","0","0","0.07633514863518527","50","50","0.8664702235374758","0.9506598567722275","0.7822805903027245","0.015046762006799903"
"455","100","0.4","0.35","144","5","periodic","60","0.2","0.5","0.1","1","0.05","500","2000","0.5","0.01","true","false","all","5","8","1.5","0.3","1","mixed","0.8","0","0","3000","0","21.77427176820116","93.43109401262254","0.5190616334034586","93.43109401262254","0","0.5190616334034586","0","10866.021033630792","10866.021033630792","0","0","758.7717816884739","758.7717816884739","0","0","0.01271429472293395","1","1","0","1","1","0","100","0.08028107326838047","100","0","0.06385982496160147","0.06385982496160147","0","0.007118894834944117"
"457","100","0.4","0.35","144","5","periodic","60","0.2","0.5","0.1","1","0.05","500","2000","0.5","0.01","true","false","all","5","8","1.5","0.3","1","mixed","0.8","0","0","3000","0","15.46628095054703","97.79665800377715","0.5433147666876509","97.79665800377715","0","0.5433147666876509","0","650.1991817627634","650.1991817627634","0","0","806.3251429288847","806.3251429288847","0","0","0.022915030599934827","0.14534003164036668","0.14534003164036668","0","0.10013278784184218","0.10013278784184218","0","100","0.07837815623653802","100","0","0.0694659623381854","0.0694659623381854","0","0.007245297068221909"
"456","100","0.4","0.35","144","5","periodic","60","0.2","0.5","0.1","1","0.05","500","2000","0.5","0.01","true","false","all","5","8","1.5","0.3","1","mixed","0.8","0","0","3000","0","11.547517505312456","89.7702994683532","0.49872388593529554","89.7702994683532","0","0.49872388593529554","0","681.4453958513905","681.4453958513905","0","0","636.2489467874755","636.2489467874755","0","0","0.022383641388262543","0.1608914370193404","0.1608914370193404","0","0.12096359723426038","0.12096359723426038","0","100","0.07812817342165984","100","0","0.058575037063854196","0.058575037063854196","0","0.006732698360327056"
"458","100","0.4","0.35","144","5","periodic","60","0.2","0.5","0.1","1","0.05","500","2000","0.5","0.01","true","false","all","5","8","1.5","0.3","1","mixed","0.8","0","0","3000","0","13.679700570348743","93.74443314542972","0.5208024063634985","93.74443314542972","0","0.5208024063634985","0","708.5245840582879","708.5245840582879","0","0","920.2746326647904","920.2746326647904","0","0","0.018632588533269434","0.17936387207907","0.17936387207907","0","0.1390163893721918","0.1390163893721918","0","100","0.09979616790230207","100","0","0.0782389659792454","0.0782389659792454","0","0.011689551108873104"
"449","100","0.4","0.35","144","5","single","60","0.2","0.5","0.1","1","0.05","500","2000","0.5","0.01","true","false","all","5","8","1.5","0.3","1","mixed","0.8","0.5","1","3000","317","47.796309465109196","27.442708659150625","0.1524594925508368","26.422532454641235","27.712240741005527","0.1467918469702291","0.15395689300558626","13.495533823190668","10.877709490514752","16.11335815586658","0.6750740215225945","2431.078549278842","824.0964138386136","4038.0606847190707","0.20408222614315327","0.11636090776300301","0","0","0","0","0","0","0","0.07989356455069228","50","50","0.8618656977010579","0.9309220596156481","0.7928093357864678","0.0129517844862065"
"459","100","0.4","0.35","144","5","periodic","60","0.2","0.5","0.1","1","0.05","500","2000","0.5","0.01","true","false","all","5","8","1.5","0.3","1","mixed","0.8","0","0","3000","0","20.54774953461191","77.51442467435118","0.4306356926352843","77.51442467435118","0","0.4306356926352843","0","1214.5113453373929","1214.5113453373929","0","0","734.5213907932595","734.5213907932595","0","0","0.015499344854259522","0.5259372405148642","0.5259372405148642","0","0.47634089689159537","0.47634089689159537","0","100","0.0746307557317949","100","0","0.073041923414041","0.073041923414041","0","0.009169832903902659"
"450","100","0.4","0.35","144","5","single","60","0.2","0.5","0.1","1","0.05","500","2000","0.5","0.01","true","false","all","5","8","1.5","0.3","1","mixed","0.8","0.5","1","3000","314","59.5633126271549","24.385985428931345","0.13547769682739635","23.756415913711386","25.03716506847221","0.1319800884095077","0.13909536149151228","13.064000175309323","10.395291483517392","15.73270886710124","0.660743904392399","1968.3557531396773","897.5090445861712","3039.202461693184","0.29531071256310965","0.11941316556587211","0","0","0","0","0","0","0","0.0841666875717848","50","50","0.8615668227019843","0.929447482073631","0.7936861633303368","0.013337425880311346"
"460","100","0.4","0.35","144","5","periodic","60","0.2","0.5","0.1","1","0.05","500","2000","0.5","0.01","true","false","all","5","8","1.5","0.3","1","mixed","0.8","0","0","3000","81","17.002324567904864","93.64944746343302","0.5202747081301834","93.64944746343302","0","0.5202747081301834","0","1881.9708014047394","1881.9708014047394","0","0","791.2804249857586","791.2804249857586","0","0","0.018835198021317945","1","1","0","0.9212531932490675","0.9212531932490675","0","100","0.08777723013836085","100","0","0.06469952949103919","0.06469952949103919","0","0.008640769441300222"
"461","100","0.4","0.35","144","5","periodic","60","0.2","0.5","0.1","1","0.05","500","2000","0.5","0.01","true","false","all","5","8","1.5","0.3","1","mixed","0.8","0","0","3000","0","13.363153395746195","83.76728560800302","0.4653738089333501","83.76728560800302","0","0.4653738089333501","0","933.9020794210479","933.9020794210479","0","0","772.7002813610889","772.7002813610889","0","0","0.01565228511021255","0.3322179728918064","0.3322179728918064","0","0.28926805294736524","0.28926805294736524","0","100","0.08950942635645408","100","0","0.053395213042149434","0.053395213042149434","0","0.007961740417155359"
"463","100","0.4","0.35","144","5","periodic","60","0.2","0.5","0.1","1","0.05","500","2000","0.5","0.01","true","false","all","5","8","1.5","0.3","1","mixed","0.8","0","0","3000","126","15.12284056166547","86.93933879789131","0.48299632665495174","86.93933879789131","0","0.48299632665495174","0","4246.741413061202","4246.741413061202","0","0","709.4336823120211","709.4336823120211","0","0","0.015747716842389625","1","1","0","1","1","0","100","0.08201596770632742","100","0","0.05472811040932916","0.05472811040932916","0","0.007799858764190236"
"462","100","0.4","0.35","144","5","periodic","60","0.2","0.5","0.1","1","0.05","500","2000","0.5","0.01","true","false","all","5","8","1.5","0.3","1","mixed","0.8","0","0","3000","0","10.630189180726617","97.33808223117383","0.5407671235065212","97.33808223117383","0","0.5407671235065212","0","1182.0065188750427","1182.0065188750427","0","0","852.9437478990362","852.9437478990362","0","0","0.0139766111033095","0.5030898880529477","0.5030898880529477","0","0.45467101258336223","0.45467101258336223","0","100","0.07231259218654096","100","0","0.06586485832235361","0.06586485832235361","0","0.006682345456003588"
"465","100","0.4","0.35","144","5","periodic","60","0.2","0.5","0.1","1","0.05","500","2000","0.5","0.01","true","false","all","5","8","1.5","0.3","1","mixed","0.8","0","0","3000","1","11.279727234633","94.99631991616916","0.5277573328676064","94.99631991616916","0","0.5277573328676064","0","844.1256529468084","844.1256529468084","0","0","782.452842223299","782.452842223299","0","0","0.018028785068403996","0.2793980481281315","0.2793980481281315","0","0.22941710196453927","0.22941710196453927","0","100","0.08379385236289855","100","0","0.06077379095500438","0.06077379095500438","0","0.008970872875799313"
"464","100","0.4","0.35","144","5","periodic","60","0.2","0.5","0.1","1","0.05","500","2000","0.5","0.01","true","false","all","5","8","1.5","0.3","1","mixed","0.8","0","0","3000","0","16.3271146306635","95.46416121468286","0.5303564511926826","95.46416121468286","0","0.5303564511926826","0","3695.6819973842894","3695.6819973842894","0","0","782.2909060721463","782.2909060721463","0","0","0.017247220020565335","1","1","0","1","1","0","100","0.07861502000305591","100","0","0.05251679879633013","0.05251679879633013","0","0.007692745188579439"
"466","100","0.4","0.35","144","5","periodic","60","0.2","0.5","0.1","1","0.05","500","2000","0.5","0.01","true","false","all","5","8","1.5","0.3","1","mixed","0.8","0","0","3000","151","18.84876296423421","89.846479791057","0.4991471099503167","89.846479791057","0","0.4991471099503167","0","8212.950141231411","8212.950141231411","0","0","685.132614581652","685.132614581652","0","0","0.01462262319542118","1","1","0","1","1","0","100","0.075378791937963","100","0","0.05760420344020214","0.05760420344020214","0","0.009111566556887536"
"467","100","0.4","0.35","144","5","periodic","60","0.2","0.5","0.1","1","0.05","500","2000","0.5","0.01","true","false","all","5","8","1.5","0.3","1","mixed","0.8","0","0","3000","111","15.089046316300383","76.66704547652634","0.4259280304251463","76.66704547652634","0","0.4259280304251463","0","4812.298891104276","4812.298891104276","0","0","752.4473408456225","752.4473408456225","0","0","0.01342051273801026","1","1","0","1","1","0","100","0.09329845807913761","100","0","0.06186655880778225","0.06186655880778225","0","0.00822120161277691"
"468","100","0.4","0.35","144","5","periodic","60","0.2","0.5","0.1","1","0.05","500","2000","0.5","0.01","true","false","all","5","8","1.5","0.3","1","mixed","0.8","0","0","3000","11","18.197724307391525","88.79167458813566","0.49328708104519814","88.79167458813566","0","0.49328708104519814","0","838.1257797314524","838.1257797314524","0","0","733.7637626873283","733.7637626873283","0","0","0.020142971480505034","0.2673073368475788","0.2673073368475788","0","0.22541718648763476","0.22541718648763476","0","100","0.0859580984557681","100","0","0.06090743864382934","0.06090743864382934","0","0.008258690589760401"
"469","100","0.4","0.35","144","5","periodic","60","0.2","0.5","0.1","1","0.05","500","2000","0.5","0.01","true","false","all","5","8","1.5","0.3","1","mixed","0.8","0","0","3000","86","23.02555957618597","100.84143380006715","0.5602301877781508","100.84143380006715","0","0.5602301877781508","0","4220.3050033525515","4220.3050033525515","0","0","653.9982127561375","653.9982127561375","0","0","0.014282589457813577","1","1","0","1","1","0","100","0.08722156856447552","100","0","0.05760212746227134","0.05760212746227134","0","0.007168714540823038"
"470","100","0.4","0.35","144","5","periodic","60","0.2","0.5","0.1","1","0.05","500","2000","0.5","0.01","true","false","all","5","8","1.5","0.3","1","mixed","0.8","0","0","3000","0","11.126063407934609","81.31828764993197","0.4517682647218443","81.31828764993197","0","0.4517682647218443","0","729.7851868634068","729.7851868634068","0","0","787.6139941297818","787.6139941297818","0","0","0.01983755993695735","0.19875671674609474","0.19875671674609474","0","0.15319012457560477","0.15319012457560477","0","100","0.08942568008324069","100","0","0.06472595218814056","0.06472595218814056","0","0.0077906821565229024"
"472","100","0.4","0.35","144","5","periodic","60","0.2","0.5","0.1","1","0.05","500","2000","0.5","0.01","true","false","all","5","8","1.5","0.3","1","mixed","0.8","0","0","3000","0","15.684414483481248","76.57668345278904","0.42542601918216133","76.57668345278904","0","0.42542601918216133","0","5635.786358689051","5635.786358689051","0","0","868.0518605533373","868.0518605533373","0","0","0.015215470038333567","1","1","0","1","1","0","100","0.07374007098743578","100","0","0.06703432448977378","0.06703432448977378","0","0.007615681012267755"
"473","100","0.4","0.35","144","5","periodic","60","0.2","0.5","0.1","1","0.05","500","2000","0.5","0.01","true","false","all","5","8","1.5","0.3","1","mixed","0.8","0","0","3000","1","18.659863453541902","87.39517290289474","0.48552873834941523","87.39517290289474","0","0.48552873834941523","0","785.0172651854962","785.0172651854962","0","0","813.1657941407548","813.1657941407548","0","0","0.019655876702380892","0.23628801608950994","0.23628801608950994","0","0.1900115101236647","0.1900115101236647","0","100","0.07739544361856239","100","0","0.048914800742100105","0.048914800742100105","0","0.006159003178484016"
"474","100","0.4","0.35","144","5","periodic","60","0.2","0.5","0.1","1","0.05","500","2000","0.5","0.01","true","false","all","5","8","1.5","0.3","1","mixed","0.8","0","0","3000","6","11.810549368369053","92.4396972345866","0.5135538735254811","92.4396972345866","0","0.5135538735254811","0","694.8653153212978","694.8653153212978","0","0","714.9668091728827","714.9668091728827","0","0","0.023068201574926173","0.17772994554213112","0.17772994554213112","0","0.12991021021419857","0.12991021021419857","0","100","0.08114528691974059","100","0","0.056686182468635195","0.056686182468635195","0","0.008115633905669835"
"471","100","0.4","0.35","144","5","periodic","60","0.2","0.5","0.1","1","0.05","500","2000","0.5","0.01","true","false","all","5","8","1.5","0.3","1","mixed","0.8","0","0","3000","0","9.332409289326563","88.36146938132612","0.49089705211847845","88.36146938132612","0","0.49089705211847845","0","1458.3421442019508","1458.3421442019508","0","0","766.2920276426532","766.2920276426532","0","0","0.01298652379761589","0.6895195663013274","0.6895195663013274","0","0.6388947628013001","0.6388947628013001","0","100","0.08650656617011121","100","0","0.05666184008759306","0.05666184008759306","0","0.008950701704976393"
"475","100","0.4","0.35","144","5","periodic","60","0.2","0.5","0.1","1","0.05","500","2000","0.5","0.01","true","false","all","5","8","1.5","0.3","1","mixed","0.8","0","0","3000","31","29.043611999455294","69.4518455906088","0.3858435866144933","69.4518455906088","0","0.3858435866144933","0","2895.027266727869","2895.027266727869","0","0","811.7866247685234","811.7866247685234","0","0","0.012297402731030083","1","1","0","1","1","0","100","0.0849906400392923","100","0","0.06487626753583624","0.06487626753583624","0","0.008107821890626001"
"477","100","0.4","0.35","144","5","periodic","60","0.2","0.5","0.1","1","0.05","500","2000","0.5","0.01","true","false","all","5","8","1.5","0.3","1","mixed","0.8","0","0","3000","86","10.860589838953118","94.21623233595888","0.5234235129775493","94.21623233595888","0","0.5234235129775493","0","1535.015984053572","1535.015984053572","0","0","836.8966498327729","836.8966498327729","0","0","0.022138690298643793","0.8129567902575212","0.8129567902575212","0","0.6900106560357144","0.6900106560357144","0","100","0.08409488550751322","100","0","0.05215841852323279","0.05215841852323279","0","0.006261990001137377"
"478","100","0.4","0.35","144","5","periodic","60","0.2","0.5","0.1","1","0.05","500","2000","0.5","0.01","true","false","all","5","8","1.5","0.3","1","mixed","0.8","0","0","3000","0","20.587439537238424","86.33851601034965","0.4796584222797203","86.33851601034965","0","0.4796584222797203","0","3222.929910293761","3222.929910293761","0","0","761.0425031684348","761.0425031684348","0","0","0.020096933416826612","1","1","0","1","1","0","100","0.09124924987542561","100","0","0.0685902811375588","0.0685902811375588","0","0.008010943234962641"
"476","100","0.4","0.35","144","5","periodic","60","0.2","0.5","0.1","1","0.05","500","2000","0.5","0.01","true","false","all","5","8","1.5","0.3","1","mixed","0.8","0","0","3000","71","22.081215553341437","93.68165201579457","0.5204536223099698","93.68165201579457","0","0.5204536223099698","0","16245.513723655647","16245.513723655647","0","0","722.2806453913488","722.2806453913488","0","0","0.00889195941009091","1","1","0","1","1","0","100","0.07686523596865871","100","0","0.05541852692366502","0.05541852692366502","0","0.007114899420738031"
"479","100","0.4","0.35","144","5","periodic","60","0.2","0.5","0.1","1","0.05","500","2000","0.5","0.01","true","false","all","5","8","1.5","0.3","1","mixed","0.8","0","0","3000","-1","28.29676160627031","103.72589783010066","0.5762549879450037","103.72589783010066","0","0.5762549879450037","0","21777.731540260767","21777.731540260767","0","0","694.9085054325296","694.9085054325296","0","0","0.009021810596266056","1","1","0","1","1","0","100","0.0909034603736745","100","0","0.04734572520038701","0.04734572520038701","0","0.005329058758068606"
"482","100","0.4","0.35","144","5","periodic","60","0.2","0.5","0.1","1","0.05","500","2000","0.5","0.01","true","false","all","5","8","1.5","0.3","1","mixed","0.8","0","0.25","3000","-1","23.105860117914617","86.49552780664318","0.48053071003690656","86.49552780664318","0","0.48053071003690656","0","21767.72547680138","21767.72547680138","0","0","839.7855488038149","839.7855488038149","0","0","0.0099177888169375","1","1","0","1","1","0","100","0.08776403686587161","100","0","0.25481154592950495","0.25481154592950495","0","0.01858238263373202"
"480","100","0.4","0.35","144","5","periodic","60","0.2","0.5","0.1","1","0.05","500","2000","0.5","0.01","true","false","all","5","8","1.5","0.3","1","mixed","0.8","0","0","3000","0","11.679197006261475","87.05859979329207","0.4836588877405115","87.05859979329207","0","0.4836588877405115","0","1457.5363999005679","1457.5363999005679","0","0","732.9897039268419","732.9897039268419","0","0","0.013545159804965845","0.7026525865800815","0.7026525865800815","0","0.6383575999337117","0.6383575999337117","0","100","0.08238224103498","100","0","0.058399037666182554","0.058399037666182554","0","0.007915020028996156"
"483","100","0.4","0.35","144","5","periodic","60","0.2","0.5","0.1","1","0.05","500","2000","0.5","0.01","true","false","all","5","8","1.5","0.3","1","mixed","0.8","0","0.25","3000","0","23.4232224014235","104.90897879151674","0.5828276599528708","104.90897879151674","0","0.5828276599528708","0","1187.3203647196503","1187.3203647196503","0","0","882.8873782648426","882.8873782648426","0","0","0.016732823819736398","0.5149835257319404","0.5149835257319404","0","0.45821357647976657","0.45821357647976657","0","100","0.07638123803006928","100","0","0.25086197334022","0.25086197334022","0","0.018477074662752745"
"481","100","0.4","0.35","144","5","periodic","60","0.2","0.5","0.1","1","0.05","500","2000","0.5","0.01","true","false","all","5","8","1.5","0.3","1","mixed","0.8","0","0.25","3000","0","24.16321070883221","77.13374419719564","0.4285208010955313","77.13374419719564","0","0.4285208010955313","0","12764.416044210806","12764.416044210806","0","0","915.5662436681943","915.5662436681943","0","0","0.011683104759508511","1","1","0","1","1","0","100","0.07863475546379271","100","0","0.2549551227100141","0.2549551227100141","0","0.020530867164580847"
"485","100","0.4","0.35","144","5","periodic","60","0.2","0.5","0.1","1","0.05","500","2000","0.5","0.01","true","false","all","5","8","1.5","0.3","1","mixed","0.8","0","0.25","3000","0","22.624891776299364","95.61518686694585","0.5311954825941436","95.61518686694585","0","0.5311954825941436","0","3187.317349586279","3187.317349586279","0","0","1027.9344665816616","1027.9344665816616","0","0","0.018957930596307904","1","1","0","1","1","0","100","0.0893622896905868","100","0","0.24724843702487484","0.24724843702487484","0","0.0195252379507522"
"486","100","0.4","0.35","144","5","periodic","60","0.2","0.5","0.1","1","0.05","500","2000","0.5","0.01","true","false","all","5","8","1.5","0.3","1","mixed","0.8","0","0.25","3000","96","24.157292392689087","81.83972192000914","0.45466512177782853","81.83972192000914","0","0.45466512177782853","0","17485.669757364634","17485.669757364634","0","0","917.0894316638644","917.0894316638644","0","0","0.01013544094369978","1","1","0","1","1","0","100","0.08799819961717674","100","0","0.24981492121769291","0.24981492121769291","0","0.01819053975360276"
"484","100","0.4","0.35","144","5","periodic","60","0.2","0.5","0.1","1","0.05","500","2000","0.5","0.01","true","false","all","5","8","1.5","0.3","1","mixed","0.8","0","0.25","3000","56","13.351281623675888","99.31793520943418","0.5517663067190788","99.31793520943418","0","0.5517663067190788","0","1266.6832126720403","1266.6832126720403","0","0","801.5861713287284","801.5861713287284","0","0","0.022415416186491566","0.6059478496346942","0.6059478496346942","0","0.51112214178136","0.51112214178136","0","100","0.08231746364349986","100","0","0.23317648572670563","0.23317648572670563","0","0.021503371595969482"
"487","100","0.4","0.35","144","5","periodic","60","0.2","0.5","0.1","1","0.05","500","2000","0.5","0.01","true","false","all","5","8","1.5","0.3","1","mixed","0.8","0","0.25","3000","146","26.35886757283778","75.40506213504159","0.41891701186134217","75.40506213504159","0","0.41891701186134217","0","12098.192132288033","12098.192132288033","0","0","847.7864217502351","847.7864217502351","0","0","0.012336212457214168","1","1","0","1","1","0","100","0.07984940743440323","100","0","0.25599716166424824","0.25599716166424824","0","0.02225835867607665"
"488","100","0.4","0.35","144","5","periodic","60","0.2","0.5","0.1","1","0.05","500","2000","0.5","0.01","true","false","all","5","8","1.5","0.3","1","mixed","0.8","0","0.25","3000","96","21.00610906909249","105.4277660331744","0.5857098112954133","105.4277660331744","0","0.5857098112954133","0","2906.677069124564","2906.677069124564","0","0","831.2906597947793","831.2906597947793","0","0","0.011891418044860158","1","1","0","1","1","0","100","0.06855799383359815","100","0","0.2736575360003316","0.2736575360003316","0","0.024769050297119597"
"489","100","0.4","0.35","144","5","periodic","60","0.2","0.5","0.1","1","0.05","500","2000","0.5","0.01","true","false","all","5","8","1.5","0.3","1","mixed","0.8","0","0.25","3000","0","20.89161924853819","86.69030859416203","0.4816128255231224","86.69030859416203","0","0.4816128255231224","0","675.8861289195686","675.8861289195686","0","0","817.3430412315786","817.3430412315786","0","0","0.01812139400338353","0.15860119981638302","0.15860119981638302","0","0.11725741927971275","0.11725741927971275","0","100","0.07769093806193664","100","0","0.2611895340618857","0.2611895340618857","0","0.02126020674287264"
"491","100","0.4","0.35","144","5","periodic","60","0.2","0.5","0.1","1","0.05","500","2000","0.5","0.01","true","false","all","5","8","1.5","0.3","1","mixed","0.8","0","0.25","3000","46","20.485833205301446","104.55807623310805","0.5808782012950447","104.55807623310805","0","0.5808782012950447","0","1902.6396718423593","1902.6396718423593","0","0","920.211171820636","920.211171820636","0","0","0.014529393980947658","1","1","0","0.9347383172481772","0.9347383172481772","0","100","0.07808879526759242","100","0","0.2621368947294057","0.2621368947294057","0","0.022366775045522876"
"490","100","0.4","0.35","144","5","periodic","60","0.2","0.5","0.1","1","0.05","500","2000","0.5","0.01","true","false","all","5","8","1.5","0.3","1","mixed","0.8","0","0.25","3000","0","10.953090903520803","92.61030740924397","0.5145017078291332","92.61030740924397","0","0.5145017078291332","0","868.4006623097914","868.4006623097914","0","0","840.798131575794","840.798131575794","0","0","0.015162668901778753","0.2802347259522117","0.2802347259522117","0","0.2456004415398609","0.2456004415398609","0","100","0.06427748723383632","100","0","0.23738915944009142","0.23738915944009142","0","0.018304631688708432"
"492","100","0.4","0.35","144","5","periodic","60","0.2","0.5","0.1","1","0.05","500","2000","0.5","0.01","true","false","all","5","8","1.5","0.3","1","mixed","0.8","0","0.25","3000","0","10.051935153238233","85.6966404358578","0.47609244686587665","85.6966404358578","0","0.47609244686587665","0","649.1495631670027","649.1495631670027","0","0","863.7638496238277","863.7638496238277","0","0","0.020667416417744056","0.14132218804157598","0.14132218804157598","0","0.09943304211133523","0.09943304211133523","0","100","0.07893358327996731","100","0","0.2743254710158399","0.2743254710158399","0","0.020653453692845047"
"494","100","0.4","0.35","144","5","periodic","60","0.2","0.5","0.1","1","0.05","500","2000","0.5","0.01","true","false","all","5","8","1.5","0.3","1","mixed","0.8","0","0.25","3000","56","16.561943295186225","102.1874860741915","0.5677082559677306","102.1874860741915","0","0.5677082559677306","0","8068.242605660232","8068.242605660232","0","0","910.0884469198925","910.0884469198925","0","0","0.009377991390874252","1","1","0","1","1","0","100","0.07792808823397968","100","0","0.2628442017809147","0.2628442017809147","0","0.021997689560299793"
"493","100","0.4","0.35","144","5","periodic","60","0.2","0.5","0.1","1","0.05","500","2000","0.5","0.01","true","false","all","5","8","1.5","0.3","1","mixed","0.8","0","0.25","3000","6","17.414119816610338","92.10530128097714","0.5116961182276508","92.10530128097714","0","0.5116961182276508","0","3386.6940584716376","3386.6940584716376","0","0","910.7868259598004","910.7868259598004","0","0","0.011115977223497442","1","1","0","1","1","0","100","0.08090834695095274","100","0","0.2600402235596928","0.2600402235596928","0","0.018998712081898232"
"496","100","0.4","0.35","144","5","periodic","60","0.2","0.5","0.1","1","0.05","500","2000","0.5","0.01","true","false","all","5","8","1.5","0.3","1","mixed","0.8","0","0.25","3000","46","10.91675515507282","81.40294124049844","0.45223856244721355","81.40294124049844","0","0.45223856244721355","0","3403.43571796554","3403.43571796554","0","0","918.9391339121948","918.9391339121948","0","0","0.011779714094302118","1","1","0","1","1","0","100","0.09677378041260461","100","0","0.2796047223691724","0.2796047223691724","0","0.02091007545419986"
"495","100","0.4","0.35","144","5","periodic","60","0.2","0.5","0.1","1","0.05","500","2000","0.5","0.01","true","false","all","5","8","1.5","0.3","1","mixed","0.8","0","0.25","3000","121","13.923011092914066","86.1401878290643","0.47855659905035725","86.1401878290643","0","0.47855659905035725","0","5846.625628257876","5846.625628257876","0","0","839.3130033730033","839.3130033730033","0","0","0.014025207426051844","1","1","0","1","1","0","100","0.09143344718728272","100","0","0.25590568572805183","0.25590568572805183","0","0.02460900213210587"
"498","100","0.4","0.35","144","5","periodic","60","0.2","0.5","0.1","1","0.05","500","2000","0.5","0.01","true","false","all","5","8","1.5","0.3","1","mixed","0.8","0","0.25","3000","106","18.45260682513276","92.34474538472915","0.5130263632484953","92.34474538472915","0","0.5130263632484953","0","1921.3456681147818","1921.3456681147818","0","0","1045.9178993073206","1045.9178993073206","0","0","0.021778475182840706","1","1","0","0.9435692712994185","0.9435692712994185","0","100","0.09625743324658625","100","0","0.26773331906479514","0.26773331906479514","0","0.018359671545332478"
"499","100","0.4","0.35","144","5","periodic","60","0.2","0.5","0.1","1","0.05","500","2000","0.5","0.01","true","false","all","5","8","1.5","0.3","1","mixed","0.8","0","0.25","3000","16","22.761417774191727","100.04896273292219","0.5558275707384566","100.04896273292219","0","0.5558275707384566","0","1712.9197089715435","1712.9197089715435","0","0","1011.8698507776144","1011.8698507776144","0","0","0.013748097935529335","0.8630701945679435","0.8630701945679435","0","0.8086131393143622","0.8086131393143622","0","100","0.08632305264244787","100","0","0.26693721478791643","0.26693721478791643","0","0.020429559509557056"
"497","100","0.4","0.35","144","5","periodic","60","0.2","0.5","0.1","1","0.05","500","2000","0.5","0.01","true","false","all","5","8","1.5","0.3","1","mixed","0.8","0","0.25","3000","131","18.479749507807455","86.77816119756847","0.48210089554204705","86.77816119756847","0","0.48210089554204705","0","5564.499911573201","5564.499911573201","0","0","977.6557046201403","977.6557046201403","0","0","0.015544473140594928","1","1","0","1","1","0","100","0.09360154129107347","100","0","0.2589460950895656","0.2589460950895656","0","0.01968395241875896"
"500","100","0.4","0.35","144","5","periodic","60","0.2","0.5","0.1","1","0.05","500","2000","0.5","0.01","true","false","all","5","8","1.5","0.3","1","mixed","0.8","0","0.25","3000","26","30.004323812752844","79.95535675025039","0.44419642639027995","79.95535675025039","0","0.44419642639027995","0","5954.068620465138","5954.068620465138","0","0","904.614982775673","904.614982775673","0","0","0.008464578489042696","1","1","0","1","1","0","100","0.08242884658873022","100","0","0.24518239294395702","0.24518239294395702","0","0.019888685876332805"
"501","100","0.4","0.35","144","5","periodic","60","0.2","0.5","0.1","1","0.05","500","2000","0.5","0.01","true","false","all","5","8","1.5","0.3","1","mixed","0.8","0","0.25","3000","0","25.40443919214087","97.82271044052513","0.5434595024473619","97.82271044052513","0","0.5434595024473619","0","3091.4677326456585","3091.4677326456585","0","0","1013.5274818880541","1013.5274818880541","0","0","0.01949512580702306","1","1","0","1","1","0","100","0.08211149388013127","100","0","0.26842067661073926","0.26842067661073926","0","0.02474589127251938"
"502","100","0.4","0.35","144","5","periodic","60","0.2","0.5","0.1","1","0.05","500","2000","0.5","0.01","true","false","all","5","8","1.5","0.3","1","mixed","0.8","0","0.25","3000","0","16.4013429516868","87.35003112552151","0.48527795069734175","87.35003112552151","0","0.48527795069734175","0","10382.596455439363","10382.596455439363","0","0","838.5196636104597","838.5196636104597","0","0","0.012906193120634013","1","1","0","1","1","0","100","0.07911753469815441","100","0","0.26445555941179477","0.26445555941179477","0","0.021899942189530994"
"504","100","0.4","0.35","144","5","periodic","60","0.2","0.5","0.1","1","0.05","500","2000","0.5","0.01","true","false","all","5","8","1.5","0.3","1","mixed","0.8","0","0.25","3000","26","17.6036037349797","96.10787597486404","0.5339326443048003","96.10787597486404","0","0.5339326443048003","0","3545.5778437776585","3545.5778437776585","0","0","919.9682713142382","919.9682713142382","0","0","0.021038644414113294","1","1","0","1","1","0","100","0.07678159744000838","100","0","0.26244250109493966","0.26244250109493966","0","0.02236233684049567"
"503","100","0.4","0.35","144","5","periodic","60","0.2","0.5","0.1","1","0.05","500","2000","0.5","0.01","true","false","all","5","8","1.5","0.3","1","mixed","0.8","0","0.25","3000","0","19.133619069630114","87.51293574141908","0.48618297634121715","87.51293574141908","0","0.48618297634121715","0","725.9775473902544","725.9775473902544","0","0","877.0415326706478","877.0415326706478","0","0","0.020568864279290056","0.19497267829443582","0.19497267829443582","0","0.15065169826016964","0.15065169826016964","0","100","0.0893674371177776","100","0","0.2403549132144084","0.2403549132144084","0","0.023522198225595755"
"506","100","0.4","0.35","144","5","periodic","60","0.2","0.5","0.1","1","0.05","500","2000","0.5","0.01","true","false","all","5","8","1.5","0.3","1","mixed","0.8","0","0.25","3000","106","22.35122419044673","87.74908347034886","0.4874949081686048","87.74908347034886","0","0.4874949081686048","0","6927.624009947608","6927.624009947608","0","0","762.9716597558104","762.9716597558104","0","0","0.011857554923342395","1","1","0","1","1","0","100","0.08608567168148928","100","0","0.2602189916354342","0.2602189916354342","0","0.020633858557424334"
"505","100","0.4","0.35","144","5","periodic","60","0.2","0.5","0.1","1","0.05","500","2000","0.5","0.01","true","false","all","5","8","1.5","0.3","1","mixed","0.8","0","0.25","3000","1","11.244663085826616","90.7845301035191","0.5043585005751061","90.7845301035191","0","0.5043585005751061","0","1088.0917302731114","1088.0917302731114","0","0","960.910318644545","960.910318644545","0","0","0.016132270232033452","0.4396431391097667","0.4396431391097667","0","0.3920611535154079","0.3920611535154079","0","100","0.08281123595257184","100","0","0.26510669302747614","0.26510669302747614","0","0.021435032383347027"
"507","100","0.4","0.35","144","5","periodic","60","0.2","0.5","0.1","1","0.05","500","2000","0.5","0.01","true","false","all","5","8","1.5","0.3","1","mixed","0.8","0","0.25","3000","121","18.316078585529823","83.70980297065354","0.46505446094807523","83.70980297065354","0","0.46505446094807523","0","9262.692175279572","9262.692175279572","0","0","885.4875290867308","885.4875290867308","0","0","0.010228553673035545","1","1","0","1","1","0","100","0.08360734394393524","100","0","0.25671882201662166","0.25671882201662166","0","0.02347857571397989"
"508","100","0.4","0.35","144","5","periodic","60","0.2","0.5","0.1","1","0.05","500","2000","0.5","0.01","true","false","all","5","8","1.5","0.3","1","mixed","0.8","0","0.25","3000","0","20.135571172235387","85.28135420238301","0.4737853011243501","85.28135420238301","0","0.4737853011243501","0","10894.028619938017","10894.028619938017","0","0","919.9210635289825","919.9210635289825","0","0","0.010552986459794855","1","1","0","1","1","0","100","0.07685251658105553","100","0","0.24264004534251563","0.24264004534251563","0","0.020702438035481538"
"509","100","0.4","0.35","144","5","periodic","60","0.2","0.5","0.1","1","0.05","500","2000","0.5","0.01","true","false","all","5","8","1.5","0.3","1","mixed","0.8","0","0.25","3000","146","27.88903577771019","97.91294812332018","0.5439608229073343","97.91294812332018","0","0.5439608229073343","0","14677.977745612974","14677.977745612974","0","0","990.7231452168683","990.7231452168683","0","0","0.01057110983649534","1","1","0","1","1","0","100","0.07583976748952541","100","0","0.26241368990933883","0.26241368990933883","0","0.018185852573127673"
"510","100","0.4","0.35","144","5","periodic","60","0.2","0.5","0.1","1","0.05","500","2000","0.5","0.01","true","false","all","5","8","1.5","0.3","1","mixed","0.8","0","0.25","3000","0","14.99808803771937","87.65573353331666","0.4869762974073148","87.65573353331666","0","0.4869762974073148","0","650.1452520303045","650.1452520303045","0","0","1120.654816359332","1120.654816359332","0","0","0.02257906098272633","0.13988815349558625","0.13988815349558625","0","0.10009683468686979","0.10009683468686979","0","100","0.0900728397565779","100","0","0.26245156559581617","0.26245156559581617","0","0.021921702060136338"
"512","100","0.4","0.35","144","5","periodic","60","0.2","0.5","0.1","1","0.05","500","2000","0.5","0.01","true","false","all","5","8","1.5","0.3","1","mixed","0.8","0","0.5","3000","0","11.099704210366639","85.92672005260967","0.4773706669589426","85.92672005260967","0","0.4773706669589426","0","5169.333153629654","5169.333153629654","0","0","1153.778328926038","1153.778328926038","0","0","0.013125722528922523","1","1","0","1","1","0","100","0.09058192473820875","100","0","0.4862239891474481","0.4862239891474481","0","0.02395568397818002"
"511","100","0.4","0.35","144","5","periodic","60","0.2","0.5","0.1","1","0.05","500","2000","0.5","0.01","true","false","all","5","8","1.5","0.3","1","mixed","0.8","0","0.5","3000","141","32.38323454580779","77.89675965932534","0.4327597758851408","77.89675965932534","0","0.4327597758851408","0","21069.717740776585","21069.717740776585","0","0","953.826166058394","953.826166058394","0","0","0.008495059413991646","1","1","0","1","1","0","100","0.07992772983725405","100","0","0.5046599394937126","0.5046599394937126","0","0.020199663531093454"
"513","100","0.4","0.35","144","5","periodic","60","0.2","0.5","0.1","1","0.05","500","2000","0.5","0.01","true","false","all","5","8","1.5","0.3","1","mixed","0.8","0","0.5","3000","141","27.990532986250628","83.74344396118303","0.46524135533990574","83.74344396118303","0","0.46524135533990574","0","15844.275742240145","15844.275742240145","0","0","864.0715659227375","864.0715659227375","0","0","0.010010268254131205","1","1","0","1","1","0","100","0.08223199145105492","100","0","0.5214011067420588","0.5214011067420588","0","0.020702192170871245"
"515","100","0.4","0.35","144","5","periodic","60","0.2","0.5","0.1","1","0.05","500","2000","0.5","0.01","true","false","all","5","8","1.5","0.3","1","mixed","0.8","0","0.5","3000","51","13.251034366275519","86.56491592271543","0.48091619957064125","86.56491592271543","0","0.48091619957064125","0","1528.4975090595597","1528.4975090595597","0","0","1216.4339720134028","1216.4339720134028","0","0","0.019179603081260765","0.776031080338448","0.776031080338448","0","0.6856650060397061","0.6856650060397061","0","100","0.07727493726424912","100","0","0.4954693416179146","0.4954693416179146","0","0.02500605101185468"
"517","100","0.4","0.35","144","5","periodic","60","0.2","0.5","0.1","1","0.05","500","2000","0.5","0.01","true","false","all","5","8","1.5","0.3","1","mixed","0.8","0","0.5","3000","0","24.274674684430167","85.67533179861059","0.4759740655478366","85.67533179861059","0","0.4759740655478366","0","17996.671049189757","17996.671049189757","0","0","998.0270667778689","998.0270667778689","0","0","0.008566515547264286","1","1","0","1","1","0","100","0.07850076715359522","100","0","0.5143080310400853","0.5143080310400853","0","0.02091435965491672"
"516","100","0.4","0.35","144","5","periodic","60","0.2","0.5","0.1","1","0.05","500","2000","0.5","0.01","true","false","all","5","8","1.5","0.3","1","mixed","0.8","0","0.5","3000","0","21.929884156141398","98.39546150687609","0.5466414528159783","98.39546150687609","0","0.5466414528159783","0","19922.88209895247","19922.88209895247","0","0","993.8968056186958","993.8968056186958","0","0","0.00965234494482159","1","1","0","1","1","0","100","0.07312536872775993","100","0","0.49505949576355","0.49505949576355","0","0.015563853188095438"
"514","100","0.4","0.35","144","5","periodic","60","0.2","0.5","0.1","1","0.05","500","2000","0.5","0.01","true","false","all","5","8","1.5","0.3","1","mixed","0.8","0","0.5","3000","141","37.691760508221705","99.02730148194141","0.5501516748996745","99.02730148194141","0","0.5501516748996745","0","19554.433513832395","19554.433513832395","0","0","1052.234111266533","1052.234111266533","0","0","0.010226878677977336","1","1","0","1","1","0","100","0.08379063931096857","100","0","0.5152018490689424","0.5152018490689424","0","0.021435496413815806"
"518","100","0.4","0.35","144","5","periodic","60","0.2","0.5","0.1","1","0.05","500","2000","0.5","0.01","true","false","all","5","8","1.5","0.3","1","mixed","0.8","0","0.5","3000","106","21.053362396548422","85.90397895487071","0.4772443275270595","85.90397895487071","0","0.4772443275270595","0","10792.769469379715","10792.769469379715","0","0","1047.2083785876869","1047.2083785876869","0","0","0.012907383132662487","1","1","0","1","1","0","100","0.07533709499956201","100","0","0.5100746209891145","0.5100746209891145","0","0.022091344511271465"
"519","100","0.4","0.35","144","5","periodic","60","0.2","0.5","0.1","1","0.05","500","2000","0.5","0.01","true","false","all","5","8","1.5","0.3","1","mixed","0.8","0","0.5","3000","76","20.403654183593304","96.49307471456353","0.5360726373031307","96.49307471456353","0","0.5360726373031307","0","11168.565096960776","11168.565096960776","0","0","961.3155756805695","961.3155756805695","0","0","0.009971559246833683","1","1","0","1","1","0","100","0.07584779404660698","100","0","0.49474072466871866","0.49474072466871866","0","0.019510221018904705"
"520","100","0.4","0.35","144","5","periodic","60","0.2","0.5","0.1","1","0.05","500","2000","0.5","0.01","true","false","all","5","8","1.5","0.3","1","mixed","0.8","0","0.5","3000","46","10.004154868226323","84.5572179703136","0.4697623220572978","84.5572179703136","0","0.4697623220572978","0","2241.7609802945794","2241.7609802945794","0","0","1004.9065647191228","1004.9065647191228","0","0","0.013831318257385261","1","1","0","1","1","0","100","0.0927832005184599","100","0","0.5175749467479122","0.5175749467479122","0","0.02303331585432028"
"522","100","0.4","0.35","144","5","periodic","60","0.2","0.5","0.1","1","0.05","500","2000","0.5","0.01","true","false","all","5","8","1.5","0.3","1","mixed","0.8","0","0.5","3000","-1","18.14131569343445","83.10929395190688","0.461718299732816","83.10929395190688","0","0.461718299732816","0","21800.54203256861","21800.54203256861","0","0","853.7110990228405","853.7110990228405","0","0","0.00923195345495631","1","1","0","1","1","0","100","0.08121873848696179","100","0","0.48383805842651845","0.48383805842651845","0","0.02916307868197054"
"521","100","0.4","0.35","144","5","periodic","60","0.2","0.5","0.1","1","0.05","500","2000","0.5","0.01","true","false","all","5","8","1.5","0.3","1","mixed","0.8","0","0.5","3000","-1","29.483551450886566","73.09517776704418","0.4060843209280232","73.09517776704418","0","0.4060843209280232","0","21876.1417715535","21876.1417715535","0","0","1099.7409013449949","1099.7409013449949","0","0","0.009023310418414754","1","1","0","1","1","0","100","0.08407329122381026","100","0","0.4961847696823707","0.4961847696823707","0","0.024688274729361213"
"523","100","0.4","0.35","144","5","periodic","60","0.2","0.5","0.1","1","0.05","500","2000","0.5","0.01","true","false","all","5","8","1.5","0.3","1","mixed","0.8","0","0.5","3000","0","12.469539010992051","72.37274217722397","0.4020707898734665","72.37274217722397","0","0.4020707898734665","0","699.387635968998","699.387635968998","0","0","1067.2425426226268","1067.2425426226268","0","0","0.0207153524440018","0.16506812020875644","0.16506812020875644","0","0.13292509064599844","0.13292509064599844","0","100","0.08430570987068284","100","0","0.496324329453921","0.496324329453921","0","0.020496653952896522"
"524","100","0.4","0.35","144","5","periodic","60","0.2","0.5","0.1","1","0.05","500","2000","0.5","0.01","true","false","all","5","8","1.5","0.3","1","mixed","0.8","0","0.5","3000","0","26.53028214167142","89.26293340745343","0.4959051855969635","89.26293340745343","0","0.4959051855969635","0","11173.105439271078","11173.105439271078","0","0","1020.0178680980299","1020.0178680980299","0","0","0.010684328892113681","1","1","0","1","1","0","100","0.08064479992045642","100","0","0.5076712360658437","0.5076712360658437","0","0.020204696768674413"
"525","100","0.4","0.35","144","5","periodic","60","0.2","0.5","0.1","1","0.05","500","2000","0.5","0.01","true","false","all","5","8","1.5","0.3","1","mixed","0.8","0","0.5","3000","131","22.122049816974638","90.03936812558278","0.5002187118087933","90.03936812558278","0","0.5002187118087933","0","19687.103834047277","19687.103834047277","0","0","1143.2130500769003","1143.2130500769003","0","0","0.008895207038500663","1","1","0","1","1","0","100","0.0751832951148578","100","0","0.5016999457107112","0.5016999457107112","0","0.018556184583405955"
"526","100","0.4","0.35","144","5","periodic","60","0.2","0.5","0.1","1","0.05","500","2000","0.5","0.01","true","false","all","5","8","1.5","0.3","1","mixed","0.8","0","0.5","3000","121","24.157921648358936","89.5498644138474","0.4974992467435967","89.5498644138474","0","0.4974992467435967","0","15837.970913289524","15837.970913289524","0","0","960.6635886084707","960.6635886084707","0","0","0.00899930703756402","1","1","0","1","1","0","100","0.08149978061259323","100","0","0.4991833271428877","0.4991833271428877","0","0.01927817196439417"
"529","100","0.4","0.35","144","5","periodic","60","0.2","0.5","0.1","1","0.05","500","2000","0.5","0.01","true","false","all","5","8","1.5","0.3","1","mixed","0.8","0","0.5","3000","-1","39.38234692199636","93.54681633861999","0.5197045352145555","93.54681633861999","0","0.5197045352145555","0","21783.42415531694","21783.42415531694","0","0","978.0259249257655","978.0259249257655","0","0","0.008999664482801872","1","1","0","1","1","0","100","0.08065566925236307","100","0","0.5131608070413798","0.5131608070413798","0","0.02467948198073418"
"530","100","0.4","0.35","144","5","periodic","60","0.2","0.5","0.1","1","0.05","500","2000","0.5","0.01","true","false","all","5","8","1.5","0.3","1","mixed","0.8","0","0.5","3000","1","21.14368886964509","75.88800503384938","0.4216000279658299","75.88800503384938","0","0.4216000279658299","0","1617.3758937184143","1617.3758937184143","0","0","982.4839763562578","982.4839763562578","0","0","0.012664396519943555","0.8070261779315479","0.8070261779315479","0","0.7449172624789423","0.7449172624789423","0","100","0.08690016525788043","100","0","0.5041679821689833","0.5041679821689833","0","0.022805641125613233"
"527","100","0.4","0.35","144","5","periodic","60","0.2","0.5","0.1","1","0.05","500","2000","0.5","0.01","true","false","all","5","8","1.5","0.3","1","mixed","0.8","0","0.5","3000","0","18.293685509055976","88.4577029018637","0.49143168278813165","88.4577029018637","0","0.49143168278813165","0","3326.127323078925","3326.127323078925","0","0","1023.8987231029724","1023.8987231029724","0","0","0.02203912846781786","1","1","0","1","1","0","100","0.08178886326414155","100","0","0.5089824545493106","0.5089824545493106","0","0.02089609982177537"
"528","100","0.4","0.35","144","5","periodic","60","0.2","0.5","0.1","1","0.05","500","2000","0.5","0.01","true","false","all","5","8","1.5","0.3","1","mixed","0.8","0","0.5","3000","0","29.790963474932454","76.21863272937856","0.4234368484965475","76.21863272937856","0","0.4234368484965475","0","13717.8520724541","13717.8520724541","0","0","975.6600137862753","975.6600137862753","0","0","0.010634836268961667","1","1","0","1","1","0","100","0.07758957415562584","100","0","0.5021841055410241","0.5021841055410241","0","0.026210248391616106"
"531","100","0.4","0.35","144","5","periodic","60","0.2","0.5","0.1","1","0.05","500","2000","0.5","0.01","true","false","all","5","8","1.5","0.3","1","mixed","0.8","0","0.5","3000","116","22.152530178823227","84.51300570137812","0.4695166983409896","84.51300570137812","0","0.4695166983409896","0","12652.111480654054","12652.111480654054","0","0","1043.6117052689199","1043.6117052689199","0","0","0.00989405630192186","1","1","0","1","1","0","100","0.08389417638758363","100","0","0.5076017269925216","0.5076017269925216","0","0.027203041816874822"
"533","100","0.4","0.35","144","5","periodic","60","0.2","0.5","0.1","1","0.05","500","2000","0.5","0.01","true","false","all","5","8","1.5","0.3","1","mixed","0.8","0","0.5","3000","56","18.11238741638914","98.14838275275605","0.545268793070867","98.14838275275605","0","0.545268793070867","0","7624.856079435278","7624.856079435278","0","0","992.3036337265141","992.3036337265141","0","0","0.009629892305655252","1","1","0","1","1","0","100","0.08612483372625634","100","0","0.5301973604106328","0.5301973604106328","0","0.025599264925664365"
"532","100","0.4","0.35","144","5","periodic","60","0.2","0.5","0.1","1","0.05","500","2000","0.5","0.01","true","false","all","5","8","1.5","0.3","1","mixed","0.8","0","0.5","3000","-1","32.65919779067437","82.72020357468574","0.4595566865260319","82.72020357468574","0","0.4595566865260319","0","21797.50454877493","21797.50454877493","0","0","1018.5536470635213","1018.5536470635213","0","0","0.008733754399928184","1","1","0","1","1","0","100","0.07998290921084646","100","0","0.49729693781918394","0.49729693781918394","0","0.021177618316172875"
"534","100","0.4","0.35","144","5","periodic","60","0.2","0.5","0.1","1","0.05","500","2000","0.5","0.01","true","false","all","5","8","1.5","0.3","1","mixed","0.8","0","0.5","3000","0","13.326871758224726","106.08951984688993","0.5893862213716107","106.08951984688993","0","0.5893862213716107","0","865.1995432012117","865.1995432012117","0","0","1099.8893013244137","1099.8893013244137","0","0","0.01716588292425736","0.2866655123497112","0.2866655123497112","0","0.24346636213414083","0.24346636213414083","0","100","0.08228489593999876","100","0","0.5145170601652862","0.5145170601652862","0","0.02857173762136611"
"536","100","0.4","0.35","144","5","periodic","60","0.2","0.5","0.1","1","0.05","500","2000","0.5","0.01","true","false","all","5","8","1.5","0.3","1","mixed","0.8","0","0.5","3000","16","22.932968437179554","87.71811361397508","0.48732285341097265","87.71811361397508","0","0.48732285341097265","0","13382.39234501677","13382.39234501677","0","0","1124.706656686753","1124.706656686753","0","0","0.01232316752169016","1","1","0","1","1","0","100","0.08482183631674417","100","0","0.47893688416664715","0.47893688416664715","0","0.023378345201546843"
"538","100","0.4","0.35","144","5","periodic","60","0.2","0.5","0.1","1","0.05","500","2000","0.5","0.01","true","false","all","5","8","1.5","0.3","1","mixed","0.8","0","0.5","3000","0","15.605947324306598","91.40138566253933","0.5077854759029963","91.40138566253933","0","0.5077854759029963","0","677.1944223526023","677.1944223526023","0","0","1112.7789518652144","1112.7789518652144","0","0","0.019752983247781408","0.1552734062131279","0.1552734062131279","0","0.11812961490173489","0.11812961490173489","0","100","0.08877788552490766","100","0","0.4801455465899122","0.4801455465899122","0","0.026671119282484192"
"539","100","0.4","0.35","144","5","periodic","60","0.2","0.5","0.1","1","0.05","500","2000","0.5","0.01","true","false","all","5","8","1.5","0.3","1","mixed","0.8","0","0.5","3000","141","16.427168527786918","85.57529302625392","0.47541829459029955","85.57529302625392","0","0.47541829459029955","0","21103.55689021775","21103.55689021775","0","0","993.4479437190249","993.4479437190249","0","0","0.009564797232999744","1","1","0","1","1","0","100","0.07489288597440309","100","0","0.5212844761882378","0.5212844761882378","0","0.017627760380232765"
"535","100","0.4","0.35","144","5","periodic","60","0.2","0.5","0.1","1","0.05","500","2000","0.5","0.01","true","false","all","5","8","1.5","0.3","1","mixed","0.8","0","0.5","3000","-1","27.879212145863875","86.49871779183869","0.4805484321768816","86.49871779183869","0","0.4805484321768816","0","21784.034990056916","21784.034990056916","0","0","989.2670867327334","989.2670867327334","0","0","0.01019797821500501","1","1","0","1","1","0","100","0.0843159260667527","100","0","0.5138934796961805","0.5138934796961805","0","0.02099231115747483"
"537","100","0.4","0.35","144","5","periodic","60","0.2","0.5","0.1","1","0.05","500","2000","0.5","0.01","true","false","all","5","8","1.5","0.3","1","mixed","0.8","0","0.5","3000","121","27.07215154135733","67.28523820127357","0.3738068788959643","67.28523820127357","0","0.3738068788959643","0","15459.412561320789","15459.412561320789","0","0","955.2586855430455","955.2586855430455","0","0","0.00921500514288387","1","1","0","1","1","0","100","0.07501641163733734","100","0","0.5133936059851845","0.5133936059851845","0","0.021270151378191327"
"540","100","0.4","0.35","144","5","periodic","60","0.2","0.5","0.1","1","0.05","500","2000","0.5","0.01","true","false","all","5","8","1.5","0.3","1","mixed","0.8","0","0.5","3000","121","20.08776952588468","76.63592755764945","0.4257551530980525","76.63592755764945","0","0.4257551530980525","0","5210.5142385528925","5210.5142385528925","0","0","936.4044075212256","936.4044075212256","0","0","0.01176982570909857","1","1","0","1","1","0","100","0.09102085305512082","100","0","0.5403328127556523","0.5403328127556523","0","0.022846133043078923"
"542","100","0.4","0.35","144","5","periodic","60","0.2","0.5","0.1","1","0.05","500","2000","0.5","0.01","true","false","all","5","8","1.5","0.3","1","mixed","0.8","0","0.75","3000","-1","44.449207897184756","99.70994028044517","0.5539441126691398","99.70994028044517","0","0.5539441126691398","0","21794.93549274228","21794.93549274228","0","0","1167.6305888764434","1167.6305888764434","0","0","0.009489809999579268","1","1","0","1","1","0","100","0.09690159905287107","100","0","0.7191077249053859","0.7191077249053859","0","0.020156005171235402"
"541","100","0.4","0.35","144","5","periodic","60","0.2","0.5","0.1","1","0.05","500","2000","0.5","0.01","true","false","all","5","8","1.5","0.3","1","mixed","0.8","0","0.75","3000","6","19.425035035489344","98.24111217019785","0.5457839565010991","98.24111217019785","0","0.5457839565010991","0","1996.0104345993368","1996.0104345993368","0","0","1240.940934047123","1240.940934047123","0","0","0.010831741104924353","1","1","0","0.9884667038391106","0.9884667038391106","0","100","0.0806254335689432","100","0","0.7559420877431989","0.7559420877431989","0","0.02431774498449899"
"543","100","0.4","0.35","144","5","periodic","60","0.2","0.5","0.1","1","0.05","500","2000","0.5","0.01","true","false","all","5","8","1.5","0.3","1","mixed","0.8","0","0.75","3000","-1","38.111275826682494","71.85372332017886","0.39918735177877146","71.85372332017886","0","0.39918735177877146","0","21808.172090313616","21808.172090313616","0","0","1029.2802027553812","1029.2802027553812","0","0","0.00844768503536164","1","1","0","1","1","0","100","0.08325024050927692","100","0","0.7334783948613911","0.7334783948613911","0","0.02234690537943143"
"545","100","0.4","0.35","144","5","periodic","60","0.2","0.5","0.1","1","0.05","500","2000","0.5","0.01","true","false","all","5","8","1.5","0.3","1","mixed","0.8","0","0.75","3000","-1","35.30232008831531","74.97727023305906","0.41654039018366146","74.97727023305906","0","0.41654039018366146","0","21780.569526262065","21780.569526262065","0","0","1240.7079905753062","1240.7079905753062","0","0","0.00771245148829891","1","1","0","1","1","0","100","0.0810871327969351","100","0","0.7141487598330495","0.7141487598330495","0","0.02122328944544194"
"544","100","0.4","0.35","144","5","periodic","60","0.2","0.5","0.1","1","0.05","500","2000","0.5","0.01","true","false","all","5","8","1.5","0.3","1","mixed","0.8","0","0.75","3000","-1","40.85663543092072","95.21981122142459","0.5289989512301366","95.21981122142459","0","0.5289989512301366","0","21784.239137783683","21784.239137783683","0","0","1201.10320862221","1201.10320862221","0","0","0.009093047923954156","1","1","0","1","1","0","100","0.07675322975667959","100","0","0.7451302857471512","0.7451302857471512","0","0.022621111829078562"
"546","100","0.4","0.35","144","5","periodic","60","0.2","0.5","0.1","1","0.05","500","2000","0.5","0.01","true","false","all","5","8","1.5","0.3","1","mixed","0.8","0","0.75","3000","46","40.707222702269874","67.60697745198863","0.3755943191777146","67.60697745198863","0","0.3755943191777146","0","16946.625359034882","16946.625359034882","0","0","955.0313716333487","955.0313716333487","0","0","0.010111366879288264","1","1","0","1","1","0","100","0.07723487538516839","100","0","0.7528415907253104","0.7528415907253104","0","0.014820654365838536"
"547","100","0.4","0.35","144","5","periodic","60","0.2","0.5","0.1","1","0.05","500","2000","0.5","0.01","true","false","all","5","8","1.5","0.3","1","mixed","0.8","0","0.75","3000","26","24.54509923505256","85.33982511937342","0.47411013955207454","85.33982511937342","0","0.47411013955207454","0","3419.0056526382605","3419.0056526382605","0","0","1171.1082179129594","1171.1082179129594","0","0","0.018409678835965337","1","1","0","1","1","0","100","0.09185684296134562","100","0","0.7441421363056537","0.7441421363056537","0","0.0245263845563025"
"549","100","0.4","0.35","144","5","periodic","60","0.2","0.5","0.1","1","0.05","500","2000","0.5","0.01","true","false","all","5","8","1.5","0.3","1","mixed","0.8","0","0.75","3000","96","34.843789668207435","94.34615127204235","0.5241452848446797","94.34615127204235","0","0.5241452848446797","0","16542.124983421185","16542.124983421185","0","0","1249.1163285973632","1249.1163285973632","0","0","0.01053746955352386","1","1","0","1","1","0","100","0.08350589175010241","100","0","0.7714996446012045","0.7714996446012045","0","0.0171409798058323"
"548","100","0.4","0.35","144","5","periodic","60","0.2","0.5","0.1","1","0.05","500","2000","0.5","0.01","true","false","all","5","8","1.5","0.3","1","mixed","0.8","0","0.75","3000","-1","47.08278309681166","93.75124856155716","0.5208402697864287","93.75124856155716","0","0.5208402697864287","0","21742.323459386454","21742.323459386454","0","0","1036.657156900808","1036.657156900808","0","0","0.00969225033025034","1","1","0","1","1","0","100","0.09087831969053253","100","0","0.7408257065551466","0.7408257065551466","0","0.01784948566936534"
"550","100","0.4","0.35","144","5","periodic","60","0.2","0.5","0.1","1","0.05","500","2000","0.5","0.01","true","false","all","5","8","1.5","0.3","1","mixed","0.8","0","0.75","3000","-1","40.307410252032795","104.05968967447556","0.5781093870804198","104.05968967447556","0","0.5781093870804198","0","21864.33740634365","21864.33740634365","0","0","1096.644646006265","1096.644646006265","0","0","0.009755590153242677","1","1","0","1","1","0","100","0.0729209067572548","100","0","0.7704112391101866","0.7704112391101866","0","0.01932964374032937"
"551","100","0.4","0.35","144","5","periodic","60","0.2","0.5","0.1","1","0.05","500","2000","0.5","0.01","true","false","all","5","8","1.5","0.3","1","mixed","0.8","0","0.75","3000","-1","53.369197213857746","99.09742556190109","0.5505412531216727","99.09742556190109","0","0.5505412531216727","0","21804.353258660376","21804.353258660376","0","0","1019.100955105899","1019.100955105899","0","0","0.010193595164469826","1","1","0","1","1","0","100","0.0854319719242973","100","0","0.7591952085879022","0.7591952085879022","0","0.019196155857718656"
"554","100","0.4","0.35","144","5","periodic","60","0.2","0.5","0.1","1","0.05","500","2000","0.5","0.01","true","false","all","5","8","1.5","0.3","1","mixed","0.8","0","0.75","3000","116","17.732451408958795","104.18406185131954","0.5788003436184419","104.18406185131954","0","0.5788003436184419","0","4838.837134323529","4838.837134323529","0","0","1145.745927945725","1145.745927945725","0","0","0.016101377528972227","1","1","0","1","1","0","100","0.07947595784055865","100","0","0.7421483799150388","0.7421483799150388","0","0.01756746308823545"
"552","100","0.4","0.35","144","5","periodic","60","0.2","0.5","0.1","1","0.05","500","2000","0.5","0.01","true","false","all","5","8","1.5","0.3","1","mixed","0.8","0","0.75","3000","0","20.89734323492148","87.81315671908233","0.4878508706615685","87.81315671908233","0","0.4878508706615685","0","5734.381804874378","5734.381804874378","0","0","1080.4057438850346","1080.4057438850346","0","0","0.015440672531204624","1","1","0","1","1","0","100","0.06540390908245616","100","0","0.7294802210823539","0.7294802210823539","0","0.02722554688299965"
"553","100","0.4","0.35","144","5","periodic","60","0.2","0.5","0.1","1","0.05","500","2000","0.5","0.01","true","false","all","5","8","1.5","0.3","1","mixed","0.8","0","0.75","3000","151","34.617873413418906","80.44793612806451","0.4469329784892473","80.44793612806451","0","0.4469329784892473","0","19849.250447917526","19849.250447917526","0","0","1306.0617380732076","1306.0617380732076","0","0","0.00883360902975272","1","1","0","1","1","0","100","0.07443323297730126","100","0","0.7471323459399677","0.7471323459399677","0","0.018038656081192327"
"555","100","0.4","0.35","144","5","periodic","60","0.2","0.5","0.1","1","0.05","500","2000","0.5","0.01","true","false","all","5","8","1.5","0.3","1","mixed","0.8","0","0.75","3000","136","23.86543686828594","92.20426898529027","0.5122459388071682","92.20426898529027","0","0.5122459388071682","0","20065.287806737153","20065.287806737153","0","0","1119.2440607988078","1119.2440607988078","0","0","0.009997348797381234","1","1","0","1","1","0","100","0.0849219977384136","100","0","0.7366674573745984","0.7366674573745984","0","0.02195026778430156"
"556","100","0.4","0.35","144","5","periodic","60","0.2","0.5","0.1","1","0.05","500","2000","0.5","0.01","true","false","all","5","8","1.5","0.3","1","mixed","0.8","0","0.75","3000","-1","34.06284350418119","73.03335045450154","0.4057408358583419","73.03335045450154","0","0.4057408358583419","0","21821.76260265698","21821.76260265698","0","0","1203.8665997351177","1203.8665997351177","0","0","0.008417391399851315","1","1","0","1","1","0","100","0.08557259322878381","100","0","0.7177880262509286","0.7177880262509286","0","0.025550312547467452"
"557","100","0.4","0.35","144","5","periodic","60","0.2","0.5","0.1","1","0.05","500","2000","0.5","0.01","true","false","all","5","8","1.5","0.3","1","mixed","0.8","0","0.75","3000","-1","40.221238057621854","83.65271842003526","0.46473732455575145","83.65271842003526","0","0.46473732455575145","0","21774.999258639444","21774.999258639444","0","0","1042.3604535608777","1042.3604535608777","0","0","0.009628619997289478","1","1","0","1","1","0","100","0.08427195330438181","100","0","0.7429368760485348","0.7429368760485348","0","0.021665498525116744"
"558","100","0.4","0.35","144","5","periodic","60","0.2","0.5","0.1","1","0.05","500","2000","0.5","0.01","true","false","all","5","8","1.5","0.3","1","mixed","0.8","0","0.75","3000","56","27.76960866024899","103.6409317669996","0.5757829542611089","103.6409317669996","0","0.5757829542611089","0","13464.681668907993","13464.681668907993","0","0","1073.0297198700293","1073.0297198700293","0","0","0.010712304260399597","1","1","0","1","1","0","100","0.07171136051152446","100","0","0.743541539466372","0.743541539466372","0","0.022101781435965556"
"559","100","0.4","0.35","144","5","periodic","60","0.2","0.5","0.1","1","0.05","500","2000","0.5","0.01","true","false","all","5","8","1.5","0.3","1","mixed","0.8","0","0.75","3000","76","23.598761342247172","76.07928881803824","0.42266271565576796","76.07928881803824","0","0.42266271565576796","0","3803.754582192768","3803.754582192768","0","0","1111.5959696499206","1111.5959696499206","0","0","0.012638212759918277","1","1","0","1","1","0","100","0.07043886389675638","100","0","0.7368252737935899","0.7368252737935899","0","0.017794552224110294"
"563","100","0.4","0.35","144","5","periodic","60","0.2","0.5","0.1","1","0.05","500","2000","0.5","0.01","true","false","all","5","8","1.5","0.3","1","mixed","0.8","0","0.75","3000","-1","43.980917871353526","83.77505914655661","0.4654169952586479","83.77505914655661","0","0.4654169952586479","0","21834.983980299305","21834.983980299305","0","0","1065.4149729310666","1065.4149729310666","0","0","0.009820850862554131","1","1","0","1","1","0","100","0.08346992764468977","100","0","0.7239636877423249","0.7239636877423249","0","0.01953678018509732"
"560","100","0.4","0.35","144","5","periodic","60","0.2","0.5","0.1","1","0.05","500","2000","0.5","0.01","true","false","all","5","8","1.5","0.3","1","mixed","0.8","0","0.75","3000","-1","32.95720083573916","93.73656117476699","0.52075867319315","93.73656117476699","0","0.52075867319315","0","21814.68612031592","21814.68612031592","0","0","1081.580547668208","1081.580547668208","0","0","0.009625320644564894","1","1","0","1","1","0","100","0.07932743719790504","100","0","0.761365257718252","0.761365257718252","0","0.020888289762838467"
"561","100","0.4","0.35","144","5","periodic","60","0.2","0.5","0.1","1","0.05","500","2000","0.5","0.01","true","false","all","5","8","1.5","0.3","1","mixed","0.8","0","0.75","3000","-1","26.801097290513994","83.64979902041412","0.46472110566896735","83.64979902041412","0","0.46472110566896735","0","21858.056760473348","21858.056760473348","0","0","1177.5844365911182","1177.5844365911182","0","0","0.008739230712702772","1","1","0","1","1","0","100","0.07392717092542975","100","0","0.7696085879480864","0.7696085879480864","0","0.022039085630966175"
"562","100","0.4","0.35","144","5","periodic","60","0.2","0.5","0.1","1","0.05","500","2000","0.5","0.01","true","false","all","5","8","1.5","0.3","1","mixed","0.8","0","0.75","3000","-1","38.516411067365894","90.85772463048575","0.504765136836032","90.85772463048575","0","0.504765136836032","0","21795.49205977634","21795.49205977634","0","0","1108.4329858930823","1108.4329858930823","0","0","0.009013586462174539","1","1","0","1","1","0","100","0.07250154821624066","100","0","0.7682277774049276","0.7682277774049276","0","0.018689341714172"
"564","100","0.4","0.35","144","5","periodic","60","0.2","0.5","0.1","1","0.05","500","2000","0.5","0.01","true","false","all","5","8","1.5","0.3","1","mixed","0.8","0","0.75","3000","-1","41.101656216302274","91.31716272909415","0.5073175707171897","91.31716272909415","0","0.5073175707171897","0","21807.739214344445","21807.739214344445","0","0","926.5755781106277","926.5755781106277","0","0","0.008285614093551663","1","1","0","1","1","0","100","0.07531799287541839","100","0","0.7637273379451649","0.7637273379451649","0","0.020437579877187386"
"566","100","0.4","0.35","144","5","periodic","60","0.2","0.5","0.1","1","0.05","500","2000","0.5","0.01","true","false","all","5","8","1.5","0.3","1","mixed","0.8","0","0.75","3000","-1","51.283351270705715","98.01494588723425","0.5445274771513013","98.01494588723425","0","0.5445274771513013","0","21844.947519832025","21844.947519832025","0","0","1057.8028976625558","1057.8028976625558","0","0","0.010217130495688398","1","1","0","1","1","0","100","0.08967637957114377","100","0","0.735124297522517","0.735124297522517","0","0.021880454544457577"
"565","100","0.4","0.35","144","5","periodic","60","0.2","0.5","0.1","1","0.05","500","2000","0.5","0.01","true","false","all","5","8","1.5","0.3","1","mixed","0.8","0","0.75","3000","-1","47.311118180850606","79.46474847056103","0.44147082483645017","79.46474847056103","0","0.44147082483645017","0","21782.00629688784","21782.00629688784","0","0","937.2654500170242","937.2654500170242","0","0","0.009990702979117971","1","1","0","1","1","0","100","0.07309203778508117","100","0","0.7598461314663227","0.7598461314663227","0","0.018630201399200238"
"567","100","0.4","0.35","144","5","periodic","60","0.2","0.5","0.1","1","0.05","500","2000","0.5","0.01","true","false","all","5","8","1.5","0.3","1","mixed","0.8","0","0.75","3000","36","32.99687762741729","101.54902258038632","0.5641612365577018","101.54902258038632","0","0.5641612365577018","0","16744.825093619394","16744.825093619394","0","0","955.7763784742984","955.7763784742984","0","0","0.009582141628236007","1","1","0","1","1","0","100","0.08035207094571198","100","0","0.751611397801384","0.751611397801384","0","0.016913367209452163"
"569","100","0.4","0.35","144","5","periodic","60","0.2","0.5","0.1","1","0.05","500","2000","0.5","0.01","true","false","all","5","8","1.5","0.3","1","mixed","0.8","0","0.75","3000","0","18.421940045760095","91.00387668048762","0.5055770926693757","91.00387668048762","0","0.5055770926693757","0","8068.427815056631","8068.427815056631","0","0","1206.4325642619149","1206.4325642619149","0","0","0.01423934403872873","1","1","0","1","1","0","100","0.09481222001662293","100","0","0.7385455412076949","0.7385455412076949","0","0.024093703938687726"
"571","100","0.4","0.35","144","5","periodic","60","0.2","0.5","0.1","1","0.05","500","2000","0.5","0.01","true","false","all","5","8","1.5","0.3","1","mixed","0.8","0","1","3000","-1","53.66099337958384","69.60756587318059","0.3867086992954477","69.60756587318059","0","0.3867086992954477","0","21823.75965963095","21823.75965963095","0","0","1242.4520870075194","1242.4520870075194","0","0","0.010217324213864565","1","1","0","1","1","0","100","0.09080674558515282","100","0","0.9346122107986949","0.9346122107986949","0","0.008227034598904939"
"570","100","0.4","0.35","144","5","periodic","60","0.2","0.5","0.1","1","0.05","500","2000","0.5","0.01","true","false","all","5","8","1.5","0.3","1","mixed","0.8","0","0.75","3000","56","40.09649628824087","101.47569192026658","0.563753844001481","101.47569192026658","0","0.563753844001481","0","9651.338667771559","9651.338667771559","0","0","1140.4204193951184","1140.4204193951184","0","0","0.01400129043055709","1","1","0","1","1","0","100","0.07729148215286177","100","0","0.7211590438456716","0.7211590438456716","0","0.019787154085459606"
"568","100","0.4","0.35","144","5","periodic","60","0.2","0.5","0.1","1","0.05","500","2000","0.5","0.01","true","false","all","5","8","1.5","0.3","1","mixed","0.8","0","0.75","3000","-1","47.57211774477843","73.65944203025393","0.4092191223902996","73.65944203025393","0","0.4092191223902996","0","21849.9985726041","21849.9985726041","0","0","1181.101484964003","1181.101484964003","0","0","0.010584017554763125","1","1","0","1","1","0","100","0.08558510442532458","100","0","0.7895824504407813","0.7895824504407813","0","0.01858942714313213"
"572","100","0.4","0.35","144","5","periodic","60","0.2","0.5","0.1","1","0.05","500","2000","0.5","0.01","true","false","all","5","8","1.5","0.3","1","mixed","0.8","0","1","3000","111","34.26782463514245","66.89490562079285","0.3716383645599603","66.89490562079285","0","0.3716383645599603","0","15771.21369413284","15771.21369413284","0","0","1126.9715430184426","1126.9715430184426","0","0","0.009479056750445691","1","1","0","1","1","0","100","0.09618233204554263","100","0","0.9371580164095566","0.9371580164095566","0","0.006894258648577798"
"573","100","0.4","0.35","144","5","periodic","60","0.2","0.5","0.1","1","0.05","500","2000","0.5","0.01","true","false","all","5","8","1.5","0.3","1","mixed","0.8","0","1","3000","0","36.423153795084296","85.48891708223","0.47493842823461113","85.48891708223","0","0.47493842823461113","0","6087.315038129696","6087.315038129696","0","0","1239.0036277013878","1239.0036277013878","0","0","0.011641804974536596","1","1","0","1","1","0","100","0.07733309826889796","100","0","0.9349843861377494","0.9349843861377494","0","0.00821193294498402"
"574","100","0.4","0.35","144","5","periodic","60","0.2","0.5","0.1","1","0.05","500","2000","0.5","0.01","true","false","all","5","8","1.5","0.3","1","mixed","0.8","0","1","3000","-1","47.22775074144442","98.6845644872792","0.5482475804848844","98.6845644872792","0","0.5482475804848844","0","21835.4273119492","21835.4273119492","0","0","1210.3079066769287","1210.3079066769287","0","0","0.009283983214412483","1","1","0","1","1","0","100","0.06691350169268098","100","0","0.9498859418758692","0.9498859418758692","0","0.0075082888441075826"
"575","100","0.4","0.35","144","5","periodic","60","0.2","0.5","0.1","1","0.05","500","2000","0.5","0.01","true","false","all","5","8","1.5","0.3","1","mixed","0.8","0","1","3000","21","25.375569963144244","101.52234697696115","0.5640130387608953","101.52234697696115","0","0.5640130387608953","0","1487.023493528241","1487.023493528241","0","0","1246.7994895448726","1246.7994895448726","0","0","0.017673311658676027","0.7616530642478109","0.7616530642478109","0","0.6580156623521606","0.6580156623521606","0","100","0.08145821624271411","100","0","0.9543814114826634","0.9543814114826634","0","0.0056673981995726775"
"576","100","0.4","0.35","144","5","periodic","60","0.2","0.5","0.1","1","0.05","500","2000","0.5","0.01","true","false","all","5","8","1.5","0.3","1","mixed","0.8","0","1","3000","1","16.998000317350815","68.8887549674151","0.3827153053745283","68.8887549674151","0","0.3827153053745283","0","9034.627217251329","9034.627217251329","0","0","883.3723221979876","883.3723221979876","0","0","0.012812575374687718","1","1","0","1","1","0","100","0.08967264068152227","100","0","0.9385379590302283","0.9385379590302283","0","0.009069572023445709"
"578","100","0.4","0.35","144","5","periodic","60","0.2","0.5","0.1","1","0.05","500","2000","0.5","0.01","true","false","all","5","8","1.5","0.3","1","mixed","0.8","0","1","3000","81","52.2930976878995","115.2017348715441","0.640009638175245","115.2017348715441","0","0.640009638175245","0","16730.97842259187","16730.97842259187","0","0","1235.661720808883","1235.661720808883","0","0","0.009960224832940234","1","1","0","1","1","0","100","0.08941913447144348","100","0","0.9394842071328187","0.9394842071328187","0","0.008493816306690612"
"577","100","0.4","0.35","144","5","periodic","60","0.2","0.5","0.1","1","0.05","500","2000","0.5","0.01","true","false","all","5","8","1.5","0.3","1","mixed","0.8","0","1","3000","-1","44.22692822869804","65.01753293450203","0.36120851630278905","65.01753293450203","0","0.36120851630278905","0","21811.431424350212","21811.431424350212","0","0","1102.3638999270472","1102.3638999270472","0","0","0.009888671833232499","1","1","0","1","1","0","100","0.0849026877240384","100","0","0.9440021819363078","0.9440021819363078","0","0.006954267235912693"
"579","100","0.4","0.35","144","5","periodic","60","0.2","0.5","0.1","1","0.05","500","2000","0.5","0.01","true","false","all","5","8","1.5","0.3","1","mixed","0.8","0","1","3000","-1","61.66137475665244","80.19373850944608","0.44552076949692265","80.19373850944608","0","0.44552076949692265","0","21799.434242852487","21799.434242852487","0","0","1125.7259159982257","1125.7259159982257","0","0","0.009428225708561389","1","1","0","1","1","0","100","0.08391825147771967","100","0","0.9327757138830204","0.9327757138830204","0","0.011001824683932506"
"580","100","0.4","0.35","144","5","periodic","60","0.2","0.5","0.1","1","0.05","500","2000","0.5","0.01","true","false","all","5","8","1.5","0.3","1","mixed","0.8","0","1","3000","46","27.185672094561852","84.52846595095427","0.46960258861641263","84.52846595095427","0","0.46960258861641263","0","8905.10303691431","8905.10303691431","0","0","1188.9134929891056","1188.9134929891056","0","0","0.010440540646430962","1","1","0","1","1","0","100","0.08421195917987165","100","0","0.9358189074944341","0.9358189074944341","0","0.008334190315970894"
"582","100","0.4","0.35","144","5","periodic","60","0.2","0.5","0.1","1","0.05","500","2000","0.5","0.01","true","false","all","5","8","1.5","0.3","1","mixed","0.8","0","1","3000","-1","33.350530223573685","96.8988305204342","0.5383268362246345","96.8988305204342","0","0.5383268362246345","0","21805.097616571864","21805.097616571864","0","0","1294.7207864773027","1294.7207864773027","0","0","0.01022855918747223","1","1","0","1","1","0","100","0.09537078803529457","100","0","0.9279332470291258","0.9279332470291258","0","0.011068898552805583"
"581","100","0.4","0.35","144","5","periodic","60","0.2","0.5","0.1","1","0.05","500","2000","0.5","0.01","true","false","all","5","8","1.5","0.3","1","mixed","0.8","0","1","3000","141","38.183504689447695","64.54792658493567","0.3585995921385315","64.54792658493567","0","0.3585995921385315","0","18941.455204407495","18941.455204407495","0","0","1217.7602539515765","1217.7602539515765","0","0","0.010089072390856213","1","1","0","1","1","0","100","0.07063243666143727","100","0","0.9393300211601479","0.9393300211601479","0","0.007379878819451602"
"583","100","0.4","0.35","144","5","periodic","60","0.2","0.5","0.1","1","0.05","500","2000","0.5","0.01","true","false","all","5","8","1.5","0.3","1","mixed","0.8","0","1","3000","121","47.482660311514564","99.06095158030821","0.5503386198906012","99.06095158030821","0","0.5503386198906012","0","18282.841662870334","18282.841662870334","0","0","1243.4854436636579","1243.4854436636579","0","0","0.009614657104154212","1","1","0","1","1","0","100","0.08283117683275187","100","0","0.9631764463227087","0.9631764463227087","0","0.004539549956284243"
"585","100","0.4","0.35","144","5","periodic","60","0.2","0.5","0.1","1","0.05","500","2000","0.5","0.01","true","false","all","5","8","1.5","0.3","1","mixed","0.8","0","1","3000","-1","53.386652063874735","81.35202400634981","0.4519556889241656","81.35202400634981","0","0.4519556889241656","0","21802.016235399762","21802.016235399762","0","0","1100.944591330586","1100.944591330586","0","0","0.009352622900026475","1","1","0","1","1","0","100","0.07855167400156671","100","0","0.9476094157840794","0.9476094157840794","0","0.008076026060920515"
"586","100","0.4","0.35","144","5","periodic","60","0.2","0.5","0.1","1","0.05","500","2000","0.5","0.01","true","false","all","5","8","1.5","0.3","1","mixed","0.8","0","1","3000","41","31.36840776004749","90.97773055386273","0.5054318364103485","90.97773055386273","0","0.5054318364103485","0","20128.138164146283","20128.138164146283","0","0","1144.465194979318","1144.465194979318","0","0","0.009421343271129201","1","1","0","1","1","0","100","0.08001273855793618","100","0","0.9586196062801864","0.9586196062801864","0","0.004467488203465398"
"584","100","0.4","0.35","144","5","periodic","60","0.2","0.5","0.1","1","0.05","500","2000","0.5","0.01","true","false","all","5","8","1.5","0.3","1","mixed","0.8","0","1","3000","-1","45.43486879335113","96.83090773080318","0.537949487393351","96.83090773080318","0","0.537949487393351","0","21781.495996919177","21781.495996919177","0","0","1303.0257676859976","1303.0257676859976","0","0","0.010860915721490061","1","1","0","1","1","0","100","0.09782449800273214","100","0","0.9459878874529873","0.9459878874529873","0","0.008103768879427046"
"587","100","0.4","0.35","144","5","periodic","60","0.2","0.5","0.1","1","0.05","500","2000","0.5","0.01","true","false","all","5","8","1.5","0.3","1","mixed","0.8","0","1","3000","-1","55.05634135938825","95.83867702701573","0.5324370945945318","95.83867702701573","0","0.5324370945945318","0","21755.16722141223","21755.16722141223","0","0","1157.8454022026845","1157.8454022026845","0","0","0.009760886325919538","1","1","0","1","1","0","100","0.08224039633341544","100","0","0.9288411270859298","0.9288411270859298","0","0.007841904441468761"
"588","100","0.4","0.35","144","5","periodic","60","0.2","0.5","0.1","1","0.05","500","2000","0.5","0.01","true","false","all","5","8","1.5","0.3","1","mixed","0.8","0","1","3000","-1","45.51261641514377","76.69006909453546","0.42605593941408587","76.69006909453546","0","0.42605593941408587","0","21772.267102052905","21772.267102052905","0","0","1029.022326610594","1029.022326610594","0","0","0.008451432546968896","1","1","0","1","1","0","100","0.08357183812476013","100","0","0.9488725571382643","0.9488725571382643","0","0.006400131869503457"
"590","100","0.4","0.35","144","5","periodic","60","0.2","0.5","0.1","1","0.05","500","2000","0.5","0.01","true","false","all","5","8","1.5","0.3","1","mixed","0.8","0","1","3000","-1","56.078661555486235","64.91081506450732","0.36061563924726286","64.91081506450732","0","0.36061563924726286","0","21775.916680331127","21775.916680331127","0","0","1194.1696388167175","1194.1696388167175","0","0","0.010390193488754695","1","1","0","1","1","0","100","0.08434254461050973","100","0","0.9419992585837824","0.9419992585837824","0","0.006571237640895327"
"589","100","0.4","0.35","144","5","periodic","60","0.2","0.5","0.1","1","0.05","500","2000","0.5","0.01","true","false","all","5","8","1.5","0.3","1","mixed","0.8","0","1","3000","-1","34.729156079622626","83.46494121532473","0.46369411786291514","83.46494121532473","0","0.46369411786291514","0","21820.61439119462","21820.61439119462","0","0","1138.928016350801","1138.928016350801","0","0","0.00949088978241952","1","1","0","1","1","0","100","0.08148588357874195","100","0","0.9444882236524851","0.9444882236524851","0","0.006905440256714468"
"591","100","0.4","0.35","144","5","periodic","60","0.2","0.5","0.1","1","0.05","500","2000","0.5","0.01","true","false","all","5","8","1.5","0.3","1","mixed","0.8","0","1","3000","-1","55.830816326333085","104.87203449935781","0.5826224138853212","104.87203449935781","0","0.5826224138853212","0","21799.58971450872","21799.58971450872","0","0","1227.7272324284147","1227.7272324284147","0","0","0.009231028722762824","1","1","0","1","1","0","100","0.09292604216634538","100","0","0.9387159595936387","0.9387159595936387","0","0.007723902438497568"
"594","100","0.4","0.35","144","5","periodic","60","0.2","0.5","0.1","1","0.05","500","2000","0.5","0.01","true","false","all","5","8","1.5","0.3","1","mixed","0.8","0","1","3000","101","22.116810661933613","79.70895635849776","0.44282753532498753","79.70895635849776","0","0.44282753532498753","0","4891.116962325114","4891.116962325114","0","0","1193.0395487581056","1193.0395487581056","0","0","0.01399645120852222","1","1","0","1","1","0","100","0.08129286814774835","100","0","0.9386968024622324","0.9386968024622324","0","0.00717082237611084"
"592","100","0.4","0.35","144","5","periodic","60","0.2","0.5","0.1","1","0.05","500","2000","0.5","0.01","true","false","all","5","8","1.5","0.3","1","mixed","0.8","0","1","3000","-1","47.85255283580941","71.76473586005424","0.3986929770003014","71.76473586005424","0","0.3986929770003014","0","21745.147245262073","21745.147245262073","0","0","1088.5256001343182","1088.5256001343182","0","0","0.008123500438114162","1","1","0","1","1","0","100","0.08620900421998032","100","0","0.9460717300070851","0.9460717300070851","0","0.00659409051016122"
"593","100","0.4","0.35","144","5","periodic","60","0.2","0.5","0.1","1","0.05","500","2000","0.5","0.01","true","false","all","5","8","1.5","0.3","1","mixed","0.8","0","1","3000","-1","41.96229459907617","71.1435775406928","0.39524209744829336","71.1435775406928","0","0.39524209744829336","0","21798.684792522137","21798.684792522137","0","0","1149.782803165539","1149.782803165539","0","0","0.009712227323590117","1","1","0","1","1","0","100","0.0882295623604843","100","0","0.9577838666561326","0.9577838666561326","0","0.005928086838977777"
"595","100","0.4","0.35","144","5","periodic","60","0.2","0.5","0.1","1","0.05","500","2000","0.5","0.01","true","false","all","5","8","1.5","0.3","1","mixed","0.8","0","1","3000","-1","57.44981281793911","79.47862384618944","0.441547910256608","79.47862384618944","0","0.441547910256608","0","21816.591942743005","21816.591942743005","0","0","1252.419914975361","1252.419914975361","0","0","0.00977824917120218","1","1","0","1","1","0","100","0.0853315084971188","100","0","0.941314134006573","0.941314134006573","0","0.007912275536872312"
"597","100","0.4","0.35","144","5","periodic","60","0.2","0.5","0.1","1","0.05","500","2000","0.5","0.01","true","false","all","5","8","1.5","0.3","1","mixed","0.8","0","1","3000","0","22.690855569684615","76.94755714488633","0.42748642858270186","76.94755714488633","0","0.42748642858270186","0","1926.32672167654","1926.32672167654","0","0","1137.2468898543652","1137.2468898543652","0","0","0.012715633090397693","1","1","0","0.9503561037030965","0.9503561037030965","0","100","0.07690113549907174","100","0","0.9427691360437868","0.9427691360437868","0","0.006147834654783128"
"598","100","0.4","0.35","144","5","periodic","60","0.2","0.5","0.1","1","0.05","500","2000","0.5","0.01","true","false","all","5","8","1.5","0.3","1","mixed","0.8","0","1","3000","0","29.65484912312931","103.5834437974322","0.5754635766524011","103.5834437974322","0","0.5754635766524011","0","5611.422605759715","5611.422605759715","0","0","1136.4318081067752","1136.4318081067752","0","0","0.014511286090658215","1","1","0","1","1","0","100","0.06944990847164512","100","0","0.9459964697777618","0.9459964697777618","0","0.00549494200394388"
"596","100","0.4","0.35","144","5","periodic","60","0.2","0.5","0.1","1","0.05","500","2000","0.5","0.01","true","false","all","5","8","1.5","0.3","1","mixed","0.8","0","1","3000","-1","49.3194978410169","80.24199328095955","0.4457888515608864","80.24199328095955","0","0.4457888515608864","0","21841.788888481613","21841.788888481613","0","0","1144.102279845852","1144.102279845852","0","0","0.010483779877761279","1","1","0","1","1","0","100","0.08341448304995984","100","0","0.9291456039462207","0.9291456039462207","0","0.010496631001658999"
"599","100","0.4","0.35","144","5","periodic","60","0.2","0.5","0.1","1","0.05","500","2000","0.5","0.01","true","false","all","5","8","1.5","0.3","1","mixed","0.8","0","1","3000","1","37.96089285226222","108.49386454853183","0.602743691936288","108.49386454853183","0","0.602743691936288","0","4555.355106974772","4555.355106974772","0","0","1320.2955408970258","1320.2955408970258","0","0","0.015609383074374872","1","1","0","1","1","0","100","0.08514128897711995","100","0","0.9446448063233168","0.9446448063233168","0","0.007078402966254064"
"600","100","0.4","0.35","144","5","periodic","60","0.2","0.5","0.1","1","0.05","500","2000","0.5","0.01","true","false","all","5","8","1.5","0.3","1","mixed","0.8","0","1","3000","-1","54.45593363652812","85.0048464496818","0.4722491469426767","85.0048464496818","0","0.4722491469426767","0","21833.818451254672","21833.818451254672","0","0","1268.6652931972378","1268.6652931972378","0","0","0.010619857855517445","1","1","0","1","1","0","100","0.07651756319194299","100","0","0.9525934110862128","0.9525934110862128","0","0.007621088361276155"
"601","100","0.4","0.35","144","5","periodic","60","0.2","0.5","0.1","1","0.05","500","2000","0.5","0.01","true","false","all","5","8","1.5","0.3","1","mixed","0.8","0.2","0","3000","132","29.91022779829315","92.99341822235789","0.5166301012353216","91.13063511426522","58.27603006498401","0.5062813061903623","0.32375572258324453","17727.072883618166","17806.6915331625","17408.5982854408","1.0228676221482251","1368.1315148784397","597.2648857451355","4451.598031411658","0.13416864719830401","0.011069001714189008","1","1","1","1","1","1","100","0.09167506593209768","80","20","0.20959648982652573","0.06832359122254963","0.7746880842424295","0.08937457187753772"
"602","100","0.4","0.35","144","5","periodic","60","0.2","0.5","0.1","1","0.05","500","2000","0.5","0.01","true","false","all","5","8","1.5","0.3","1","mixed","0.8","0.2","0","3000","0","20.03426152555484","99.92973447232825","0.5551651915129348","96.10835857069773","61.68980692755456","0.5339353253927652","0.3427211495975253","10376.28792080135","10429.316259196217","10164.174567221897","1.026085904981342","1669.6233139512042","706.8252112779841","5520.815724644085","0.12802912586319873","0.014970553909799955","1","1","1","1","1","1","100","0.07452876442860959","80","20","0.1952738433389349","0.047856623120510075","0.7849427242126341","0.09562633057862258"
"603","100","0.4","0.35","144","5","periodic","60","0.2","0.5","0.1","1","0.05","500","2000","0.5","0.01","true","false","all","5","8","1.5","0.3","1","mixed","0.8","0.2","0","3000","136","26.00598965735732","82.77834093906411","0.4598796718836895","86.20920868003185","67.5557435400074","0.47894004822239916","0.3753096863333744","17813.121696995222","17882.025427403325","17537.50677536281","1.019644676774951","1569.7117263814705","697.8791514414283","5057.042026141639","0.1380014537814485","0.011568115177948979","1","1","1","1","1","1","100","0.0787095969685746","80","20","0.21151380286281224","0.06534877142813447","0.7961739286015228","0.09394717670330754"
"604","100","0.4","0.35","144","5","periodic","60","0.2","0.5","0.1","1","0.05","500","2000","0.5","0.01","true","false","all","5","8","1.5","0.3","1","mixed","0.8","0.2","0","3000","0","12.411067973486198","81.82905767529982","0.4546058759738879","81.73204654727856","75.23740362164281","0.4540669252626586","0.4179855756757934","665.8809915430443","667.5904146558721","659.0432990917327","1.0129689742326773","1455.030268477465","837.6148220809912","3924.6920540633573","0.21342179476572745","0.02342060236150001","0.15758674515518675","0.15758674515518675","0.1366872472541539","0.11058732769536281","0.1117269431039147","0.10602886606115511","100","0.07496989825968395","80","20","0.22530098482505342","0.07823961761990207","0.8135464536456588","0.0965852852889755"
"605","100","0.4","0.35","144","5","periodic","60","0.2","0.5","0.1","1","0.05","500","2000","0.5","0.01","true","false","all","5","8","1.5","0.3","1","mixed","0.8","0.2","0","3000","34","28.938130857392267","75.77655067476711","0.4209808370820395","81.48894893203025","32.701784097300255","0.45271638295572364","0.18167657831833475","3348.9021016799843","3359.820427326015","3305.2287990958657","1.0165167471144763","1550.2592688470602","851.1388437662832","4346.7409691701705","0.19581080395705586","0.012939939180150795","1","1","1","1","1","1","100","0.0891201577177728","80","20","0.22206368564192291","0.07313792629700515","0.8177667230215938","0.0992745728700066"
"606","100","0.4","0.35","144","5","periodic","60","0.2","0.5","0.1","1","0.05","500","2000","0.5","0.01","true","false","all","5","8","1.5","0.3","1","mixed","0.8","0.2","0","3000","0","27.921698018139963","94.42061633210793","0.5245589796228218","94.13647277594556","75.676163067537","0.5229804043108087","0.4204231281529834","5684.588048749745","5697.940828681409","5631.17692902309","1.0118561182679622","1307.3801206603555","713.2709180148095","3683.8169312425393","0.1936227916120211","0.015786844375231146","1","1","1","1","1","1","100","0.07623289326981653","80","20","0.2013168160135394","0.05605441032552526","0.7823664387655962","0.09419995004690998"
"607","100","0.4","0.35","144","5","periodic","60","0.2","0.5","0.1","1","0.05","500","2000","0.5","0.01","true","false","all","5","8","1.5","0.3","1","mixed","0.8","0.2","0","3000","0","16.585248544695517","106.71334248051875","0.5928519026695486","98.03419694525644","136.68075983922964","0.5446344274736469","0.7593375546623868","4359.974465490819","4367.883210398532","4328.339485859967","1.0091360034645507","1255.060639013099","803.4407307602484","3061.540272024501","0.2624302342523027","0.016567987679529717","1","1","1","1","1","1","100","0.07090217297047376","80","20","0.20356814322161995","0.05780414558725087","0.7866241337590969","0.09305038090609126"
"608","100","0.4","0.35","144","5","periodic","60","0.2","0.5","0.1","1","0.05","500","2000","0.5","0.01","true","false","all","5","8","1.5","0.3","1","mixed","0.8","0.2","0","3000","-1","24.074045635857857","87.93256974432853","0.48851427635738076","88.50016673265478","65.8898251846333","0.4916675929591932","0.36605458435907384","21767.781599599417","21824.89899154932","21539.312031799738","1.0132588710042345","1512.869407245126","778.3865029725376","4450.801024335481","0.17488683468808922","0.011451421430413333","1","1","1","1","1","1","100","0.08398271767219812","80","20","0.21206511378560378","0.07421262438540999","0.7634750713863795","0.08694269088633522"
"609","100","0.4","0.35","144","5","periodic","60","0.2","0.5","0.1","1","0.05","500","2000","0.5","0.01","true","false","all","5","8","1.5","0.3","1","mixed","0.8","0.2","0","3000","0","38.65501772045269","74.55157000847205","0.41417538893595585","80.95006464546972","46.25969877084858","0.4497225813637207","0.2569983265047143","3583.2226350299147","3597.3854225652635","3526.571484888527","1.020080108394279","1582.2615178653868","797.5422731673223","4721.138496657645","0.1689300734837469","0.02013808090306224","1","1","1","1","1","1","100","0.07870709953455009","80","20","0.22097763231777315","0.06313324011634372","0.8523552011234907","0.10836139732551618"
"611","100","0.4","0.35","144","5","periodic","60","0.2","0.5","0.1","1","0.05","500","2000","0.5","0.01","true","false","all","5","8","1.5","0.3","1","mixed","0.8","0.2","0","3000","0","13.708319246531374","87.63202170001252","0.4868445650000695","88.27333174487096","85.1328537396179","0.49040739858261645","0.4729602985534328","3246.9191163282912","3258.25131984516","3201.590302260817","1.017697772742606","1352.4716123635383","776.2763939871473","3657.2524858691017","0.2122567137452296","0.024196025792423415","1","1","1","1","1","1","100","0.09934514794146164","80","20","0.20386756245500962","0.048221221132463035","0.826452927745196","0.10469280173703133"
"610","100","0.4","0.35","144","5","periodic","60","0.2","0.5","0.1","1","0.05","500","2000","0.5","0.01","true","false","all","5","8","1.5","0.3","1","mixed","0.8","0.2","0","3000","0","32.40336521216528","95.82589249057166","0.5323660693920648","92.43514437463696","79.42409157634638","0.5135285798590943","0.44124495320192436","6399.05193361348","6418.8451096157005","6319.879229604594","1.015659457469933","1296.8850650265813","784.1081534478775","3347.992711341399","0.23420246728485816","0.015284192284791054","1","1","1","1","1","1","100","0.07227994105168281","80","20","0.2018230133580756","0.05850379934972111","0.7750998693914936","0.08907463489124143"
"612","100","0.4","0.35","144","5","periodic","60","0.2","0.5","0.1","1","0.05","500","2000","0.5","0.01","true","false","all","5","8","1.5","0.3","1","mixed","0.8","0.2","0","3000","5","28.6529799810763","96.79773072582107","0.537765170699006","93.10251798566745","106.8421356308238","0.5172362110314859","0.5935674201712433","19826.604765705226","19913.467714291837","19479.152971358748","1.022296387505745","1494.7251391805592","754.3264874304105","4456.319746181155","0.16927117675450254","0.010982547416374722","1","1","1","1","1","1","100","0.07677317042844399","80","20","0.207495569919137","0.055135143045076496","0.8169372774153789","0.10134895206829345"
"613","100","0.4","0.35","144","5","periodic","60","0.2","0.5","0.1","1","0.05","500","2000","0.5","0.01","true","false","all","5","8","1.5","0.3","1","mixed","0.8","0.2","0","3000","136","39.51094435490137","97.75896201559937","0.5431053445311076","88.394009482726","134.71370557489269","0.4910778304595889","0.7484094754160705","17101.916597697913","17197.9873762643","16717.633483432368","1.02873336667585","1540.9736384683833","830.6302979309297","4382.347000618199","0.18954005646147068","0.011429330972381413","1","1","1","1","1","1","100","0.0760457878291134","80","20","0.20895795279633464","0.04630553375204958","0.859567628973475","0.11306768187128448"
"614","100","0.4","0.35","144","5","periodic","60","0.2","0.5","0.1","1","0.05","500","2000","0.5","0.01","true","false","all","5","8","1.5","0.3","1","mixed","0.8","0.2","0","3000","56","35.06258624817889","64.3040233748061","0.35724457430447837","73.18172643560513","23.563535261011236","0.4065651468644729","0.1309085292278402","7422.7620968274105","7442.95097875859","7342.006569102674","1.0137488857720074","1313.2779182501786","755.0924039830716","3546.019975318609","0.21294082076207901","0.009082021233371984","1","1","1","1","1","1","100","0.07645722926481993","80","20","0.2139587343764976","0.06526416546648321","0.8087370100165548","0.09872848325411658"
"615","100","0.4","0.35","144","5","periodic","60","0.2","0.5","0.1","1","0.05","500","2000","0.5","0.01","true","false","all","5","8","1.5","0.3","1","mixed","0.8","0.2","0","3000","96","19.08979970857284","92.08315140917271","0.5115730633842929","92.43976177741169","67.5396068009751","0.5135542320967316","0.37522003778319496","9867.030407012433","9894.909352603489","9755.514624648216","1.0142888133859265","1296.6362421870147","698.4088442125145","3689.545834085014","0.18929398782918655","0.013849743850375518","1","1","1","1","1","1","100","0.08906937194801959","80","20","0.20613120687080916","0.058648493578638904","0.7960620600394902","0.0953279564992241"
"616","100","0.4","0.35","144","5","periodic","60","0.2","0.5","0.1","1","0.05","500","2000","0.5","0.01","true","false","all","5","8","1.5","0.3","1","mixed","0.8","0.2","0","3000","106","33.82200738631414","90.46129530837626","0.5025627517132014","93.82448700574332","77.99248838357371","0.5212471500319074","0.43329160213096507","5815.332818637032","5854.203293672698","5659.850918494364","1.0343387799391077","1703.9501180078823","705.7345105191042","5696.812547962994","0.12388234729110988","0.017818588795508905","1","1","1","1","1","1","100","0.08308678872150145","80","20","0.20838989022944643","0.06303962967968446","0.789790932428494","0.09277333532643622"
"617","100","0.4","0.35","144","5","periodic","60","0.2","0.5","0.1","1","0.05","500","2000","0.5","0.01","true","false","all","5","8","1.5","0.3","1","mixed","0.8","0.2","0","3000","0","21.64716294918172","67.35234677131939","0.3741797042851077","74.63503417361218","41.25770962492833","0.4146390787422899","0.22920949791626852","867.6411196593342","871.195931897815","853.4218707054115","1.020826817079004","1453.5644364074244","796.6416130804507","4081.2557297153207","0.1951952207454588","0.0195968466623051","0.2949425063150523","0.2949425063150523","0.2742252077744491","0.24509407977288966","0.24746395459854345","0.23561458047027434","100","0.09278803595895915","80","20","0.19681376224065983","0.04580984491946371","0.8008294315254444","0.0991899335921055"
"618","100","0.4","0.35","144","5","periodic","60","0.2","0.5","0.1","1","0.05","500","2000","0.5","0.01","true","false","all","5","8","1.5","0.3","1","mixed","0.8","0.2","0","3000","0","28.669810345838968","91.87036937799147","0.5103909409888415","97.56970627760514","63.85546945760514","0.5420539237644729","0.35475260809780634","17655.838394128266","17770.934361668882","17195.4545239658","1.0334669744786926","1566.036764210932","711.0871487845188","4985.835225916586","0.14262146993712455","0.01427435567597568","1","1","1","1","1","1","100","0.08300804067040694","80","20","0.2238853085906867","0.080351908371435","0.7980189094676928","0.09328811509325867"
"619","100","0.4","0.35","144","5","periodic","60","0.2","0.5","0.1","1","0.05","500","2000","0.5","0.01","true","false","all","5","8","1.5","0.3","1","mixed","0.8","0.2","0","3000","102","38.33343260931923","67.23088527921914","0.3735049182178841","72.34698801997627","38.191835147043825","0.40192771122209037","0.21217686192802127","2156.4012724560957","2162.2396152641045","2133.047901224052","1.0136854470184664","1312.194147173074","770.5409848389472","3478.806796509579","0.22149576849512337","0.02017343726463583","1","1","1","0.999146538496295","0.9997181080664909","0.9968602602155118","100","0.0912091496380296","80","20","0.1900560453452224","0.04692421624313445","0.7625833617535743","0.08821611896161713"
"620","100","0.4","0.35","144","5","periodic","60","0.2","0.5","0.1","1","0.05","500","2000","0.5","0.01","true","false","all","5","8","1.5","0.3","1","mixed","0.8","0.2","0","3000","31","18.18260527422511","87.43892923171195","0.4857718290650664","92.37145773978888","33.34874345892065","0.5131747652210493","0.18527079699400362","976.6670648612968","979.0041048596233","967.318904867993","1.0120799872025912","1564.4601502146177","867.6662036481148","4351.635936480628","0.19938850958884147","0.018524421136698166","0.39611575966002766","0.39611575966002766","0.34236823612009076","0.3177780432408644","0.31933606990641517","0.31154593657866203","100","0.08354470998045699","80","20","0.21920002728368698","0.07102386803023544","0.811904664297493","0.09704753846397264"
"622","100","0.4","0.35","144","5","periodic","60","0.2","0.5","0.1","1","0.05","500","2000","0.5","0.01","true","false","all","5","8","1.5","0.3","1","mixed","0.8","0.2","0","3000","71","27.714717577930358","87.03659977106594","0.48353666539481077","86.80635913138828","48.60890487880344","0.48225755072993487","0.270049471548908","10938.309219820932","10967.55374615985","10821.331114465236","1.0135124440928667","1325.1803279438595","910.7741162493512","2982.8051747218933","0.3053414698243806","0.013395930436533199","1","1","1","1","1","1","100","0.08244901340372131","80","20","0.19715827918006085","0.046649442162848075","0.7991936272489119","0.09784123338264067"
"621","100","0.4","0.35","144","5","periodic","60","0.2","0.5","0.1","1","0.05","500","2000","0.5","0.01","true","false","all","5","8","1.5","0.3","1","mixed","0.8","0.2","0","3000","0","30.22881861997091","76.97350447709557","0.42763058042830876","85.48936747245418","30.025609192143357","0.4749409304025232","0.166808939956352","5814.566736075139","5830.324086736773","5751.537333428596","1.0136983816222944","1613.4874257321533","849.3964577201821","4669.8512977800365","0.18188940151562644","0.01649916918587757","1","1","1","1","1","1","100","0.08762297303744286","80","20","0.21496106280197952","0.06618858308106193","0.8100509816856498","0.09983663443446279"
"623","100","0.4","0.35","144","5","periodic","60","0.2","0.5","0.1","1","0.05","500","2000","0.5","0.01","true","false","all","5","8","1.5","0.3","1","mixed","0.8","0.2","0","3000","51","33.658989631508106","87.11058072152656","0.48394767067514755","88.27779149021032","54.165264080439215","0.49043217494561286","0.30091813378021787","15420.368532049526","15514.541660886116","15043.67601670316","1.031299905931246","1554.8076469940506","765.9267511598525","4710.331230330843","0.16260570938788427","0.011714911404083983","1","1","1","1","1","1","100","0.0960038120656519","80","20","0.19148347114932332","0.04756574732175156","0.7671543664596108","0.09063911516828864"
"624","100","0.4","0.35","144","5","periodic","60","0.2","0.5","0.1","1","0.05","500","2000","0.5","0.01","true","false","all","5","8","1.5","0.3","1","mixed","0.8","0.2","0","3000","45","32.57852520354538","100.41889979063464","0.5578827766146369","95.95371638403144","118.36781795004558","0.533076202133508","0.6575989886113643","7024.220886494742","7040.20143074135","6960.298709508311","1.0114797833495108","1321.7702851926733","720.114525214529","3728.3933251052504","0.1931433897721079","0.01229029514839719","1","1","1","1","1","1","100","0.07959037980253417","80","20","0.21619491228921325","0.06938310485456374","0.8034421420278113","0.09619208338569184"
"625","100","0.4","0.35","144","5","periodic","60","0.2","0.5","0.1","1","0.05","500","2000","0.5","0.01","true","false","all","5","8","1.5","0.3","1","mixed","0.8","0.2","0","3000","20","19.42178125795205","65.97926609193574","0.3665514782885319","74.54039273383557","27.79414341897948","0.41411329296575317","0.15441190788321935","1062.842779175093","1066.6923199104904","1047.4446162335053","1.0183758676866346","1494.3144064889652","815.8780122669802","4208.059983376907","0.19388459658130863","0.01749443541531237","0.4196206268903773","0.4196206268903773","0.4108710055640657","0.3752285194500622","0.37779487994032657","0.36496307748900325","100","0.0774715463948232","80","20","0.2032856600986306","0.046988691204462384","0.8284735356753028","0.10435048446376467"
"627","100","0.4","0.35","144","5","periodic","60","0.2","0.5","0.1","1","0.05","500","2000","0.5","0.01","true","false","all","5","8","1.5","0.3","1","mixed","0.8","0.2","0","3000","0","27.995258410246592","89.80767558632193","0.49893153103512183","92.19520820330524","79.84992638295336","0.5121956011294736","0.44361070212751863","4303.984283557871","4317.162069900188","4251.273138188604","1.0154986352487476","1120.960115427891","725.355587104833","2703.37822872012","0.26831450346045116","0.016783673531826304","1","1","1","1","1","1","100","0.09064331106262213","80","20","0.19284315772187507","0.04894291182109596","0.7684441413249922","0.08961307452036571"
"626","100","0.4","0.35","144","5","periodic","60","0.2","0.5","0.1","1","0.05","500","2000","0.5","0.01","true","false","all","5","8","1.5","0.3","1","mixed","0.8","0.2","0","3000","0","27.224650409848223","83.67682551725454","0.46487125287363634","90.3004606273205","57.15636622054526","0.5016692257073362","0.3175353678919181","3628.584720035449","3645.5981911954636","3560.5308353953865","1.023891762136819","1529.2818941043388","730.0174914123168","4726.339504872429","0.154457268814425","0.01778761443263277","1","1","1","1","1","1","100","0.07880939459438835","80","20","0.20205793150275292","0.05589951027543254","0.7866916164120343","0.0935862219533159"
"628","100","0.4","0.35","144","5","periodic","60","0.2","0.5","0.1","1","0.05","500","2000","0.5","0.01","true","false","all","5","8","1.5","0.3","1","mixed","0.8","0.2","0","3000","0","20.815623881756338","101.66373767924121","0.5647985426624511","102.30367310099942","69.46222021989054","0.5683537394499968","0.3859012234438363","3327.8021501037024","3344.271011535477","3261.9267043766017","1.0252440703368322","1441.8929965407067","778.0960246760598","4097.080883999294","0.18991473361310238","0.020720724002575075","1","1","1","1","1","1","100","0.08605062187125026","80","20","0.20552402489819482","0.05692576827200183","0.799917051402967","0.09681915176247499"
"629","100","0.4","0.35","144","5","periodic","60","0.2","0.5","0.1","1","0.05","500","2000","0.5","0.01","true","false","all","5","8","1.5","0.3","1","mixed","0.8","0.2","0","3000","11","25.39976527622639","116.36127975416842","0.6464515541898246","108.1491947528132","135.56382691302355","0.6008288597378512","0.7531323717390197","844.3312414251251","848.7654003983802","826.5946055321032","1.0268218479988809","1569.766507204887","816.4077627356003","4583.201485082033","0.17813045431080102","0.020679315843855406","0.2735297160532888","0.2735297160532888","0.25695527364529064","0.22955416095008319","0.23251026693225335","0.2177297370214021","100","0.07991452456527588","80","20","0.2171168803712998","0.07289799710647671","0.7939924134305922","0.09192426037238452"
"630","100","0.4","0.35","144","5","periodic","60","0.2","0.5","0.1","1","0.05","500","2000","0.5","0.01","true","false","all","5","8","1.5","0.3","1","mixed","0.8","0.2","0","3000","6","20.00031578114485","93.14324575254774","0.517462476403043","93.85312032603765","70.62918774667943","0.5214062240335425","0.3923843763704413","3318.1622425214673","3333.6931707194076","3256.0385297297103","1.0238494232425874","1415.896564698755","658.3905358386875","4445.920680139026","0.14808868245892748","0.020962312365720548","1","1","1","1","1","1","100","0.08807219318331817","80","20","0.20459425350497829","0.04990858882879759","0.8233369122097015","0.101242015953733"
"631","100","0.4","0.35","144","5","periodic","60","0.2","0.5","0.1","1","0.05","500","2000","0.5","0.01","true","false","all","5","8","1.5","0.3","1","mixed","0.8","0.2","0.25","3000","0","44.63939971362943","81.96177963964854","0.4553432202202697","86.15034032973003","44.957582717246076","0.4786130018318335","0.24976434842914486","7394.1632852171015","7406.705494296693","7343.99444889875","1.0085390921567678","1398.5689027717804","824.6049717843658","3694.424626721439","0.22320254304826595","0.014894950301715282","1","1","1","1","1","1","100","0.08937504451593639","80","20","0.37185933433910684","0.2655887124549162","0.796941821875869","0.06390458499667767"
"632","100","0.4","0.35","144","5","periodic","60","0.2","0.5","0.1","1","0.05","500","2000","0.5","0.01","true","false","all","5","8","1.5","0.3","1","mixed","0.8","0.2","0.25","3000","0","24.73126583166524","99.99536114363003","0.555529784131278","98.8475283768039","98.08311523586084","0.5491529354266883","0.5449061957547825","4305.909800881866","4321.685118782829","4242.808529278011","1.0185906549778334","1340.0884299474474","796.5353010042456","3514.3009457202547","0.22665540410654736","0.014184738774410066","1","1","1","1","1","1","100","0.08321460976464938","80","20","0.3867546615425792","0.27662980322385844","0.827254094817462","0.06824001163023444"
"633","100","0.4","0.35","144","5","periodic","60","0.2","0.5","0.1","1","0.05","500","2000","0.5","0.01","true","false","all","5","8","1.5","0.3","1","mixed","0.8","0.2","0.25","3000","1","28.432868992040227","68.69428800058314","0.381634933336573","76.43310621954677","36.24579425761865","0.424628367886371","0.20136552365343693","10428.484887353292","10472.346606689647","10253.038010007876","1.0213896209560236","1501.7514544782216","843.3838887198979","4135.221717511515","0.20395131055449867","0.015155379342459474","1","1","1","1","1","1","100","0.09358572707684669","80","20","0.37313881727831594","0.26171088510165463","0.818850545984961","0.07328188678268228"
"635","100","0.4","0.35","144","5","periodic","60","0.2","0.5","0.1","1","0.05","500","2000","0.5","0.01","true","false","all","5","8","1.5","0.3","1","mixed","0.8","0.2","0.25","3000","76","26.31587380462409","64.05698029976821","0.35587211277649006","69.8741199149782","38.54227777314409","0.3881895550832122","0.21412376540635608","7403.421321634369","7429.167141992839","7300.43804020049","1.0176330654521673","1624.1152329446613","1087.368197844703","3771.1033733444956","0.2883421880000982","0.010570930207784546","1","1","1","1","1","1","100","0.10038693930789062","80","20","0.36762406935594577","0.2704492835200902","0.7563232126993684","0.05935211198445359"
"636","100","0.4","0.35","144","5","periodic","60","0.2","0.5","0.1","1","0.05","500","2000","0.5","0.01","true","false","all","5","8","1.5","0.3","1","mixed","0.8","0.2","0.25","3000","0","33.6503597321537","86.99229726792062","0.48329054037733676","86.75246997206662","85.12499161690482","0.4819581665114812","0.47291662009391566","12724.10056669324","12765.466942894558","12558.635061887955","1.0164692962242594","1350.6564213059467","780.9854087895353","3629.3404713715936","0.21518659242636073","0.012241538448385159","1","1","1","1","1","1","100","0.07648405234438041","80","20","0.3770870176751083","0.2710974017520532","0.8010454813673296","0.0612226442391294"
"634","100","0.4","0.35","144","5","periodic","60","0.2","0.5","0.1","1","0.05","500","2000","0.5","0.01","true","false","all","5","8","1.5","0.3","1","mixed","0.8","0.2","0.25","3000","-1","50.44629477213441","86.30954743973389","0.4794974857762994","93.37313608907014","49.398196095709714","0.5187396449392786","0.27443442275394286","21756.69026160288","21854.337676759376","21366.100600976875","1.022851014553408","1540.342308395213","794.2025339508098","4524.901406172826","0.17551819645558836","0.010718511607574754","1","1","1","1","1","1","100","0.09425827778814021","80","20","0.37171165750752766","0.25716582311365765","0.8298949950830083","0.06744788287718534"
"638","100","0.4","0.35","144","5","periodic","60","0.2","0.5","0.1","1","0.05","500","2000","0.5","0.01","true","false","all","5","8","1.5","0.3","1","mixed","0.8","0.2","0.25","3000","141","37.05875270718251","88.53665685157016","0.4918703158420564","84.77935385357","102.1016328312743","0.47099641029761113","0.5672312935070795","14468.910600555853","14500.685664682853","14341.810344047815","1.011077773086086","1422.3179813375882","913.3305379116948","3458.2677550411654","0.2641005852078169","0.010946114055515821","1","1","1","1","1","1","100","0.0899112821742219","80","20","0.35566795955392705","0.25135289012283535","0.7729282372782931","0.06229002978334197"
"637","100","0.4","0.35","144","5","periodic","60","0.2","0.5","0.1","1","0.05","500","2000","0.5","0.01","true","false","all","5","8","1.5","0.3","1","mixed","0.8","0.2","0.25","3000","51","27.035401185545012","98.57460994928334","0.547636721940463","94.23540724058866","106.122442987494","0.5235300402254925","0.5895691277083","2553.668014570333","2569.387232565922","2490.791142587976","1.0315546689700699","1581.1796556961397","830.3681419669177","4584.425710613029","0.18112806148098348","0.01387760021353679","1","1","1","1","1","1","100","0.09411326424979097","80","20","0.37607675398481955","0.2671462485745436","0.8117987756259243","0.06584353065563175"
"640","100","0.4","0.35","144","5","periodic","60","0.2","0.5","0.1","1","0.05","500","2000","0.5","0.01","true","false","all","5","8","1.5","0.3","1","mixed","0.8","0.2","0.25","3000","11","35.11514231554089","98.73997826788619","0.54855543482159","96.43514346698177","86.1890665492083","0.5357507970387876","0.4788281474956017","16066.027945541011","16134.353115152811","15792.727267093782","1.0216318462467748","1570.3840383533784","856.2406016867368","4426.957785019948","0.1934151268810617","0.011773801055202648","1","1","1","1","1","1","100","0.08097162572913441","80","20","0.3875412599385979","0.2857943772689757","0.7945287906170868","0.06058096899552684"
"639","100","0.4","0.35","144","5","periodic","60","0.2","0.5","0.1","1","0.05","500","2000","0.5","0.01","true","false","all","5","8","1.5","0.3","1","mixed","0.8","0.2","0.25","3000","79","29.774080256234484","67.96694712938834","0.37759415071882413","73.63847974286935","45.77334641780429","0.4091026652381631","0.2542963689878016","2569.862227171234","2571.8285412025766","2561.9969710458636","1.0038374636144471","1440.671635890281","783.7263301003434","4068.4528590500304","0.19263497876274793","0.016407178610996054","1","1","1","1","1","1","100","0.0919928764832569","80","20","0.3411775060605236","0.22984237364656218","0.7865180357163688","0.06983848384238218"
"641","100","0.4","0.35","144","5","periodic","60","0.2","0.5","0.1","1","0.05","500","2000","0.5","0.01","true","false","all","5","8","1.5","0.3","1","mixed","0.8","0.2","0.25","3000","0","30.50176087932185","84.24933033328806","0.46805183518493365","94.15127361243523","24.2519320182355","0.5230626311801957","0.13473295565686388","8060.117883972133","8096.988011196244","7912.637375075688","1.0232982540942988","1715.156155173492","783.4605063009291","5441.938750663745","0.14396716725365044","0.016395891631088677","1","1","1","1","1","1","100","0.0862015031007947","80","20","0.356296148227098","0.24678159946730482","0.7943543432662702","0.06947179029896691"
"642","100","0.4","0.35","144","5","periodic","60","0.2","0.5","0.1","1","0.05","500","2000","0.5","0.01","true","false","all","5","8","1.5","0.3","1","mixed","0.8","0.2","0.25","3000","-1","40.84209074239642","91.7156043054506","0.5095311350302811","89.85055394789659","80.941938596829","0.49916974415498105","0.44967743664905","21762.622018560385","21839.933500994506","21453.37608882387","1.0180184885852082","1587.8863058253812","867.7859588296833","4468.287693808172","0.1942099565415624","0.011651113541177205","1","1","1","1","1","1","100","0.09146328138009378","80","20","0.3566982790324042","0.24571094178137454","0.8006476280365235","0.06966823054302282"
"643","100","0.4","0.35","144","5","periodic","60","0.2","0.5","0.1","1","0.05","500","2000","0.5","0.01","true","false","all","5","8","1.5","0.3","1","mixed","0.8","0.2","0.25","3000","-1","42.08883709524738","70.39107590037223","0.39106153277984573","78.17242143699939","39.26789826607927","0.43429123020555216","0.21815499036710706","21681.667052463432","21764.25169145414","21351.328496500566","1.0193394614775961","1475.1380770867745","801.3289538465131","4170.37457004782","0.19214795706883578","0.011258794306455489","1","1","1","1","1","1","100","0.08424728823241731","80","20","0.36269566180810286","0.25106993287268314","0.8091985775497816","0.06975586204120635"
"644","100","0.4","0.35","144","5","periodic","60","0.2","0.5","0.1","1","0.05","500","2000","0.5","0.01","true","false","all","5","8","1.5","0.3","1","mixed","0.8","0.2","0.25","3000","131","17.616363200712485","97.44941293882856","0.5413856274379364","100.7532743595799","52.813537722142584","0.5597404131087772","0.29340854290079216","7299.172259184391","7320.636926955871","7213.31358809847","1.0148785072971844","1449.6302307200467","957.3041581184664","3418.934521126366","0.2800007289414492","0.012047961608084634","1","1","1","1","1","1","100","0.08348991887945696","80","20","0.37671436383101237","0.26567904570771506","0.820855636324201","0.07331863783543151"
"645","100","0.4","0.35","144","5","periodic","60","0.2","0.5","0.1","1","0.05","500","2000","0.5","0.01","true","false","all","5","8","1.5","0.3","1","mixed","0.8","0.2","0.25","3000","96","40.3991095956079","84.63545984512153","0.4701969991395641","90.68109841401424","51.555351619106105","0.5037838800778569","0.28641862010614505","16333.088196929142","16382.473126106474","16135.548480219833","1.0153031454858408","1294.8434595096676","779.3541259138426","3356.800793892966","0.2321716937542803","0.01090866309051175","1","1","1","1","1","1","100","0.07655831028558119","80","20","0.3761538668301388","0.26729920852783984","0.8115725000393355","0.06757890558245473"
"646","100","0.4","0.35","144","5","periodic","60","0.2","0.5","0.1","1","0.05","500","2000","0.5","0.01","true","false","all","5","8","1.5","0.3","1","mixed","0.8","0.2","0.25","3000","36","16.12664813847242","112.30306144259852","0.6239058969033251","107.8163504802852","58.460816206642804","0.5989797248904734","0.3247823122591267","1357.3224269503328","1359.3004243129453","1349.410437499884","1.0073291168781715","1436.8609655876944","896.9283597417885","3596.5913889713183","0.2493828913932656","0.01435059484246648","0.6281348831829154","0.6281348831829154","0.6058600019625395","0.5715482846335553","0.5728669495419634","0.5662736249999226","100","0.08410422492948504","80","20","0.36383243063367343","0.25285671084793193","0.8077353097766398","0.06558398460880019"
"648","100","0.4","0.35","144","5","periodic","60","0.2","0.5","0.1","1","0.05","500","2000","0.5","0.01","true","false","all","5","8","1.5","0.3","1","mixed","0.8","0.2","0.25","3000","-1","43.8290859613939","91.71373444168816","0.5095207468982675","87.94932680907681","74.73435655644805","0.48860737116153785","0.4151908697580447","21653.639404509697","21714.932046449067","21408.46883675219","1.0143150456968124","1564.1480648889874","735.5461675113911","4878.555654399376","0.15077129782215176","0.009165550533851707","1","1","1","1","1","1","100","0.08584085610794003","80","20","0.35440667146097754","0.2393590173454568","0.8145972879230611","0.07032643335403777"
"647","100","0.4","0.35","144","5","periodic","60","0.2","0.5","0.1","1","0.05","500","2000","0.5","0.01","true","false","all","5","8","1.5","0.3","1","mixed","0.8","0.2","0.25","3000","0","35.05824255607506","75.97574108135343","0.4220874504519635","78.55982567100095","45.83898934266778","0.43644347595000527","0.2546610519037099","17512.175481737486","17561.31872772103","17315.602497803317","1.0141904522207","1567.3164433421389","856.6116109099739","4410.1357730708","0.19423701559045442","0.011109476594746148","1","1","1","1","1","1","100","0.07713584812446425","80","20","0.36838936644714343","0.26332939471273276","0.7886292533847863","0.06438213349015232"
"649","100","0.4","0.35","144","5","periodic","60","0.2","0.5","0.1","1","0.05","500","2000","0.5","0.01","true","false","all","5","8","1.5","0.3","1","mixed","0.8","0.2","0.25","3000","16","25.574040519597318","80.39885453424672","0.4466603029680373","84.4291585628549","53.384656399434505","0.4690508809047494","0.2965814244413028","5713.5669603810165","5735.069769598094","5627.555723512702","1.0191049278528128","1360.3966491620617","729.7620730580718","3882.9349535780193","0.18794084417654636","0.014241147770900575","1","1","1","1","1","1","100","0.08185595353731712","80","20","0.3666311713344509","0.2621801315110017","0.7844353306282471","0.059523922328857615"
"650","100","0.4","0.35","144","5","periodic","60","0.2","0.5","0.1","1","0.05","500","2000","0.5","0.01","true","false","all","5","8","1.5","0.3","1","mixed","0.8","0.2","0.25","3000","-1","43.285360730476825","117.84710882063618","0.6547061601146454","110.87578151141997","145.14162140978215","0.6159765639523331","0.8063423411654563","21702.97555572051","21811.395540247566","21269.295617612283","1.0254874412571708","1421.340052705837","743.9217041547402","4131.013446910228","0.18008213086576927","0.011848329982729222","1","1","1","1","1","1","100","0.09567684309733257","80","20","0.37299697769322593","0.2578488933865668","0.8335893149198632","0.07086560035388445"
"652","100","0.4","0.35","144","5","periodic","60","0.2","0.5","0.1","1","0.05","500","2000","0.5","0.01","true","false","all","5","8","1.5","0.3","1","mixed","0.8","0.2","0.25","3000","2","30.373050353525336","67.97805102434165","0.3776558390241203","76.36201555399424","39.93476943702334","0.4242334197444124","0.22185983020568523","19837.915836204123","19879.259812333046","19672.539931688436","1.0105080422437793","1486.7918208483775","863.4997388095247","3979.9601490037894","0.21696190576824356","0.01060746275013913","1","1","1","1","1","1","100","0.09043101192767018","80","20","0.3647481937368763","0.25494411305778625","0.8039645164532374","0.06675959848555457"
"651","100","0.4","0.35","144","5","periodic","60","0.2","0.5","0.1","1","0.05","500","2000","0.5","0.01","true","false","all","5","8","1.5","0.3","1","mixed","0.8","0.2","0.25","3000","13","32.71898716435125","77.63541621339873","0.43130786785221514","84.76770125926183","28.03610984588554","0.4709316736625657","0.15575616581047522","19839.56455350799","19945.076916321996","19417.51510225201","1.0271693783314628","1768.422173443038","821.5480982433671","5555.918474241717","0.14786899808775428","0.011157496607516748","1","1","1","1","1","1","100","0.07563866864816365","80","20","0.34129712413211266","0.23335987719293674","0.7730461118888166","0.06398897587429399"
"654","100","0.4","0.35","144","5","periodic","60","0.2","0.5","0.1","1","0.05","500","2000","0.5","0.01","true","false","all","5","8","1.5","0.3","1","mixed","0.8","0.2","0.25","3000","31","21.70912754808998","70.65480831905475","0.3925267128836375","80.12320471120171","32.65910237442029","0.44512891506223173","0.1814394576356683","918.6970115742039","924.4902080794409","895.5242255532564","1.0323452807859994","1628.9061294818266","887.3493354265416","4595.133305702966","0.1931063315019094","0.021872494031264456","0.336678273830769","0.336678273830769","0.3141300401617681","0.27913134104946946","0.2829934720529606","0.2636828170355043","100","0.08586453478373335","80","20","0.36725261147982935","0.26231370726514225","0.7870082283385773","0.0633488800629858"
"653","100","0.4","0.35","144","5","periodic","60","0.2","0.5","0.1","1","0.05","500","2000","0.5","0.01","true","false","all","5","8","1.5","0.3","1","mixed","0.8","0.2","0.25","3000","6","33.23033895296025","105.57759497581579","0.5865421943100877","100.93795455614477","108.00000000000003","0.5607664142008043","0.6000000000000002","7551.254510672962","7584.398984844248","7418.676613987815","1.0223385354935095","1312.5807401210018","713.2584226128737","3709.870010153513","0.19225968043644723","0.01547729623739702","1","1","1","1","1","1","100","0.08615955907302086","80","20","0.32214208891905954","0.20830241204245784","0.7775007964254665","0.06944046320392865"
"656","100","0.4","0.35","144","5","periodic","60","0.2","0.5","0.1","1","0.05","500","2000","0.5","0.01","true","false","all","5","8","1.5","0.3","1","mixed","0.8","0.2","0.25","3000","27","19.16396622203054","99.4035540168473","0.5522419667602627","99.04599009554113","78.42341229823742","0.5502555005307841","0.4356856238790968","1192.7767995499205","1198.0388665528785","1171.728531538089","1.022454292360921","1382.4931163644299","732.7840880992804","3981.3292294250286","0.18405513482367972","0.015990882511395688","0.5331166907517897","0.5331166907517897","0.49389383877003534","0.46185119969994726","0.46535924436858567","0.44781902102539267","100","0.08523142996560687","80","20","0.35092267798818805","0.24175035552593843","0.7876119678371863","0.062149168799157425"
"655","100","0.4","0.35","144","5","periodic","60","0.2","0.5","0.1","1","0.05","500","2000","0.5","0.01","true","false","all","5","8","1.5","0.3","1","mixed","0.8","0.2","0.25","3000","8","35.9294947321288","79.45368690215714","0.4414093716786508","82.90585274992993","66.51418648066144","0.46058807083294406","0.3695232582258969","4997.268201362837","5021.057696533703","4902.110220679376","1.0242645453691661","1334.1406112413083","987.2126515836678","2721.852449871868","0.36269881257896297","0.014968673247025333","1","1","1","1","1","1","100","0.08651199031525268","80","20","0.35631759845787286","0.24113670473729393","0.817041173340189","0.07179470462050493"
"657","100","0.4","0.35","144","5","periodic","60","0.2","0.5","0.1","1","0.05","500","2000","0.5","0.01","true","false","all","5","8","1.5","0.3","1","mixed","0.8","0.2","0.25","3000","-1","42.07379666041067","66.69927244561816","0.3705515135867676","73.07197366016608","26.72962129560215","0.4059554092231449","0.14849789608667863","21681.634882922946","21772.08090116435","21319.85080995734","1.0212116911716755","1502.8614122763322","715.6426516303369","4651.73645486031","0.153844195296706","0.01102934170254355","1","1","1","1","1","1","100","0.08546804777210881","80","20","0.36176523652882786","0.24236061090375022","0.8393837390291383","0.07768794492048076"
"658","100","0.4","0.35","144","5","periodic","60","0.2","0.5","0.1","1","0.05","500","2000","0.5","0.01","true","false","all","5","8","1.5","0.3","1","mixed","0.8","0.2","0.25","3000","16","28.78004255581142","76.90210610858111","0.4272339228254506","83.43749846775403","48.92274193658776","0.463541658154189","0.2717930107588209","11066.225193599856","11122.09291253986","10842.75431783983","1.0257626970520235","1400.3239669761979","690.0891861643051","4241.263090223771","0.1627084129147706","0.014315648064517239","1","1","1","1","1","1","100","0.08918023304916584","80","20","0.3678733410412434","0.25330891186947807","0.8261310577283034","0.06918253177611973"
"659","100","0.4","0.35","144","5","periodic","60","0.2","0.5","0.1","1","0.05","500","2000","0.5","0.01","true","false","all","5","8","1.5","0.3","1","mixed","0.8","0.2","0.25","3000","-1","36.50773727140573","70.42398234099049","0.3912443463388361","78.55112060552742","42.84180538497833","0.43639511447515233","0.23801002991654627","21675.128483994282","21771.61748106723","21289.172495702467","1.0226615189229247","1535.2988172210141","799.540292600651","4478.3329157024655","0.17853525132024184","0.010935060807316654","1","1","1","1","1","1","100","0.07977079693546457","80","20","0.35648670039418107","0.24368755699688943","0.8076832739833483","0.06800689408219175"
"660","100","0.4","0.35","144","5","periodic","60","0.2","0.5","0.1","1","0.05","500","2000","0.5","0.01","true","false","all","5","8","1.5","0.3","1","mixed","0.8","0.2","0.25","3000","0","37.49213350198659","100.04200732774316","0.5557889295985732","88.79873917346245","125.82900592603751","0.49332632874145804","0.6990500329224306","16010.071729330457","16089.720521457497","15691.476560822284","1.0253796358227711","1428.708274236568","742.9467733626312","4171.754277732318","0.17808977324677955","0.013184335200317587","1","1","1","1","1","1","100","0.07985486913455439","80","20","0.3511687219097484","0.23820446359033515","0.8030257551874016","0.06443123206102873"
"661","100","0.4","0.35","144","5","periodic","60","0.2","0.5","0.1","1","0.05","500","2000","0.5","0.01","true","false","all","5","8","1.5","0.3","1","mixed","0.8","0.2","0.5","3000","39","49.63228625151952","62.102390328149916","0.3450132796008329","68.70836414317436","26.52951653967161","0.38171313412874647","0.14738620299817562","4789.716199689963","4808.759200384103","4713.54419691341","1.020200299284993","1484.036685392807","923.7741903837792","3725.086665428918","0.24798730159944138","0.016433171184074835","1","1","1","1","1","1","100","0.08407354847638362","80","20","0.5721709232919883","0.5216469745715192","0.7742667181738656","0.027155217469280495"
"662","100","0.4","0.35","144","5","periodic","60","0.2","0.5","0.1","1","0.05","500","2000","0.5","0.01","true","false","all","5","8","1.5","0.3","1","mixed","0.8","0.2","0.5","3000","66","46.0481554168944","82.88435035534596","0.46046861308525533","90.35935102563535","45.178505047587876","0.5019963945868631","0.25099169470882154","11741.520567514499","11790.986817006611","11543.655569546083","1.0214257300012506","1475.945463149758","1000.4882930824197","3377.7741434191107","0.29619751072808187","0.011713640329910513","1","1","1","1","1","1","100","0.08490819637449529","80","20","0.5769580575450087","0.5243946180582599","0.7872118154920049","0.02653952407130196"
"663","100","0.4","0.35","144","5","periodic","60","0.2","0.5","0.1","1","0.05","500","2000","0.5","0.01","true","false","all","5","8","1.5","0.3","1","mixed","0.8","0.2","0.5","3000","136","50.49209509195552","82.8614096239135","0.46034116457729723","86.07360683614328","63.01805328708529","0.4781867046452405","0.3501002960393627","20116.907052180148","20145.810613711918","20001.29280605307","1.0072254233293918","1258.62236773913","1001.2953938420978","2287.9302633272573","0.43764244474215247","0.009415990716658218","1","1","1","1","1","1","100","0.09489885372197422","80","20","0.5523543416828509","0.5012593450588265","0.7567343281789476","0.033300475484940924"
"664","100","0.4","0.35","144","5","periodic","60","0.2","0.5","0.1","1","0.05","500","2000","0.5","0.01","true","false","all","5","8","1.5","0.3","1","mixed","0.8","0.2","0.5","3000","0","26.549853544689427","85.89533649128498","0.4771963138404721","82.54532182064352","96.0137029666993","0.45858512122579737","0.5334094609261072","5711.697841467885","5741.450756269152","5592.686182262818","1.0265998429302436","1741.9086069632967","1061.8846494161576","4462.004437151856","0.23798377262349152","0.01787524677043839","1","1","1","1","1","1","100","0.09508193096075963","80","20","0.5789191303094294","0.5166466550935371","0.8280090311729993","0.03449286991059263"
"665","100","0.4","0.35","144","5","periodic","60","0.2","0.5","0.1","1","0.05","500","2000","0.5","0.01","true","false","all","5","8","1.5","0.3","1","mixed","0.8","0.2","0.5","3000","146","49.37300512323355","108.40051781342221","0.6022250989634568","97.65535255515005","152.49712856529757","0.5425297364175002","0.8472062698072087","20451.5912089869","20535.029071580127","20117.839758614027","1.0207372818340232","1712.7308245782149","1007.4090503818943","4534.017921363497","0.2221890314185039","0.0116999177813506","1","1","1","1","1","1","100","0.08235925527432815","80","20","0.5503047018897758","0.5024628744932974","0.7416720114756887","0.030961840488685572"
"666","100","0.4","0.35","144","5","periodic","60","0.2","0.5","0.1","1","0.05","500","2000","0.5","0.01","true","false","all","5","8","1.5","0.3","1","mixed","0.8","0.2","0.5","3000","42","25.91440232059726","75.6478122957607","0.4202656238653372","84.29915043579538","39.31285777094432","0.46832861353219657","0.21840476539413511","16785.87305024861","16879.266027375714","16412.301141740198","1.0284521275598533","1574.4056136161976","864.3654539193325","4414.566252403659","0.19579850080371988","0.012411031057546928","1","1","1","1","1","1","100","0.07900344824908233","80","20","0.5839994059542049","0.52760946027833","0.8095591886577053","0.03155501535644647"
"668","100","0.4","0.35","144","5","periodic","60","0.2","0.5","0.1","1","0.05","500","2000","0.5","0.01","true","false","all","5","8","1.5","0.3","1","mixed","0.8","0.2","0.5","3000","-1","57.535579332401866","63.79979935002166","0.35444332972234255","71.71651110088858","25.298152422574695","0.39842506167160324","0.1405452912365261","21681.20630182477","21759.656107175077","21367.40708042356","1.0183573526387708","1576.9203464900354","1019.0337837918211","3808.4665972828907","0.26757062396683223","0.011226335581653979","1","1","1","1","1","1","100","0.07335407085640804","80","20","0.5676982248340657","0.49845155642136385","0.8446848984848753","0.03961307446142695"
"667","100","0.4","0.35","144","5","periodic","60","0.2","0.5","0.1","1","0.05","500","2000","0.5","0.01","true","false","all","5","8","1.5","0.3","1","mixed","0.8","0.2","0.5","3000","126","45.27325913610747","70.49662890782622","0.39164793837681233","77.71632272635254","35.559751501636505","0.43175734847973635","0.1975541750090917","14008.942244603204","14062.289500874569","13795.553219517733","1.0193349463491945","1595.2561754462865","898.4743859385213","4382.383333477346","0.20501957897544248","0.010810673878846044","1","1","1","1","1","1","100","0.08932403787598844","80","20","0.5760942977652076","0.5151393168015206","0.8199142216199562","0.03666193432925057"
"669","100","0.4","0.35","144","5","periodic","60","0.2","0.5","0.1","1","0.05","500","2000","0.5","0.01","true","false","all","5","8","1.5","0.3","1","mixed","0.8","0.2","0.5","3000","61","39.97165931097692","80.34950157123508","0.4463861198401949","83.20097949201747","60.350078964649335","0.4622276638445415","0.33527821647027406","20250.65862623211","20290.55071220604","20091.090282336394","1.00992780516471","1457.0839468048964","851.9486546051136","3877.625115604025","0.2197088757179673","0.009305705570905376","1","1","1","1","1","1","100","0.08726148768979376","80","20","0.5642209772979505","0.5072282245114109","0.7921919884441088","0.03457547009765359"
"670","100","0.4","0.35","144","5","periodic","60","0.2","0.5","0.1","1","0.05","500","2000","0.5","0.01","true","false","all","5","8","1.5","0.3","1","mixed","0.8","0.2","0.5","3000","-1","42.28150224601086","58.23224444394929","0.3235124691330516","66.76591420836375","24.136690541905217","0.37092174560202085","0.13409272523280677","21628.534711418055","21727.62556627973","21232.171291971383","1.0233350733420135","1695.1953336043325","821.8689456058016","5188.500885598458","0.15840200545923283","0.011386069366917217","1","1","1","1","1","1","100","0.06942517779702492","80","20","0.5521484487610794","0.4874396729162611","0.8109835521403518","0.03820842878270885"
"671","100","0.4","0.35","144","5","periodic","60","0.2","0.5","0.1","1","0.05","500","2000","0.5","0.01","true","false","all","5","8","1.5","0.3","1","mixed","0.8","0.2","0.5","3000","46","40.28817093843075","99.86282574026377","0.5547934763347987","96.24211616963736","87.75497684641536","0.534678423164652","0.487527649146752","5342.726330217685","5359.6508579502","5275.028219287639","1.0160421205621506","1435.3745783000077","925.8592670803707","3473.4358231785577","0.26655430363849725","0.014696994905313066","1","1","1","1","1","1","100","0.09241464944444563","80","20","0.5569921307626129","0.49451844839933246","0.8068868602157341","0.03720307131759596"
"672","100","0.4","0.35","144","5","periodic","60","0.2","0.5","0.1","1","0.05","500","2000","0.5","0.01","true","false","all","5","8","1.5","0.3","1","mixed","0.8","0.2","0.5","3000","-1","45.52585547933117","76.25521015649046","0.423640056424947","79.32652955931295","54.52705394448659","0.44070294199618304","0.30292807746936995","21711.84948933815","21777.532713993434","21449.116590717036","1.015311405571758","1548.9430591722473","1105.5393767795879","3322.557788742887","0.33273744117416115","0.01135064719638934","1","1","1","1","1","1","100","0.09093782803798571","80","20","0.5763192272116754","0.5255818122942919","0.7792688868812089","0.027577813276257447"
"673","100","0.4","0.35","144","5","periodic","60","0.2","0.5","0.1","1","0.05","500","2000","0.5","0.01","true","false","all","5","8","1.5","0.3","1","mixed","0.8","0.2","0.5","3000","141","35.35891636748984","77.89328507559203","0.43274047264217796","84.73196601393263","35.82497736867494","0.47073314452184795","0.19902765204819414","14806.23421412791","14862.949228170653","14579.374157956892","1.01945042819681","1450.5453445273556","962.2723302441143","3403.6374016603195","0.28271881422348644","0.012216774156515564","1","1","1","1","1","1","100","0.09182373267213381","80","20","0.5500055339635928","0.4898556393727092","0.7906051123271266","0.03426165480541935"
"674","100","0.4","0.35","144","5","periodic","60","0.2","0.5","0.1","1","0.05","500","2000","0.5","0.01","true","false","all","5","8","1.5","0.3","1","mixed","0.8","0.2","0.5","3000","-1","36.44747107782814","75.41997448443364","0.41899985824685354","83.30486947827632","43.869401078537564","0.4628048304348684","0.24371889488076423","21752.725018722424","21838.95981847027","21407.78581973108","1.0201409899356233","1692.3595656017922","1007.1756169185182","4433.095360334891","0.22719466536412003","0.01129427769300162","1","1","1","1","1","1","100","0.07176124573902985","80","20","0.5806698383962378","0.5222750447355613","0.8142490130389453","0.03267562441192756"
"676","100","0.4","0.35","144","5","periodic","60","0.2","0.5","0.1","1","0.05","500","2000","0.5","0.01","true","false","all","5","8","1.5","0.3","1","mixed","0.8","0.2","0.5","3000","126","30.350984472435755","95.81192917686238","0.5322884954270132","93.7792941965055","89.99999999999997","0.520996078869475","0.49999999999999983","12022.015984839092","12094.320430533955","11732.798202059657","1.0308129588737687","1506.5232072473577","744.2804325544223","4555.494306019098","0.16338082819487157","0.012440425032648639","1","1","1","1","1","1","100","0.1016413965916349","80","20","0.5641298996781429","0.5077955312173614","0.7894673735212685","0.03558760271293638"
"675","100","0.4","0.35","144","5","periodic","60","0.2","0.5","0.1","1","0.05","500","2000","0.5","0.01","true","false","all","5","8","1.5","0.3","1","mixed","0.8","0.2","0.5","3000","0","36.320366909129405","86.81519817362648","0.48230665652014715","87.96543882730093","80.10622363868819","0.488696882373894","0.44503457577048994","3559.025742792533","3578.8012967495843","3479.9235269643236","1.0284137766301764","1476.0570485787996","849.5730099561144","3981.993203069543","0.21335370670678583","0.019908941744251507","1","1","1","1","1","1","100","0.085824989069948","80","20","0.5736334271085032","0.5141283246131223","0.8116538370900257","0.03466734929945153"
"677","100","0.4","0.35","144","5","periodic","60","0.2","0.5","0.1","1","0.05","500","2000","0.5","0.01","true","false","all","5","8","1.5","0.3","1","mixed","0.8","0.2","0.5","3000","33","40.413817385230146","79.84927640041036","0.4436070911133909","88.43798428929401","42.395062035775446","0.49132213494052224","0.2355281224209747","8682.746270653082","8698.32880755117","8620.416123060726","1.0090381581791639","1724.18389116867","1014.9168043400763","4561.252238483037","0.2225083707884598","0.011921881134244305","1","1","1","1","1","1","100","0.09212568472826019","80","20","0.5342660216488473","0.47756263422091355","0.7610795713605836","0.031185748295356665"
"678","100","0.4","0.35","144","5","periodic","60","0.2","0.5","0.1","1","0.05","500","2000","0.5","0.01","true","false","all","5","8","1.5","0.3","1","mixed","0.8","0.2","0.5","3000","146","31.69547723205332","73.08699046631496","0.406038835923972","81.09053911839102","39.99121513987004","0.45050299510217234","0.22217341744372246","20442.005285349438","20525.080718227524","20109.70355383709","1.020655558809129","1470.4247870307581","1030.9264305301283","3228.4182130332774","0.3193286502870753","0.010546840859138928","1","1","1","1","1","1","100","0.09809225634537022","80","20","0.5642073925600228","0.5028516975873545","0.809630172450696","0.035522440011560776"
"679","100","0.4","0.35","144","5","periodic","60","0.2","0.5","0.1","1","0.05","500","2000","0.5","0.01","true","false","all","5","8","1.5","0.3","1","mixed","0.8","0.2","0.5","3000","11","39.61348965735378","88.86292878221754","0.4936829376789863","91.35475575465283","66.89854677450799","0.5075264208591824","0.3716585931917111","6919.561206047229","6968.109555221723","6725.367809349259","1.0360934528420909","1522.6366798818972","807.6165896226262","4382.71704091898","0.18427303932295","0.015336683180553035","1","1","1","1","1","1","100","0.08954803259711681","80","20","0.5455669024838214","0.4843672191986168","0.7903656356246407","0.03346329740314029"
"680","100","0.4","0.35","144","5","periodic","60","0.2","0.5","0.1","1","0.05","500","2000","0.5","0.01","true","false","all","5","8","1.5","0.3","1","mixed","0.8","0.2","0.5","3000","46","24.033311422038324","76.12038398033594","0.42289102211297747","83.1549821940504","36.77456944976596","0.46197212330028004","0.2043031636098109","1839.3085046946978","1840.2894223668195","1835.3848340062116","1.0026722397775845","1620.2274660082073","969.7158237847088","4222.274034902203","0.22966671887443463","0.018808282716391345","1","1","0.9725325721706873","0.8927346842296777","0.893354216286062","0.890256556004141","100","0.081849278250301","80","20","0.5400074906856276","0.4830081224145043","0.7680049637701223","0.03264300218376737"
"681","100","0.4","0.35","144","5","periodic","60","0.2","0.5","0.1","1","0.05","500","2000","0.5","0.01","true","false","all","5","8","1.5","0.3","1","mixed","0.8","0.2","0.5","3000","-1","45.646844578587626","97.85652084090876","0.5436473380050486","92.7196984500795","63.89340345054636","0.515109435833775","0.35496335250303535","21754.41147681617","21852.875486646662","21360.555437494193","1.0230480921057092","1598.321657394298","987.2945687065269","4042.4300121453794","0.24423294051850625","0.010544897328581104","1","1","1","1","1","1","100","0.09065501465761548","80","20","0.540035591677827","0.4791013263576357","0.7837726529585923","0.03358723770444395"
"682","100","0.4","0.35","144","5","periodic","60","0.2","0.5","0.1","1","0.05","500","2000","0.5","0.01","true","false","all","5","8","1.5","0.3","1","mixed","0.8","0.2","0.5","3000","-1","50.90724676752693","82.09587510896966","0.45608819504983145","85.99257960835828","57.30941078059527","0.4777365533797682","0.3183856154477515","21656.884665505477","21738.792343682297","21329.253952798135","1.0192007836650305","1370.361334471247","912.2694290648758","3202.728956096731","0.28484128428297834","0.00976255113282054","1","1","1","1","1","1","100","0.08144542062476016","80","20","0.563102841319152","0.5053471015541497","0.7941258003791615","0.033667622168123024"
"683","100","0.4","0.35","144","5","periodic","60","0.2","0.5","0.1","1","0.05","500","2000","0.5","0.01","true","false","all","5","8","1.5","0.3","1","mixed","0.8","0.2","0.5","3000","-1","50.09766043740095","77.19202197804344","0.4288445665446858","81.0900584622569","47.77028476868585","0.45050032479031615","0.2653904709371436","21768.90763332805","21840.20020079657","21483.737363454","1.0165922172344624","1393.6616979643625","945.2722416258072","3187.2195233185835","0.2965820944274258","0.010255334227232682","1","1","1","1","1","1","100","0.08454731749951562","80","20","0.5971053981708574","0.5446524343900028","0.8069172532942763","0.02907690462498606"
"685","100","0.4","0.35","144","5","periodic","60","0.2","0.5","0.1","1","0.05","500","2000","0.5","0.01","true","false","all","5","8","1.5","0.3","1","mixed","0.8","0.2","0.5","3000","31","32.335866795863836","92.94084419555243","0.5163380233086247","89.2520144181935","103.7820270212192","0.4958445245455194","0.5765668167845511","13049.694483878999","13104.436960658717","12830.724576760165","1.0213325741863648","1657.7074675920646","1011.0198476242346","4244.457947463387","0.23819763563176538","0.011818312395334596","1","1","1","1","1","1","100","0.08568151468592512","80","20","0.5793325251140646","0.5310554550256932","0.7724408054675501","0.027124952220971277"
"684","100","0.4","0.35","144","5","periodic","60","0.2","0.5","0.1","1","0.05","500","2000","0.5","0.01","true","false","all","5","8","1.5","0.3","1","mixed","0.8","0.2","0.5","3000","0","36.33459201007369","73.28523529844419","0.4071401961024677","79.87863837763815","45.116132370122365","0.44377021320910087","0.25064517983401313","12666.326686773997","12717.320556736002","12462.351206925992","1.0204591690264917","1603.3027622253053","985.5801904495875","4074.193049328176","0.24190807321025384","0.012904251590124538","1","1","1","1","1","1","100","0.08965535829002758","80","20","0.5670830772304671","0.5089328727823752","0.799683895022834","0.03560649938861232"
"686","100","0.4","0.35","144","5","periodic","60","0.2","0.5","0.1","1","0.05","500","2000","0.5","0.01","true","false","all","5","8","1.5","0.3","1","mixed","0.8","0.2","0.5","3000","-1","39.97628221180708","75.92170631887798","0.4217872573270999","84.98117958852097","42.45687117337384","0.4721176643806721","0.23587150651874356","21716.24781813198","21794.032189204852","21405.110333840443","1.0181695795676196","1515.580607311224","959.7132538712176","3739.0500210712466","0.25667301813637083","0.008799065015872687","1","1","1","1","1","1","100","0.09611750241629174","80","20","0.567790114840942","0.5109431314964507","0.7951780482189059","0.03374259565979284"
"688","100","0.4","0.35","144","5","periodic","60","0.2","0.5","0.1","1","0.05","500","2000","0.5","0.01","true","false","all","5","8","1.5","0.3","1","mixed","0.8","0.2","0.5","3000","0","18.11970857004019","98.95704951398822","0.5497613861888234","94.92269330036846","96.85014906382663","0.5273482961131581","0.5380563836879257","1296.4587479587917","1300.8335454199087","1278.9595581143233","1.0171029546374677","1578.8802702704297","916.1315433906872","4229.875177789397","0.21658595227613142","0.016041913658242368","0.5874377408459903","0.5874377408459903","0.5522010301176388","0.5309724986391943","0.5338890302799388","0.5193063720762157","100","0.06636082966884793","80","20","0.5467406878225263","0.4847070525353982","0.7948752289710379","0.035307639029710694"
"687","100","0.4","0.35","144","5","periodic","60","0.2","0.5","0.1","1","0.05","500","2000","0.5","0.01","true","false","all","5","8","1.5","0.3","1","mixed","0.8","0.2","0.5","3000","-1","52.42077235325264","99.63617377676579","0.55353429875981","106.56700652708874","71.58227719563439","0.592038925150493","0.3976793177535244","21782.1934088535","21842.411051862502","21541.32283681748","1.0139772388783117","1623.063407881633","1169.434533739959","3437.5789044483295","0.34019132832898075","0.011697785858298504","1","1","1","1","1","1","100","0.07788211304734852","80","20","0.5640006292520313","0.5094127162390758","0.7823522813038543","0.033307496032256675"
"689","100","0.4","0.35","144","5","periodic","60","0.2","0.5","0.1","1","0.05","500","2000","0.5","0.01","true","false","all","5","8","1.5","0.3","1","mixed","0.8","0.2","0.5","3000","135","56.24178793528517","92.31004824109264","0.5128336013394036","90.44069700786306","93.73411815705721","0.5024483167103504","0.5207451008725401","17701.805706910047","17755.74925775447","17486.03150353236","1.0154247551348414","1500.11212715597","964.0401712823665","3644.399950650387","0.2645264472441676","0.010318915126495298","1","1","1","1","1","1","100","0.09323593370852218","80","20","0.5657451015996298","0.49247778398345493","0.85881437206433","0.041400188605386405"
"690","100","0.4","0.35","144","5","periodic","60","0.2","0.5","0.1","1","0.05","500","2000","0.5","0.01","true","false","all","5","8","1.5","0.3","1","mixed","0.8","0.2","0.5","3000","-1","50.94365838265658","69.74808225788364","0.3874893458771313","77.67233933580759","37.677097683537646","0.4315129963100422","0.20931720935298692","21658.23313747654","21696.881711913233","21503.638839729752","1.0089865196129713","1329.827162722082","840.3608654245436","3287.6923519122333","0.25560812128171334","0.00946145353040162","1","1","1","1","1","1","100","0.07848119139509249","80","20","0.5585502321860766","0.496410846994091","0.8071077729540187","0.035546560737225986"
"691","100","0.4","0.35","144","5","periodic","60","0.2","0.5","0.1","1","0.05","500","2000","0.5","0.01","true","false","all","5","8","1.5","0.3","1","mixed","0.8","0.2","0.75","3000","19","33.78870258436045","90.27352439544822","0.5015195799747123","102.35589102880198","24.764365471131068","0.5686438390488999","0.13757980817295037","19939.208867604706","20018.744521176253","19621.06625331853","1.0202679234004652","1641.7478831205763","1104.2763802562542","3791.6338945778652","0.29124024390524555","0.011624889975716979","1","1","1","1","1","1","100","0.0866069205143096","80","20","0.7725968673926935","0.7608301319683913","0.8196638090899029","0.017753478461695657"
"692","100","0.4","0.35","144","5","periodic","60","0.2","0.5","0.1","1","0.05","500","2000","0.5","0.01","true","false","all","5","8","1.5","0.3","1","mixed","0.8","0.2","0.75","3000","0","35.92599662727936","107.74337022307071","0.5985742790170595","99.36756965505812","141.08234599841617","0.5520420536392118","0.7837908111023121","10390.640891906167","10455.181174178802","10132.479762815625","1.0318482167166456","1658.9776249913702","925.2012608911512","4594.083081392245","0.20138975384197172","0.014917154682436706","1","1","1","1","1","1","100","0.08062851224706961","80","20","0.7709358617482458","0.769745615578033","0.7756968464290948","0.01549210975206414"
"693","100","0.4","0.35","144","5","periodic","60","0.2","0.5","0.1","1","0.05","500","2000","0.5","0.01","true","false","all","5","8","1.5","0.3","1","mixed","0.8","0.2","0.75","3000","-1","57.954740971419625","63.82219524381883","0.35456775135454904","71.52644970647928","33.41258916282644","0.397369165035996","0.1856254953490358","21669.564358189935","21780.819779826554","21224.54267164345","1.0262091446109847","1842.2619058975815","1026.5094297676824","5105.271810417177","0.2010685166014306","0.012111823311841574","1","1","1","1","1","1","100","0.07242438915230881","80","20","0.7754406714858826","0.7641528458673379","0.8205919739600616","0.018954004074962328"
"694","100","0.4","0.35","144","5","periodic","60","0.2","0.5","0.1","1","0.05","500","2000","0.5","0.01","true","false","all","5","8","1.5","0.3","1","mixed","0.8","0.2","0.75","3000","-1","58.30890665880652","109.03056496981482","0.6057253609434157","104.38203131209507","125.85643144658457","0.5799001739560837","0.6992023969254698","21774.176898569236","21860.73959003342","21427.92613271248","1.020198569597465","1588.6041908958819","1075.875168401954","3639.5202808715912","0.2956090598138674","0.010429601923023446","1","1","1","1","1","1","100","0.07993507713474278","80","20","0.750493021498338","0.7420867053427853","0.784118286120549","0.018217368651170848"
"695","100","0.4","0.35","144","5","periodic","60","0.2","0.5","0.1","1","0.05","500","2000","0.5","0.01","true","false","all","5","8","1.5","0.3","1","mixed","0.8","0.2","0.75","3000","21","33.02618120034748","79.38186357472298","0.4410103531929055","82.40714507325951","67.55546498664685","0.4578174726292195","0.37530813881470476","17880.392205427914","17919.017504556487","17725.891008913626","1.0108951643415696","1681.4623786973552","1181.1966306499316","3682.5253708870478","0.32075722817502417","0.011199265245684265","1","1","1","1","1","1","100","0.08855597898236678","80","20","0.7705633433948855","0.7657606872807573","0.789773967851399","0.01876359479309018"
"696","100","0.4","0.35","144","5","periodic","60","0.2","0.5","0.1","1","0.05","500","2000","0.5","0.01","true","false","all","5","8","1.5","0.3","1","mixed","0.8","0.2","0.75","3000","-1","56.71412157350166","90.07573913938454","0.5004207729965807","93.37886030448662","47.16684633866725","0.5187714461360368","0.26203803521481805","21698.44301911527","21787.64509151544","21341.634729514582","1.020898603488141","1620.7061225008333","1058.610020137548","3869.0905319539693","0.27360693976910605","0.01099979985751598","1","1","1","1","1","1","100","0.07703377755449786","80","20","0.7595730816692355","0.7505039280965005","0.7958496959601751","0.0158951067818174"
"698","100","0.4","0.35","144","5","periodic","60","0.2","0.5","0.1","1","0.05","500","2000","0.5","0.01","true","false","all","5","8","1.5","0.3","1","mixed","0.8","0.2","0.75","3000","-1","39.3170765057377","62.162191697153865","0.34534550942863257","68.2585926413949","36.16946529451266","0.379214403563305","0.2009414738584037","21730.122870226172","21838.31133237384","21297.369021635488","1.0253994899646435","1786.460127242587","1072.344054610298","4642.924417771743","0.23096306511165285","0.010497109460520182","1","1","1","1","1","1","100","0.06975505290888431","80","20","0.7536008208807884","0.7451337263344203","0.787469199066263","0.01813161954639769"
"697","100","0.4","0.35","144","5","periodic","60","0.2","0.5","0.1","1","0.05","500","2000","0.5","0.01","true","false","all","5","8","1.5","0.3","1","mixed","0.8","0.2","0.75","3000","6","31.545943076252556","115.63937635255513","0.6424409797364175","107.14436404137636","142.02036955386902","0.5952464668965354","0.7890020530770501","2996.9196467730108","3006.3819856199407","2959.070291385295","1.0159887023881733","1912.5829278405538","1119.130259803964","5086.393599986919","0.22002431345597054","0.012229992601166417","1","1","1","1","1","1","100","0.08871120481147518","80","20","0.7771992478557347","0.7751286719929847","0.7854815513067361","0.018918054577264056"
"699","100","0.4","0.35","144","5","periodic","60","0.2","0.5","0.1","1","0.05","500","2000","0.5","0.01","true","false","all","5","8","1.5","0.3","1","mixed","0.8","0.2","0.75","3000","-1","49.43490149604286","71.15588008585233","0.3953104449214018","77.11082364313691","45.07682043083973","0.42839346468409395","0.25042678017133185","21770.48175845203","21876.389910286758","21346.84915111314","1.024806506825669","1523.896363404514","957.4947272843058","3789.502907885344","0.2526702711566507","0.010655708692171473","1","1","1","1","1","1","100","0.08290706640598601","80","20","0.7540823521447677","0.7447734549656692","0.7913179408611628","0.02010252373637131"
"701","100","0.4","0.35","144","5","periodic","60","0.2","0.5","0.1","1","0.05","500","2000","0.5","0.01","true","false","all","5","8","1.5","0.3","1","mixed","0.8","0.2","0.75","3000","-1","43.41132839031876","79.52754273261216","0.44181968184784537","86.81912212211635","42.26286361275605","0.48232845623397974","0.23479368673753362","21731.054897031325","21835.298510397042","21314.080443568448","1.0244541662591817","1559.9063118892511","1167.5530457781247","3129.3193763337595","0.3731012739089622","0.011261526602366345","1","1","1","1","1","1","100","0.08921249258114604","80","20","0.7624776445260045","0.7543682197444854","0.7949153436520808","0.018051024068878863"
"700","100","0.4","0.35","144","5","periodic","60","0.2","0.5","0.1","1","0.05","500","2000","0.5","0.01","true","false","all","5","8","1.5","0.3","1","mixed","0.8","0.2","0.75","3000","-1","42.887883670673226","70.15098488430951","0.3897276938017195","76.23903356536194","36.73024977500287","0.423550186474233","0.20405694319446038","21686.210876860125","21759.169095395537","21394.378002718422","1.0170507921581438","1495.8896093086958","908.3137352221509","3846.1931056548747","0.23615916057014924","0.011064211565495086","1","1","1","1","1","1","100","0.08871644149183576","80","20","0.7500671854619354","0.7379600242988065","0.798495830114454","0.016218639101637962"
"702","100","0.4","0.35","144","5","periodic","60","0.2","0.5","0.1","1","0.05","500","2000","0.5","0.01","true","false","all","5","8","1.5","0.3","1","mixed","0.8","0.2","0.75","3000","-1","58.651881302147665","64.2505068530067","0.35694726029448165","74.57358141777377","21.302397436138357","0.4142976745431876","0.11834665242299088","21716.921495092516","21775.14525684817","21484.026448069864","1.013550477117592","1741.0042604644364","1342.7399406100656","3334.061539881915","0.40273400012215205","0.010112192326632297","1","1","1","1","1","1","100","0.08152566702649766","80","20","0.7795431085447775","0.7679385851229074","0.8259612022322574","0.016244644456151893"
"703","100","0.4","0.35","144","5","periodic","60","0.2","0.5","0.1","1","0.05","500","2000","0.5","0.01","true","false","all","5","8","1.5","0.3","1","mixed","0.8","0.2","0.75","3000","0","54.9950785871453","113.3886157315214","0.6299367540640077","104.29181726546355","147.52058910343175","0.5793989848081308","0.8195588283523986","15704.122276978133","15781.158534098795","15395.977248495468","1.0250183070152934","1848.1707334870691","1181.953907452277","4513.0380376262365","0.26189761699282293","0.013254741749277876","1","1","1","1","1","1","100","0.07290500362566177","80","20","0.759510471279102","0.7576963656966476","0.7667668936089196","0.02117269304188376"
"704","100","0.4","0.35","144","5","periodic","60","0.2","0.5","0.1","1","0.05","500","2000","0.5","0.01","true","false","all","5","8","1.5","0.3","1","mixed","0.8","0.2","0.75","3000","34","46.53027456784251","80.90112694139691","0.4494507052299828","85.60025067625574","29.59450971082996","0.4755569482014208","0.16441394283794422","14918.906111936061","14977.804712189882","14683.311710920772","1.0200563065789907","1720.6036174252988","1059.302588477335","4365.807733217154","0.2426361061247966","0.012078041432045383","1","1","1","1","1","1","100","0.08118244047893748","80","20","0.761162453196487","0.756529980336289","0.7796923446372793","0.017569286207002658"
"706","100","0.4","0.35","144","5","periodic","60","0.2","0.5","0.1","1","0.05","500","2000","0.5","0.01","true","false","all","5","8","1.5","0.3","1","mixed","0.8","0.2","0.75","3000","46","29.699953090025915","119.37625678956614","0.6632014266087007","120.07114880506751","91.06328180438666","0.6670619378059306","0.5059071211354814","7236.4261571373345","7265.7121629692265","7119.282133809761","1.0205680890864073","1787.4605835004375","1086.2263300857896","4592.397597159029","0.23652706611417018","0.01248512240182631","1","1","1","1","1","1","100","0.08697366611825977","80","20","0.7437376108242469","0.7340143310985408","0.7826307297270721","0.015092372981482055"
"705","100","0.4","0.35","144","5","periodic","60","0.2","0.5","0.1","1","0.05","500","2000","0.5","0.01","true","false","all","5","8","1.5","0.3","1","mixed","0.8","0.2","0.75","3000","111","33.68646513100074","62.65170292736268","0.34806501626312597","72.19674382258424","24.518068642777845","0.4010930212365791","0.1362114924598769","9711.680790476858","9776.191056291273","9453.63972721918","1.0341192745206267","1762.142110716863","906.3582215999129","5185.277667184664","0.17479453941991452","0.013424909440919341","1","1","1","1","1","1","100","0.08347785269783438","80","20","0.7607740775496176","0.749949832539884","0.804071057588551","0.0166403099577952"
"707","100","0.4","0.35","144","5","periodic","60","0.2","0.5","0.1","1","0.05","500","2000","0.5","0.01","true","false","all","5","8","1.5","0.3","1","mixed","0.8","0.2","0.75","3000","61","25.766033996809604","68.61830794494864","0.38121282191638134","74.14413329405411","43.40173758676921","0.411911851633634","0.24112076437094004","7229.987243468652","7244.495070809889","7171.955934103734","1.010114275292911","1662.0306969502356","1091.9547311137183","3942.3345602963063","0.2769817513995178","0.013360012410050137","1","1","1","1","1","1","100","0.07752160706755672","80","20","0.7409775376745112","0.7309861675467813","0.7809430181854297","0.024020753093650135"
"708","100","0.4","0.35","144","5","periodic","60","0.2","0.5","0.1","1","0.05","500","2000","0.5","0.01","true","false","all","5","8","1.5","0.3","1","mixed","0.8","0.2","0.75","3000","-1","47.26604550383802","100.14431823524754","0.556357323529153","103.09856127905451","54.88918053124943","0.5727697848836362","0.3049398918402746","21716.63300082066","21796.26594229538","21398.10123492179","1.0186074784394321","1650.4955491286364","1120.819410284464","3769.2001045053285","0.2973626709138492","0.011359107934562518","1","1","1","1","1","1","100","0.08181999904257928","80","20","0.7638882407415464","0.757210634817761","0.7905986644366886","0.017778507063293376"
"709","100","0.4","0.35","144","5","periodic","60","0.2","0.5","0.1","1","0.05","500","2000","0.5","0.01","true","false","all","5","8","1.5","0.3","1","mixed","0.8","0.2","0.75","3000","-1","67.22393152946692","105.62700343885899","0.5868166857714389","99.02061772999704","116.51569293599846","0.550114542944428","0.6473094051999915","21738.505580601653","21825.416689344092","21390.86114563186","1.020315009328223","1791.8090785126271","1198.4394852510457","4165.287451558949","0.2877207153620343","0.01006624102905862","1","1","1","1","1","1","100","0.0794373401927883","80","20","0.7519134632685633","0.7444637447243798","0.7817123374452969","0.020945128802567756"
"710","100","0.4","0.35","144","5","periodic","60","0.2","0.5","0.1","1","0.05","500","2000","0.5","0.01","true","false","all","5","8","1.5","0.3","1","mixed","0.8","0.2","0.75","3000","1","36.04852588452347","77.89864331518345","0.43277024063990804","82.32986838892336","57.340326309849935","0.45738815771624086","0.3185573683880552","15601.256420786765","15647.682291901889","15415.5529363263","1.0150581271093158","1520.6395407711361","1054.561957598657","3384.9498734610534","0.31154433507766705","0.010219471009996983","1","1","1","1","1","1","100","0.08833563587399058","80","20","0.7578452039227043","0.7451317518037072","0.8086990123986926","0.023642249509952407"
"712","100","0.4","0.35","144","5","periodic","60","0.2","0.5","0.1","1","0.05","500","2000","0.5","0.01","true","false","all","5","8","1.5","0.3","1","mixed","0.8","0.2","0.75","3000","-1","72.5519973292822","109.23143282390681","0.606841293466149","105.3565679509602","97.46968521246713","0.5853142663942233","0.541498251180373","21704.43506236368","21833.111584250473","21189.728974816546","1.030362946604865","1721.7885229224144","1030.9351144178127","4485.202156940819","0.22985254138934377","0.013113286611553754","1","1","1","1","1","1","100","0.07717092966430397","80","20","0.7763329381124567","0.7636051201934151","0.8272442097886227","0.021158056678287473"
"711","100","0.4","0.35","144","5","periodic","60","0.2","0.5","0.1","1","0.05","500","2000","0.5","0.01","true","false","all","5","8","1.5","0.3","1","mixed","0.8","0.2","0.75","3000","-1","56.74079904094093","62.60509428692876","0.34780607937182645","68.75615176833972","37.28049210683544","0.38197862093522067","0.20711384503797467","21725.222232358432","21784.147428821554","21489.52144650594","1.0137102160720068","1605.348039225227","1183.5255429582023","3292.6380242933274","0.3594459926132366","0.00957299901184272","1","1","1","1","1","1","100","0.07339507609237836","80","20","0.7610198784282542","0.7512998876341207","0.7998998416047858","0.01724903053543296"
"714","100","0.4","0.35","144","5","periodic","60","0.2","0.5","0.1","1","0.05","500","2000","0.5","0.01","true","false","all","5","8","1.5","0.3","1","mixed","0.8","0.2","0.75","3000","36","50.37142909241214","96.39010615187527","0.5355005897326404","87.95720646381871","100.95839455507277","0.48865114702121504","0.5608799697504043","15772.464421157694","15861.532200071753","15416.193305501478","1.028887734199035","1715.7910304868938","1082.2813989694553","4249.829556556646","0.2546646599743533","0.015055765686876388","1","1","1","1","1","1","100","0.10115926800950946","80","20","0.7435592363409447","0.7251642563936606","0.8171391561300796","0.019671647495886662"
"713","100","0.4","0.35","144","5","periodic","60","0.2","0.5","0.1","1","0.05","500","2000","0.5","0.01","true","false","all","5","8","1.5","0.3","1","mixed","0.8","0.2","0.75","3000","-1","41.839968019629964","65.76131549455303","0.3653406416364057","69.49904272530809","52.053563519455416","0.38610579291837827","0.2891864639969745","21763.06322310082","21848.40318692494","21421.703367804308","1.0199190424680205","1733.600075481997","1211.4722946916786","3822.1111986432747","0.3169641676363869","0.01100969089953363","1","1","1","1","1","1","100","0.08106812068069588","80","20","0.759691882925732","0.7434941667141841","0.8244827477719221","0.019569408064410383"
"715","100","0.4","0.35","144","5","periodic","60","0.2","0.5","0.1","1","0.05","500","2000","0.5","0.01","true","false","all","5","8","1.5","0.3","1","mixed","0.8","0.2","0.75","3000","16","38.854691419358154","61.553310548018686","0.3419628363778816","66.59688900607338","42.423114056747195","0.36998271670040767","0.23568396698192887","8066.049101196794","8108.562949088553","7895.99370962976","1.026921151064185","1776.203544431608","1221.7140423367725","3994.161552810946","0.305874969297868","0.018346001557739022","1","1","1","1","1","1","100","0.09624235878408667","80","20","0.7460329274871041","0.7341919960830261","0.7933966531034158","0.015458884186071192"
"716","100","0.4","0.35","144","5","periodic","60","0.2","0.5","0.1","1","0.05","500","2000","0.5","0.01","true","false","all","5","8","1.5","0.3","1","mixed","0.8","0.2","0.75","3000","111","27.93351664751723","88.81345980094895","0.49340811000527196","86.3472988848749","77.08920135632036","0.4797072160270828","0.42827334086844643","10903.946073249877","10953.637606381819","10705.179940722128","1.0232091069029647","1633.6276961141948","987.6066090876226","4217.712044220483","0.2341569549398085","0.012569653778699008","1","1","1","1","1","1","100","0.0886148150956013","80","20","0.7578068976462562","0.746964152183075","0.801177879498983","0.02225722910117599"
"718","100","0.4","0.35","144","5","periodic","60","0.2","0.5","0.1","1","0.05","500","2000","0.5","0.01","true","false","all","5","8","1.5","0.3","1","mixed","0.8","0.2","0.75","3000","-1","46.77689962411223","65.21076581436449","0.36228203230202494","69.94103595907094","48.68529066243029","0.3885613108837275","0.27047383701350164","21772.31910947512","21829.812871625836","21542.34406087228","1.0133443607595003","1483.7464174645136","893.3951021751018","3845.1516786221596","0.23234326675384462","0.009608142283919152","1","1","1","1","1","1","100","0.0816366395607314","80","20","0.7505362752497561","0.7416067873384132","0.7862542268951269","0.01990747103260567"
"717","100","0.4","0.35","144","5","periodic","60","0.2","0.5","0.1","1","0.05","500","2000","0.5","0.01","true","false","all","5","8","1.5","0.3","1","mixed","0.8","0.2","0.75","3000","141","35.63959017450104","91.65336093483174","0.509185338526843","93.81736853154538","55.66137357995906","0.5212076029530299","0.3092298532219948","13564.898139771998","13640.889760384744","13260.931657321064","1.028652444102893","1846.7478897060075","1151.5273295352113","4627.630130389193","0.24883737400991573","0.012535382385709504","1","1","1","1","1","1","100","0.08228540439066387","80","20","0.7561517535466118","0.7431834455545134","0.8080249855150058","0.014271887243712186"
"719","100","0.4","0.35","144","5","periodic","60","0.2","0.5","0.1","1","0.05","500","2000","0.5","0.01","true","false","all","5","8","1.5","0.3","1","mixed","0.8","0.2","0.75","3000","-1","60.06451930140084","76.57814005783288","0.4254341114324049","82.20812277054901","41.309360784476","0.4567117931697167","0.22949644880264444","21663.641589149578","21731.834344449853","21390.87056794846","1.0159396867658248","1568.9207138941026","1090.654019059618","3481.987493232043","0.3132274372551675","0.010397924681225579","1","1","1","1","1","1","100","0.10515177175680895","80","20","0.7476583828607585","0.7359571544325298","0.7944632965736715","0.022142578695232774"
"720","100","0.4","0.35","144","5","periodic","60","0.2","0.5","0.1","1","0.05","500","2000","0.5","0.01","true","false","all","5","8","1.5","0.3","1","mixed","0.8","0.2","0.75","3000","111","41.02059605040356","74.9142354105734","0.41619019672540775","79.53486127365747","42.400968156974265","0.4418603404092082","0.23556093420541258","15731.983801640548","15783.808696250131","15524.684223202199","1.0166911268095657","1656.9544527046187","1074.0380082496426","3988.620230524518","0.2692755755562126","0.010594239503391334","1","1","1","1","1","1","100","0.09214195989363473","80","20","0.7693902783177535","0.7624171862113566","0.7972826467433412","0.01743928579306486"
"721","100","0.4","0.35","144","5","periodic","60","0.2","0.5","0.1","1","0.05","500","2000","0.5","0.01","true","false","all","5","8","1.5","0.3","1","mixed","0.8","0.2","1","3000","-1","43.01857111733313","54.04107797191281","0.3002282109550712","60.28572533551433","28.64399581207013","0.3349206963084129","0.15913331006705628","21751.24628936132","21852.034611832652","21348.092999475986","1.0236059310950651","1776.2223345631853","1208.9311422840183","4045.387103679854","0.29884189356917756","0.010268384339081615","1","1","1","1","1","1","100","0.09036092997721579","80","20","0.914335788044697","0.9426698025315862","0.8009997300971413","0.011502072279169542"
"722","100","0.4","0.35","144","5","periodic","60","0.2","0.5","0.1","1","0.05","500","2000","0.5","0.01","true","false","all","5","8","1.5","0.3","1","mixed","0.8","0.2","1","3000","-1","62.3232235980819","103.31731795076097","0.5739850997264498","101.6194941071944","89.44895202705005","0.5645527450399689","0.4969386223725003","21831.907351477807","21878.417902681886","21645.865146661454","1.0107435186556308","1661.189033856868","1255.9397139179448","3282.186313612565","0.38265338829457984","0.009991358490502034","1","1","1","1","1","1","100","0.08578268369741014","80","20","0.9090334442596436","0.9396838979008353","0.7864316296948769","0.012448294535864038"
"723","100","0.4","0.35","144","5","periodic","60","0.2","0.5","0.1","1","0.05","500","2000","0.5","0.01","true","false","all","5","8","1.5","0.3","1","mixed","0.8","0.2","1","3000","-1","74.15094137669453","112.6200636643643","0.6256670203575794","109.82867310846741","114.48872370172796","0.6101592950470411","0.6360484650095998","21689.88226755238","21772.63966314309","21358.852685189515","1.019373090121105","1686.068474080232","1029.5993919251832","4311.944802700428","0.23877842575359018","0.010040085275357269","1","1","1","1","1","1","100","0.0796633185837171","80","20","0.9119207175896136","0.9382426644168858","0.8066329302805247","0.010678527602139972"
"724","100","0.4","0.35","144","5","periodic","60","0.2","0.5","0.1","1","0.05","500","2000","0.5","0.01","true","false","all","5","8","1.5","0.3","1","mixed","0.8","0.2","1","3000","-1","40.59323940724746","83.04320177366667","0.4613511209648148","80.70290177682635","88.56894646736207","0.44834945431570195","0.4920497025964559","21735.1007629389","21799.309582283742","21478.265485559514","1.0149473940034905","1566.6502177981872","1206.542777429888","3007.079979271384","0.40123401630382755","0.011225586875734495","1","1","1","1","1","1","100","0.08917486220241733","80","20","0.9156305666928326","0.9457453158147853","0.795171570205022","0.0103479271459881"
"725","100","0.4","0.35","144","5","periodic","60","0.2","0.5","0.1","1","0.05","500","2000","0.5","0.01","true","false","all","5","8","1.5","0.3","1","mixed","0.8","0.2","1","3000","0","51.301984809762715","62.65451449968101","0.3480806361093389","69.95016533036633","32.11504951095944","0.3886120296131463","0.17841694172755243","16013.593463064293","16065.991886484135","15803.9997693849","1.0165775829487647","1650.372220478065","1098.579692777311","3857.542331281079","0.2847874626984262","0.01185028348345174","1","1","1","1","1","1","100","0.07392991092993563","80","20","0.9136855307785419","0.9427877696927389","0.7972765751217523","0.010583362690983098"
"727","100","0.4","0.35","144","5","periodic","60","0.2","0.5","0.1","1","0.05","500","2000","0.5","0.01","true","false","all","5","8","1.5","0.3","1","mixed","0.8","0.2","1","3000","-1","64.41728571878274","66.06084235682556","0.367004679760142","68.35396905895738","52.61834202535613","0.3797442725497632","0.2923241223630896","21688.900818920443","21773.411950478658","21350.856292687567","1.0197910403216857","1653.2763784074311","1193.3612603029944","3492.936850825179","0.3416498239929738","0.010290437677526576","1","1","1","1","1","1","100","0.09514361460542617","80","20","0.9150950720655235","0.9479020625958571","0.7838671099441907","0.011661793367268133"
"726","100","0.4","0.35","144","5","periodic","60","0.2","0.5","0.1","1","0.05","500","2000","0.5","0.01","true","false","all","5","8","1.5","0.3","1","mixed","0.8","0.2","1","3000","-1","48.8909839104884","94.92947258255828","0.5273859587919905","92.68897466701301","102.65952837569088","0.5149387481500723","0.5703307131982827","21723.17318868872","21816.339392981838","21350.508371516247","1.02181826368533","1743.0214527238818","1123.5949887503896","4220.727308617851","0.26620885610312744","0.011519394168510333","1","1","1","1","1","1","100","0.08567053164967607","80","20","0.9146883873776859","0.9489316733689899","0.7777152434124687","0.011896526788540106"
"728","100","0.4","0.35","144","5","periodic","60","0.2","0.5","0.1","1","0.05","500","2000","0.5","0.01","true","false","all","5","8","1.5","0.3","1","mixed","0.8","0.2","1","3000","70","56.147190561347216","72.50020757381475","0.4027789309656375","79.82973174370098","37.78903374257203","0.44349850968722765","0.20993907634762238","13410.003768833909","13483.909029498343","13114.382726176153","1.0281771785251186","1684.561184997632","1002.3145591598574","4413.547688348728","0.22709951946500004","0.012456600551538966","1","1","1","1","1","1","100","0.09542044276567681","80","20","0.9097855116812679","0.9470047310998965","0.7609086340067538","0.013688076007535237"
"729","100","0.4","0.35","144","5","periodic","60","0.2","0.5","0.1","1","0.05","500","2000","0.5","0.01","true","false","all","5","8","1.5","0.3","1","mixed","0.8","0.2","1","3000","-1","77.10792553664957","108.1170104198633","0.6006500578881295","109.8389107437886","84.86156984539565","0.6102161707988256","0.4714531658077536","21651.963960437202","21802.03653699632","21051.67365420073","1.0356438587791739","1918.6398359366067","1241.5150099196305","4627.139140004508","0.26831157921877874","0.013763581614103737","1","1","1","1","1","1","100","0.06875828814688792","80","20","0.9154484647403486","0.9471379336829491","0.788690588969946","0.013183786293690854"
"730","100","0.4","0.35","144","5","periodic","60","0.2","0.5","0.1","1","0.05","500","2000","0.5","0.01","true","false","all","5","8","1.5","0.3","1","mixed","0.8","0.2","1","3000","-1","61.73555990928021","57.975561178664776","0.3220864509925821","65.87877295077142","28.654022529907678","0.36599318305984124","0.15918901405504265","21634.643712659294","21725.46996579259","21271.338700126063","1.0213494445304394","1899.2324363096666","1269.4721687423996","4418.273506578734","0.2873231290123115","0.012410187150529772","1","1","1","1","1","1","100","0.08596447792639993","80","20","0.9219008186427575","0.9588903842977091","0.7739425560229524","0.011529274745432826"
"731","100","0.4","0.35","144","5","periodic","60","0.2","0.5","0.1","1","0.05","500","2000","0.5","0.01","true","false","all","5","8","1.5","0.3","1","mixed","0.8","0.2","1","3000","-1","59.12262462905264","58.09825093683369","0.32276806076018716","63.42409938331925","28.50219151004818","0.35235610768510695","0.15834550838915656","21681.921383519406","21829.563767052467","21091.35184938715","1.0350006923660873","1829.3147283694252","1191.1120628552032","4382.125390426311","0.27181149710079994","0.012723914822089233","1","1","1","1","1","1","100","0.0869352789001727","80","20","0.9130448191294788","0.9391266898902965","0.8087173360862095","0.01223006735688323"
"733","100","0.4","0.35","144","5","periodic","60","0.2","0.5","0.1","1","0.05","500","2000","0.5","0.01","true","false","all","5","8","1.5","0.3","1","mixed","0.8","0.2","1","3000","86","52.50636413263387","66.4582843091461","0.3692126906063672","72.25698707552189","43.35240867736392","0.4014277059751216","0.240846714874244","9130.316901212678","9174.78317119359","8952.451821289042","1.0248346882332102","1947.1622611807888","1298.7365550346938","4540.865085765168","0.2860108218378938","0.012545765154880373","1","1","1","1","1","1","100","0.0781177570642485","80","20","0.8964968534004537","0.9340470817632772","0.7462959399491594","0.013867443694037309"
"732","100","0.4","0.35","144","5","periodic","60","0.2","0.5","0.1","1","0.05","500","2000","0.5","0.01","true","false","all","5","8","1.5","0.3","1","mixed","0.8","0.2","1","3000","136","45.81988182031309","103.2357553852746","0.5735319743626367","98.66288166695992","118.77548773802081","0.5481271203719995","0.6598638207667823","18772.30931672791","18849.691717017027","18462.77971557142","1.020956324421684","1702.726967054957","1071.3039900042472","4228.418875257793","0.253358056902282","0.009704831134722314","1","1","1","1","1","1","100","0.07726578453826768","80","20","0.927059330789507","0.9562040426313125","0.8104804834222856","0.008523180185104366"
"734","100","0.4","0.35","144","5","periodic","60","0.2","0.5","0.1","1","0.05","500","2000","0.5","0.01","true","false","all","5","8","1.5","0.3","1","mixed","0.8","0.2","1","3000","89","38.509826388912614","58.746882667706814","0.32637157037614895","63.90631673480991","39.00046354292018","0.3550350929711662","0.2166692419051121","5722.88021792069","5742.1856334932145","5645.658555630587","1.0170975762900782","1412.2721340710486","909.613328467759","3422.9073564842047","0.2657429003284673","0.012634087652069637","1","1","1","1","1","1","100","0.09908710641694922","80","20","0.9131093666382805","0.9388706153950229","0.8100643716113127","0.010942362069643125"
"735","100","0.4","0.35","144","5","periodic","60","0.2","0.5","0.1","1","0.05","500","2000","0.5","0.01","true","false","all","5","8","1.5","0.3","1","mixed","0.8","0.2","1","3000","-1","73.36685543739527","53.543597372036956","0.29746442984464977","58.24964466173336","26.653434157674422","0.3236091370096298","0.14807463420930234","21664.474970118023","21805.357448387535","21100.94505703998","1.0333829783189044","1876.7843897027667","1244.3955938612212","4406.339573068951","0.2824102802849844","0.012186548826729204","1","1","1","1","1","1","100","0.07121841559942226","80","20","0.9044758241771629","0.9295321630973932","0.8042504684962427","0.012754235412884313"
"736","100","0.4","0.35","144","5","periodic","60","0.2","0.5","0.1","1","0.05","500","2000","0.5","0.01","true","false","all","5","8","1.5","0.3","1","mixed","0.8","0.2","1","3000","151","38.16317787476969","91.853834579673","0.5102990809981833","94.50881357247191","75.48159898305536","0.5250489642915106","0.4193422165725298","12441.76159946943","12473.814544933466","12313.549817613286","1.0130153148112446","1687.9946066375896","1301.8611348038878","3232.5284939723965","0.4027377135983274","0.012938608519961203","1","1","1","1","1","1","100","0.0915141256448328","80","20","0.9220030725160205","0.9427990460327914","0.8388191784489377","0.010164789905585095"
"737","100","0.4","0.35","144","5","periodic","60","0.2","0.5","0.1","1","0.05","500","2000","0.5","0.01","true","false","all","5","8","1.5","0.3","1","mixed","0.8","0.2","1","3000","0","36.06329360683246","93.17652493211668","0.5176473607339815","92.63191042177462","82.1482297818471","0.5146217245654146","0.45637905434359505","5812.554017139108","5843.189828017907","5690.010773623918","1.02692069672417","1835.693685858842","1359.151530696551","3741.8623065080074","0.3632286330613118","0.019516623158134516","1","1","1","1","1","1","100","0.0780623411201957","80","20","0.9143596229490004","0.9518791940862183","0.7642813384001278","0.012589219450612072"
"739","100","0.4","0.35","144","5","periodic","60","0.2","0.5","0.1","1","0.05","500","2000","0.5","0.01","true","false","all","5","8","1.5","0.3","1","mixed","0.8","0.2","1","3000","-1","49.7848801311722","83.09983845695264","0.46166576920529245","91.40881513837084","51.46535970881331","0.5078267507687269","0.28591866504896285","21727.036866685226","21787.240349381347","21486.222935900714","1.0140097873124863","1551.742951218074","1178.247148400743","3045.726162487397","0.38685262086677125","0.009888018498459328","1","1","1","1","1","1","100","0.07928733130832366","80","20","0.915957875333571","0.9408831556422819","0.8162567540987282","0.012007787008049756"
"738","100","0.4","0.35","144","5","periodic","60","0.2","0.5","0.1","1","0.05","500","2000","0.5","0.01","true","false","all","5","8","1.5","0.3","1","mixed","0.8","0.2","1","3000","98","26.345583268008127","98.966400104157","0.5498133339119834","99.0090037798963","84.04819833897064","0.5500500209994239","0.4669344352165035","13306.164333608129","13371.755511414545","13043.799622382465","1.025142665367944","1876.84743070758","1161.261952742334","4739.189342568564","0.24503388001648183","0.01159767741809592","1","1","1","1","1","1","100","0.07540939474347388","80","20","0.9205848270981873","0.9500460618054805","0.802739888269015","0.00982493136706706"
"740","100","0.4","0.35","144","5","periodic","60","0.2","0.5","0.1","1","0.05","500","2000","0.5","0.01","true","false","all","5","8","1.5","0.3","1","mixed","0.8","0.2","1","3000","80","37.85476381214411","55.82355803255669","0.3101308779586483","61.28191594314742","24.619277725264595","0.3404550885730412","0.13677376514035886","4736.150795608331","4759.364631674347","4643.295451344258","1.0249971559092774","1776.9909148782433","1204.4821354104386","4067.026032749464","0.2961579605617038","0.013052646622465414","1","1","1","1","1","1","100","0.08878211055923353","80","20","0.9171176446294167","0.9517581622659442","0.7785555740833077","0.012148260154959288"
"742","100","0.4","0.35","144","5","periodic","60","0.2","0.5","0.1","1","0.05","500","2000","0.5","0.01","true","false","all","5","8","1.5","0.3","1","mixed","0.8","0.2","1","3000","101","36.97438034115558","75.05610053104425","0.41697833628357917","83.81838121131173","33.732558896660365","0.4656576733961763","0.18740310498144647","13927.454093942513","13976.357846576513","13731.839083406532","1.0178067017596686","1709.6023764045206","1236.7005561653375","3601.2096573612507","0.343412540182822","0.011543317901686834","1","1","1","1","1","1","100","0.07916184276768219","80","20","0.9053532733049404","0.9361884232200769","0.7820126736443946","0.011672880403129514"
"741","100","0.4","0.35","144","5","periodic","60","0.2","0.5","0.1","1","0.05","500","2000","0.5","0.01","true","false","all","5","8","1.5","0.3","1","mixed","0.8","0.2","1","3000","71","46.40897312808091","65.2690635824932","0.3626059087916289","71.74694025812957","37.53907690520548","0.3985941125451643","0.20855042725114153","15960.207476398256","16009.744447209732","15762.059593152377","1.01571399045877","1748.9319775538293","1222.0712550294515","3856.37486765134","0.3168963850689478","0.011368075423701773","1","1","1","1","1","1","100","0.08050367228141816","80","20","0.9022381684498972","0.9323754426736663","0.781689071554822","0.015007315832378514"
"743","100","0.4","0.35","144","5","periodic","60","0.2","0.5","0.1","1","0.05","500","2000","0.5","0.01","true","false","all","5","8","1.5","0.3","1","mixed","0.8","0.2","1","3000","-1","62.29371702981795","94.69324844539337","0.5260736024744076","98.65406180288683","45.5118915659894","0.548078121127149","0.2528438420332745","21782.714201796505","21857.748914712804","21482.575350131367","1.0174640869852294","1673.7250317111047","1220.4643229546832","3486.767866736793","0.35002740922265524","0.011031605381467857","1","1","1","1","1","1","100","0.06795719756905921","80","20","0.9108022841097775","0.945932349818092","0.7702820212765198","0.012820292018679616"
"744","100","0.4","0.35","144","5","periodic","60","0.2","0.5","0.1","1","0.05","500","2000","0.5","0.01","true","false","all","5","8","1.5","0.3","1","mixed","0.8","0.2","1","3000","1","39.259501994928264","80.69537926981947","0.4483076626101082","83.54538205193708","56.423023967225525","0.46414101139965047","0.31346124426236405","9587.002883067802","9609.893800671483","9495.439212653058","1.012053638115645","1603.2281803835338","1216.6706449489245","3149.45832212197","0.3863110797189989","0.012368276442066728","1","1","1","1","1","1","100","0.08095626394644435","80","20","0.9168406007858506","0.9405997953423706","0.8218038225597706","0.010848857147117618"
"745","100","0.4","0.35","144","5","periodic","60","0.2","0.5","0.1","1","0.05","500","2000","0.5","0.01","true","false","all","5","8","1.5","0.3","1","mixed","0.8","0.2","1","3000","106","38.87366961512423","85.95586053835868","0.4775325585464371","87.20763666604246","46.303087566469586","0.4844868703669026","0.2572393753692755","12370.768944559262","12448.210462031051","12061.0028746721","1.032104095437377","2002.6295924130602","1308.9103374239953","4777.506612369314","0.273973527118755","0.012843319063627678","1","1","1","1","1","1","100","0.07434023569270205","80","20","0.9175853552583502","0.9528758721986638","0.7764232874970963","0.010033994754154665"
"747","100","0.4","0.35","144","5","periodic","60","0.2","0.5","0.1","1","0.05","500","2000","0.5","0.01","true","false","all","5","8","1.5","0.3","1","mixed","0.8","0.2","1","3000","-1","63.283974032072436","67.33785361853373","0.37409918676963183","73.2033930398545","45.48325982075521","0.4066855168880806","0.2526847767819734","21703.190998671143","21789.859727649724","21356.516082756825","1.0202909333719836","1727.8484788399185","1130.077070693156","4118.93411142697","0.27436153143553205","0.011755873293169294","1","1","1","1","1","1","100","0.07442571117801848","80","20","0.9085819259836506","0.9400034153726156","0.7828959684277922","0.01144361670513868"
"746","100","0.4","0.35","144","5","periodic","60","0.2","0.5","0.1","1","0.05","500","2000","0.5","0.01","true","false","all","5","8","1.5","0.3","1","mixed","0.8","0.2","1","3000","0","41.320953656061896","90.84927543813768","0.5047181968785427","96.12383448595924","43.430331662937384","0.5340213026997735","0.24127962034965214","19839.50225126569","19926.171717377638","19492.824386817872","1.022231120640107","1722.126675967361","1190.287721378774","3849.4824943217113","0.3092072046397254","0.010386467535090649","1","1","1","1","1","1","100","0.09092139435832852","80","20","0.9072967542058922","0.9390059248617619","0.7804600715824139","0.012233573657107318"
"750","100","0.4","0.35","144","5","periodic","60","0.2","0.5","0.1","1","0.05","500","2000","0.5","0.01","true","false","all","5","8","1.5","0.3","1","mixed","0.8","0.2","1","3000","-1","75.65836156355051","71.83288212587246","0.3990715673659581","74.35142193757171","61.75421130115897","0.4130634552087317","0.34307895167310537","21791.43386903509","21858.016091476904","21525.1049792678","1.0154661783312906","1781.0361048808027","1200.3289871838076","4103.864575668779","0.2924874749279949","0.01052789855777192","1","1","1","1","1","1","100","0.09261904445660218","80","20","0.9115216766218873","0.951820215395634","0.7503275215269005","0.012614253772872007"
"748","100","0.4","0.35","144","5","periodic","60","0.2","0.5","0.1","1","0.05","500","2000","0.5","0.01","true","false","all","5","8","1.5","0.3","1","mixed","0.8","0.2","1","3000","91","51.381899675510134","85.8219218030978","0.4767884544616544","92.26038538541889","48.97430686394431","0.5125576965856605","0.2720794825774684","13674.601132197175","13743.98783689898","13397.05431338993","1.0258962541610583","1739.2550061061497","1188.3692755335708","3942.797928396474","0.30140253117584376","0.011400807671525515","1","1","1","1","1","1","100","0.07238409134182947","80","20","0.8954225661128422","0.9230293830428394","0.7849952983928528","0.013951072467821842"
"749","100","0.4","0.35","144","5","periodic","60","0.2","0.5","0.1","1","0.05","500","2000","0.5","0.01","true","false","all","5","8","1.5","0.3","1","mixed","0.8","0.2","1","3000","-1","42.519900825542955","75.37122191983039","0.4187290106657244","77.6157403065131","54.178391686252","0.4311985572584061","0.3009910649236222","21682.6021052862","21752.81513718566","21401.74997768838","1.0164035725986549","1474.398463931713","973.8015892255216","3476.7859627564794","0.2800867236743755","0.012804442127186233","1","1","1","1","1","1","100","0.07461701413798115","80","20","0.8980762815625084","0.9228554754317642","0.7989595060854856","0.011693385449330575"
"751","100","0.4","0.35","144","5","periodic","60","0.2","0.5","0.1","1","0.05","500","2000","0.5","0.01","true","false","all","5","8","1.5","0.3","1","mixed","0.8","0.5","0","3000","0","66.00272451253495","115.2708420151289","0.6403935667507161","93.04133997026122","119.64605707498691","0.5168963331681179","0.6647003170832606","6532.8618522444285","6611.249624120767","6454.474080368087","1.0242894373423128","2055.9870643499617","693.6988452580657","3418.2752834418566","0.20293826205816323","0.019813902890224666","1","1","1","1","1","1","100","0.07731881036496262","50","50","0.4292094336565139","0.05397991814638841","0.8044389491666394","0.14977392475691478"
"752","100","0.4","0.35","144","5","periodic","60","0.2","0.5","0.1","1","0.05","500","2000","0.5","0.01","true","false","all","5","8","1.5","0.3","1","mixed","0.8","0.5","0","3000","37","35.965055030750655","63.435956178425315","0.35242197876902953","84.88924786068927","37.3186110771968","0.4716069325593848","0.20732561709553776","16108.05334182719","16308.010441807655","15908.096241846728","1.025139035738855","2345.1516266196877","723.0546848350641","3967.2485684043127","0.18225595708662326","0.014643922260754616","1","1","1","1","1","1","100","0.07995525639464279","50","50","0.4275312898824177","0.05761627957158164","0.7974463001932536","0.14911467563696953"
"753","100","0.4","0.35","144","5","periodic","60","0.2","0.5","0.1","1","0.05","500","2000","0.5","0.01","true","false","all","5","8","1.5","0.3","1","mixed","0.8","0.5","0","3000","0","38.75857891474271","66.82538157523676","0.37125211986242646","94.05136912222551","29.63875823095045","0.5225076062345861","0.16465976794972473","5778.000809117363","5868.492219909007","5687.509398325722","1.0318211028603417","2298.4875596386332","937.733188226972","3659.241931050294","0.25626433176497276","0.018437474006145704","1","1","1","1","1","1","100","0.06220277299794477","50","50","0.42953083889966037","0.06749340671093969","0.7915682710883811","0.14477017747097645"
"754","100","0.4","0.35","144","5","periodic","60","0.2","0.5","0.1","1","0.05","500","2000","0.5","0.01","true","false","all","5","8","1.5","0.3","1","mixed","0.8","0.5","0","3000","133","56.47909819554979","90.92486994719584","0.5051381663733102","86.02066297193734","89.88996735112049","0.4778925720663186","0.49938870750622494","16749.702392738873","16879.35866951941","16620.046115958343","1.0156023967534047","2277.89154582015","728.5335865382636","3827.2495051020355","0.1903543486169556","0.012122262429132169","1","1","1","1","1","1","100","0.08249195915374749","50","50","0.4121795044086718","0.037497779245128274","0.7868612295722147","0.15106540548923955"
"755","100","0.4","0.35","144","5","periodic","60","0.2","0.5","0.1","1","0.05","500","2000","0.5","0.01","true","false","all","5","8","1.5","0.3","1","mixed","0.8","0.5","0","3000","26","64.44306277823787","99.04049319234018","0.5502249621796677","104.80945457671771","57.11650457676417","0.5822747476484318","0.3173139143153565","7209.912269784923","7290.885150768794","7128.93938880105","1.022716669778698","2221.835315183014","778.8355804891014","3664.835049876928","0.21251586221193133","0.01702442113931313","1","1","1","1","1","1","100","0.08215745041340924","50","50","0.4364771290192322","0.07996200943384305","0.7929922486046214","0.13663842620357414"
"756","100","0.4","0.35","144","5","periodic","60","0.2","0.5","0.1","1","0.05","500","2000","0.5","0.01","true","false","all","5","8","1.5","0.3","1","mixed","0.8","0.5","0","3000","76","37.58131387947649","58.85260279274608","0.3269589044041449","72.44984251163766","44.37985879739654","0.40249912506465363","0.24655477109664742","2529.172851903814","2553.338061911831","2505.007641895796","1.019293521986807","2544.2165229095203","810.5364241182522","4277.896621700788","0.18947078337671516","0.01866578341846692","1","1","1","1","1","1","100","0.08382318686462338","50","50","0.42317748334244665","0.061417993578734925","0.7849369731061586","0.14138592058820013"
"757","100","0.4","0.35","144","5","periodic","60","0.2","0.5","0.1","1","0.05","500","2000","0.5","0.01","true","false","all","5","8","1.5","0.3","1","mixed","0.8","0.5","0","3000","148","46.76860856010094","53.574726835865064","0.29763737131036144","69.00936830378885","36.60157859436826","0.3833853794654936","0.2033421033020459","20848.94068017492","21060.430990450815","20637.45036989901","1.0204957789344347","2028.04457439154","676.4397291304196","3379.649419652659","0.20015085742234778","0.014244022273570023","1","1","1","1","1","1","100","0.08486193509760732","50","50","0.4096838168098998","0.044735327654925945","0.7746323059648736","0.14249958430104795"
"758","100","0.4","0.35","144","5","periodic","60","0.2","0.5","0.1","1","0.05","500","2000","0.5","0.01","true","false","all","5","8","1.5","0.3","1","mixed","0.8","0.5","0","3000","117","56.24081537017204","115.22336467875571","0.640129803770865","95.49910819672795","137.75230924678075","0.5305506010929331","0.7652906069265597","6210.9796662040535","6312.96800868032","6108.99132372779","1.0333895849811199","2525.428431515628","801.9182209536709","4248.9386420775845","0.18873377295031038","0.019770728509171942","1","1","1","1","1","1","100","0.09011039377810609","50","50","0.43507670705521767","0.07714705260457003","0.7930063615058655","0.14079885500190734"
"759","100","0.4","0.35","144","5","periodic","60","0.2","0.5","0.1","1","0.05","500","2000","0.5","0.01","true","false","all","5","8","1.5","0.3","1","mixed","0.8","0.5","0","3000","71","47.85879874789758","79.29348057800347","0.44051933654446374","85.05391758453611","65.16645071153735","0.47252176435853394","0.3620358372863186","7208.4308238088115","7312.4213411371675","7104.440306480451","1.0292747951540957","2291.734655397612","838.8371579191922","3744.6321528760336","0.22401056330057156","0.016294354691407165","1","1","1","1","1","1","100","0.08601800902106005","50","50","0.4229007561397085","0.045380859040624125","0.8004206532387925","0.15193929264813327"
"760","100","0.4","0.35","144","5","periodic","60","0.2","0.5","0.1","1","0.05","500","2000","0.5","0.01","true","false","all","5","8","1.5","0.3","1","mixed","0.8","0.5","0","3000","-1","50.68458961729761","72.8592711713151","0.4047737287295283","87.25107606535103","49.11936519622146","0.48472820036306125","0.27288536220123033","21529.94529200858","21751.53972292085","21308.350861096325","1.0207988344435268","2371.9786758781597","765.9075268563762","3978.0498248999447","0.1925334172695135","0.01208476308140427","1","1","1","1","1","1","100","0.0856189167224683","50","50","0.424504713880315","0.05711876017379137","0.7918906675868385","0.144622820796771"
"761","100","0.4","0.35","144","5","periodic","60","0.2","0.5","0.1","1","0.05","500","2000","0.5","0.01","true","false","all","5","8","1.5","0.3","1","mixed","0.8","0.5","0","3000","5","34.189939430670364","63.20882849233889","0.35116015829077163","89.67609915711095","34.513358606454396","0.49820055087283865","0.19174088114696886","3825.065732054052","3868.7287374921393","3781.4027266159624","1.0230935494549467","2201.591585008119","784.2597557986461","3618.9234142175933","0.21671079103734006","0.012746304382012186","1","1","1","1","1","1","100","0.07260045295927976","50","50","0.4204767071298325","0.06180248589360237","0.7791509283660625","0.13796712418848533"
"762","100","0.4","0.35","144","5","periodic","60","0.2","0.5","0.1","1","0.05","500","2000","0.5","0.01","true","false","all","5","8","1.5","0.3","1","mixed","0.8","0.5","0","3000","83","48.00463710637272","56.90473409463837","0.31613741163687986","76.47013386435447","36.4823914077306","0.42483407702419146","0.20267995226517002","17768.25809514412","17961.471862573155","17575.0443277151","1.0219872864985424","2142.2876992993392","616.0200291600698","3668.555369438607","0.16791896731119485","0.014119166647704295","1","1","1","1","1","1","100","0.08773226762482635","50","50","0.42748744119343035","0.04745740111203769","0.8075174812748229","0.15402365013974909"
"763","100","0.4","0.35","144","5","periodic","60","0.2","0.5","0.1","1","0.05","500","2000","0.5","0.01","true","false","all","5","8","1.5","0.3","1","mixed","0.8","0.5","0","3000","112","49.962332869282584","54.412660611345345","0.3022925589519186","79.17659613421979","29.8450205303018","0.4398699785234433","0.16580566961278778","10021.560424105523","10146.909544540445","9896.211303670607","1.0253327493903504","2365.796987204408","687.8777754504571","4043.716198958361","0.17011029993342516","0.014040243233664818","1","1","1","1","1","1","100","0.07423070413208177","50","50","0.42220951990808764","0.0368534664611575","0.8075655733550178","0.1565570949031886"
"765","100","0.4","0.35","144","5","periodic","60","0.2","0.5","0.1","1","0.05","500","2000","0.5","0.01","true","false","all","5","8","1.5","0.3","1","mixed","0.8","0.5","0","3000","93","27.007322018242398","63.417121413553986","0.352317341186411","88.38643943395705","38.898740883777386","0.4910357746330947","0.21610411602098548","1660.3145691900677","1682.729824143047","1637.8993142370882","1.0273707361107478","2467.0021022834","897.0167135687008","4036.9874909981004","0.22219952763512846","0.028730829596190555","0.9031100220052255","0.9031100220052255","0.862738783057133","0.7735430461267118","0.7884865494286981","0.7585995428247253","100","0.09115454463873836","50","50","0.4136530179822922","0.04019912661278415","0.7871069093518002","0.14909892550111611"
"764","100","0.4","0.35","144","5","periodic","60","0.2","0.5","0.1","1","0.05","500","2000","0.5","0.01","true","false","all","5","8","1.5","0.3","1","mixed","0.8","0.5","0","3000","-1","71.81378071952832","59.98860337070089","0.33327001872611606","84.6015142311598","36.14343864882579","0.4700084123953322","0.2007968813823655","21473.277288233458","21736.51163501834","21210.042941448544","1.0248216703296236","2478.7766945132207","938.9424873754532","4018.610901650987","0.233648519439815","0.013499780136009054","1","1","1","1","1","1","100","0.08305518462069415","50","50","0.41913381602536215","0.046823818826578","0.791443813224146","0.14653066920150404"
"766","100","0.4","0.35","144","5","periodic","60","0.2","0.5","0.1","1","0.05","500","2000","0.5","0.01","true","false","all","5","8","1.5","0.3","1","mixed","0.8","0.5","0","3000","126","36.05807686576731","53.24302477013887","0.295794582056327","79.70633296021799","24.263239588652947","0.44281296089009997","0.13479577549251637","6253.660098379194","6354.226485070557","6153.0937116878285","1.0326880725058154","2476.0357805754657","717.1696240711047","4234.901937079829","0.16934739805702045","0.017936681817683375","1","1","1","1","1","1","100","0.07908075272585183","50","50","0.42920719968039217","0.04096511374664247","0.8174492856141417","0.16061390572265577"
"767","100","0.4","0.35","144","5","periodic","60","0.2","0.5","0.1","1","0.05","500","2000","0.5","0.01","true","false","all","5","8","1.5","0.3","1","mixed","0.8","0.5","0","3000","16","31.64154934567358","52.36690719006979","0.2909272621670544","72.16763509003675","32.904878110356925","0.4009313060557597","0.1828048783908718","2042.4323016905078","2060.893915826879","2023.970687554135","1.0182429659183272","1879.9636619132905","777.6808472523975","2982.246476574183","0.26077014537904597","0.015195795789787248","1","1","1","0.9953994742775081","0.9991485420033572","0.9916504065516588","100","0.08156011386455525","50","50","0.43279211512334975","0.0741842698310738","0.7913999604156254","0.1390502794633423"
"768","100","0.4","0.35","144","5","periodic","60","0.2","0.5","0.1","1","0.05","500","2000","0.5","0.01","true","false","all","5","8","1.5","0.3","1","mixed","0.8","0.5","0","3000","0","57.09353752306909","111.34070299759553","0.618559461097753","97.46586325129827","126.31855094880518","0.5414770180627682","0.7017697274933621","5439.055331307177","5512.733938911151","5365.37672370321","1.0274644676033544","1969.65917930026","545.7869958161293","3393.531362784392","0.16083157556802744","0.01635946357808704","1","1","1","1","1","1","100","0.07742325793193633","50","50","0.4201214716616001","0.0504841436748401","0.7897587996483598","0.14480395757714914"
"769","100","0.4","0.35","144","5","periodic","60","0.2","0.5","0.1","1","0.05","500","2000","0.5","0.01","true","false","all","5","8","1.5","0.3","1","mixed","0.8","0.5","0","3000","66","44.181201238687464","89.29002699587248","0.4960557055326249","98.08371304236334","65.44329946617337","0.5449095169020186","0.3635738859231854","12781.658150963709","12893.0130389913","12670.303262936124","1.0175773043023097","1927.7871014232796","686.5662846011652","3169.0079182453924","0.2166502269206388","0.012688343480848685","1","1","1","1","1","1","100","0.08390432936348018","50","50","0.439644876428145","0.07903104423189862","0.8002587086243915","0.1392916324969104"
"770","100","0.4","0.35","144","5","periodic","60","0.2","0.5","0.1","1","0.05","500","2000","0.5","0.01","true","false","all","5","8","1.5","0.3","1","mixed","0.8","0.5","0","3000","72","41.735181664544356","105.7067926253418","0.5872599590296766","93.06184610927207","92.40605818512464","0.5170102561626226","0.5133669899173591","10150.961445512166","10216.058294116725","10085.86459690761","1.012908531138623","2046.4343771332697","740.8035567482159","3352.065197518322","0.22099914921006444","0.0126604242549333","1","1","1","1","1","1","100","0.07739448519520661","50","50","0.42429089167850165","0.06923394064908679","0.7793478427079163","0.13759943163362426"
"771","100","0.4","0.35","144","5","periodic","60","0.2","0.5","0.1","1","0.05","500","2000","0.5","0.01","true","false","all","5","8","1.5","0.3","1","mixed","0.8","0.5","0","3000","106","47.61636443696781","66.13449172521854","0.36741384291788076","81.31890612179522","35.75032583554385","0.45177170067664013","0.19861292130857694","9627.437069090933","9771.543221373637","9483.330916808245","1.0303914634102416","2417.1048336904887","590.1976376844584","4244.012029696519","0.13906596719205394","0.017527057833236936","1","1","1","1","1","1","100","0.07441170647530013","50","50","0.4286057098644377","0.035088706634739834","0.8221227130941354","0.16260969339237655"
"773","100","0.4","0.35","144","5","periodic","60","0.2","0.5","0.1","1","0.05","500","2000","0.5","0.01","true","false","all","5","8","1.5","0.3","1","mixed","0.8","0.5","0","3000","0","24.9590316504802","56.52972091897036","0.3140540051053909","72.95520752770447","37.34818370380974","0.4053067084872471","0.20748990946560966","1470.9780922878624","1484.1521442744713","1457.804040301255","1.0180738310807338","2526.892422887354","874.4423137045554","4179.342532070153","0.20922963528223135","0.01568201956943649","0.7111492604196131","0.7111492604196131","0.6987771026649228","0.6473187281919088","0.656101429516314","0.6385360268675037","100","0.076453579411476","50","50","0.41405610953997807","0.05581970563824889","0.7722925134417076","0.13580561829054819"
"772","100","0.4","0.35","144","5","periodic","60","0.2","0.5","0.1","1","0.05","500","2000","0.5","0.01","true","false","all","5","8","1.5","0.3","1","mixed","0.8","0.5","0","3000","44","39.44518999186157","58.5733919697169","0.3254077331650939","79.1478765072595","36.28725509799198","0.43971042504033053","0.201595861655511","4722.604957284589","4770.561221133789","4674.64869343539","1.0205175905160722","2045.2527361496652","768.3468446550298","3322.1586276443018","0.23127939715505222","0.016807589514817867","1","1","1","1","1","1","100","0.08951573890981947","50","50","0.438287007287772","0.06478455410524084","0.8117894604703032","0.14909063912756762"
"774","100","0.4","0.35","144","5","periodic","60","0.2","0.5","0.1","1","0.05","500","2000","0.5","0.01","true","false","all","5","8","1.5","0.3","1","mixed","0.8","0.5","0","3000","41","32.32737830453307","58.952853776935555","0.32751585431630864","81.0480923983466","27.602460088864856","0.45026717999081445","0.15334700049369365","2851.802479100352","2880.5506966347207","2823.054261565982","1.020366748117992","2260.3449224051924","669.0584296413058","3851.631415169081","0.17370780262262844","0.016477290109038423","1","1","1","1","1","1","100","0.089926332866839","50","50","0.4454278698103527","0.06890996871829108","0.8219457709024147","0.15211582428413006"
"775","100","0.4","0.35","144","5","periodic","60","0.2","0.5","0.1","1","0.05","500","2000","0.5","0.01","true","false","all","5","8","1.5","0.3","1","mixed","0.8","0.5","0","3000","-1","58.98196720316671","56.7987900896686","0.31554883383149224","85.76463413825161","25.188615510478254","0.47647018965695337","0.1399367528359903","21539.505285669733","21778.387150090573","21300.623421248878","1.022429565529293","2118.7175212453935","701.7134503327662","3535.7215921580237","0.19846400007543477","0.015620080337918285","1","1","1","1","1","1","100","0.0817049815799798","50","50","0.4350982341853453","0.067368916329978","0.8028275520407125","0.1445134406602638"
"776","100","0.4","0.35","144","5","periodic","60","0.2","0.5","0.1","1","0.05","500","2000","0.5","0.01","true","false","all","5","8","1.5","0.3","1","mixed","0.8","0.5","0","3000","141","31.813857573751037","104.53691290661503","0.5807606272589724","106.19311874333283","81.13114812509674","0.5899617707962935","0.4507286006949819","14418.866283525495","14560.607296031258","14277.125271019744","1.0198556796014762","1972.254081900632","738.5537350022662","3205.9544287989975","0.23036938029058024","0.013311666081381901","1","1","1","1","1","1","100","0.0776903428905692","50","50","0.4265975551512388","0.05461273201694941","0.7985823782855281","0.14810219323983437"
"777","100","0.4","0.35","144","5","periodic","60","0.2","0.5","0.1","1","0.05","500","2000","0.5","0.01","true","false","all","5","8","1.5","0.3","1","mixed","0.8","0.5","0","3000","1","23.01935569311796","49.420913415953876","0.27456063008863263","71.54548762835002","27.268030151110032","0.3974749312686112","0.15148905639505575","998.2299224668258","1007.9914563330353","988.4683886006163","1.0197508265894653","2309.860246424983","706.66318234744","3913.0573105025255","0.1805910637829857","0.019085809696245626","0.38178699902657354","0.38178699902657354","0.3746088415502077","0.33215328164455044","0.3386609708886901","0.3256455924004106","100","0.07316788370417719","50","50","0.44349916658050204","0.0767688047666685","0.8102295283943362","0.1453507944303944"
"779","100","0.4","0.35","144","5","periodic","60","0.2","0.5","0.1","1","0.05","500","2000","0.5","0.01","true","false","all","5","8","1.5","0.3","1","mixed","0.8","0.5","0","3000","67","47.051663314029135","56.03807715089308","0.3113226508382949","81.12708785140595","29.221610414007014","0.4507060436189219","0.16234228007781673","6951.382345119854","7032.586997100806","6870.177693138902","1.0236397530334764","2381.630466218775","800.5661575012522","3962.694774936299","0.202025692860516","0.014419780381962344","1","1","1","1","1","1","100","0.09687303904648742","50","50","0.4380576028557616","0.0649448940265009","0.8111703116850225","0.14816401684394542"
"778","100","0.4","0.35","144","5","periodic","60","0.2","0.5","0.1","1","0.05","500","2000","0.5","0.01","true","false","all","5","8","1.5","0.3","1","mixed","0.8","0.5","0","3000","11","44.69070358256687","60.500534258628484","0.3361140792146027","84.32364610487676","36.14417124537782","0.46846470058264866","0.2008009513632101","13808.93587796859","13965.667647934466","13652.204108002703","1.0229606543714074","2327.187391622667","717.9382771577963","3936.436506087539","0.18238279114817016","0.014695076475661262","1","1","1","1","1","1","100","0.0694417872014968","50","50","0.4300190188594088","0.06019542881307841","0.7998426089057387","0.14709956349406655"
"780","100","0.4","0.35","144","5","periodic","60","0.2","0.5","0.1","1","0.05","500","2000","0.5","0.01","true","false","all","5","8","1.5","0.3","1","mixed","0.8","0.5","0","3000","66","74.04301933052457","103.83979837028464","0.5768877687238035","99.92439462128029","87.60786501353809","0.5551355256737793","0.4867103611863227","20111.225725836848","20383.363855544816","19839.08759612888","1.0274345408667955","2338.9139742295447","853.4151873885718","3824.4127610705195","0.22314934101142528","0.015222217031813257","1","1","1","1","1","1","100","0.08212637428505808","50","50","0.4370004006642947","0.06674349753584399","0.8072573037927452","0.1504155537210333"
"781","100","0.4","0.35","144","5","periodic","60","0.2","0.5","0.1","1","0.05","500","2000","0.5","0.01","true","false","all","5","8","1.5","0.3","1","mixed","0.8","0.5","0.25","3000","71","51.692370208447684","57.03148652392642","0.3168415917995912","77.96061243980776","31.60150477720081","0.43311451355448755","0.17556391542889338","17451.09671432014","17668.460008918384","17233.7334197219","1.025225328639411","1925.1950717744414","889.3710224158706","2961.019121133012","0.30035977007658066","0.01353732522052331","1","1","1","1","1","1","100","0.08323238430562985","50","50","0.5421325731160682","0.26657391609948156","0.8176912301326553","0.09137450519413179"
"782","100","0.4","0.35","144","5","periodic","60","0.2","0.5","0.1","1","0.05","500","2000","0.5","0.01","true","false","all","5","8","1.5","0.3","1","mixed","0.8","0.5","0.25","3000","77","40.41287952330559","63.16752359031548","0.3509306866128638","76.42790699837073","38.480420363414645","0.4245994833242818","0.21378011313008136","8122.190398904474","8220.817003040505","8023.56379476845","1.0245842387893354","2258.99707173281","967.6197264969138","3550.3744169687043","0.27254019234485793","0.013788785124659197","1","1","1","1","1","1","100","0.08492690688225743","50","50","0.5198901224867476","0.2542341915147854","0.7855460534587095","0.08403943003973387"
"783","100","0.4","0.35","144","5","periodic","60","0.2","0.5","0.1","1","0.05","500","2000","0.5","0.01","true","false","all","5","8","1.5","0.3","1","mixed","0.8","0.5","0.25","3000","-1","65.46115202593623","56.50448047700966","0.3139137804278314","78.50437140917478","34.604195708444216","0.4361353967176377","0.19224553171357897","21561.479973907444","21811.325334929927","21311.63461288496","1.0234468510333252","2039.5623368199306","841.3904545427234","3237.7342190971394","0.2598701430092523","0.013065581744816868","1","1","1","1","1","1","100","0.07263247272181315","50","50","0.5152168221443771","0.25796453147981696","0.7724691128089368","0.08153811566974953"
"784","100","0.4","0.35","144","5","periodic","60","0.2","0.5","0.1","1","0.05","500","2000","0.5","0.01","true","false","all","5","8","1.5","0.3","1","mixed","0.8","0.5","0.25","3000","7","21.682388160220327","47.90625342352376","0.2661458523529098","73.74975514600783","22.559416890658028","0.4097208619222657","0.12533009383698904","1250.8835921557882","1265.0960097568268","1236.671174554749","1.0229849581577835","2177.707276613563","923.6759315840038","3431.738621643121","0.2691568424700557","0.017850851855688132","0.5619438957514477","0.5619438957514477","0.5520549933248373","0.5005890614371922","0.5100640065045513","0.49111411636983326","100","0.08596681987947792","50","50","0.5332163991291511","0.24877634523046588","0.8176564530278361","0.09889402201187687"
"785","100","0.4","0.35","144","5","periodic","60","0.2","0.5","0.1","1","0.05","500","2000","0.5","0.01","true","false","all","5","8","1.5","0.3","1","mixed","0.8","0.5","0.25","3000","35","54.675147503823055","95.65902502416917","0.5314390279120509","99.8598378227682","31.093510164529867","0.5547768767931567","0.17274172313627703","2964.6684113752935","3002.748591502391","2926.588231248197","1.0260235995761224","2369.5675108585237","818.1537661365431","3920.9812555805033","0.20866046349293635","0.014668493378184877","1","1","1","1","1","1","100","0.08440237609184006","50","50","0.5319067130830704","0.2558432588507473","0.8079701673153932","0.09248907546603402"
"786","100","0.4","0.35","144","5","periodic","60","0.2","0.5","0.1","1","0.05","500","2000","0.5","0.01","true","false","all","5","8","1.5","0.3","1","mixed","0.8","0.5","0.25","3000","14","23.552011246641243","78.43227463467292","0.4357348590815162","91.1081217208181","66.01529200597801","0.5061562317823228","0.3667516222554334","1471.7573516209584","1484.334354758768","1459.18034848315","1.0172384491757767","2268.8925105107965","927.822029449969","3609.9629915716255","0.2570170474368311","0.014295127896791104","0.7120327773549833","0.7120327773549833","0.7031160981806122","0.6478382344139727","0.6562229031725125","0.6394535656554333","100","0.07546680843000772","50","50","0.5268944739485215","0.25381166833414154","0.7999772795629018","0.09084585815732056"
"787","100","0.4","0.35","144","5","periodic","60","0.2","0.5","0.1","1","0.05","500","2000","0.5","0.01","true","false","all","5","8","1.5","0.3","1","mixed","0.8","0.5","0.25","3000","-1","62.44041743314973","92.12021983536115","0.5117789990853397","95.6171156252985","54.680471958818515","0.531206197918325","0.30378039977121396","21446.409634671745","21779.99870593162","21112.82056341188","1.0316006163418994","2494.7490068791694","877.8297942463385","4111.668219512001","0.21349723454839578","0.015945118996800955","1","1","1","1","1","1","100","0.08098665689232304","50","50","0.5310352715992782","0.2500485602873533","0.8120219829112034","0.09486766779130686"
"788","100","0.4","0.35","144","5","periodic","60","0.2","0.5","0.1","1","0.05","500","2000","0.5","0.01","true","false","all","5","8","1.5","0.3","1","mixed","0.8","0.5","0.25","3000","143","41.50458056250359","61.69985073876599","0.34277694854869994","80.28424497835564","36.023572814334145","0.44602358321308694","0.20013096007963413","20162.196793939118","20379.39714297023","19944.996444907985","1.0217799335919735","2104.9098674696525","888.6770901811682","3321.1426447581384","0.26758172871129","0.012995735301837508","1","1","1","1","1","1","100","0.09041268591909482","50","50","0.513393442941694","0.247014425289232","0.7797724605941562","0.08169859016962627"
"789","100","0.4","0.35","144","5","periodic","60","0.2","0.5","0.1","1","0.05","500","2000","0.5","0.01","true","false","all","5","8","1.5","0.3","1","mixed","0.8","0.5","0.25","3000","-1","65.61566739676425","45.17033686774407","0.2509463159319115","62.35521069376988","28.54352519277244","0.34641783718761043","0.15857513995984687","21489.152504513124","21701.46926962336","21276.83573940288","1.0199575508041403","2195.3073273208993","879.4194768961494","3511.19517774565","0.25046157572498656","0.012440854041669391","1","1","1","1","1","1","100","0.09502398601062066","50","50","0.5227103673086865","0.23321125231243442","0.8122094823049391","0.0975853665247427"
"790","100","0.4","0.35","144","5","periodic","60","0.2","0.5","0.1","1","0.05","500","2000","0.5","0.01","true","false","all","5","8","1.5","0.3","1","mixed","0.8","0.5","0.25","3000","81","31.942746736408736","52.31568899861411","0.29064271665896724","76.78085017518416","26.35137468728148","0.4265602787510231","0.14639652604045267","3148.265807273933","3181.8767559745716","3114.6548585732967","1.0215824547032049","2376.8459393985922","1046.2002552699057","3707.491623527281","0.28218546702326963","0.01590680872432837","1","1","1","1","1","1","100","0.08780365917059112","50","50","0.5284362854913889","0.27021742126352766","0.7866551497192498","0.0860426171474234"
"791","100","0.4","0.35","144","5","periodic","60","0.2","0.5","0.1","1","0.05","500","2000","0.5","0.01","true","false","all","5","8","1.5","0.3","1","mixed","0.8","0.5","0.25","3000","-1","57.74949011885418","84.24337905690494","0.46801877253836077","106.74195311591711","48.44188806442869","0.593010850643984","0.26912160035793714","21548.095823177704","21808.969152374142","21287.222493981244","1.024509851322333","2219.336314567152","766.6655823847827","3672.0070467495207","0.2087865226357446","0.013012410286548315","1","1","1","1","1","1","100","0.07756322669904454","50","50","0.5221730227619243","0.2533618899613445","0.7909841555625047","0.08902259249201659"
"792","100","0.4","0.35","144","5","periodic","60","0.2","0.5","0.1","1","0.05","500","2000","0.5","0.01","true","false","all","5","8","1.5","0.3","1","mixed","0.8","0.5","0.25","3000","-1","75.53695237599182","113.37523183931106","0.6298623991072836","102.92791965641236","115.55386231180468","0.5718217758689575","0.6419659017322482","21540.17738720632","21861.82048056541","21218.53429384724","1.0303171829783124","2295.12115926401","771.9332110076226","3818.3091075203997","0.20216624408098646","0.014455479502945456","1","1","1","1","1","1","100","0.08908126095338574","50","50","0.5223478095177176","0.2499947524247704","0.7947008666106647","0.08980151839214044"
"793","100","0.4","0.35","144","5","periodic","60","0.2","0.5","0.1","1","0.05","500","2000","0.5","0.01","true","false","all","5","8","1.5","0.3","1","mixed","0.8","0.5","0.25","3000","111","43.62203256259973","65.25053942522518","0.3625029968068066","84.59610667721965","41.50329791294394","0.46997837042899804","0.230573877294133","7105.852241712673","7196.175771884471","7015.528711540879","1.0257496003182796","2519.6812584829454","996.6299565952334","4042.7325603706595","0.2465238404253624","0.014807393189757656","1","1","1","1","1","1","100","0.07911292894998302","50","50","0.5190249555566144","0.24020019970143655","0.7978497114117924","0.09202189485697515"
"794","100","0.4","0.35","144","5","periodic","60","0.2","0.5","0.1","1","0.05","500","2000","0.5","0.01","true","false","all","5","8","1.5","0.3","1","mixed","0.8","0.5","0.25","3000","134","51.75569444088514","83.01160350842092","0.46117557504678286","83.6030163184323","80.49180917569198","0.4644612017690683","0.44717671764273326","20549.803279205375","20858.41836759847","20241.188190812278","1.0304937719548681","2488.145005909838","1000.7630643737965","3975.5269474458782","0.25173092211505405","0.015824389136309236","1","1","1","1","1","1","100","0.07072197069011384","50","50","0.5260831296590129","0.2610932252730743","0.7910730340449514","0.08980471525700098"
"795","100","0.4","0.35","144","5","periodic","60","0.2","0.5","0.1","1","0.05","500","2000","0.5","0.01","true","false","all","5","8","1.5","0.3","1","mixed","0.8","0.5","0.25","3000","84","50.427344806623665","96.01592059507794","0.5334217810837664","96.45021003673008","67.01582768891907","0.535834500204056","0.3723101538273282","14182.518818197354","14351.919553370091","14013.118083024605","1.0241774506100758","2481.798188492897","923.0742129715354","4040.522164014258","0.22845418871665368","0.014437431979828608","1","1","1","1","1","1","100","0.0782418782790952","50","50","0.5661698356888413","0.30413938283631387","0.8282002885413685","0.08418599814554516"
"796","100","0.4","0.35","144","5","periodic","60","0.2","0.5","0.1","1","0.05","500","2000","0.5","0.01","true","false","all","5","8","1.5","0.3","1","mixed","0.8","0.5","0.25","3000","56","57.85032406066599","105.18931157706285","0.5843850643170159","107.45005805806257","70.24082554721173","0.5969447669892365","0.3902268085956207","14008.007434448326","14186.721106147692","13829.293762748945","1.0258456685880464","2240.347562024286","1025.7777164310996","3454.917407617474","0.29690368695050234","0.01410941414127187","1","1","1","1","1","1","100","0.07501305793884767","50","50","0.5208768157089418","0.2711601924188895","0.770593438998994","0.07859351779860023"
"797","100","0.4","0.35","144","5","periodic","60","0.2","0.5","0.1","1","0.05","500","2000","0.5","0.01","true","false","all","5","8","1.5","0.3","1","mixed","0.8","0.5","0.25","3000","27","52.389938272857265","72.77598235842136","0.4043110131023409","86.76116834629353","46.92493731723809","0.48200649081274183","0.2606940962068783","5155.845163902238","5229.584463194705","5082.1058646097745","1.0290191905705717","2441.8188042838124","1042.136111152313","3841.5014974153087","0.27128353636032615","0.01858472790970822","1","1","1","1","1","1","100","0.08684968772675779","50","50","0.5186221508226668","0.24379036793303363","0.7934539337123","0.09113414302905203"
"798","100","0.4","0.35","144","5","periodic","60","0.2","0.5","0.1","1","0.05","500","2000","0.5","0.01","true","false","all","5","8","1.5","0.3","1","mixed","0.8","0.5","0.25","3000","23","43.237168571235564","48.17979651324228","0.2676655361846793","59.438946071069495","36.28656651451678","0.3302163670614972","0.2015920361917599","3569.7201896372344","3626.9319272216817","3512.5084520527903","1.0325759999529738","2372.365986355851","984.2788688130379","3760.453103898666","0.26174475299069205","0.016542266325035193","1","1","1","1","1","1","100","0.08496717489579761","50","50","0.5219472557560381","0.2642178190129831","0.7796766924990928","0.08440397593118298"
"799","100","0.4","0.35","144","5","periodic","60","0.2","0.5","0.1","1","0.05","500","2000","0.5","0.01","true","false","all","5","8","1.5","0.3","1","mixed","0.8","0.5","0.25","3000","45","30.043858127778165","58.09491627273152","0.32274953484850843","78.20972776232547","37.571798867344214","0.43449848756847487","0.20873221592969007","3986.3100823923364","4012.2177100905583","3960.402454694113","1.0130833307950888","2201.3097882522275","862.0700780239733","3540.5494984804814","0.24348482584241604","0.012907657571592068","1","1","1","1","1","1","100","0.08715371537916894","50","50","0.5206965791366879","0.25017281041257866","0.7912203478607968","0.08861151539750163"
"800","100","0.4","0.35","144","5","periodic","60","0.2","0.5","0.1","1","0.05","500","2000","0.5","0.01","true","false","all","5","8","1.5","0.3","1","mixed","0.8","0.5","0.25","3000","126","39.31032164548269","65.62903177469497","0.3646057320816387","84.33216593732129","39.12308265570255","0.4685120329851183","0.21735045919834747","17308.773446014384","17420.339163299795","17197.207728728994","1.0129748641808891","2218.545695098079","960.435157734983","3476.6562324611727","0.2762525523137725","0.011734974128969844","1","1","1","1","1","1","100","0.0834473507507311","50","50","0.5031768920421849","0.2112673066647519","0.7950864774196181","0.10347972738513112"
"801","100","0.4","0.35","144","5","periodic","60","0.2","0.5","0.1","1","0.05","500","2000","0.5","0.01","true","false","all","5","8","1.5","0.3","1","mixed","0.8","0.5","0.25","3000","136","50.51268336500827","62.82609932427644","0.3490338851348691","78.31321220292166","37.57586812323555","0.43507340112734255","0.20875482290686417","6983.634850687656","7039.710267421226","6927.559433954082","1.0161890828272737","2030.874486837371","911.3587392902897","3150.3902343844507","0.2892843970068866","0.012334512508685114","1","1","1","1","1","1","100","0.07078213655105446","50","50","0.5434420663353129","0.2676339636823093","0.8192501689883162","0.09327483806528429"
"802","100","0.4","0.35","144","5","periodic","60","0.2","0.5","0.1","1","0.05","500","2000","0.5","0.01","true","false","all","5","8","1.5","0.3","1","mixed","0.8","0.5","0.25","3000","44","29.48799055429174","57.41212742663467","0.31895626348130374","78.72693698318685","36.06555698571525","0.4373718721288158","0.20036420547619582","1916.8699151482585","1934.613138720583","1899.126691575936","1.0186856660495878","2093.5918171882063","797.0546562964214","3390.12897807999","0.23511042247951155","0.017174336791921707","1","1","1","0.9423661017214434","0.952604640858685","0.9321275625842016","100","0.08715074625758602","50","50","0.5230540054029634","0.2569425883568178","0.7891654224491087","0.08697019206896525"
"803","100","0.4","0.35","144","5","periodic","60","0.2","0.5","0.1","1","0.05","500","2000","0.5","0.01","true","false","all","5","8","1.5","0.3","1","mixed","0.8","0.5","0.25","3000","40","40.66530108551515","92.45810799442845","0.5136561555246024","93.77813333789742","90.42620514756258","0.5209896296549856","0.5023678063753477","6033.782655491443","6102.964733471982","5964.6005775109015","1.0231975560078195","2184.127854290555","816.1024791449345","3552.1532294361755","0.2297486697313653","0.01609650563396814","1","1","1","1","1","1","100","0.08935770047490327","50","50","0.5218106825570797","0.24604056584073547","0.7975807992734242","0.09121820632012138"
"804","100","0.4","0.35","144","5","periodic","60","0.2","0.5","0.1","1","0.05","500","2000","0.5","0.01","true","false","all","5","8","1.5","0.3","1","mixed","0.8","0.5","0.25","3000","0","35.97876498322377","89.7007350618077","0.4983374170100428","95.17401809675208","65.86104959381815","0.528744544981956","0.3658947199656564","19679.281792434387","19857.309119668545","19501.254465200233","1.0182580384817645","2144.883682336918","882.0435982297868","3407.7237664440513","0.25883658966589196","0.012436241123617409","1","1","1","1","1","1","100","0.07138465558681235","50","50","0.5331564292744855","0.25397892503867675","0.8123339335102941","0.09292847598025011"
"806","100","0.4","0.35","144","5","periodic","60","0.2","0.5","0.1","1","0.05","500","2000","0.5","0.01","true","false","all","5","8","1.5","0.3","1","mixed","0.8","0.5","0.25","3000","141","31.45888040234299","71.28288037369292","0.3960160020760718","80.64093893903235","55.38028005078844","0.44800521632795753","0.30766822250438025","6959.4805728884585","7024.9557893111305","6894.005356465794","1.0189948260951844","2192.8304750228","979.0575471668765","3406.6034028787235","0.28739992050132146","0.015807984546322595","1","1","1","1","1","1","100","0.09863916081889597","50","50","0.5245628136385967","0.2545470373865468","0.7945785898906464","0.0853325632715806"
"805","100","0.4","0.35","144","5","periodic","60","0.2","0.5","0.1","1","0.05","500","2000","0.5","0.01","true","false","all","5","8","1.5","0.3","1","mixed","0.8","0.5","0.25","3000","136","41.32102509726027","70.0083333881261","0.38893518548958944","80.7813151810264","44.258625788585384","0.4487850843390356","0.24588125438102992","11971.762581822753","12150.621359240096","11792.903804405401","1.0303332886257461","2356.4753911635435","951.787287368396","3761.163494958692","0.25305661097799453","0.015594333746697275","1","1","1","1","1","1","100","0.07924694629806733","50","50","0.535654713538415","0.2575463883754965","0.8137630387013334","0.09348601179219317"
"807","100","0.4","0.35","144","5","periodic","60","0.2","0.5","0.1","1","0.05","500","2000","0.5","0.01","true","false","all","5","8","1.5","0.3","1","mixed","0.8","0.5","0.25","3000","141","38.05153253049961","70.72012666663618","0.3928895925924232","91.63294347537851","40.55732023365634","0.5090719081965472","0.22531844574253523","15775.61092028668","15946.752953346762","15604.468887226603","1.021935002632505","2409.310391278018","961.8221607483471","3856.7986218076894","0.2493835574691061","0.01422418637422651","1","1","1","1","1","1","100","0.08165149669120401","50","50","0.5301597097133149","0.25444975939824566","0.8058696600283841","0.09220749137862347"
"808","100","0.4","0.35","144","5","periodic","60","0.2","0.5","0.1","1","0.05","500","2000","0.5","0.01","true","false","all","5","8","1.5","0.3","1","mixed","0.8","0.5","0.25","3000","106","28.614336496614634","57.40906044722607","0.31893922470681146","82.1371860767717","33.899056164592864","0.45631770042650943","0.18832808980329369","4471.258965068824","4525.083930587184","4417.433999550469","1.0243693354666241","2429.2475372892704","801.295401552479","4057.1996730260585","0.1974996219387037","0.018205551366216044","1","1","1","1","1","1","100","0.07103421547424317","50","50","0.5300884157423991","0.27127843921910794","0.7888983922656901","0.0819366923094233"
"809","100","0.4","0.35","144","5","periodic","60","0.2","0.5","0.1","1","0.05","500","2000","0.5","0.01","true","false","all","5","8","1.5","0.3","1","mixed","0.8","0.5","0.25","3000","91","47.25198821895495","80.43346360781169","0.4468525755989538","98.4132758765414","49.40418363341294","0.5467404215363412","0.2744676868522941","13888.514120588494","14013.28896701711","13763.739274159883","1.018130951762922","2176.565757837145","788.8171877979909","3564.314327876299","0.22130965881114828","0.014407663460017206","1","1","1","1","1","1","100","0.08552680646962264","50","50","0.5163058570850773","0.2526090467989695","0.7800026673711848","0.08215893949596399"
"811","100","0.4","0.35","144","5","periodic","60","0.2","0.5","0.1","1","0.05","500","2000","0.5","0.01","true","false","all","5","8","1.5","0.3","1","mixed","0.8","0.5","0.5","3000","48","58.980551852303634","51.90276995889505","0.2883487219938614","67.6965905188947","34.363082997985046","0.376092169549415","0.19090601665547247","5553.9200400404525","5633.5957349166265","5474.2443451642785","1.0291092943070972","2554.225107119227","934.7315960363505","4173.718618202103","0.22395654368262166","0.015382923370534485","1","1","1","1","1","1","100","0.08104839657915996","50","50","0.6218270159824509","0.45366156292090737","0.789992469043994","0.044142314540154014"
"810","100","0.4","0.35","144","5","periodic","60","0.2","0.5","0.1","1","0.05","500","2000","0.5","0.01","true","false","all","5","8","1.5","0.3","1","mixed","0.8","0.5","0.25","3000","16","49.01591138787012","94.90749194541188","0.5272638441411771","97.62280502065461","73.71445065058273","0.5423489167814145","0.40952472583657074","15565.312171320833","15744.784353947272","15385.839988694392","1.0233295267282532","2525.0972656008066","1159.5725566224887","3890.6219745791227","0.29804297724091466","0.015003425766157763","1","1","1","1","1","1","100","0.08274271511677445","50","50","0.5144532108054194","0.25496406216134226","0.7739423594494965","0.08218613229714929"
"812","100","0.4","0.35","144","5","periodic","60","0.2","0.5","0.1","1","0.05","500","2000","0.5","0.01","true","false","all","5","8","1.5","0.3","1","mixed","0.8","0.5","0.5","3000","116","42.81117695179264","72.19195471792749","0.4010664150995972","98.02139622467327","39.546300120088496","0.5445633123592959","0.21970166733382498","10513.826102775452","10633.852736819461","10393.799468731435","1.0230958148471307","2278.5422217284427","890.0028315528112","3667.0816119040746","0.24270057930090388","0.014562119428912501","1","1","1","1","1","1","100","0.08320454580861794","50","50","0.6452119303318337","0.48608608093890476","0.8043377797247634","0.041558863161464434"
"814","100","0.4","0.35","144","5","periodic","60","0.2","0.5","0.1","1","0.05","500","2000","0.5","0.01","true","false","all","5","8","1.5","0.3","1","mixed","0.8","0.5","0.5","3000","51","74.9155450128967","121.13120056884799","0.6729511142713777","118.03712408336902","116.13339554129533","0.6557618004631612","0.6451855307849741","12103.84958696342","12217.817732521622","11989.881441405212","1.019010721017579","2152.422118209254","1141.1659206519266","3163.67831576658","0.36070858246389526","0.012789847009067046","1","1","1","1","1","1","100","0.09314998999645924","50","50","0.6391503192848544","0.48957604653357606","0.7887245920361332","0.04268998989927821"
"813","100","0.4","0.35","144","5","periodic","60","0.2","0.5","0.1","1","0.05","500","2000","0.5","0.01","true","false","all","5","8","1.5","0.3","1","mixed","0.8","0.5","0.5","3000","87","69.8293771511689","78.81663654602882","0.43787020303349344","107.00058655689944","39.12999600504905","0.5944477030938857","0.21738886669471696","13246.607205380511","13364.695427745042","13128.518983015976","1.0179895725507646","2189.7614362844342","885.1658796259518","3494.356992942916","0.25331295039791374","0.011604113688267637","1","1","1","1","1","1","100","0.08038121792055741","50","50","0.6529933907025912","0.49144808335068135","0.8145386980545015","0.04433067709618681"
"815","100","0.4","0.35","144","5","periodic","60","0.2","0.5","0.1","1","0.05","500","2000","0.5","0.01","true","false","all","5","8","1.5","0.3","1","mixed","0.8","0.5","0.5","3000","-1","92.90612784466484","40.476272215786345","0.2248681789765908","53.62814732735466","27.235158431554918","0.297934151818637","0.15130643573086067","21436.13569631752","21828.755606280603","21043.51578635444","1.037315048868181","2598.751516507805","1257.3851730531553","3940.117859962452","0.31912374648232933","0.016034984775880057","1","1","1","1","1","1","100","0.0828934485307317","50","50","0.65394364498627","0.5292550547260213","0.778632235246519","0.03366393578445115"
"816","100","0.4","0.35","144","5","periodic","60","0.2","0.5","0.1","1","0.05","500","2000","0.5","0.01","true","false","all","5","8","1.5","0.3","1","mixed","0.8","0.5","0.5","3000","143","53.2288167641851","62.74276340449251","0.34857090780273614","86.88784859827261","36.25606485709238","0.4827102699904034","0.20142258253940212","19044.1810553783","19299.596684288546","18788.76542646805","1.0271881225948398","2550.0621290561103","1034.0769440247109","4066.0473140875115","0.25431994862479235","0.015040305662413989","1","1","1","1","1","1","100","0.08325601083970013","50","50","0.6463983929535473","0.5100249468218057","0.7827718390852896","0.03194415419941669"
"817","100","0.4","0.35","144","5","periodic","60","0.2","0.5","0.1","1","0.05","500","2000","0.5","0.01","true","false","all","5","8","1.5","0.3","1","mixed","0.8","0.5","0.5","3000","71","49.64807346209752","71.70177886337734","0.3983432159076519","87.42810262375873","44.88021628023956","0.48571168124310404","0.24933453489021978","9817.120944899587","9955.99608024368","9678.245809555501","1.0286984104509878","2213.346759477364","970.9275728743302","3455.7659460803984","0.28095871885524437","0.01651317033769506","1","1","1","1","1","1","100","0.08520549367744482","50","50","0.661259022805751","0.5155311227069825","0.8069869229045195","0.03606551381305493"
"818","100","0.4","0.35","144","5","periodic","60","0.2","0.5","0.1","1","0.05","500","2000","0.5","0.01","true","false","all","5","8","1.5","0.3","1","mixed","0.8","0.5","0.5","3000","4","61.00372275143187","51.49048086887373","0.2860582270492985","71.59732610209073","28.268579944920443","0.39776292278939296","0.15704766636066914","5986.253716389724","6056.473287258713","5916.03414552073","1.0237387307583943","2309.5244126792877","940.3756686123415","3678.6731567462343","0.255629034856714","0.01693142591092789","1","1","1","1","1","1","100","0.06196716090806978","50","50","0.6476107410781818","0.48017150284337573","0.8150499793129877","0.042235048101441214"
"819","100","0.4","0.35","144","5","periodic","60","0.2","0.5","0.1","1","0.05","500","2000","0.5","0.01","true","false","all","5","8","1.5","0.3","1","mixed","0.8","0.5","0.5","3000","143","47.775806979154964","52.3461531344285","0.2908119618579361","70.39314294510734","34.01068745111755","0.39107301636170744","0.1889482636173197","13218.424220659761","13377.442405448739","13059.406035870794","1.0243530501084337","2475.4888244674135","1133.6178456650568","3817.3598032697696","0.2969638451932284","0.013645304139903613","1","1","1","1","1","1","100","0.07146934064893391","50","50","0.6460649305828423","0.492005372737828","0.8001244884278564","0.04313482292431344"
"820","100","0.4","0.35","144","5","periodic","60","0.2","0.5","0.1","1","0.05","500","2000","0.5","0.01","true","false","all","5","8","1.5","0.3","1","mixed","0.8","0.5","0.5","3000","110","68.2888096567994","80.69196454751588","0.4482886919306438","84.469303177796","68.09683660968143","0.4692739065433111","0.3783157589426746","16829.73138996535","17009.719620130476","16649.743159800233","1.0216205413426065","2263.6479931249546","1246.4680930192212","3280.827893230687","0.3799248645718512","0.01340020185175228","1","1","1","1","1","1","100","0.07471655754490693","50","50","0.6514366457023333","0.4982539179155116","0.8046193734891542","0.03754237531701551"
"821","100","0.4","0.35","144","5","periodic","60","0.2","0.5","0.1","1","0.05","500","2000","0.5","0.01","true","false","all","5","8","1.5","0.3","1","mixed","0.8","0.5","0.5","3000","-1","84.93456720060138","54.38515637112928","0.3021397576173849","77.97250391897664","30.507197850063744","0.43318057732764803","0.16948443250035414","21556.226363043355","21822.161549471966","21290.291176614755","1.024981827089402","2508.259712772036","1207.8314073206875","3808.688018223386","0.31712532019991935","0.014602366492407315","1","1","1","1","1","1","100","0.07504960853104314","50","50","0.6513258048758368","0.513940705866591","0.788710903885082","0.0389288863226151"
"822","100","0.4","0.35","144","5","periodic","60","0.2","0.5","0.1","1","0.05","500","2000","0.5","0.01","true","false","all","5","8","1.5","0.3","1","mixed","0.8","0.5","0.5","3000","146","62.31105407789559","52.47018549827656","0.29150103054598087","65.1458377780174","33.57094207617924","0.36192132098898555","0.18650523375655134","15671.921603441888","15900.10220039586","15443.74100648792","1.0295499124024563","2549.021743288149","976.5935517645302","4121.449934811768","0.23695387963244355","0.014192885473706784","1","1","1","1","1","1","100","0.08977600438498162","50","50","0.6449984604336355","0.5025151457594615","0.78748177510781","0.0415673545526049"
"823","100","0.4","0.35","144","5","periodic","60","0.2","0.5","0.1","1","0.05","500","2000","0.5","0.01","true","false","all","5","8","1.5","0.3","1","mixed","0.8","0.5","0.5","3000","121","46.757678543142546","68.79962418068244","0.3822201343371247","94.43654476567768","38.516386823625005","0.5246474709204315","0.2139799267979167","9591.979140452664","9724.311390471375","9459.646890433953","1.027978264210376","2507.5653907335372","898.3025247790017","4116.828256688075","0.21820257459602466","0.017376565665518928","1","1","1","1","1","1","100","0.07901004894239103","50","50","0.6332327195709467","0.47673371494048167","0.7897317242014116","0.04324393644985604"
"824","100","0.4","0.35","144","5","periodic","60","0.2","0.5","0.1","1","0.05","500","2000","0.5","0.01","true","false","all","5","8","1.5","0.3","1","mixed","0.8","0.5","0.5","3000","20","28.552029634605965","60.10924498191364","0.3339402498995202","81.12551388178036","39.215802573858234","0.4506972993432242","0.21786556985476796","4249.904957641981","4318.122821915727","4181.687093368238","1.0326269578524572","2459.7651942836123","985.0060070174767","3934.5243815497483","0.25034944798829745","0.02383699882588597","1","1","1","1","1","1","100","0.07921662771613461","50","50","0.6263167029862524","0.4622238490562627","0.7904095569162422","0.0420941743192713"
"825","100","0.4","0.35","144","5","periodic","60","0.2","0.5","0.1","1","0.05","500","2000","0.5","0.01","true","false","all","5","8","1.5","0.3","1","mixed","0.8","0.5","0.5","3000","39","38.90441248834634","61.2970889769436","0.34053938320524224","86.89835711405414","30.11383584045851","0.4827686506336341","0.16729908800254728","4627.558455961054","4684.532041351291","4570.584870570817","1.024930544778669","2312.069919362677","1115.3556222672864","3508.7842164580693","0.3178752392454554","0.019280346527238423","1","1","1","1","1","1","100","0.07331280973403931","50","50","0.6475450778019817","0.5019998278885458","0.7930903277154175","0.04121329712109047"
"827","100","0.4","0.35","144","5","periodic","60","0.2","0.5","0.1","1","0.05","500","2000","0.5","0.01","true","false","all","5","8","1.5","0.3","1","mixed","0.8","0.5","0.5","3000","105","81.61456731008221","73.03411800164581","0.4057451000091434","104.76907095730272","32.11542238020178","0.5820503942072374","0.17841901322334322","18722.146034451565","18968.280700203984","18476.011368699154","1.0266437014830379","2420.0330978426014","952.8807140454625","3887.185481639741","0.24513384260827883","0.014286311788689776","1","1","1","1","1","1","100","0.08192397288793105","50","50","0.6281360674961766","0.45454737091420827","0.8017247640781453","0.04497758489002823"
"826","100","0.4","0.35","144","5","periodic","60","0.2","0.5","0.1","1","0.05","500","2000","0.5","0.01","true","false","all","5","8","1.5","0.3","1","mixed","0.8","0.5","0.5","3000","146","62.87911167844538","52.49535514958195","0.2916408619421219","72.57608941043446","33.212141562214555","0.4032004967246359","0.18451189756785863","20309.59463654935","20479.77835354714","20139.410919551552","1.0169005655307006","2285.0071407463874","1192.305896476105","3377.7083850166696","0.3529925501458649","0.011906470518916024","1","1","1","1","1","1","100","0.08721119125933255","50","50","0.6692582799612546","0.5295769078333494","0.8089396520891594","0.033907037061368835"
"828","100","0.4","0.35","144","5","periodic","60","0.2","0.5","0.1","1","0.05","500","2000","0.5","0.01","true","false","all","5","8","1.5","0.3","1","mixed","0.8","0.5","0.5","3000","141","58.91299236405599","97.9417051492619","0.5441205841625661","87.91187459655502","70.54772207850928","0.48839930331419457","0.39193178932505157","21138.62937997708","21429.133319404806","20848.125440549327","1.0278685908962075","2418.2803076249356","922.8021457593375","3913.758469490534","0.2357841325551859","0.014350238415781424","1","1","1","1","1","1","100","0.08174487013841876","50","50","0.6650498343696714","0.5331173299466361","0.7969823387927063","0.03248340561266752"
"829","100","0.4","0.35","144","5","periodic","60","0.2","0.5","0.1","1","0.05","500","2000","0.5","0.01","true","false","all","5","8","1.5","0.3","1","mixed","0.8","0.5","0.5","3000","9","70.9024551997116","111.22177508226886","0.6178987504570492","108.58224313659667","100.45715572577923","0.6032346840922037","0.5580953095876624","7166.257518796969","7279.85393041553","7052.661107178406","1.032213772898556","2378.3663491760344","1198.56896221145","3558.1637361406197","0.33685042372768503","0.018931835059919244","1","1","1","1","1","1","100","0.07380580263217261","50","50","0.662178667903125","0.5198003191283076","0.8045570166779433","0.03945523393434286"
"830","100","0.4","0.35","144","5","periodic","60","0.2","0.5","0.1","1","0.05","500","2000","0.5","0.01","true","false","all","5","8","1.5","0.3","1","mixed","0.8","0.5","0.5","3000","-1","39.25191902831817","61.90381259733903","0.34391006998521684","84.47102737897963","30.863259814358827","0.4692834854387757","0.17146255452421572","21426.24035240849","21679.63367714588","21172.847027671094","1.023935687478045","2393.596409785309","1009.7820711959762","3777.410748374643","0.2673212256915583","0.014232996847626245","1","1","1","1","1","1","100","0.10089671964168657","50","50","0.6524342183432823","0.5120064930783398","0.7928619436082246","0.0391304353682733"
"831","100","0.4","0.35","144","5","periodic","60","0.2","0.5","0.1","1","0.05","500","2000","0.5","0.01","true","false","all","5","8","1.5","0.3","1","mixed","0.8","0.5","0.5","3000","132","59.45761131871993","74.07308039040642","0.41151711328003565","93.97517002369521","33.6176166352796","0.5220842779094178","0.18676453686266445","19457.30691590235","19636.780136031444","19277.83369577328","1.01861964606204","2217.9965491170865","1093.8800660377572","3342.1130321964156","0.3273019360804999","0.012763106081203679","1","1","1","1","1","1","100","0.08931839135013463","50","50","0.6694835707689255","0.5446784565817712","0.79428868495608","0.030770587271115115"
"832","100","0.4","0.35","144","5","periodic","60","0.2","0.5","0.1","1","0.05","500","2000","0.5","0.01","true","false","all","5","8","1.5","0.3","1","mixed","0.8","0.5","0.5","3000","-1","45.380216221560325","56.402535876651456","0.31334742153695255","80.88113501138668","31.24492677530212","0.4493396389521482","0.17358292652945623","21503.946190588038","21810.390083854338","21197.502297321735","1.0289132076947591","2596.440010039947","946.8937459360473","4245.9862741438465","0.22300913964376323","0.013637698938559373","1","1","1","1","1","1","100","0.0782790569015843","50","50","0.6430818289525645","0.5003994173479255","0.785764240557203","0.03713230004316326"
"833","100","0.4","0.35","144","5","periodic","60","0.2","0.5","0.1","1","0.05","500","2000","0.5","0.01","true","false","all","5","8","1.5","0.3","1","mixed","0.8","0.5","0.5","3000","95","44.96279278116443","48.621120738764255","0.2701173374375792","62.97257678910737","34.65922038037829","0.34984764882837427","0.19255122433543492","2890.5869346203945","2923.4831076602213","2857.6907615805685","1.0230229061045304","2401.7569338207836","1305.3617191577844","3498.1521484837804","0.3731575025184576","0.020085254692252974","1","1","1","1","1","1","100","0.09751536426072403","50","50","0.6560800844948567","0.5100101403361196","0.8021500286535932","0.039242718216796445"
"836","100","0.4","0.35","144","5","periodic","60","0.2","0.5","0.1","1","0.05","500","2000","0.5","0.01","true","false","all","5","8","1.5","0.3","1","mixed","0.8","0.5","0.5","3000","16","49.26531662552397","87.16449185362855","0.48424717696460307","80.16921606576685","77.81637976635005","0.4453845336987047","0.43231322092416696","6277.591450987875","6346.029883932119","6209.153018043636","1.0220443698988773","2175.221941230752","920.1043386319287","3430.3395438295724","0.2682254414980565","0.015235798750376395","1","1","1","1","1","1","100","0.082733789104487","50","50","0.6448287469367129","0.5040062538403494","0.7856512400330764","0.03443625742995453"
"834","100","0.4","0.35","144","5","periodic","60","0.2","0.5","0.1","1","0.05","500","2000","0.5","0.01","true","false","all","5","8","1.5","0.3","1","mixed","0.8","0.5","0.5","3000","150","41.164803413356154","59.95618844555168","0.33308993580862045","75.36062648111846","40.61982371856044","0.41867014711732475","0.2256656873253358","20677.5411900178","21002.201312494428","20352.88106754119","1.0319031120360038","2269.2808401840234","1094.8967238370526","3443.664956530995","0.31794519433737417","0.014836223343421828","1","1","1","1","1","1","100","0.08785681813368117","50","50","0.6197798117382457","0.4621142338620789","0.7774453896144122","0.043384697114313295"
"835","100","0.4","0.35","144","5","periodic","60","0.2","0.5","0.1","1","0.05","500","2000","0.5","0.01","true","false","all","5","8","1.5","0.3","1","mixed","0.8","0.5","0.5","3000","151","34.8286840096123","53.228088819485585","0.2957116045526977","66.57926257887453","38.00350197749618","0.36988479210485853","0.21113056654164544","16402.331053947462","16599.691909846373","16204.970198048562","1.024358064653852","2325.94193656876","983.6191200649496","3668.2647530725717","0.2681428921511353","0.01435758682521171","1","1","1","1","1","1","100","0.09907867448121899","50","50","0.6545969610654019","0.5056124363273814","0.8035814858034226","0.03644722230553319"
"837","100","0.4","0.35","144","5","periodic","60","0.2","0.5","0.1","1","0.05","500","2000","0.5","0.01","true","false","all","5","8","1.5","0.3","1","mixed","0.8","0.5","0.5","3000","91","28.25557195644174","56.92695092749731","0.31626083848609615","73.43462492764581","38.39512780798736","0.4079701384869212","0.21330626559992977","4962.532482034789","5011.292594130784","4913.772369938791","1.019846304804145","1975.6778083002866","890.0236841764857","3061.3319324240892","0.2907308661141257","0.014298747711781301","1","1","1","1","1","1","100","0.08941381225093444","50","50","0.6446250454427097","0.4825498793212203","0.8067002115641988","0.04044240277123958"
"838","100","0.4","0.35","144","5","periodic","60","0.2","0.5","0.1","1","0.05","500","2000","0.5","0.01","true","false","all","5","8","1.5","0.3","1","mixed","0.8","0.5","0.5","3000","107","33.73056022567576","95.83379817020776","0.5324099898344875","101.52248037151472","53.647213606489856","0.5640137798417484","0.29804007559161033","19781.636925717103","20051.486323190053","19511.787528244153","1.0276601410385726","2055.82847285172","873.8635927075109","3237.7933529959264","0.26989480100665647","0.014000773531083865","1","1","1","1","1","1","100","0.0819310997267935","50","50","0.6459872685047311","0.4748534356483848","0.8171211013610783","0.040735867805988396"
"839","100","0.4","0.35","144","5","periodic","60","0.2","0.5","0.1","1","0.05","500","2000","0.5","0.01","true","false","all","5","8","1.5","0.3","1","mixed","0.8","0.5","0.5","3000","154","64.46441108164866","117.67561775123839","0.6537534319513244","99.59339711770936","134.39679783516277","0.5532966506539408","0.7466488768620154","14339.618930388793","14486.315109520852","14192.922751256745","1.0206717364285045","2245.354859538979","1032.3876831286068","3458.3220359493503","0.2985227148880033","0.012204938257647457","1","1","1","1","1","1","100","0.0932010830312485","50","50","0.6642333494941584","0.5107708487847625","0.817695850203554","0.03813749047539835"
"840","100","0.4","0.35","144","5","periodic","60","0.2","0.5","0.1","1","0.05","500","2000","0.5","0.01","true","false","all","5","8","1.5","0.3","1","mixed","0.8","0.5","0.5","3000","95","44.7277266230469","51.86960123732031","0.28816445131844615","66.14995055737694","35.651812817177515","0.3674997253187608","0.1980656267620973","6971.625148223132","7074.412749891911","6868.837546554345","1.0299286745310632","2215.482292167701","976.5576389861802","3454.406945349223","0.2826990723547932","0.016135523880256963","1","1","1","1","1","1","100","0.09217582104854594","50","50","0.628668130455631","0.45383712216298144","0.8034991387482804","0.04695151358266938"
"841","100","0.4","0.35","144","5","periodic","60","0.2","0.5","0.1","1","0.05","500","2000","0.5","0.01","true","false","all","5","8","1.5","0.3","1","mixed","0.8","0.5","0.75","3000","71","64.27772674312345","48.54233431500146","0.2696796350833415","68.69177870049262","27.685637415784903","0.38162099278051453","0.15380909675436058","8471.816394623385","8620.39495646849","8323.237832778284","1.0357021065191663","2586.476069460119","1118.7563000766604","4054.195838843576","0.27595023638418414","0.01716165606022746","1","1","1","1","1","1","100","0.0824696721294306","50","50","0.7723774579168778","0.7428840279184911","0.8018708879152647","0.011418323252639374"
"842","100","0.4","0.35","144","5","periodic","60","0.2","0.5","0.1","1","0.05","500","2000","0.5","0.01","true","false","all","5","8","1.5","0.3","1","mixed","0.8","0.5","0.75","3000","-1","95.72996240576971","108.7536198981437","0.6041867772119094","91.30440119784333","128.5862308235116","0.5072466733213519","0.714367949019509","21425.437124427826","21680.414732567562","21170.459516288094","1.024088056090002","2568.62893358312","1064.5225579372986","4072.7353092289436","0.2613777908731408","0.014970792296470137","1","1","1","1","1","1","100","0.07032505188790047","50","50","0.7848984080370475","0.7549209712713248","0.8148758448027703","0.01643444850877452"
"843","100","0.4","0.35","144","5","periodic","60","0.2","0.5","0.1","1","0.05","500","2000","0.5","0.01","true","false","all","5","8","1.5","0.3","1","mixed","0.8","0.5","0.75","3000","3","79.48767751399038","48.098669677834785","0.2672148315435266","57.96704163441553","38.63001046803717","0.3220391201911974","0.21461116926687318","12997.261799496326","13179.73785061616","12814.785748376484","1.028478985868797","2545.1661753209955","1292.8420790010146","3797.490271640977","0.3404464492393155","0.016897911377280694","1","1","1","1","1","1","100","0.0905896257489833","50","50","0.7814897376263932","0.760826781810104","0.8021526934426823","0.014078627311824087"
"844","100","0.4","0.35","144","5","periodic","60","0.2","0.5","0.1","1","0.05","500","2000","0.5","0.01","true","false","all","5","8","1.5","0.3","1","mixed","0.8","0.5","0.75","3000","-1","47.71381827920005","60.86406041873072","0.33813366899294844","80.37253920895064","40.55252309886299","0.44651410671639247","0.2252917949936833","21442.4863530462","21807.895936568097","21077.07676952432","1.0346736492462973","2617.1349307158735","1231.7613515230569","4002.508509908689","0.3077473410671543","0.015291271804683815","1","1","1","1","1","1","100","0.0867354340029645","50","50","0.7669681226064193","0.7308179795432791","0.8031182656695605","0.015190921393540256"
"845","100","0.4","0.35","144","5","periodic","60","0.2","0.5","0.1","1","0.05","500","2000","0.5","0.01","true","false","all","5","8","1.5","0.3","1","mixed","0.8","0.5","0.75","3000","-1","86.82978313462633","75.64363274380794","0.4202424041322663","84.68732047019941","63.74480599952963","0.4704851137233301","0.35413781110849796","21552.346350361207","21803.26423646799","21301.428464254426","1.0235587849451357","2391.676029184999","1086.0552101191402","3697.296848250858","0.2937430384127632","0.012931170396351277","1","1","1","1","1","1","100","0.075394808277953","50","50","0.789998853770536","0.7631489001264279","0.8168488074146432","0.01317156984604676"
"846","100","0.4","0.35","144","5","periodic","60","0.2","0.5","0.1","1","0.05","500","2000","0.5","0.01","true","false","all","5","8","1.5","0.3","1","mixed","0.8","0.5","0.75","3000","-1","87.47208483282883","71.09299080366667","0.39496106002037035","85.55944580492822","50.639734376369894","0.4753302544718234","0.28133185764649943","21501.089900826482","21763.55597599736","21238.623825655606","1.0247159210808965","2341.9064616801543","1073.8976852232581","3609.9152381370495","0.2974855680482566","0.014164009345423167","1","1","1","1","1","1","100","0.08556172214809689","50","50","0.7376212741038105","0.7126705945620735","0.7625719536455483","0.014443849313592787"
"847","100","0.4","0.35","144","5","periodic","60","0.2","0.5","0.1","1","0.05","500","2000","0.5","0.01","true","false","all","5","8","1.5","0.3","1","mixed","0.8","0.5","0.75","3000","116","36.205894197573734","64.18505477316322","0.35658363762868456","80.9635424144127","42.06720114056523","0.44979745785784836","0.2337066730031402","15584.428699750337","15757.975931150853","15410.881468349833","1.02252268720085","2365.0993298180124","944.9980096349589","3785.200650001067","0.24965598841760014","0.012300811438378023","1","1","1","1","1","1","100","0.08261087412275235","50","50","0.7518609161631332","0.7294042574239333","0.7743175749023323","0.014709650942161213"
"848","100","0.4","0.35","144","5","periodic","60","0.2","0.5","0.1","1","0.05","500","2000","0.5","0.01","true","false","all","5","8","1.5","0.3","1","mixed","0.8","0.5","0.75","3000","-1","45.94525145013253","53.12102880114072","0.295116826673004","72.5356339762161","33.57309275058114","0.4029757443123117","0.186517181947673","21505.229463708736","21738.223542202548","21272.235385214914","1.0219059327122488","2077.139435840204","1008.4980629099091","3145.7808087705007","0.3205875183986741","0.012320266119219436","1","1","1","1","1","1","100","0.0856233523505691","50","50","0.7820377909154059","0.7740592682327988","0.7900163135980134","0.01809051498783805"
"849","100","0.4","0.35","144","5","periodic","60","0.2","0.5","0.1","1","0.05","500","2000","0.5","0.01","true","false","all","5","8","1.5","0.3","1","mixed","0.8","0.5","0.75","3000","151","85.55075579718053","53.465184895707644","0.2970288049761536","74.97103167161781","31.62885039416687","0.41650573150898784","0.1757158355231493","13406.664492081363","13538.50813237573","13274.820851787004","1.0198637166959","2114.1409950367406","959.5448109190834","3268.7371791543974","0.2935521451643022","0.012388260316568811","1","1","1","1","1","1","100","0.08448807142472138","50","50","0.7376403299959705","0.6836521072155775","0.791628552776363","0.019659929274013582"
"850","100","0.4","0.35","144","5","periodic","60","0.2","0.5","0.1","1","0.05","500","2000","0.5","0.01","true","false","all","5","8","1.5","0.3","1","mixed","0.8","0.5","0.75","3000","-1","74.16045585417015","86.43855334803831","0.48021418526687953","96.45766051903601","67.05634355603708","0.5358758917724222","0.37253524197798377","21613.140539781656","21860.97730928733","21365.303770275987","1.0231999293967884","2194.1761155715512","1174.5204566162997","3213.831774526802","0.3654579763401692","0.013837307085750705","1","1","1","1","1","1","100","0.08387913411538568","50","50","0.7686799971712062","0.7406355519535502","0.7967244423888619","0.015003639256957108"
"851","100","0.4","0.35","144","5","periodic","60","0.2","0.5","0.1","1","0.05","500","2000","0.5","0.01","true","false","all","5","8","1.5","0.3","1","mixed","0.8","0.5","0.75","3000","16","41.46186714415837","47.43921281542975","0.26355118230794305","59.69926229413686","35.59247020170536","0.3316625683007603","0.19773594556502977","2157.622615828658","2183.7119183642026","2131.533313293114","1.0244793758303852","2427.4569202765197","1146.2441027431787","3708.6697378098593","0.3090714956517235","0.016050555548631662","1","1","1","0.9993315335091169","1","0.9986630670182334","100","0.08185153322939691","50","50","0.762663623975123","0.7180207435758554","0.8073065043743912","0.018476847767133393"
"852","100","0.4","0.35","144","5","periodic","60","0.2","0.5","0.1","1","0.05","500","2000","0.5","0.01","true","false","all","5","8","1.5","0.3","1","mixed","0.8","0.5","0.75","3000","-1","96.94103415241803","133.1574191455559","0.7397634396975328","120.04796476403791","143.54489215400451","0.6669331375779884","0.7974716230778028","21526.821645057695","21796.884192533773","21256.759097581617","1.0254095693738","2371.870408774971","958.3904372601153","3785.3503802898276","0.2531840757068136","0.014688764832777812","1","1","1","1","1","1","100","0.08442659073601018","50","50","0.7853768590626613","0.7735486860880352","0.7972050320372875","0.015279764164902359"
"853","100","0.4","0.35","144","5","periodic","60","0.2","0.5","0.1","1","0.05","500","2000","0.5","0.01","true","false","all","5","8","1.5","0.3","1","mixed","0.8","0.5","0.75","3000","91","68.2675595989898","60.22550282102732","0.3345861267834851","74.51277730001746","40.71778138770864","0.4139598738889859","0.22620989659838134","11630.655291802117","11770.961842207349","11490.348741396885","1.0244216348107418","2355.469318190473","998.4603390112867","3712.4782973696592","0.2689471180797769","0.014704405853971148","1","1","1","1","1","1","100","0.0769540023711567","50","50","0.7627008609316858","0.7155300757432164","0.809871646120156","0.015467772762697023"
"854","100","0.4","0.35","144","5","periodic","60","0.2","0.5","0.1","1","0.05","500","2000","0.5","0.01","true","false","all","5","8","1.5","0.3","1","mixed","0.8","0.5","0.75","3000","-1","81.33814225449302","72.43721960294307","0.40242899779412816","98.22300240920976","44.52333720161195","0.5456833467178319","0.24735187334228861","21529.360396820783","21851.728975848506","21206.99181779308","1.0304021034003732","2493.021796134619","1246.2616086963303","3739.781983572907","0.33324445493629523","0.014777101187945618","1","1","1","1","1","1","100","0.08430732134109511","50","50","0.7587621593666763","0.7551591670513308","0.7623651516820221","0.014459385136054373"
"856","100","0.4","0.35","144","5","periodic","60","0.2","0.5","0.1","1","0.05","500","2000","0.5","0.01","true","false","all","5","8","1.5","0.3","1","mixed","0.8","0.5","0.75","3000","111","31.812632587434692","54.77187507469928","0.3042881948594405","73.2201186576057","28.704985909636207","0.4067784369866983","0.15947214394242337","4111.334577119469","4160.1583641257575","4062.5107901131864","1.0240362620698047","2278.449961423163","999.2731322410931","3557.626790605234","0.2808819449189874","0.013439743855998776","1","1","1","1","1","1","100","0.07372029886822457","50","50","0.7718794536433848","0.7489150955715269","0.7948438117152431","0.01735954230262367"
"855","100","0.4","0.35","144","5","periodic","60","0.2","0.5","0.1","1","0.05","500","2000","0.5","0.01","true","false","all","5","8","1.5","0.3","1","mixed","0.8","0.5","0.75","3000","71","80.22578534229746","57.34726012047495","0.3185958895581942","83.92331936806697","23.188908986634345","0.4662406631559276","0.12882727214796857","3443.294093804833","3486.039768548445","3400.548419061225","1.0251404594059037","2531.3693785824835","1046.9896936645212","4015.749063500446","0.260720895929658","0.017488128959813","1","1","1","1","1","1","100","0.08185219608198842","50","50","0.7589441145645713","0.7285984380825361","0.7892897910466058","0.016272283664214057"
"857","100","0.4","0.35","144","5","periodic","60","0.2","0.5","0.1","1","0.05","500","2000","0.5","0.01","true","false","all","5","8","1.5","0.3","1","mixed","0.8","0.5","0.75","3000","-1","80.83737755041415","48.32805384731656","0.2684891880406476","62.325100966776745","34.629096961036346","0.3462505609265375","0.1923838720057575","21488.359898164665","21825.32240757452","21151.397388754805","1.0318619619514122","2305.315113016018","796.540896225717","3814.0893298063183","0.20884169911829656","0.014441544569331777","1","1","1","1","1","1","100","0.0773062811287147","50","50","0.7667854956613036","0.743140166119476","0.7904308252031317","0.015432688402770251"
"858","100","0.4","0.35","144","5","periodic","60","0.2","0.5","0.1","1","0.05","500","2000","0.5","0.01","true","false","all","5","8","1.5","0.3","1","mixed","0.8","0.5","0.75","3000","-1","54.81344316526092","52.11714180855767","0.28953967671420927","69.49620687928282","34.37102988311137","0.3860900382182379","0.19095016601728537","21542.632005077056","21810.345085686262","21274.918924467842","1.025167013003403","2003.4925089020987","917.5479343989218","3089.4370834052766","0.2969951837917253","0.01269173909875465","1","1","1","1","1","1","100","0.07912373185059443","50","50","0.7714574698889659","0.7409242322240996","0.8019907075538326","0.01733735346641911"
"860","100","0.4","0.35","144","5","periodic","60","0.2","0.5","0.1","1","0.05","500","2000","0.5","0.01","true","false","all","5","8","1.5","0.3","1","mixed","0.8","0.5","0.75","3000","131","52.38756360619695","64.60446525500012","0.35891369586111177","99.33220084729783","28.49080410436568","0.5518455602627657","0.15828224502425378","19047.249569756797","19253.803157358594","18840.69598215499","1.0219263224455657","2320.6633311070273","1174.2060996477492","3467.1205625663047","0.33866895553773907","0.013536834712673418","1","1","1","1","1","1","100","0.08812430143987694","50","50","0.768759995651299","0.7239272894867897","0.8135927018158081","0.01441868344048897"
"859","100","0.4","0.35","144","5","periodic","60","0.2","0.5","0.1","1","0.05","500","2000","0.5","0.01","true","false","all","5","8","1.5","0.3","1","mixed","0.8","0.5","0.75","3000","-1","70.9345468845101","52.48455975373291","0.2915808875207384","72.06225565130731","32.50947472426522","0.4003458647294851","0.18060819291258454","21550.739268833517","21788.126267360403","21313.352270306623","1.0222758949897912","2073.4058007809977","941.8656661596697","3204.9459354023247","0.29387880018682283","0.01307509909701765","1","1","1","1","1","1","100","0.09016920708032823","50","50","0.7663771583657478","0.7373963324330325","0.7953579842984627","0.015546699954148294"
"862","100","0.4","0.35","144","5","periodic","60","0.2","0.5","0.1","1","0.05","500","2000","0.5","0.01","true","false","all","5","8","1.5","0.3","1","mixed","0.8","0.5","0.75","3000","136","61.08965268478206","120.8696427489723","0.6714980152720683","100.91787407752146","140.58309472582414","0.5606548559862303","0.7810171929212453","15306.864203444176","15451.820645778975","15161.90776110937","1.019121134967806","2225.254664770072","1199.5277579103565","3250.9815716297867","0.3689740256844972","0.013047869113129051","1","1","1","1","1","1","100","0.09260418256520316","50","50","0.769286285696886","0.733083331034659","0.8054892403591135","0.01651271283192959"
"861","100","0.4","0.35","144","5","periodic","60","0.2","0.5","0.1","1","0.05","500","2000","0.5","0.01","true","false","all","5","8","1.5","0.3","1","mixed","0.8","0.5","0.75","3000","-1","67.99694655635106","64.77320726198201","0.3598511514554556","81.68763696498269","39.90750577831785","0.4538202053610149","0.22170836543509914","21533.594956618734","21752.3288201156","21314.861093121868","1.020524071214093","2341.6751548456987","1174.0814067306062","3509.26890296079","0.33456581390500656","0.01308792627293398","1","1","1","1","1","1","100","0.08526374177069779","50","50","0.7871626375193987","0.7707916247901863","0.8035336502486112","0.015546608024532903"
"863","100","0.4","0.35","144","5","periodic","60","0.2","0.5","0.1","1","0.05","500","2000","0.5","0.01","true","false","all","5","8","1.5","0.3","1","mixed","0.8","0.5","0.75","3000","54","59.8951221857561","46.904357397225276","0.2605797633179182","63.207557490998234","23.72658336905065","0.35115309717221244","0.13181435205028139","7287.482636215493","7385.135704800403","7189.82956763058","1.0271642234816127","2649.4725605236417","1137.3165026053207","4161.628618441964","0.2732863998400489","0.014074061436204488","1","1","1","1","1","1","100","0.07249537039312809","50","50","0.77875815170941","0.7728280789073757","0.7846882245114447","0.014977017329957163"
"864","100","0.4","0.35","144","5","periodic","60","0.2","0.5","0.1","1","0.05","500","2000","0.5","0.01","true","false","all","5","8","1.5","0.3","1","mixed","0.8","0.5","0.75","3000","-1","46.97289518621432","59.07848165293996","0.3282137869607776","73.1017149391974","40.74344810770897","0.40612063855109665","0.22635248948727207","21534.58801405195","21857.098968630587","21212.077059473304","1.030408239011616","2244.681523256024","1155.8039174212147","3333.559129090832","0.34671768901139594","0.01347331820879849","1","1","1","1","1","1","100","0.08476412152352192","50","50","0.7843284034558944","0.7603219652126847","0.8083348416991042","0.015098745579976787"
"865","100","0.4","0.35","144","5","periodic","60","0.2","0.5","0.1","1","0.05","500","2000","0.5","0.01","true","false","all","5","8","1.5","0.3","1","mixed","0.8","0.5","0.75","3000","-1","50.21359804615221","52.57448252740186","0.2920804584855659","65.29906166964071","38.68381295119544","0.36277256483133724","0.2149100719510858","21519.01943044429","21813.979770344144","21224.059090544448","1.0277949037591265","2438.091104916289","1041.2964480718442","3834.885761760735","0.2715325860433839","0.014800120659565597","1","1","1","1","1","1","100","0.10527504858976092","50","50","0.7890850257402979","0.760747910417048","0.8174221410635476","0.016300279295736624"
"866","100","0.4","0.35","144","5","periodic","60","0.2","0.5","0.1","1","0.05","500","2000","0.5","0.01","true","false","all","5","8","1.5","0.3","1","mixed","0.8","0.5","0.75","3000","46","62.130303939091476","117.77763077780115","0.6543201709877842","107.15324002114234","111.2262842173581","0.5952957778952352","0.617923801207545","5601.902616158198","5662.53876798069","5541.266464335707","1.0218853044562117","2131.3902167932183","864.8770597842548","3397.903373802182","0.25453256453742995","0.017342452835461097","1","1","1","1","1","1","100","0.08481683352926271","50","50","0.7703869512816784","0.7309710847495061","0.8098028178138506","0.017985412078079306"
"867","100","0.4","0.35","144","5","periodic","60","0.2","0.5","0.1","1","0.05","500","2000","0.5","0.01","true","false","all","5","8","1.5","0.3","1","mixed","0.8","0.5","0.75","3000","-1","79.71311603191589","90.01481879359932","0.5000823266311073","94.4412339700536","79.92978495990334","0.5246735220558534","0.44405436088835193","21534.641494383526","21821.276632586014","21248.00635618104","1.026979955991881","2580.9551280493342","1222.4115286088913","3939.4987274897767","0.3102962110582541","0.014474112029603026","1","1","1","1","1","1","100","0.09049069880690565","50","50","0.7890617132026676","0.7698361397124759","0.8082872866928603","0.01663423410279865"
"868","100","0.4","0.35","144","5","periodic","60","0.2","0.5","0.1","1","0.05","500","2000","0.5","0.01","true","false","all","5","8","1.5","0.3","1","mixed","0.8","0.5","0.75","3000","-1","53.426789125477015","43.04666165025862","0.23914812027921456","56.29840357285151","30.788198856844797","0.31276890873806396","0.1710455492046933","21533.082689642026","21922.84160515176","21143.323774132266","1.0368682729048115","2564.8143714062353","1386.1846657371882","3743.4440770752826","0.3702966138124335","0.016853337258579737","1","1","1","1","1","1","100","0.07115118906387692","50","50","0.7555233053600768","0.7247466108180768","0.7862999999020772","0.014412448823483224"
"869","100","0.4","0.35","144","5","periodic","60","0.2","0.5","0.1","1","0.05","500","2000","0.5","0.01","true","false","all","5","8","1.5","0.3","1","mixed","0.8","0.5","0.75","3000","41","51.25137893495052","61.180751048511226","0.3398930613806179","81.92482536295589","40.53659531441396","0.4551379186830883","0.22520330730229976","16583.841172002867","16796.660378979872","16371.021965025859","1.025999501733204","2686.1538938927447","1131.1734981786262","4241.134289606865","0.26671485054142935","0.014544775055796766","1","1","1","1","1","1","100","0.06837149850415991","50","50","0.7662777338713179","0.7416597551108837","0.7908957126317516","0.018200241214507133"
"870","100","0.4","0.35","144","5","periodic","60","0.2","0.5","0.1","1","0.05","500","2000","0.5","0.01","true","false","all","5","8","1.5","0.3","1","mixed","0.8","0.5","0.75","3000","146","48.875983176504946","50.34343879571661","0.2796857710873145","63.02761041401885","32.7251504832541","0.35015339118899363","0.18180639157363387","21118.145474118657","21388.66051258499","20847.630435652314","1.0259516341007004","2353.1950417725766","1248.2344017207986","3458.1556818243525","0.3609537905656958","0.012922022424203705","1","1","1","1","1","1","100","0.08247584506952262","50","50","0.7609179894519684","0.7457464464669161","0.7760895324370206","0.01949450802166216"
"871","100","0.4","0.35","144","5","periodic","60","0.2","0.5","0.1","1","0.05","500","2000","0.5","0.01","true","false","all","5","8","1.5","0.3","1","mixed","0.8","0.5","1","3000","-1","69.41473709318171","58.74942768996007","0.32638570938866707","67.70485197424625","45.007409887063886","0.3761380665235903","0.2500411660392438","21526.48740628864","21690.793922991295","21362.180889585998","1.0153829346874172","2099.0881377070896","1071.2052510567628","3126.9710243574173","0.3425696121622655","0.012628995107750951","1","1","1","1","1","1","100","0.08426479950763509","50","50","0.8604473649205719","0.9230614635458758","0.797833266295268","0.012625938782462143"
"872","100","0.4","0.35","144","5","periodic","60","0.2","0.5","0.1","1","0.05","500","2000","0.5","0.01","true","false","all","5","8","1.5","0.3","1","mixed","0.8","0.5","1","3000","-1","69.6130525653723","47.02775537395968","0.26126530763310934","62.52256726444988","31.555310934273265","0.3473475959136105","0.17530728296818482","21512.296722045405","21818.721996129054","21205.871447961745","1.0289000407114233","2648.0440197824732","1363.992810296637","3932.0952292683105","0.34688702352472023","0.01573975316501075","1","1","1","1","1","1","100","0.08445442195623816","50","50","0.863038140325097","0.937705984272355","0.7883702963778386","0.015655040225592425"
"873","100","0.4","0.35","144","5","periodic","60","0.2","0.5","0.1","1","0.05","500","2000","0.5","0.01","true","false","all","5","8","1.5","0.3","1","mixed","0.8","0.5","1","3000","-1","74.14486755991028","103.38274301225532","0.5743485722903073","120.74173181688354","59.78426559284451","0.6707873989826864","0.33213480884913615","21475.888745664455","21782.836528439322","21168.940962889592","1.0289998241587017","2374.8186657711863","854.4709027998366","3895.1664287425356","0.21936698172757735","0.015886825526772785","1","1","1","1","1","1","100","0.0873360216311807","50","50","0.8733205269122591","0.9538959955912091","0.7927450582333095","0.01353171941778384"
"874","100","0.4","0.35","144","5","periodic","60","0.2","0.5","0.1","1","0.05","500","2000","0.5","0.01","true","false","all","5","8","1.5","0.3","1","mixed","0.8","0.5","1","3000","-1","67.47267477851923","94.31608045763848","0.5239782247646582","100.54547283479238","63.47018346840777","0.558585960193291","0.35261213038004313","21526.68264505019","21768.74041176166","21284.624878338735","1.022744846864349","2397.4115797427035","1331.2555286459421","3463.567630839465","0.3843596171740656","0.01172964103505958","1","1","1","1","1","1","100","0.07732136165704839","50","50","0.8708751713286944","0.9474151360713893","0.7943352065859997","0.012790999069272762"
"875","100","0.4","0.35","144","5","periodic","60","0.2","0.5","0.1","1","0.05","500","2000","0.5","0.01","true","false","all","5","8","1.5","0.3","1","mixed","0.8","0.5","1","3000","121","51.99974553023082","40.28545250855711","0.22380806949198392","55.42354652746642","24.877734375208885","0.3079085918192579","0.13820963541782713","15258.638034216545","15511.001907709695","15006.274160723393","1.0336344479369397","2727.1532353611465","1263.2317946065948","4191.074676115698","0.3014099943877312","0.015443833783942873","1","1","1","1","1","1","100","0.06975001345592875","50","50","0.8580402537234921","0.9462736506767593","0.7698068567702256","0.016094768455258052"
"876","100","0.4","0.35","144","5","periodic","60","0.2","0.5","0.1","1","0.05","500","2000","0.5","0.01","true","false","all","5","8","1.5","0.3","1","mixed","0.8","0.5","1","3000","-1","63.015889313395945","51.63069230792315","0.28683717948846194","65.45106238165519","38.28849656217832","0.3636170132314177","0.21271386978987955","21603.79104365964","21812.667019050667","21394.915068268645","1.0195257587818891","2171.018147666687","1201.0369662524026","3140.999329080972","0.38237415561747834","0.011627481164827813","1","1","1","1","1","1","100","0.086021364003731","50","50","0.8682349932853701","0.9434036401237605","0.7930663464469806","0.014891891524371816"
"877","100","0.4","0.35","144","5","periodic","60","0.2","0.5","0.1","1","0.05","500","2000","0.5","0.01","true","false","all","5","8","1.5","0.3","1","mixed","0.8","0.5","1","3000","-1","90.76816080075051","135.6182921475837","0.753434956375465","128.13904249494593","139.11175899222997","0.7118835694163662","0.7728431055123887","21657.610035669877","21922.07940747805","21393.1406638617","1.0247246887180923","2178.606547487085","1426.5234805990435","2930.6896143751264","0.48675351821697527","0.013370690558426102","1","1","1","1","1","1","100","0.08744600853001325","50","50","0.8615561962790711","0.9450515294297839","0.7780608631283583","0.01495864019109631"
"878","100","0.4","0.35","144","5","periodic","60","0.2","0.5","0.1","1","0.05","500","2000","0.5","0.01","true","false","all","5","8","1.5","0.3","1","mixed","0.8","0.5","1","3000","-1","41.91450833696148","49.37903658823233","0.2743279810457352","65.57271403766687","32.82911248835099","0.36429285576481596","0.18238395826861659","21426.4341800151","21786.63854461616","21066.22981541403","1.0341973260291224","2573.949946253162","985.7666473718868","4162.133245134439","0.2368416841349936","0.015945209836253804","1","1","1","1","1","1","100","0.08951314284333409","50","50","0.8443651172504939","0.8955022139864388","0.7932280205145493","0.012281912005426878"
"879","100","0.4","0.35","144","5","periodic","60","0.2","0.5","0.1","1","0.05","500","2000","0.5","0.01","true","false","all","5","8","1.5","0.3","1","mixed","0.8","0.5","1","3000","-1","78.15952124711632","57.32675453382504","0.3184819696323613","60.11873939528218","47.454757284294075","0.33399299664045656","0.2636375404683004","21532.786610673193","21878.169518930405","21187.403702415962","1.0326026645933817","2516.9824703314916","1256.0605802301166","3777.9043604328695","0.3324754838648691","0.014860757916058898","1","1","1","1","1","1","100","0.08097099393222637","50","50","0.8590653160064137","0.9248045320766969","0.793326099936131","0.013446461907156477"
"880","100","0.4","0.35","144","5","periodic","60","0.2","0.5","0.1","1","0.05","500","2000","0.5","0.01","true","false","all","5","8","1.5","0.3","1","mixed","0.8","0.5","1","3000","-1","44.33633206491321","48.2878845637355","0.2682660253540861","56.08657276174689","41.41695446492072","0.31159207089859386","0.23009419147178178","21512.91101015457","21864.240777251645","21161.58124305749","1.0332044910124416","2622.5868671473418","1402.9795178470592","3842.194216447623","0.36515059854111503","0.014896756181290494","1","1","1","1","1","1","100","0.08326986113290528","50","50","0.868755371001715","0.9365975662768818","0.8009131757265477","0.013742620558507205"
"881","100","0.4","0.35","144","5","periodic","60","0.2","0.5","0.1","1","0.05","500","2000","0.5","0.01","true","false","all","5","8","1.5","0.3","1","mixed","0.8","0.5","1","3000","-1","85.52408301956861","110.19933030309376","0.6122185016838542","107.84606340466671","85.20615301576245","0.5991447966925928","0.47336751675423583","21546.27191859427","21883.614925587248","21208.928911601273","1.0318114138058576","2457.640033181834","1163.7531206262431","3751.5269457374216","0.3102078533511611","0.014346591931429398","1","1","1","1","1","1","100","0.08095989522279422","50","50","0.878538500953599","0.9502752056114612","0.8068017962957371","0.014241759676198753"
"882","100","0.4","0.35","144","5","periodic","60","0.2","0.5","0.1","1","0.05","500","2000","0.5","0.01","true","false","all","5","8","1.5","0.3","1","mixed","0.8","0.5","1","3000","-1","59.78134806535142","71.36268652704456","0.39645936959469197","90.92847318989466","50.1616330307215","0.5051581843883036","0.2786757390595639","21595.4824370994","21861.03308201035","21329.93179218845","1.0248993430919644","2258.258261591125","1131.3342237826446","3385.1822993996057","0.33420186085201303","0.014196836106743715","1","1","1","1","1","1","100","0.08994292234775657","50","50","0.8545880484864569","0.9133474187488764","0.7958286782240376","0.012576808429514716"
"883","100","0.4","0.35","144","5","periodic","60","0.2","0.5","0.1","1","0.05","500","2000","0.5","0.01","true","false","all","5","8","1.5","0.3","1","mixed","0.8","0.5","1","3000","151","50.936397744599255","47.11853109069622","0.2617696171705346","62.11266763208622","31.558247212560158","0.34507037573381233","0.1753235956253342","7772.421051747512","7836.900090547669","7707.942012947347","1.016730545894573","2354.824934369932","1084.9313999666122","3624.7184687732515","0.29931466659086375","0.016629804065926956","1","1","1","1","1","1","100","0.07644434034705407","50","50","0.8627674718794256","0.9161559872113015","0.8093789565475494","0.013631691995097367"
"884","100","0.4","0.35","144","5","periodic","60","0.2","0.5","0.1","1","0.05","500","2000","0.5","0.01","true","false","all","5","8","1.5","0.3","1","mixed","0.8","0.5","1","3000","-1","64.38018534932833","38.022154150305916","0.21123418972392174","51.853939185043345","24.30650088971085","0.2880774399169075","0.13503611605394916","21592.48837224772","21807.82090324943","21377.15584124603","1.0201460411853507","2287.4313496054697","1277.046546035675","3297.816153175265","0.38724006637122127","0.01305362425825729","1","1","1","1","1","1","100","0.08202353388015751","50","50","0.8807152931390645","0.9461679506701511","0.8152626356079787","0.012842984304448518"
"885","100","0.4","0.35","144","5","periodic","60","0.2","0.5","0.1","1","0.05","500","2000","0.5","0.01","true","false","all","5","8","1.5","0.3","1","mixed","0.8","0.5","1","3000","133","75.47574988209459","123.97371444899971","0.6887428580499985","111.4715176601639","134.83969948209113","0.6192862092231327","0.749109441567173","12182.044364801988","12314.631885453047","12049.456844150935","1.0220072194732028","2173.670737392182","895.4306801998043","3451.9107945845612","0.25940145429151223","0.01449729600478844","1","1","1","1","1","1","100","0.07908908010056152","50","50","0.8695222273529798","0.9441355078574475","0.7949089468485119","0.01459001544547458"
"886","100","0.4","0.35","144","5","periodic","60","0.2","0.5","0.1","1","0.05","500","2000","0.5","0.01","true","false","all","5","8","1.5","0.3","1","mixed","0.8","0.5","1","3000","-1","56.048969093097","55.4304283453581","0.3079468241408784","71.38633632338377","35.93235386135207","0.39659075735213206","0.19962418811862262","21516.916785939433","21836.205112741794","21197.628459137082","1.03012491019152","2554.8940818460965","937.9147961265601","4171.873367565631","0.2248186158809158","0.014515082848061356","1","1","1","1","1","1","100","0.08822857866963961","50","50","0.8551533212537165","0.9134328386159098","0.7968738038915244","0.014049343253640878"
"887","100","0.4","0.35","144","5","periodic","60","0.2","0.5","0.1","1","0.05","500","2000","0.5","0.01","true","false","all","5","8","1.5","0.3","1","mixed","0.8","0.5","1","3000","61","51.70996028554847","48.44374996106697","0.26913194422814984","69.12663903851592","28.220370205839362","0.38403688354731064","0.15677983447688534","5899.458567227242","5998.579224065936","5800.337910388552","1.0341775456430446","2415.054285032632","1021.9654493810096","3808.143120684255","0.2683631935549157","0.01652420835928914","1","1","1","1","1","1","100","0.07999706822059637","50","50","0.8779995916424188","0.9506932744545099","0.8053059088303278","0.012004042015998606"
"888","100","0.4","0.35","144","5","periodic","60","0.2","0.5","0.1","1","0.05","500","2000","0.5","0.01","true","false","all","5","8","1.5","0.3","1","mixed","0.8","0.5","1","3000","146","52.6511416622224","92.86353266473357","0.5159085148040754","108.08400100141075","66.8860019709551","0.6004666722300598","0.37158889983863946","18755.608007584833","18957.57682757177","18553.63918759787","1.0217713428556872","2489.960690453676","1156.4978611687498","3823.423519738601","0.30247704843532924","0.014067312646220298","1","1","1","1","1","1","100","0.09001258282857089","50","50","0.8688937708623565","0.948335769015446","0.7894517727092673","0.016397889238222108"
"889","100","0.4","0.35","144","5","periodic","60","0.2","0.5","0.1","1","0.05","500","2000","0.5","0.01","true","false","all","5","8","1.5","0.3","1","mixed","0.8","0.5","1","3000","76","64.66494876869245","58.3871879357643","0.3243732663098017","77.4157533120225","29.6104494100522","0.430087518400125","0.16450249672251221","20172.48015905576","20414.499120453474","19930.46119765805","1.0242863382836471","2436.4979014832775","1086.793014083926","3786.2027888826287","0.2870403606682295","0.012782732548167974","1","1","1","1","1","1","100","0.0851172197104756","50","50","0.8800944089397327","0.930111312781662","0.8300775050978026","0.012809698456109513"
"890","100","0.4","0.35","144","5","periodic","60","0.2","0.5","0.1","1","0.05","500","2000","0.5","0.01","true","false","all","5","8","1.5","0.3","1","mixed","0.8","0.5","1","3000","-1","48.45990829124493","43.734551549228335","0.2429697308290463","60.08059677330666","27.18365090081092","0.333781093185037","0.15102028278228288","21557.7372573294","21806.09457834322","21309.379936315607","1.0233096713049408","2362.1890769237934","990.8407706550378","3733.537383192549","0.26538927268160084","0.012575392869384583","1","1","1","1","1","1","100","0.0821082801738578","50","50","0.8734769891262437","0.9343785620184023","0.8125754162340856","0.012361051339403354"
"891","100","0.4","0.35","144","5","periodic","60","0.2","0.5","0.1","1","0.05","500","2000","0.5","0.01","true","false","all","5","8","1.5","0.3","1","mixed","0.8","0.5","1","3000","-1","66.97584716514044","62.4557643436265","0.34697646857570275","68.28878291647843","49.47462099576911","0.379382127313769","0.2748590055320506","21544.964611166535","21785.32595114939","21304.603271183707","1.022564263405735","2450.584442782622","1246.831682946278","3654.3372026189663","0.34119229119105565","0.013611231665683565","1","1","1","1","1","1","100","0.08542336977091256","50","50","0.8634376193132707","0.9304889593565498","0.7963862792699916","0.014387139673684384"
"892","100","0.4","0.35","144","5","periodic","60","0.2","0.5","0.1","1","0.05","500","2000","0.5","0.01","true","false","all","5","8","1.5","0.3","1","mixed","0.8","0.5","1","3000","-1","45.886624687115614","51.77302476691527","0.2876279153717515","72.32009334636462","30.901066571012294","0.40177829636869233","0.1716725920611794","21601.87970500556","21852.836695901315","21350.92271410983","1.0235078356337162","2332.009167502773","1193.994655075082","3470.023679930463","0.3440883305727207","0.012952851529360432","1","1","1","1","1","1","100","0.07886922292899072","50","50","0.8835863941892071","0.9535670261486798","0.8136057622297344","0.015242989647738727"
"893","100","0.4","0.35","144","5","periodic","60","0.2","0.5","0.1","1","0.05","500","2000","0.5","0.01","true","false","all","5","8","1.5","0.3","1","mixed","0.8","0.5","1","3000","61","64.5427149911055","66.36345467632836","0.36868585931293535","77.88209901081282","44.72050153077342","0.43267832783784904","0.248447230726519","16335.686216433773","16587.404108467592","16083.96832439993","1.0313004709978155","2563.297325784933","1450.3152211086415","3676.2794304612257","0.39450625246043525","0.01477085054659466","1","1","1","1","1","1","100","0.06600697060403554","50","50","0.8706044582581023","0.9443294009808355","0.796879515535369","0.014218998454987085"
"894","100","0.4","0.35","144","5","periodic","60","0.2","0.5","0.1","1","0.05","500","2000","0.5","0.01","true","false","all","5","8","1.5","0.3","1","mixed","0.8","0.5","1","3000","120","68.55945474980305","102.64668464864788","0.5702593591591548","100.54389916881904","98.58078433395409","0.5585772176045503","0.5476710240775227","14713.1674179271","14929.650390079078","14496.684445775129","1.0298665495495514","2607.0071689176143","1302.6261988194005","3911.3881390158285","0.3330342457772968","0.015853894836676652","1","1","1","1","1","1","100","0.08463720582476922","50","50","0.8746135575317612","0.9610449713732335","0.7881821436902886","0.016756296704371107"
"896","100","0.4","0.35","144","5","periodic","60","0.2","0.5","0.1","1","0.05","500","2000","0.5","0.01","true","false","all","5","8","1.5","0.3","1","mixed","0.8","0.5","1","3000","-1","87.33432405368697","51.42107964500983","0.2856726646944991","67.12071786523603","32.39945898017283","0.3728928770290891","0.1799969943342935","21449.957459769394","21843.75781183208","21056.1571077067","1.0374047695453947","2576.755165608204","968.0372967336273","4185.473034482783","0.2312850396498258","0.016380809782805983","1","1","1","1","1","1","100","0.08752412623083061","50","50","0.871864347237754","0.947074380858388","0.7966543136171188","0.013328237451070164"
"895","100","0.4","0.35","144","5","periodic","60","0.2","0.5","0.1","1","0.05","500","2000","0.5","0.01","true","false","all","5","8","1.5","0.3","1","mixed","0.8","0.5","1","3000","-1","72.76751538585532","72.05787533604698","0.4003215296447054","85.17512968143572","47.49994844897523","0.47319516489686514","0.26388860249430685","21496.990286280547","21795.2508475472","21198.7297250139","1.0281394748775639","2202.9489161226215","1046.8298078532775","3359.0680243919674","0.3116429319834232","0.014736793848661334","1","1","1","1","1","1","100","0.0826876688753039","50","50","0.8642928077977782","0.9435370459568452","0.7850485696387114","0.01396276836198656"
"897","100","0.4","0.35","144","5","periodic","60","0.2","0.5","0.1","1","0.05","500","2000","0.5","0.01","true","false","all","5","8","1.5","0.3","1","mixed","0.8","0.5","1","3000","111","72.23448897748625","102.97916964688756","0.5721064980382642","102.94708871292097","86.39999999999998","0.5719282706273388","0.47999999999999987","10152.144669698035","10337.62305841813","9966.666280977932","1.0372197449961977","2691.6150703470794","1131.8001200859735","4251.430020608185","0.2662163353506321","0.017594578132395178","1","1","1","1","1","1","100","0.07541315055432433","50","50","0.8753207168727477","0.9423379563289813","0.8083034774165136","0.012696006230680358"
"898","100","0.4","0.35","144","5","periodic","60","0.2","0.5","0.1","1","0.05","500","2000","0.5","0.01","true","false","all","5","8","1.5","0.3","1","mixed","0.8","0.5","1","3000","71","59.985453134336524","72.13394185062734","0.4007441213923741","81.11480129279518","55.990977269524926","0.4506377849599732","0.31106098483069405","14747.02188193072","14913.62987018638","14580.413893675048","1.0228536706119082","2245.042557493031","1328.966769406666","3161.118345579397","0.4204103181600692","0.013182742838766526","1","1","1","1","1","1","100","0.09307163691064409","50","50","0.8717958529684299","0.9196921437668141","0.8238995621700458","0.010145601640917047"
"899","100","0.4","0.35","144","5","periodic","60","0.2","0.5","0.1","1","0.05","500","2000","0.5","0.01","true","false","all","5","8","1.5","0.3","1","mixed","0.8","0.5","1","3000","-1","67.07993520289011","61.97826745751861","0.3443237080973256","80.66664993895631","41.72588253647187","0.448148055216424","0.23181045853595483","21430.9779319138","21867.97263153544","20993.983232292176","1.0416304704816053","2789.013482920375","1350.68253226743","4227.344433573319","0.3195108781627513","0.016130153948565873","1","1","1","1","1","1","100","0.08248484257404907","50","50","0.8773889848528215","0.9476472438929752","0.8071307258126684","0.015735355632247105"
"900","100","0.4","0.35","144","5","periodic","60","0.2","0.5","0.1","1","0.05","500","2000","0.5","0.01","true","false","all","5","8","1.5","0.3","1","mixed","0.8","0.5","1","3000","-1","64.15112793350968","59.9247935303139","0.332915519612855","86.06755970941133","32.20996232878104","0.4781531094967296","0.17894423515989466","21458.028157970366","21724.91914581659","21191.137170124148","1.0251889255119815","2184.5202244505167","1165.204270724766","3203.8361781762655","0.3636903405554401","0.015193544022657601","1","1","1","1","1","1","100","0.08814738189104886","50","50","0.8777407042059153","0.9471364642960404","0.8083449441157904","0.013861446046842368"
