"BehaviorSpace results (NetLogo 7.0.3)","Table version 2.0"
"netlogo/coherence_model_tencon.nlogox"
"S-H006_fine_bias_onset"
"07/03/2026 11:41:09:166 +1000"
"min-pxcor","max-pxcor","min-pycor","max-pycor"
"-16","16","-16","16"
"[run number]","population","coupling-strength","noise-level","perturb-duration","recovery-tolerance","perturbation-regime","perturbation-strength","identity-pull-weight","social-pull-weight","metabolic-rate","shock-multiplier","recovery-rate","fatigue-threshold","fatigue-saturation","fatigue-intensity","cost-decay-rate","fatigue-enabled?","controlled-variance?","selective-identity-pull","human-update-rate","ai-influence-radius","ai-tie-strength-multiplier","ai-noise-multiplier","human-noise-multiplier","coordination-regime","ai-regime-bias-mean","human-regime-bias-mean","ai-proportion","[step]","recovery-time","max-deviation","heading-variance","diversity-index","human-heading-variance","ai-heading-variance","human-diversity-index","ai-diversity-index","mean-cumulative-cost","human-mean-cost","ai-mean-cost","human-ai-cost-ratio","mean-alignment-work","human-mean-alignment-work","ai-mean-alignment-work","human-ai-work-ratio","cost-gini","max-fatigue-level","human-max-fatigue","ai-max-fatigue","mean-fatigue-level","human-mean-fatigue","ai-mean-fatigue","agents-fatigued","initial-coupling-bias-variance","num-humans","num-ais","mean-regime-bias","human-mean-regime-bias","ai-mean-regime-bias","regime-bias-variance"
"5","100","0.4","0.35","144","5","periodic","60","0.2","0.5","0.1","1","0.05","500","2000","0.5","0.01","true","false","all","5","8","1.5","0.3","1","mixed","0.8","0","0","3000","1","17.39562891426344","86.48062129535059","0.48044789608528105","86.48062129535059","0","0.48044789608528105","0","3661.162935263784","3661.162935263784","0","0","610.7733047301479","610.7733047301479","0","0","0.020351176570565954","1","1","0","1","1","0","100","0.07455387406164998","100","0","0.06756923883707866","0.06756923883707866","0","0.00709335941213501"
"3","100","0.4","0.35","144","5","periodic","60","0.2","0.5","0.1","1","0.05","500","2000","0.5","0.01","true","false","all","5","8","1.5","0.3","1","mixed","0.8","0","0","3000","31","10.813560555488621","86.13029594568292","0.47850164414268287","86.13029594568292","0","0.47850164414268287","0","908.65704179382","908.65704179382","0","0","638.9310317967675","638.9310317967675","0","0","0.0221924145746748","0.32788858349910927","0.32788858349910927","0","0.2724380278625467","0.2724380278625467","0","100","0.08569879647915142","100","0","0.06907780912988615","0.06907780912988615","0","0.009137571091958778"
"2","100","0.4","0.35","144","5","periodic","60","0.2","0.5","0.1","1","0.05","500","2000","0.5","0.01","true","false","all","5","8","1.5","0.3","1","mixed","0.8","0","0","3000","0","11.721893337077674","91.06724318608538","0.5059291288115855","91.06724318608538","0","0.5059291288115855","0","722.2691076669943","722.2691076669943","0","0","767.5597766942793","767.5597766942793","0","0","0.01984197832590895","0.18668659777301308","0.18668659777301308","0","0.14817940511132927","0.14817940511132927","0","100","0.08366383178825355","100","0","0.05085050993556752","0.05085050993556752","0","0.006235341274366842"
"1","100","0.4","0.35","144","5","periodic","60","0.2","0.5","0.1","1","0.05","500","2000","0.5","0.01","true","false","all","5","8","1.5","0.3","1","mixed","0.8","0","0","3000","0","24.66791814898862","90.48045454889598","0.5026691919383109","90.48045454889598","0","0.5026691919383109","0","8227.997967249841","8227.997967249841","0","0","739.5997714058755","739.5997714058755","0","0","0.012768204498824653","1","1","0","1","1","0","100","0.08425560008601754","100","0","0.05261935300085787","0.05261935300085787","0","0.007051258757249614"
"7","100","0.4","0.35","144","5","periodic","60","0.2","0.5","0.1","1","0.05","500","2000","0.5","0.01","true","false","all","5","8","1.5","0.3","1","mixed","0.8","0","0","3000","0","11.074899862374807","77.17686842868544","0.4287603801593635","77.17686842868544","0","0.4287603801593635","0","650.0376998825249","650.0376998825249","0","0","930.3201094818796","930.3201094818796","0","0","0.021600923121229965","0.14460278861038334","0.14460278861038334","0","0.10002513325501652","0.10002513325501652","0","100","0.07342690517387301","100","0","0.07056727398569057","0.07056727398569057","0","0.009564547252164497"
"4","100","0.4","0.35","144","5","periodic","60","0.2","0.5","0.1","1","0.05","500","2000","0.5","0.01","true","false","all","5","8","1.5","0.3","1","mixed","0.8","0","0","3000","0","20.00622308343607","85.97240209747743","0.4776244560970968","85.97240209747743","0","0.4776244560970968","0","1660.946947037878","1660.946947037878","0","0","749.6301980301886","749.6301980301886","0","0","0.013133819960813531","0.8491171280796319","0.8491171280796319","0","0.7739646313585847","0.7739646313585847","0","100","0.09213955507229027","100","0","0.06305580454185605","0.06305580454185605","0","0.006697993046648623"
"8","100","0.4","0.35","144","5","periodic","60","0.2","0.5","0.1","1","0.05","500","2000","0.5","0.01","true","false","all","5","8","1.5","0.3","1","mixed","0.8","0","0","3000","0","12.159788307641094","87.66054187983711","0.4870030104435395","87.66054187983711","0","0.4870030104435395","0","756.4030756196253","756.4030756196253","0","0","733.7127806635351","733.7127806635351","0","0","0.017310142441800735","0.20253567082037194","0.20253567082037194","0","0.17093538374641654","0.17093538374641654","0","100","0.08694194435738328","100","0","0.047063384176295554","0.047063384176295554","0","0.006510135580090089"
"6","100","0.4","0.35","144","5","periodic","60","0.2","0.5","0.1","1","0.05","500","2000","0.5","0.01","true","false","all","5","8","1.5","0.3","1","mixed","0.8","0","0","3000","31","31.234583440614998","75.35826770871799","0.418657042826211","75.35826770871799","0","0.418657042826211","0","3657.51440824035","3657.51440824035","0","0","810.7462390330655","810.7462390330655","0","0","0.010779526540573903","1","1","0","1","1","0","100","0.09192095803965415","100","0","0.04925004555894966","0.04925004555894966","0","0.005940827227319322"
"9","100","0.4","0.35","144","5","periodic","60","0.2","0.5","0.1","1","0.05","500","2000","0.5","0.01","true","false","all","5","8","1.5","0.3","1","mixed","0.8","0","0","3000","0","16.14364670164923","86.75731951716932","0.48198510842871845","86.75731951716932","0","0.48198510842871845","0","1250.0422358268156","1250.0422358268156","0","0","696.8635089108899","696.8635089108899","0","0","0.01660384743137988","0.5641063186404137","0.5641063186404137","0","0.5000281572178773","0.5000281572178773","0","100","0.08457080858788396","100","0","0.06886074646557465","0.06886074646557465","0","0.00816139997833209"
"10","100","0.4","0.35","144","5","periodic","60","0.2","0.5","0.1","1","0.05","500","2000","0.5","0.01","true","false","all","5","8","1.5","0.3","1","mixed","0.8","0","0","3000","81","24.477984799307833","97.99174346018219","0.54439857477879","97.99174346018219","0","0.54439857477879","0","2686.049947980586","2686.049947980586","0","0","769.8456043891769","769.8456043891769","0","0","0.01762666831949855","1","1","0","1","1","0","100","0.07674718798253816","100","0","0.06060932157971019","0.06060932157971019","0","0.007257085821342645"
"13","100","0.4","0.35","144","5","periodic","60","0.2","0.5","0.1","1","0.05","500","2000","0.5","0.01","true","false","all","5","8","1.5","0.3","1","mixed","0.8","0","0","3000","0","13.30317983987743","80.99194464131932","0.44995524800732956","80.99194464131932","0","0.44995524800732956","0","1479.936803153143","1479.936803153143","0","0","696.3966752641187","696.3966752641187","0","0","0.0126662233307413","0.7101325607307452","0.7101325607307452","0","0.6532912021020946","0.6532912021020946","0","100","0.09025108320456818","100","0","0.045796277981686756","0.045796277981686756","0","0.005363570425882551"
"14","100","0.4","0.35","144","5","periodic","60","0.2","0.5","0.1","1","0.05","500","2000","0.5","0.01","true","false","all","5","8","1.5","0.3","1","mixed","0.8","0","0","3000","21","10.423921439792764","89.26787136779805","0.49593261870998917","89.26787136779805","0","0.49593261870998917","0","1184.4611859794084","1184.4611859794084","0","0","853.5846173527665","853.5846173527665","0","0","0.016814759921405464","0.5190706359446231","0.5190706359446231","0","0.4563074573196053","0.4563074573196053","0","100","0.08324389506617247","100","0","0.06957526002673921","0.06957526002673921","0","0.007711226434760382"
"12","100","0.4","0.35","144","5","periodic","60","0.2","0.5","0.1","1","0.05","500","2000","0.5","0.01","true","false","all","5","8","1.5","0.3","1","mixed","0.8","0","0","3000","41","13.78636625238019","88.84831850840492","0.49360176949113843","88.84831850840492","0","0.49360176949113843","0","995.7927992214213","995.7927992214213","0","0","818.3690816956523","818.3690816956523","0","0","0.01756340757602448","0.3956657476955361","0.3956657476955361","0","0.33052853281428085","0.33052853281428085","0","100","0.06595660834768498","100","0","0.05316864530330182","0.05316864530330182","0","0.006299440243689345"
"11","100","0.4","0.35","144","5","periodic","60","0.2","0.5","0.1","1","0.05","500","2000","0.5","0.01","true","false","all","5","8","1.5","0.3","1","mixed","0.8","0","0","3000","0","32.74562087282254","102.55815583294032","0.5697675324052239","102.55815583294032","0","0.5697675324052239","0","19904.680748759754","19904.680748759754","0","0","751.9574920492491","751.9574920492491","0","0","0.008638974526557819","1","1","0","1","1","0","100","0.0764419068316659","100","0","0.05634518209761721","0.05634518209761721","0","0.006540106022472063"
"15","100","0.4","0.35","144","5","periodic","60","0.2","0.5","0.1","1","0.05","500","2000","0.5","0.01","true","false","all","5","8","1.5","0.3","1","mixed","0.8","0","0","3000","0","10.81189076236494","85.7761989888959","0.4765344388271994","85.7761989888959","0","0.4765344388271994","0","760.9604366286933","760.9604366286933","0","0","620.8744041487928","620.8744041487928","0","0","0.019856757385622537","0.22150858578982852","0.22150858578982852","0","0.17397362441912886","0.17397362441912886","0","100","0.07496595206891833","100","0","0.05921902171623329","0.05921902171623329","0","0.006911563700436999"
"16","100","0.4","0.35","144","5","periodic","60","0.2","0.5","0.1","1","0.05","500","2000","0.5","0.01","true","false","all","5","8","1.5","0.3","1","mixed","0.8","0","0","3000","0","13.526152118234577","88.02661396710353","0.48903674426168625","88.02661396710353","0","0.48903674426168625","0","694.8117367123346","694.8117367123346","0","0","839.8643514869572","839.8643514869572","0","0","0.021218162149884368","0.16707108327104894","0.16707108327104894","0","0.1298744911415563","0.1298744911415563","0","100","0.08077180476923444","100","0","0.05730845533721549","0.05730845533721549","0","0.007732780246791776"
"17","100","0.4","0.35","144","5","periodic","60","0.2","0.5","0.1","1","0.05","500","2000","0.5","0.01","true","false","all","5","8","1.5","0.3","1","mixed","0.8","0","0","3000","106","24.179233561024915","97.19266908112624","0.5399592726729235","97.19266908112624","0","0.5399592726729235","0","4936.161957962926","4936.161957962926","0","0","716.220655057047","716.220655057047","0","0","0.013942641162669966","1","1","0","1","1","0","100","0.0908366667052614","100","0","0.054184449467986014","0.054184449467986014","0","0.008090805430491376"
"18","100","0.4","0.35","144","5","periodic","60","0.2","0.5","0.1","1","0.05","500","2000","0.5","0.01","true","false","all","5","8","1.5","0.3","1","mixed","0.8","0","0","3000","0","14.913917041218255","96.88003181460805","0.5382223989700446","96.88003181460805","0","0.5382223989700446","0","1159.3696424532727","1159.3696424532727","0","0","756.0476640056138","756.0476640056138","0","0","0.018266367600011657","0.5012349927400445","0.5012349927400445","0","0.4395797616355152","0.4395797616355152","0","100","0.05836111272189108","100","0","0.051912188649525536","0.051912188649525536","0","0.005617224450836206"
"20","100","0.4","0.35","144","5","periodic","60","0.2","0.5","0.1","1","0.05","500","2000","0.5","0.01","true","false","all","5","8","1.5","0.3","1","mixed","0.8","0","0","3000","146","17.083745053874893","88.34728863181536","0.490818270176752","88.34728863181536","0","0.490818270176752","0","7721.271997919113","7721.271997919113","0","0","700.746664020144","700.746664020144","0","0","0.016095270684276963","1","1","0","1","1","0","100","0.08475945777005556","100","0","0.045451542250867394","0.045451542250867394","0","0.005507004950596593"
"21","100","0.4","0.35","144","5","periodic","60","0.2","0.5","0.1","1","0.05","500","2000","0.5","0.01","true","false","all","5","8","1.5","0.3","1","mixed","0.8","0","0","3000","26","22.30314624200051","100.66309485834057","0.5592394158796699","100.66309485834057","0","0.5592394158796699","0","880.6320297108069","880.6320297108069","0","0","826.7022643617437","826.7022643617437","0","0","0.022553508389636656","0.30925646291484676","0.30925646291484676","0","0.2537546864738712","0.2537546864738712","0","100","0.07671127065102423","100","0","0.06546583906157988","0.06546583906157988","0","0.008322627211554566"
"19","100","0.4","0.35","144","5","periodic","60","0.2","0.5","0.1","1","0.05","500","2000","0.5","0.01","true","false","all","5","8","1.5","0.3","1","mixed","0.8","0","0","3000","0","14.052866038883991","84.4137449927582","0.46896524995976774","84.4137449927582","0","0.46896524995976774","0","657.7288307441347","657.7288307441347","0","0","671.3855336299305","671.3855336299305","0","0","0.02282906198284529","0.1508999666306613","0.1508999666306613","0","0.10515255382942329","0.10515255382942329","0","100","0.07102094115683369","100","0","0.062157954070684085","0.062157954070684085","0","0.00545543217399549"
"22","100","0.4","0.35","144","5","periodic","60","0.2","0.5","0.1","1","0.05","500","2000","0.5","0.01","true","false","all","5","8","1.5","0.3","1","mixed","0.8","0","0","3000","0","17.288767782311922","98.91689410674756","0.549538300593042","98.91689410674756","0","0.549538300593042","0","722.3641827223425","722.3641827223425","0","0","755.4661399133003","755.4661399133003","0","0","0.020467777732052772","0.18784291525655447","0.18784291525655447","0","0.1482427884815617","0.1482427884815617","0","100","0.09121180102645494","100","0","0.057481586145056426","0.057481586145056426","0","0.0073950524292461664"
"23","100","0.4","0.35","144","5","periodic","60","0.2","0.5","0.1","1","0.05","500","2000","0.5","0.01","true","false","all","5","8","1.5","0.3","1","mixed","0.8","0","0","3000","0","11.622096401444779","92.7675711180918","0.51537539510051","92.7675711180918","0","0.51537539510051","0","716.2305692337085","716.2305692337085","0","0","866.1876946372263","866.1876946372263","0","0","0.02040844566932276","0.1859516540068311","0.1859516540068311","0","0.14415371282247244","0.14415371282247244","0","100","0.10448241300427472","100","0","0.0719529366438071","0.0719529366438071","0","0.0104380406762784"
"25","100","0.4","0.35","144","5","periodic","60","0.2","0.5","0.1","1","0.05","500","2000","0.5","0.01","true","false","all","5","8","1.5","0.3","1","mixed","0.8","0","0","3000","0","10.54459782898985","93.18122918502584","0.5176734954723657","93.18122918502584","0","0.5176734954723657","0","715.1363324402515","715.1363324402515","0","0","734.8053379002201","734.8053379002201","0","0","0.020248239242896426","0.1982906770034308","0.1982906770034308","0","0.1434242216268344","0.1434242216268344","0","100","0.07696571880169191","100","0","0.0615826982549746","0.0615826982549746","0","0.006167663347482234"
"24","100","0.4","0.35","144","5","periodic","60","0.2","0.5","0.1","1","0.05","500","2000","0.5","0.01","true","false","all","5","8","1.5","0.3","1","mixed","0.8","0","0","3000","66","26.9192366800914","89.98589089821502","0.49992161610119457","89.98589089821502","0","0.49992161610119457","0","18199.59528659107","18199.59528659107","0","0","770.1785619714947","770.1785619714947","0","0","0.00997718610698417","1","1","0","1","1","0","100","0.08020333180526332","100","0","0.056833986435798615","0.056833986435798615","0","0.007071760870220926"
"26","100","0.4","0.35","144","5","periodic","60","0.2","0.5","0.1","1","0.05","500","2000","0.5","0.01","true","false","all","5","8","1.5","0.3","1","mixed","0.8","0","0","3000","0","18.5135121572971","94.38052256129103","0.5243362364516169","94.38052256129103","0","0.5243362364516169","0","1155.5689001611609","1155.5689001611609","0","0","699.3826609293557","699.3826609293557","0","0","0.017500045004548825","0.5104921414387213","0.5104921414387213","0","0.437045933440774","0.437045933440774","0","100","0.0887788398100656","100","0","0.06278493179755282","0.06278493179755282","0","0.007364024809043317"
"27","100","0.4","0.35","144","5","periodic","60","0.2","0.5","0.1","1","0.05","500","2000","0.5","0.01","true","false","all","5","8","1.5","0.3","1","mixed","0.8","0","0","3000","0","19.384068560957928","89.54222233520034","0.497456790751113","89.54222233520034","0","0.497456790751113","0","5483.61865903422","5483.61865903422","0","0","797.5457924016258","797.5457924016258","0","0","0.01837145514549099","1","1","0","1","1","0","100","0.0909867212892946","100","0","0.05983757497296062","0.05983757497296062","0","0.007849132967215025"
"28","100","0.4","0.35","144","5","periodic","60","0.2","0.5","0.1","1","0.05","500","2000","0.5","0.01","true","false","all","5","8","1.5","0.3","1","mixed","0.8","0","0","3000","0","26.938676670841275","83.23409540035604","0.46241164111308913","83.23409540035604","0","0.46241164111308913","0","7910.65556318772","7910.65556318772","0","0","795.9031680947469","795.9031680947469","0","0","0.01254293452591293","1","1","0","1","1","0","100","0.09026031907475368","100","0","0.06495391692931082","0.06495391692931082","0","0.009722325989499245"
"29","100","0.4","0.35","144","5","periodic","60","0.2","0.5","0.1","1","0.05","500","2000","0.5","0.01","true","false","all","5","8","1.5","0.3","1","mixed","0.8","0","0","3000","0","12.872223947741603","79.60094575271961","0.44222747640399784","79.60094575271961","0","0.44222747640399784","0","650.9052052398981","650.9052052398981","0","0","883.9573717595816","883.9573717595816","0","0","0.020571327150169738","0.13168444915118357","0.13168444915118357","0","0.10060347015993204","0.10060347015993204","0","100","0.08538402216287586","100","0","0.05840162104717442","0.05840162104717442","0","0.0077360713285086384"
"30","100","0.4","0.35","144","5","periodic","60","0.2","0.5","0.1","1","0.05","500","2000","0.5","0.01","true","false","all","5","8","1.5","0.3","1","mixed","0.8","0","0","3000","0","24.80029905715132","102.6819903060907","0.5704555017005039","102.6819903060907","0","0.5704555017005039","0","3571.8077184423837","3571.8077184423837","0","0","889.0633208074883","889.0633208074883","0","0","0.021517987281626016","1","1","0","1","1","0","100","0.07519570599954722","100","0","0.07342584426827446","0.07342584426827446","0","0.009201530509278683"
"31","100","0.4","0.35","144","5","periodic","60","0.2","0.5","0.1","1","0.05","500","2000","0.5","0.01","true","false","all","5","8","1.5","0.3","1","mixed","0.8","0","0","3000","0","14.837583580593801","91.50095851632211","0.5083386584240117","91.50095851632211","0","0.5083386584240117","0","1166.5899254770309","1166.5899254770309","0","0","704.1812354835373","704.1812354835373","0","0","0.017380056781677977","0.5083679446679923","0.5083679446679923","0","0.444393283651354","0.444393283651354","0","100","0.08983010028225401","100","0","0.055013986692682655","0.055013986692682655","0","0.007262275705109973"
"32","100","0.4","0.35","144","5","periodic","60","0.2","0.5","0.1","1","0.05","500","2000","0.5","0.01","true","false","all","5","8","1.5","0.3","1","mixed","0.8","0","0","3000","0","22.4786128341253","89.95298299632381","0.4997387944240212","89.95298299632381","0","0.4997387944240212","0","5538.02626270289","5538.02626270289","0","0","888.3614058245912","888.3614058245912","0","0","0.01598544336309171","1","1","0","1","1","0","100","0.08682592669052543","100","0","0.05821153537190875","0.05821153537190875","0","0.00847831499018209"
"33","100","0.4","0.35","144","5","periodic","60","0.2","0.5","0.1","1","0.05","500","2000","0.5","0.01","true","false","all","5","8","1.5","0.3","1","mixed","0.8","0","0","3000","146","15.123814783480043","95.76807717980087","0.5320448732211159","95.76807717980087","0","0.5320448732211159","0","4915.416348074991","4915.416348074991","0","0","800.6245331434551","800.6245331434551","0","0","0.01543838361706884","1","1","0","1","1","0","100","0.08360183240305062","100","0","0.05817831883778268","0.05817831883778268","0","0.010005761073222633"
"35","100","0.4","0.35","144","5","periodic","60","0.2","0.5","0.1","1","0.05","500","2000","0.5","0.01","true","false","all","5","8","1.5","0.3","1","mixed","0.8","0","0","3000","0","12.41826569686981","84.76482352303985","0.4709156862391103","84.76482352303985","0","0.4709156862391103","0","645.5214711048726","645.5214711048726","0","0","794.1025482251762","794.1025482251762","0","0","0.021276777332692953","0.13532684253062757","0.13532684253062757","0","0.09701431406991469","0.09701431406991469","0","100","0.08061697492148887","100","0","0.06370447432647008","0.06370447432647008","0","0.008407395112109755"
"36","100","0.4","0.35","144","5","periodic","60","0.2","0.5","0.1","1","0.05","500","2000","0.5","0.01","true","false","all","5","8","1.5","0.3","1","mixed","0.8","0","0","3000","0","14.35477891707501","80.94119750632012","0.44967331947955624","80.94119750632012","0","0.44967331947955624","0","668.5592769002218","668.5592769002218","0","0","747.9612391577296","747.9612391577296","0","0","0.019275669674964746","0.1423191262602524","0.1423191262602524","0","0.11237285126681455","0.11237285126681455","0","100","0.0869244912719977","100","0","0.05720959199868446","0.05720959199868446","0","0.006898965454539122"
"34","100","0.4","0.35","144","5","periodic","60","0.2","0.5","0.1","1","0.05","500","2000","0.5","0.01","true","false","all","5","8","1.5","0.3","1","mixed","0.8","0","0","3000","0","18.246363177863145","89.11442851240899","0.49508015840227215","89.11442851240899","0","0.49508015840227215","0","679.6972193702247","679.6972193702247","0","0","804.6064187018886","804.6064187018886","0","0","0.021220771167581143","0.1655919822328158","0.1655919822328158","0","0.11979814624681681","0.11979814624681681","0","100","0.07959195683203642","100","0","0.05779446454015365","0.05779446454015365","0","0.006477823855644826"
"37","100","0.4","0.35","144","5","periodic","60","0.2","0.5","0.1","1","0.05","500","2000","0.5","0.01","true","false","all","5","8","1.5","0.3","1","mixed","0.8","0","0","3000","0","14.872926336984278","99.99305345664433","0.555516963648024","99.99305345664433","0","0.555516963648024","0","1172.4898502811293","1172.4898502811293","0","0","823.6501454300743","823.6501454300743","0","0","0.01567253929311474","0.48990710488793987","0.48990710488793987","0","0.4483265668540863","0.4483265668540863","0","100","0.07969512727071315","100","0","0.07251294979598535","0.07251294979598535","0","0.008877362219701743"
"38","100","0.4","0.35","144","5","periodic","60","0.2","0.5","0.1","1","0.05","500","2000","0.5","0.01","true","false","all","5","8","1.5","0.3","1","mixed","0.8","0","0","3000","141","29.030327139373256","72.18564550237319","0.4010313639020733","72.18564550237319","0","0.4010313639020733","0","7374.729979402561","7374.729979402561","0","0","818.3818004063855","818.3818004063855","0","0","0.012541842337002063","1","1","0","1","1","0","100","0.08874082982445464","100","0","0.052584966845480204","0.052584966845480204","0","0.0061601935479464985"
"39","100","0.4","0.35","144","5","periodic","60","0.2","0.5","0.1","1","0.05","500","2000","0.5","0.01","true","false","all","5","8","1.5","0.3","1","mixed","0.8","0","0","3000","0","12.414130466393502","89.00619378812993","0.49447885437849964","89.00619378812993","0","0.49447885437849964","0","648.496943243895","648.496943243895","0","0","830.5048633923855","830.5048633923855","0","0","0.02110091939795322","0.1365004429875408","0.1365004429875408","0","0.09899796216259643","0.09899796216259643","0","100","0.0786214540679647","100","0","0.06761136894075297","0.06761136894075297","0","0.009889045007220688"
"40","100","0.4","0.35","144","5","periodic","60","0.2","0.5","0.1","1","0.05","500","2000","0.5","0.01","true","false","all","5","8","1.5","0.3","1","mixed","0.8","0","0","3000","0","16.393228276115906","84.28095404141823","0.46822752245232346","84.28095404141823","0","0.46822752245232346","0","680.6377675987261","680.6377675987261","0","0","692.3253912360658","692.3253912360658","0","0","0.01988259837719286","0.1594374416537774","0.1594374416537774","0","0.1204251783991507","0.1204251783991507","0","100","0.07727539052966192","100","0","0.05573912180191032","0.05573912180191032","0","0.006674081179875953"
"41","100","0.4","0.35","144","5","periodic","60","0.2","0.5","0.1","1","0.05","500","2000","0.5","0.01","true","false","all","5","8","1.5","0.3","1","mixed","0.8","0","0","3000","111","20.458071901107786","82.03019011058029","0.45572327839211274","82.03019011058029","0","0.45572327839211274","0","3558.9897924601833","3558.9897924601833","0","0","685.7272558833879","685.7272558833879","0","0","0.016413008757757197","1","1","0","1","1","0","100","0.08598934435780398","100","0","0.07130300211821923","0.07130300211821923","0","0.009340576291910324"
"42","100","0.4","0.35","144","5","periodic","60","0.2","0.5","0.1","1","0.05","500","2000","0.5","0.01","true","false","all","5","8","1.5","0.3","1","mixed","0.8","0","0","3000","86","18.97445494331565","92.67479052159906","0.5148599473422171","92.67479052159906","0","0.5148599473422171","0","2370.37291673161","2370.37291673161","0","0","720.1869953345258","720.1869953345258","0","0","0.016041655479231753","1","1","0","1","1","0","100","0.08698379676794314","100","0","0.07037431199717657","0.07037431199717657","0","0.01029315482342728"
"43","100","0.4","0.35","144","5","periodic","60","0.2","0.5","0.1","1","0.05","500","2000","0.5","0.01","true","false","all","5","8","1.5","0.3","1","mixed","0.8","0","0","3000","36","19.900991959698175","82.3732936311259","0.4576294090618106","82.3732936311259","0","0.4576294090618106","0","1406.0451202426439","1406.0451202426439","0","0","669.0186274613635","669.0186274613635","0","0","0.014242271685732","0.6627629622078598","0.6627629622078598","0","0.604030080161762","0.604030080161762","0","100","0.07372604202584228","100","0","0.04691006188095009","0.04691006188095009","0","0.0059133934141065376"
"44","100","0.4","0.35","144","5","periodic","60","0.2","0.5","0.1","1","0.05","500","2000","0.5","0.01","true","false","all","5","8","1.5","0.3","1","mixed","0.8","0","0","3000","0","15.734828514858847","92.55498905960603","0.5141943836644779","92.55498905960603","0","0.5141943836644779","0","806.4714861858407","806.4714861858407","0","0","746.9377134914116","746.9377134914116","0","0","0.01913493282344314","0.25133383933077236","0.25133383933077236","0","0.20431432412389391","0.20431432412389391","0","100","0.09124981581100888","100","0","0.05011031693792749","0.05011031693792749","0","0.006181054320204215"
"45","100","0.4","0.35","144","5","periodic","60","0.2","0.5","0.1","1","0.05","500","2000","0.5","0.01","true","false","all","5","8","1.5","0.3","1","mixed","0.8","0","0","3000","0","14.735816327349696","91.02786842344703","0.5057103801302613","91.02786842344703","0","0.5057103801302613","0","775.8295188626596","775.8295188626596","0","0","757.8112939215931","757.8112939215931","0","0","0.02053615692858246","0.24562133594468946","0.24562133594468946","0","0.18388634590843986","0.18388634590843986","0","100","0.08883172499204352","100","0","0.05483215033219406","0.05483215033219406","0","0.008656981264016454"
"46","100","0.4","0.35","144","5","periodic","60","0.2","0.5","0.1","1","0.05","500","2000","0.5","0.01","true","false","all","5","8","1.5","0.3","1","mixed","0.8","0","0","3000","136","13.337819210970778","91.35257978473375","0.5075143321374097","91.35257978473375","0","0.5075143321374097","0","9048.255381310286","9048.255381310286","0","0","816.4063894594983","816.4063894594983","0","0","0.013916622087734476","1","1","0","1","1","0","100","0.09123189417574838","100","0","0.06636512592368204","0.06636512592368204","0","0.00766964637973245"
"47","100","0.4","0.35","144","5","periodic","60","0.2","0.5","0.1","1","0.05","500","2000","0.5","0.01","true","false","all","5","8","1.5","0.3","1","mixed","0.8","0","0","3000","0","12.988445584420134","80.10994363332402","0.44505524240735567","80.10994363332402","0","0.44505524240735567","0","910.7188801362244","910.7188801362244","0","0","720.7287027852335","720.7287027852335","0","0","0.017940899338587668","0.3215421358427865","0.3215421358427865","0","0.27381258675748277","0.27381258675748277","0","100","0.07533827573370759","100","0","0.07650274398157669","0.07650274398157669","0","0.009430830987340799"
"48","100","0.4","0.35","144","5","periodic","60","0.2","0.5","0.1","1","0.05","500","2000","0.5","0.01","true","false","all","5","8","1.5","0.3","1","mixed","0.8","0","0","3000","0","11.486074303812444","99.13501167209436","0.5507500648449687","99.13501167209436","0","0.5507500648449687","0","654.9757477582358","654.9757477582358","0","0","792.9763248140429","792.9763248140429","0","0","0.021375895215320462","0.14520549418881645","0.14520549418881645","0","0.10331716517215733","0.10331716517215733","0","100","0.08463721451671066","100","0","0.06433013312574729","0.06433013312574729","0","0.008508267601307764"
"49","100","0.4","0.35","144","5","periodic","60","0.2","0.5","0.1","1","0.05","500","2000","0.5","0.01","true","false","all","5","8","1.5","0.3","1","mixed","0.8","0","0","3000","51","14.196234303390739","93.4392332274851","0.5191068512638062","93.4392332274851","0","0.5191068512638062","0","2399.1034916719796","2399.1034916719796","0","0","698.108822445201","698.108822445201","0","0","0.014036071273820339","1","1","0","1","1","0","100","0.08814268661197683","100","0","0.04159938653797442","0.04159938653797442","0","0.004946615927724945"
"50","100","0.4","0.35","144","5","periodic","60","0.2","0.5","0.1","1","0.05","500","2000","0.5","0.01","true","false","all","5","8","1.5","0.3","1","mixed","0.8","0","0","3000","76","15.784905449702038","88.40912301785262","0.4911617945436257","88.40912301785262","0","0.4911617945436257","0","4863.959455593655","4863.959455593655","0","0","797.4393759085456","797.4393759085456","0","0","0.009704574719548331","1","1","0","1","1","0","100","0.08867309352074491","100","0","0.049931147013047864","0.049931147013047864","0","0.00632271780128203"
"51","100","0.4","0.35","144","5","periodic","60","0.2","0.5","0.1","1","0.05","500","2000","0.5","0.01","true","false","all","5","8","1.5","0.3","1","mixed","0.8","0","0","3000","0","19.142262853516726","75.23133261534876","0.4179518478630487","75.23133261534876","0","0.4179518478630487","0","1390.2267658201079","1390.2267658201079","0","0","795.0055029094","795.0055029094","0","0","0.014860944235226992","0.6566509269714951","0.6566509269714951","0","0.5934845105467385","0.5934845105467385","0","100","0.0746206014509596","100","0","0.05887184367268593","0.05887184367268593","0","0.007515215892674493"
"52","100","0.4","0.35","144","5","periodic","60","0.2","0.5","0.1","1","0.05","500","2000","0.5","0.01","true","false","all","5","8","1.5","0.3","1","mixed","0.8","0","0","3000","51","12.389403874389274","95.02464976382302","0.5279147209101279","95.02464976382302","0","0.5279147209101279","0","4418.5268449893265","4418.5268449893265","0","0","828.4347788237196","828.4347788237196","0","0","0.01785351640187205","1","1","0","1","1","0","100","0.08147075923651549","100","0","0.04724576879612541","0.04724576879612541","0","0.0058100807258806555"
"53","100","0.4","0.35","144","5","periodic","60","0.2","0.5","0.1","1","0.05","500","2000","0.5","0.01","true","false","all","5","8","1.5","0.3","1","mixed","0.8","0","0","3000","106","16.099134105430892","89.93979877707105","0.4996655487615058","89.93979877707105","0","0.4996655487615058","0","1980.62563067647","1980.62563067647","0","0","749.9855408009582","749.9855408009582","0","0","0.021468585166313447","1","1","0","0.9726859324944834","0.9726859324944834","0","100","0.08441959474329991","100","0","0.06482100849271294","0.06482100849271294","0","0.009071126674748733"
"54","100","0.4","0.35","144","5","periodic","60","0.2","0.5","0.1","1","0.05","500","2000","0.5","0.01","true","false","all","5","8","1.5","0.3","1","mixed","0.8","0","0","3000","0","16.081219700452337","92.83548415382555","0.5157526897434752","92.83548415382555","0","0.5157526897434752","0","3175.2444545185576","3175.2444545185576","0","0","592.2627404852278","592.2627404852278","0","0","0.02421214033518626","1","1","0","1","1","0","100","0.08872587523397504","100","0","0.05427721483227474","0.05427721483227474","0","0.00536613193648733"
"55","100","0.4","0.35","144","5","periodic","60","0.2","0.5","0.1","1","0.05","500","2000","0.5","0.01","true","false","all","5","8","1.5","0.3","1","mixed","0.8","0","0","3000","56","14.662206363751793","94.74159763345511","0.5263422090747506","94.74159763345511","0","0.5263422090747506","0","1808.5737982630887","1808.5737982630887","0","0","716.6179008336562","716.6179008336562","0","0","0.01615536875169976","0.950840262077954","0.950840262077954","0","0.8723825321753925","0.8723825321753925","0","100","0.08444655792065542","100","0","0.05330532061558677","0.05330532061558677","0","0.005754571895356492"
"56","100","0.4","0.35","144","5","periodic","60","0.2","0.5","0.1","1","0.05","500","2000","0.5","0.01","true","false","all","5","8","1.5","0.3","1","mixed","0.8","0","0","3000","0","11.667069938580141","90.9383386974086","0.505212992763381","90.9383386974086","0","0.505212992763381","0","869.4722272730583","869.4722272730583","0","0","788.3800248971684","788.3800248971684","0","0","0.018834506213722957","0.28777223779166367","0.28777223779166367","0","0.2463148181820392","0.2463148181820392","0","100","0.08443366545649264","100","0","0.05999888232618239","0.05999888232618239","0","0.007316369002011779"
"57","100","0.4","0.35","144","5","periodic","60","0.2","0.5","0.1","1","0.05","500","2000","0.5","0.01","true","false","all","5","8","1.5","0.3","1","mixed","0.8","0","0","3000","0","16.25968492265382","79.62776411918014","0.44237646732877856","79.62776411918014","0","0.44237646732877856","0","710.0646717540294","710.0646717540294","0","0","749.3568763525254","749.3568763525254","0","0","0.019777564020638128","0.1777923311692886","0.1777923311692886","0","0.14004311450268625","0.14004311450268625","0","100","0.08179569377403907","100","0","0.050545088017033404","0.050545088017033404","0","0.005093884881033327"
"58","100","0.4","0.35","144","5","periodic","60","0.2","0.5","0.1","1","0.05","500","2000","0.5","0.01","true","false","all","5","8","1.5","0.3","1","mixed","0.8","0","0","3000","131","16.303204227424118","93.51481730343853","0.5195267627968807","93.51481730343853","0","0.5195267627968807","0","4125.913291830321","4125.913291830321","0","0","667.0023020475222","667.0023020475222","0","0","0.015355965379483028","1","1","0","1","1","0","100","0.07794888791892428","100","0","0.07116553585294717","0.07116553585294717","0","0.009152973219310016"
"59","100","0.4","0.35","144","5","periodic","60","0.2","0.5","0.1","1","0.05","500","2000","0.5","0.01","true","false","all","5","8","1.5","0.3","1","mixed","0.8","0","0","3000","0","13.166144660193623","89.9280231027487","0.49960012834860384","89.9280231027487","0","0.49960012834860384","0","1172.2271750594168","1172.2271750594168","0","0","786.6201828729268","786.6201828729268","0","0","0.016393970215736742","0.506664922062911","0.506664922062911","0","0.44815145003961143","0.44815145003961143","0","100","0.06924263298667703","100","0","0.06023098900439115","0.06023098900439115","0","0.009356960834914912"
"60","100","0.4","0.35","144","5","periodic","60","0.2","0.5","0.1","1","0.05","500","2000","0.5","0.01","true","false","all","5","8","1.5","0.3","1","mixed","0.8","0","0","3000","0","12.69049514547173","83.15266456477251","0.46195924758206947","83.15266456477251","0","0.46195924758206947","0","973.2049749021385","973.2049749021385","0","0","793.8978100879102","793.8978100879102","0","0","0.015849340963216108","0.358877932276109","0.358877932276109","0","0.3154699832680922","0.3154699832680922","0","100","0.07139252230554985","100","0","0.0694573299775403","0.0694573299775403","0","0.010009724663154144"
"61","100","0.4","0.35","144","5","periodic","60","0.2","0.5","0.1","1","0.05","500","2000","0.5","0.01","true","false","all","5","8","1.5","0.3","1","mixed","0.8","0","0","3000","111","23.18351928839165","76.1855310874295","0.4232529504857194","76.1855310874295","0","0.4232529504857194","0","7301.59708024279","7301.59708024279","0","0","642.1280504456296","642.1280504456296","0","0","0.010600949836752083","1","1","0","1","1","0","100","0.08084995826824669","100","0","0.06407148448563002","0.06407148448563002","0","0.009042590049217765"
"62","100","0.4","0.35","144","5","periodic","60","0.2","0.5","0.1","1","0.05","500","2000","0.5","0.01","true","false","all","5","8","1.5","0.3","1","mixed","0.8","0","0","3000","26","29.3634945247792","78.20706282099125","0.4344836823388403","78.20706282099125","0","0.4344836823388403","0","10145.640092146357","10145.640092146357","0","0","747.7738335385959","747.7738335385959","0","0","0.013542829680932567","1","1","0","1","1","0","100","0.08918000623921735","100","0","0.06435691453202623","0.06435691453202623","0","0.007545857869719578"
"64","100","0.4","0.35","144","5","periodic","60","0.2","0.5","0.1","1","0.05","500","2000","0.5","0.01","true","false","all","5","8","1.5","0.3","1","mixed","0.8","0","0","3000","26","16.475315796667218","101.42241865616253","0.5634578814231251","101.42241865616253","0","0.5634578814231251","0","2208.765071678189","2208.765071678189","0","0","783.6292288460444","783.6292288460444","0","0","0.013222183625565043","1","1","0","1","1","0","100","0.08117258845328963","100","0","0.07197558784433084","0.07197558784433084","0","0.007965859144953397"
"63","100","0.4","0.35","144","5","periodic","60","0.2","0.5","0.1","1","0.05","500","2000","0.5","0.01","true","false","all","5","8","1.5","0.3","1","mixed","0.8","0","0","3000","31","14.207290341860897","90.27155652474234","0.5015086473596797","90.27155652474234","0","0.5015086473596797","0","10589.185654097919","10589.185654097919","0","0","724.3032462808483","724.3032462808483","0","0","0.011646002172351677","1","1","0","1","1","0","100","0.09246264292297231","100","0","0.0731875443837248","0.0731875443837248","0","0.008313785222222302"
"65","100","0.4","0.35","144","5","periodic","60","0.2","0.5","0.1","1","0.05","500","2000","0.5","0.01","true","false","all","5","8","1.5","0.3","1","mixed","0.8","0","0","3000","0","14.828806498307998","101.0872247972321","0.5615956933179561","101.0872247972321","0","0.5615956933179561","0","655.9728531095924","655.9728531095924","0","0","656.615941695808","656.615941695808","0","0","0.020012984071499984","0.14441777754331336","0.14441777754331336","0","0.10398190207306131","0.10398190207306131","0","100","0.08139517762184728","100","0","0.0470060253170442","0.0470060253170442","0","0.006514270437806843"
"66","100","0.4","0.35","144","5","periodic","60","0.2","0.5","0.1","1","0.05","500","2000","0.5","0.01","true","false","all","5","8","1.5","0.3","1","mixed","0.8","0","0","3000","0","14.390805234963452","94.31109257256782","0.5239505142920434","94.31109257256782","0","0.5239505142920434","0","1617.2299360635113","1617.2299360635113","0","0","792.3683145860948","792.3683145860948","0","0","0.01429155039704888","0.808911906999455","0.808911906999455","0","0.7448199573756746","0.7448199573756746","0","100","0.08860416826891734","100","0","0.06828477983914595","0.06828477983914595","0","0.008853620612982066"
"67","100","0.4","0.35","144","5","periodic","60","0.2","0.5","0.1","1","0.05","500","2000","0.5","0.01","true","false","all","5","8","1.5","0.3","1","mixed","0.8","0","0","3000","0","15.982133488684127","108.56685363094753","0.6031491868385974","108.56685363094753","0","0.6031491868385974","0","955.7129950395113","955.7129950395113","0","0","888.3395881643886","888.3395881643886","0","0","0.019200294056982647","0.3650631491962149","0.3650631491962149","0","0.3038086633596744","0.3038086633596744","0","100","0.0806761515537321","100","0","0.06440573667780587","0.06440573667780587","0","0.008262091569119811"
"69","100","0.4","0.35","144","5","periodic","60","0.2","0.5","0.1","1","0.05","500","2000","0.5","0.01","true","false","all","5","8","1.5","0.3","1","mixed","0.8","0","0","3000","0","21.01164474448852","79.82541141814667","0.4434745078785926","79.82541141814667","0","0.4434745078785926","0","948.6752464332309","948.6752464332309","0","0","699.9694857753674","699.9694857753674","0","0","0.01670392520275099","0.3446442479525892","0.3446442479525892","0","0.2991168309554872","0.2991168309554872","0","100","0.08075628738243736","100","0","0.05145475603902075","0.05145475603902075","0","0.005690174349338647"
"68","100","0.4","0.35","144","5","periodic","60","0.2","0.5","0.1","1","0.05","500","2000","0.5","0.01","true","false","all","5","8","1.5","0.3","1","mixed","0.8","0","0","3000","0","14.733122456932179","99.36000364010124","0.5520000202227847","99.36000364010124","0","0.5520000202227847","0","711.0807290416735","711.0807290416735","0","0","799.9799092993005","799.9799092993005","0","0","0.02081581235742802","0.17601214090784803","0.17601214090784803","0","0.1407204860277824","0.1407204860277824","0","100","0.08013874327079583","100","0","0.06618785000428193","0.06618785000428193","0","0.0075218583789149335"
"70","100","0.4","0.35","144","5","periodic","60","0.2","0.5","0.1","1","0.05","500","2000","0.5","0.01","true","false","all","5","8","1.5","0.3","1","mixed","0.8","0","0","3000","66","26.21589927758137","74.91928480971451","0.4162182489428584","74.91928480971451","0","0.4162182489428584","0","3670.583498248907","3670.583498248907","0","0","752.5088722387102","752.5088722387102","0","0","0.012722208287094361","1","1","0","1","1","0","100","0.09374050009821207","100","0","0.06625785170889592","0.06625785170889592","0","0.009915829080755178"
"71","100","0.4","0.35","144","5","periodic","60","0.2","0.5","0.1","1","0.05","500","2000","0.5","0.01","true","false","all","5","8","1.5","0.3","1","mixed","0.8","0","0","3000","81","21.223811319012768","81.41648936297261","0.4523138297942923","81.41648936297261","0","0.4523138297942923","0","1510.63053465335","1510.63053465335","0","0","817.2758677157402","817.2758677157402","0","0","0.0198788509318073","0.7771843209627285","0.7771843209627285","0","0.6737536897689","0.6737536897689","0","100","0.07181805859201208","100","0","0.05771848690007365","0.05771848690007365","0","0.007591648980413429"
"72","100","0.4","0.35","144","5","periodic","60","0.2","0.5","0.1","1","0.05","500","2000","0.5","0.01","true","false","all","5","8","1.5","0.3","1","mixed","0.8","0","0","3000","0","16.051414998317227","74.89812825554962","0.41610071253083125","74.89812825554962","0","0.41610071253083125","0","696.8802613187098","696.8802613187098","0","0","979.013644137831","979.013644137831","0","0","0.0183277181948851","0.18355983173311727","0.18355983173311727","0","0.13125350754580656","0.13125350754580656","0","100","0.08948755278372535","100","0","0.05260604320215661","0.05260604320215661","0","0.00639164984350014"
"73","100","0.4","0.35","144","5","periodic","60","0.2","0.5","0.1","1","0.05","500","2000","0.5","0.01","true","false","all","5","8","1.5","0.3","1","mixed","0.8","0","0","3000","0","11.29995627933495","88.31911478457936","0.49066174880321867","88.31911478457936","0","0.49066174880321867","0","829.7962897060524","829.7962897060524","0","0","758.5114623306449","758.5114623306449","0","0","0.01872970895610071","0.2685928713716712","0.2685928713716712","0","0.21986419313736824","0.21986419313736824","0","100","0.09786503328190024","100","0","0.066404526355143","0.066404526355143","0","0.00918092069983892"
"74","100","0.4","0.35","144","5","periodic","60","0.2","0.5","0.1","1","0.05","500","2000","0.5","0.01","true","false","all","5","8","1.5","0.3","1","mixed","0.8","0","0","3000","66","29.992029250776085","93.64023707205399","0.5202235392891889","93.64023707205399","0","0.5202235392891889","0","14331.213545901259","14331.213545901259","0","0","715.1928519069879","715.1928519069879","0","0","0.011165577932091386","1","1","0","1","1","0","100","0.08075296661272212","100","0","0.052448045177026614","0.052448045177026614","0","0.005208174791469801"
"75","100","0.4","0.35","144","5","periodic","60","0.2","0.5","0.1","1","0.05","500","2000","0.5","0.01","true","false","all","5","8","1.5","0.3","1","mixed","0.8","0","0","3000","96","15.394101866155083","96.07783009830065","0.533765722768337","96.07783009830065","0","0.533765722768337","0","3389.323580438486","3389.323580438486","0","0","673.6651812050014","673.6651812050014","0","0","0.016455395943961282","1","1","0","1","1","0","100","0.08466458452553167","100","0","0.06828428623062142","0.06828428623062142","0","0.006761538665008916"
"76","100","0.4","0.35","144","5","periodic","60","0.2","0.5","0.1","1","0.05","500","2000","0.5","0.01","true","false","all","5","8","1.5","0.3","1","mixed","0.8","0","0","3000","21","29.587404975542114","92.66275397207289","0.5147930776226272","92.66275397207289","0","0.5147930776226272","0","14604.858940781176","14604.858940781176","0","0","671.7213360843087","671.7213360843087","0","0","0.011126190885746068","1","1","0","1","1","0","100","0.09867865441027177","100","0","0.05184580962318895","0.05184580962318895","0","0.007763251879033597"
"78","100","0.4","0.35","144","5","periodic","60","0.2","0.5","0.1","1","0.05","500","2000","0.5","0.01","true","false","all","5","8","1.5","0.3","1","mixed","0.8","0","0","3000","121","14.597724146079756","83.72861449820101","0.46515896943445006","83.72861449820101","0","0.46515896943445006","0","2171.5860714867113","2171.5860714867113","0","0","890.4700127230718","890.4700127230718","0","0","0.021950316285068938","1","1","0","0.9996275607306916","0.9996275607306916","0","100","0.08175682857818956","100","0","0.055660896199656265","0.055660896199656265","0","0.00773711731775501"
"79","100","0.4","0.35","144","5","periodic","60","0.2","0.5","0.1","1","0.05","500","2000","0.5","0.01","true","false","all","5","8","1.5","0.3","1","mixed","0.8","0","0","3000","1","14.474237894906125","84.06819052956155","0.4670455029420086","84.06819052956155","0","0.4670455029420086","0","664.289966051419","664.289966051419","0","0","867.4437365770655","867.4437365770655","0","0","0.020200243743023316","0.15072482684368682","0.15072482684368682","0","0.10952664403427947","0.10952664403427947","0","100","0.08392561632329203","100","0","0.051936389407323605","0.051936389407323605","0","0.005469077686227478"
"77","100","0.4","0.35","144","5","periodic","60","0.2","0.5","0.1","1","0.05","500","2000","0.5","0.01","true","false","all","5","8","1.5","0.3","1","mixed","0.8","0","0","3000","101","20.281944058142614","92.45406188372652","0.5136336771318141","92.45406188372652","0","0.5136336771318141","0","3132.1623885671993","3132.1623885671993","0","0","914.5689170709823","914.5689170709823","0","0","0.015453378949274343","1","1","0","1","1","0","100","0.08222767438013036","100","0","0.05653656423842012","0.05653656423842012","0","0.0072563385859672315"
"80","100","0.4","0.35","144","5","periodic","60","0.2","0.5","0.1","1","0.05","500","2000","0.5","0.01","true","false","all","5","8","1.5","0.3","1","mixed","0.8","0","0","3000","36","21.22722481480011","90.38024705057875","0.5021124836143264","90.38024705057875","0","0.5021124836143264","0","8249.05423829347","8249.05423829347","0","0","666.40987694628","666.40987694628","0","0","0.010979251630388154","1","1","0","1","1","0","100","0.09255245837347637","100","0","0.07007360270432068","0.07007360270432068","0","0.008163039200670134"
"81","100","0.4","0.35","144","5","periodic","60","0.2","0.5","0.1","1","0.05","500","2000","0.5","0.01","true","false","all","5","8","1.5","0.3","1","mixed","0.8","0","0","3000","6","26.553186639677577","84.50182311902556","0.4694545728834753","84.50182311902556","0","0.4694545728834753","0","3562.3921959403356","3562.3921959403356","0","0","867.4190906080007","867.4190906080007","0","0","0.020162324841576096","1","1","0","1","1","0","100","0.0868054511848016","100","0","0.07186141358085223","0.07186141358085223","0","0.009682986262094297"
"82","100","0.4","0.35","144","5","periodic","60","0.2","0.5","0.1","1","0.05","500","2000","0.5","0.01","true","false","all","5","8","1.5","0.3","1","mixed","0.8","0","0","3000","0","26.55611133880953","82.26539059682726","0.45702994776015143","82.26539059682726","0","0.45702994776015143","0","6018.118152002289","6018.118152002289","0","0","660.1780092225899","660.1780092225899","0","0","0.016988535670878102","1","1","0","1","1","0","100","0.07961459914444811","100","0","0.064861051131983","0.064861051131983","0","0.00941268132383353"
"83","100","0.4","0.35","144","5","periodic","60","0.2","0.5","0.1","1","0.05","500","2000","0.5","0.01","true","false","all","5","8","1.5","0.3","1","mixed","0.8","0","0","3000","0","11.92341325377312","94.0201694438754","0.5223342746881967","94.0201694438754","0","0.5223342746881967","0","698.3420949534506","698.3420949534506","0","0","849.5365690088988","849.5365690088988","0","0","0.019261573983476055","0.1689101034490224","0.1689101034490224","0","0.13222806330230033","0.13222806330230033","0","100","0.07367876777141665","100","0","0.0643014254317262","0.0643014254317262","0","0.008452433664185131"
"84","100","0.4","0.35","144","5","periodic","60","0.2","0.5","0.1","1","0.05","500","2000","0.5","0.01","true","false","all","5","8","1.5","0.3","1","mixed","0.8","0","0","3000","0","13.14961310073366","99.00228196214177","0.5500126775674542","99.00228196214177","0","0.5500126775674542","0","678.5645317931043","678.5645317931043","0","0","836.7677847454827","836.7677847454827","0","0","0.022418369745827782","0.16040083520366125","0.16040083520366125","0","0.11904302119540296","0.11904302119540296","0","100","0.07895142745559705","100","0","0.06551232370003118","0.06551232370003118","0","0.007109069910248469"
"85","100","0.4","0.35","144","5","periodic","60","0.2","0.5","0.1","1","0.05","500","2000","0.5","0.01","true","false","all","5","8","1.5","0.3","1","mixed","0.8","0","0","3000","0","21.646490586430062","86.25737222012793","0.47920762344515516","86.25737222012793","0","0.47920762344515516","0","3405.9466987643345","3405.9466987643345","0","0","746.757038520323","746.757038520323","0","0","0.019569426238841503","1","1","0","1","1","0","100","0.08160274406279194","100","0","0.0803070717505301","0.0803070717505301","0","0.009353661966739566"
"86","100","0.4","0.35","144","5","periodic","60","0.2","0.5","0.1","1","0.05","500","2000","0.5","0.01","true","false","all","5","8","1.5","0.3","1","mixed","0.8","0","0","3000","11","19.60730635527713","99.76993446811557","0.5542774137117531","99.76993446811557","0","0.5542774137117531","0","13387.558529754717","13387.558529754717","0","0","786.6233627694215","786.6233627694215","0","0","0.01120091779360921","1","1","0","1","1","0","100","0.08514672017761485","100","0","0.06852271320877952","0.06852271320877952","0","0.008183705267841275"
"87","100","0.4","0.35","144","5","periodic","60","0.2","0.5","0.1","1","0.05","500","2000","0.5","0.01","true","false","all","5","8","1.5","0.3","1","mixed","0.8","0","0","3000","0","29.343553761467845","94.10837708698352","0.5228243171499085","94.10837708698352","0","0.5228243171499085","0","5612.100956624536","5612.100956624536","0","0","790.985471906618","790.985471906618","0","0","0.01562660811573302","1","1","0","1","1","0","100","0.07524572120156933","100","0","0.063269808250408","0.063269808250408","0","0.009063440547612444"
"88","100","0.4","0.35","144","5","periodic","60","0.2","0.5","0.1","1","0.05","500","2000","0.5","0.01","true","false","all","5","8","1.5","0.3","1","mixed","0.8","0","0","3000","0","11.208643984048976","91.80932256529552","0.5100517920294195","91.80932256529552","0","0.5100517920294195","0","1432.2238468373696","1432.2238468373696","0","0","744.579980859879","744.579980859879","0","0","0.012664152654328076","0.6687113666953615","0.6687113666953615","0","0.6214825645582462","0.6214825645582462","0","100","0.0883559845645692","100","0","0.045715967232338374","0.045715967232338374","0","0.00501363065244756"
"89","100","0.4","0.35","144","5","periodic","60","0.2","0.5","0.1","1","0.05","500","2000","0.5","0.01","true","false","all","5","8","1.5","0.3","1","mixed","0.8","0","0","3000","0","14.307509182835318","88.05519847081744","0.48919554706009694","88.05519847081744","0","0.48919554706009694","0","677.0745085859775","677.0745085859775","0","0","824.3318258804604","824.3318258804604","0","0","0.024417890883732474","0.16346930964769565","0.16346930964769565","0","0.11804967239065171","0.11804967239065171","0","100","0.07398300505264924","100","0","0.06813354607980145","0.06813354607980145","0","0.0077564230356009225"
"90","100","0.4","0.35","144","5","periodic","60","0.2","0.5","0.1","1","0.05","500","2000","0.5","0.01","true","false","all","5","8","1.5","0.3","1","mixed","0.8","0","0","3000","26","11.602573223316881","83.17739569704202","0.46209664276134454","83.17739569704202","0","0.46209664276134454","0","873.2708501474381","873.2708501474381","0","0","785.3931659291015","785.3931659291015","0","0","0.02358166022841579","0.3209278335081985","0.3209278335081985","0","0.24884723343162535","0.24884723343162535","0","100","0.08454594616675996","100","0","0.06086498505568163","0.06086498505568163","0","0.007665586084580751"
"91","100","0.4","0.35","144","5","periodic","60","0.2","0.5","0.1","1","0.05","500","2000","0.5","0.01","true","false","all","5","8","1.5","0.3","1","mixed","0.8","0","0","3000","0","14.230517856288643","97.27953989209799","0.5404418882894333","97.27953989209799","0","0.5404418882894333","0","740.3709149530467","740.3709149530467","0","0","878.8031487978956","878.8031487978956","0","0","0.020067230068147035","0.21534049368917402","0.21534049368917402","0","0.16024727663536475","0.16024727663536475","0","100","0.08993309829141806","100","0","0.06343217788101548","0.06343217788101548","0","0.007321704843802909"
"92","100","0.4","0.35","144","5","periodic","60","0.2","0.5","0.1","1","0.05","500","2000","0.5","0.01","true","false","all","5","8","1.5","0.3","1","mixed","0.8","0","0","3000","86","17.25628324118378","90.39858223589422","0.5022143457549679","90.39858223589422","0","0.5022143457549679","0","2998.034188388054","2998.034188388054","0","0","853.3235792625076","853.3235792625076","0","0","0.015577798923760877","1","1","0","1","1","0","100","0.08647365525762694","100","0","0.07203224199679246","0.07203224199679246","0","0.009799467810452865"
"93","100","0.4","0.35","144","5","periodic","60","0.2","0.5","0.1","1","0.05","500","2000","0.5","0.01","true","false","all","5","8","1.5","0.3","1","mixed","0.8","0","0","3000","16","12.184483080326018","78.27380346239097","0.43485446367994984","78.27380346239097","0","0.43485446367994984","0","4033.215397804622","4033.215397804622","0","0","695.1750382784807","695.1750382784807","0","0","0.015396252631197704","1","1","0","1","1","0","100","0.061867831438272285","100","0","0.06597251348135794","0.06597251348135794","0","0.009193305123713512"
"94","100","0.4","0.35","144","5","periodic","60","0.2","0.5","0.1","1","0.05","500","2000","0.5","0.01","true","false","all","5","8","1.5","0.3","1","mixed","0.8","0","0","3000","0","25.086323397929533","93.88536907484456","0.5215853837491364","93.88536907484456","0","0.5215853837491364","0","13722.457546002663","13722.457546002663","0","0","733.8332622687027","733.8332622687027","0","0","0.011496635627999963","1","1","0","1","1","0","100","0.06805558414460675","100","0","0.03931099407387887","0.03931099407387887","0","0.005253794610762914"
"96","100","0.4","0.35","144","5","periodic","60","0.2","0.5","0.1","1","0.05","500","2000","0.5","0.01","true","false","all","5","8","1.5","0.3","1","mixed","0.8","0","0","3000","51","13.564525132673097","87.57354301841517","0.4865196834356398","87.57354301841517","0","0.4865196834356398","0","1526.0214907920374","1526.0214907920374","0","0","688.2465444086915","688.2465444086915","0","0","0.016049793494027353","0.7541520871447179","0.7541520871447179","0","0.6840143271946916","0.6840143271946916","0","100","0.08648225721800823","100","0","0.06602373139457544","0.06602373139457544","0","0.008963580213790819"
"95","100","0.4","0.35","144","5","periodic","60","0.2","0.5","0.1","1","0.05","500","2000","0.5","0.01","true","false","all","5","8","1.5","0.3","1","mixed","0.8","0","0","3000","0","18.219796976175928","87.56995336923802","0.48649974094021126","87.56995336923802","0","0.48649974094021126","0","689.9878044120642","689.9878044120642","0","0","917.7756950597147","917.7756950597147","0","0","0.021665444568574","0.16903544509778734","0.16903544509778734","0","0.12665853627470944","0.12665853627470944","0","100","0.079424872104473","100","0","0.055130307444932844","0.055130307444932844","0","0.00647785214946855"
"97","100","0.4","0.35","144","5","periodic","60","0.2","0.5","0.1","1","0.05","500","2000","0.5","0.01","true","false","all","5","8","1.5","0.3","1","mixed","0.8","0","0","3000","116","22.641576256615195","94.80779675149077","0.5267099819527264","94.80779675149077","0","0.5267099819527264","0","2178.6196554433873","2178.6196554433873","0","0","762.4181102792202","762.4181102792202","0","0","0.021003743163204858","1","1","0","0.9997541988376313","0.9997541988376313","0","100","0.07579074820955926","100","0","0.060675575857538674","0.060675575857538674","0","0.00861012767999202"
"98","100","0.4","0.35","144","5","periodic","60","0.2","0.5","0.1","1","0.05","500","2000","0.5","0.01","true","false","all","5","8","1.5","0.3","1","mixed","0.8","0","0","3000","106","16.085765982331182","87.44865629761497","0.4858258683200832","87.44865629761497","0","0.4858258683200832","0","1877.8607277847","1877.8607277847","0","0","909.6447398714919","909.6447398714919","0","0","0.022809292773366074","1","1","0","0.9165645344065853","0.9165645344065853","0","100","0.08690767804160256","100","0","0.05228422936104606","0.05228422936104606","0","0.006641270298298933"
"99","100","0.4","0.35","144","5","periodic","60","0.2","0.5","0.1","1","0.05","500","2000","0.5","0.01","true","false","all","5","8","1.5","0.3","1","mixed","0.8","0","0","3000","0","25.124977836773027","89.91329536881449","0.4995183076045249","89.91329536881449","0","0.4995183076045249","0","10369.73498237961","10369.73498237961","0","0","835.3812489193419","835.3812489193419","0","0","0.012143799076954398","1","1","0","1","1","0","100","0.09076288967971066","100","0","0.049643455978162325","0.049643455978162325","0","0.006538404654758117"
"100","100","0.4","0.35","144","5","periodic","60","0.2","0.5","0.1","1","0.05","500","2000","0.5","0.01","true","false","all","5","8","1.5","0.3","1","mixed","0.8","0","0","3000","66","9.909572762150532","97.53273453785636","0.5418485252103131","97.53273453785636","0","0.5418485252103131","0","1459.2097042532323","1459.2097042532323","0","0","887.7703231606515","887.7703231606515","0","0","0.01838444551927121","0.7209255557817801","0.7209255557817801","0","0.6394731361688217","0.6394731361688217","0","100","0.08673135661632601","100","0","0.06424500586822475","0.06424500586822475","0","0.00788357150939329"
"101","100","0.4","0.35","144","5","periodic","60","0.2","0.5","0.1","1","0.05","500","2000","0.5","0.01","true","false","all","5","8","1.5","0.3","1","mixed","0.8","0","0.2","3000","21","17.40722202974429","110.27677953322997","0.6126487751846109","105.66102321672217","87.80571937752745","0.5870056845373454","0.48780955209737475","962.1550257194737","967.4408106434782","941.0118860234522","1.0280856437762014","1407.6360207901002","790.596878806409","3875.7925887248625","0.20398327844125305","0.02150913320011405","0.3739668625115073","0.3739668625115073","0.350347451667203","0.3081033504796487","0.3116272070956523","0.2940079240156349","100","0.07638830273370438","80","20","0.18120682924003467","0.04026673852100578","0.7449671921161503","0.08542162149006409"
"102","100","0.4","0.35","144","5","periodic","60","0.2","0.5","0.1","1","0.05","500","2000","0.5","0.01","true","false","all","5","8","1.5","0.3","1","mixed","0.8","0","0.2","3000","126","32.12133451880683","69.00979438997143","0.38338774661095243","78.10780827670317","30.177234473030182","0.4339322682039065","0.16765130262794545","4182.313610153943","4194.934572748689","4131.829759774946","1.015272849232099","1644.465760749719","828.5466452597202","4908.142222709717","0.1688106431443813","0.01659792662026005","1","1","1","1","1","1","100","0.08917781489694382","80","20","0.19755973989168157","0.053495561276307835","0.7738164543531767","0.09046620046979037"
"103","100","0.4","0.35","144","5","periodic","60","0.2","0.5","0.1","1","0.05","500","2000","0.5","0.01","true","false","all","5","8","1.5","0.3","1","mixed","0.8","0","0.2","3000","0","16.228986837630814","71.48690615872074","0.3971494786595597","82.3982079702615","23.960356529961615","0.45776782205700833","0.1331130918331201","778.2784016357799","782.1271858314382","762.8832648531477","1.0252252498709546","1518.7723743557667","850.3389948366454","4192.505892432253","0.20282356582290387","0.02044144454326169","0.23567976168265098","0.23022906760431647","0.23567976168265098","0.18551893442385337","0.18808479055429211","0.17525550990209857","100","0.0784261180433692","80","20","0.2188035462466327","0.06255747028916149","0.8437878500765175","0.10772617579181863"
"105","100","0.4","0.35","144","5","periodic","60","0.2","0.5","0.1","1","0.05","500","2000","0.5","0.01","true","false","all","5","8","1.5","0.3","1","mixed","0.8","0","0.2","3000","138","29.44335489114411","71.18943073432723","0.39549683741292907","78.07555723036818","22.720965828224703","0.4337530957242676","0.1262275879345817","12905.726765122392","12971.773251540882","12641.540819448417","1.026122799175273","1464.0757695739276","770.0981552310162","4239.986226945574","0.18162751339543481","0.012362842652632544","1","1","1","1","1","1","100","0.08873571133143617","80","20","0.21268489864711296","0.05476203150003931","0.8443763672354079","0.10821631567587091"
"104","100","0.4","0.35","144","5","periodic","60","0.2","0.5","0.1","1","0.05","500","2000","0.5","0.01","true","false","all","5","8","1.5","0.3","1","mixed","0.8","0","0.2","3000","41","22.379021534823025","83.63468166800146","0.46463712037778593","85.98505816438785","60.80896907042042","0.4776947675799325","0.3378276059467801","7361.125084532704","7383.043351754777","7273.45201564442","1.0150673072255973","1444.0371637391793","738.212867214386","4267.334349838354","0.17299156960652717","0.013231931664701158","1","1","1","1","1","1","100","0.08041505075448606","80","20","0.20221007543830247","0.0562733545114071","0.7859569591458838","0.09291985621477852"
"106","100","0.4","0.35","144","5","periodic","60","0.2","0.5","0.1","1","0.05","500","2000","0.5","0.01","true","false","all","5","8","1.5","0.3","1","mixed","0.8","0","0.2","3000","91","33.433879103292554","75.74979192661048","0.42083217737005824","78.25659263647373","52.59304653730514","0.4347588479804096","0.29218359187391746","10337.374968689186","10360.35804354864","10245.442669251366","1.0112162429684133","1430.6506767183716","823.7414105240421","3858.2877414956906","0.21349921667706237","0.011788699412463188","1","1","1","1","1","1","100","0.06986716415711469","80","20","0.2014220299365896","0.053906064941225997","0.7914858899180441","0.09604851442313511"
"107","100","0.4","0.35","144","5","periodic","60","0.2","0.5","0.1","1","0.05","500","2000","0.5","0.01","true","false","all","5","8","1.5","0.3","1","mixed","0.8","0","0.2","3000","51","23.746435363216406","78.48815561357107","0.43604530896428373","86.78424487879492","37.03609977850962","0.4821346937710829","0.20575610988060902","6291.864136587705","6320.395562889665","6177.738431379866","1.0230921287934711","1222.762649273714","575.135086809986","3813.272899128625","0.15082452843629696","0.011815867076594877","1","1","1","1","1","1","100","0.09632691405615439","80","20","0.20068446171641643","0.05808390985103208","0.7710866691779539","0.0903702491777095"
"108","100","0.4","0.35","144","5","periodic","60","0.2","0.5","0.1","1","0.05","500","2000","0.5","0.01","true","false","all","5","8","1.5","0.3","1","mixed","0.8","0","0.2","3000","6","28.495198313413653","69.09068182038163","0.3838371212243424","77.7187310370965","31.510126332467102","0.43177072798386945","0.175056257402595","1989.7917137228576","1995.7759271503407","1965.854860012924","1.0152203846509908","1538.4287321980937","703.0324257375032","4880.013958040457","0.14406360960897785","0.012570667777950462","1","1","1","0.9843086484468069","0.9877522868794504","0.9705340947162334","100","0.07583896161286513","80","20","0.20647861565078263","0.04972426289070323","0.8334960266911002","0.10591777463228964"
"109","100","0.4","0.35","144","5","periodic","60","0.2","0.5","0.1","1","0.05","500","2000","0.5","0.01","true","false","all","5","8","1.5","0.3","1","mixed","0.8","0","0.2","3000","1","21.73116622560238","87.98139113189113","0.48878550628828404","93.4242372553642","50.09077714407108","0.5190235403075789","0.2782820952448394","949.7556699215952","955.0677768258971","928.5072423043881","1.0286056298878081","1493.8284141781694","699.6750678512936","4670.44179948567","0.14980918249068964","0.015704958569743743","0.3324744725868755","0.3324744725868755","0.3182552482754862","0.29983711328106355","0.30337851788393133","0.2856714948695921","100","0.07904743729059147","80","20","0.21366558634159055","0.06768663013897615","0.7975814111520485","0.09603847232503164"
"110","100","0.4","0.35","144","5","periodic","60","0.2","0.5","0.1","1","0.05","500","2000","0.5","0.01","true","false","all","5","8","1.5","0.3","1","mixed","0.8","0","0.2","3000","151","26.77721455466603","76.98287713354921","0.42768265074194006","83.73278328229928","49.01889932611205","0.4651821293461071","0.27232721847840025","15546.639881212453","15560.960204405254","15489.35858844125","1.0046226327291201","1208.22219707197","838.3321411686251","2687.782420685354","0.31190476383682103","0.009782060745992416","1","1","1","1","1","1","100","0.08101814892045277","80","20","0.1906400002843657","0.043365532048961","0.7797378732259846","0.09374258987469619"
"111","100","0.4","0.35","144","5","periodic","60","0.2","0.5","0.1","1","0.05","500","2000","0.5","0.01","true","false","all","5","8","1.5","0.3","1","mixed","0.8","0","0.2","3000","71","32.06153044277792","75.43540472862502","0.41908558182569455","81.10441002508175","21.056632189485434","0.4505800556948986","0.11698128994158574","5701.323169177769","5712.670557347523","5655.933616498745","1.0100314014795493","1317.5261569867519","729.7136040542154","3668.7763687169","0.1988983603024629","0.015263443591472026","1","1","1","1","1","1","100","0.08510029865229936","80","20","0.19427896634409658","0.043610015572410635","0.7969547694308403","0.09679164632876808"
"112","100","0.4","0.35","144","5","periodic","60","0.2","0.5","0.1","1","0.05","500","2000","0.5","0.01","true","false","all","5","8","1.5","0.3","1","mixed","0.8","0","0.2","3000","137","25.735925718922815","87.94302518715435","0.4885723621508575","85.32103520398955","84.29801211055184","0.4740057511332753","0.46832228950306576","9353.754123669212","9375.478762898292","9266.855566752882","1.0117216886961227","1497.3705844124515","794.7308924621814","4307.929352213527","0.18448094838273704","0.012844162479938248","1","1","1","1","1","1","100","0.07617131904297432","80","20","0.21575957942182092","0.07022737642990187","0.7978883913894972","0.09740349900249855"
"113","100","0.4","0.35","144","5","periodic","60","0.2","0.5","0.1","1","0.05","500","2000","0.5","0.01","true","false","all","5","8","1.5","0.3","1","mixed","0.8","0","0.2","3000","11","20.889011983708485","76.92581929406518","0.42736566274480653","84.60950257370767","35.17574007600432","0.47005279207615375","0.195420778200024","1332.2893976210098","1338.8261411147473","1306.142423646062","1.0250230885062668","1476.1147395317937","698.7589834662625","4585.537763793918","0.15238321424009665","0.01534823436862598","0.6085480602629658","0.6085480602629658","0.5894208368147127","0.5548595984140063","0.5592174274098313","0.537428282430708","100","0.08432765722022928","80","20","0.20961390526373658","0.06338236619257637","0.7945400615483773","0.09439450576556101"
"114","100","0.4","0.35","144","5","periodic","60","0.2","0.5","0.1","1","0.05","500","2000","0.5","0.01","true","false","all","5","8","1.5","0.3","1","mixed","0.8","0","0.2","3000","0","9.710152055078893","84.71004502093338","0.47061136122740765","89.86856543959277","53.04061019818458","0.4992698079977376","0.294670056656581","647.0186974564116","652.1812038093468","626.3686720446705","1.0412098064873136","1646.464363597845","805.7000616961949","5009.521571204446","0.16083373436846568","0.025089791062055333","0.13417574470082588","0.13417574470082588","0.11959414928747045","0.09801246497094099","0.10145413587289784","0.08424578136311354","100","0.10049109836366994","80","20","0.20964790901000455","0.056498142793028824","0.8222469738779072","0.10277198342279276"
"115","100","0.4","0.35","144","5","periodic","60","0.2","0.5","0.1","1","0.05","500","2000","0.5","0.01","true","false","all","5","8","1.5","0.3","1","mixed","0.8","0","0.2","3000","101","40.849969423608","72.3418651787505","0.4018992509930583","73.28459198179864","36.62292658272733","0.4071366221211036","0.20346070323737406","7757.876270654977","7770.390999471501","7707.817355388873","1.0081182053488698","1417.2620401797176","797.1064574705568","3897.884371016361","0.2044972045342416","0.012269978720710562","1","1","1","1","1","1","100","0.09513114959566929","80","20","0.19526302881560112","0.048934727617675665","0.7805762336073034","0.0929919282589636"
"116","100","0.4","0.35","144","5","periodic","60","0.2","0.5","0.1","1","0.05","500","2000","0.5","0.01","true","false","all","5","8","1.5","0.3","1","mixed","0.8","0","0.2","3000","0","31.324074014405497","86.24955085389216","0.479164171410512","87.32746762239962","65.45994270859123","0.48515259790222015","0.3636663483810624","3714.881414824014","3729.276376972408","3657.3015662304474","1.0196797582694679","1445.1061429245683","734.4673824399104","4287.6611848632","0.17129790596160266","0.020331917978158698","1","1","1","1","1","1","100","0.07471851006830392","80","20","0.22483782752600792","0.08713710340315317","0.7756407240174268","0.0898539445403737"
"118","100","0.4","0.35","144","5","periodic","60","0.2","0.5","0.1","1","0.05","500","2000","0.5","0.01","true","false","all","5","8","1.5","0.3","1","mixed","0.8","0","0.2","3000","16","19.357228761990413","84.66438065845213","0.4703576703247341","89.09240022576876","49.54255129646544","0.49495777903204863","0.27523639609147466","3686.5010856519425","3694.255673734665","3655.4827333210537","1.0106067907420766","1402.8125811625648","807.8956431736027","3782.480333118413","0.2135888549372957","0.01899679610253102","1","1","1","1","1","1","100","0.09435209725605216","80","20","0.21029665267871722","0.05932965813032046","0.8141646308723042","0.10009163636087201"
"117","100","0.4","0.35","144","5","periodic","60","0.2","0.5","0.1","1","0.05","500","2000","0.5","0.01","true","false","all","5","8","1.5","0.3","1","mixed","0.8","0","0.2","3000","8","23.552995593484397","87.99291956090286","0.488849553116127","86.23166797240378","92.20655722299327","0.47906482206890993","0.5122586512388515","5673.098486696789","5694.420910593561","5587.808791109705","1.0190794143946866","1429.9316000326905","696.7585466928365","4362.623813392105","0.1597108933742972","0.017929498910148167","1","1","1","1","1","1","100","0.08102721144614955","80","20","0.21032116984996893","0.05845101483405405","0.8178017899136281","0.10188156107413496"
"119","100","0.4","0.35","144","5","periodic","60","0.2","0.5","0.1","1","0.05","500","2000","0.5","0.01","true","false","all","5","8","1.5","0.3","1","mixed","0.8","0","0.2","3000","0","43.61764248712883","109.08643025562299","0.6060357236423499","99.70659656170074","118.6455066734026","0.553925536453893","0.6591417037411256","3259.976335782441","3284.4758881988237","3161.9781261169014","1.0387408632179114","1458.5873157328422","712.0302915772261","4444.815412355308","0.16019344461369245","0.022567503806766975","1","1","1","1","1","1","100","0.07254555607430135","80","20","0.21001418864151397","0.06841831839439157","0.7763976696300039","0.08956377105089644"
"120","100","0.4","0.35","144","5","periodic","60","0.2","0.5","0.1","1","0.05","500","2000","0.5","0.01","true","false","all","5","8","1.5","0.3","1","mixed","0.8","0","0.2","3000","21","28.41300786397329","95.95337507913295","0.5330743059951831","91.7526311478941","88.91824705560568","0.5097368397105229","0.49399026142003155","12646.009042535703","12694.131092677946","12453.520841966727","1.019320660700257","1491.8006433314818","738.6046829441159","4504.584484880945","0.16396732826815588","0.012653202166205357","1","1","1","1","1","1","100","0.06446343515023632","80","20","0.20427747612177366","0.054176977691897533","0.8046794698412782","0.09832617993262334"
"121","100","0.4","0.35","144","5","periodic","60","0.2","0.5","0.1","1","0.05","500","2000","0.5","0.01","true","false","all","5","8","1.5","0.3","1","mixed","0.8","0","0.2","3000","0","19.367586051953182","73.01481169555915","0.4056378427531064","80.97413531561092","29.22332013074285","0.44985630730894954","0.16235177850412694","698.1905079813284","700.5285834847933","688.838205967469","1.0169711514489899","1389.1231281448095","716.4403807706974","4079.8541176412537","0.17560441136187083","0.021982111414016625","0.1678888897145928","0.1678888897145928","0.16045614232780767","0.1321270053208857","0.13368572232319553","0.12589213731164595","100","0.07643026328338101","80","20","0.23450689298070931","0.080128103347653","0.8520220515129342","0.10402596573015659"
"122","100","0.4","0.35","144","5","periodic","60","0.2","0.5","0.1","1","0.05","500","2000","0.5","0.01","true","false","all","5","8","1.5","0.3","1","mixed","0.8","0","0.2","3000","0","11.821924038921154","86.43723320915225","0.48020685116195694","88.270136495339","62.45671939701892","0.49038964719632777","0.3469817744278829","1350.0071420411632","1353.3212568440536","1336.7506828296","1.012396159005042","1429.920728792132","772.4132050296345","4059.9508238421195","0.19025186228700766","0.011597545075230142","0.6017417341162561","0.6017417341162561","0.5963815917531349","0.5666714280274423","0.5688808378960363","0.5578337885530665","100","0.07556431875290531","80","20","0.20861042783318084","0.06981793056235472","0.7637804169164853","0.08791010274425376"
"123","100","0.4","0.35","144","5","periodic","60","0.2","0.5","0.1","1","0.05","500","2000","0.5","0.01","true","false","all","5","8","1.5","0.3","1","mixed","0.8","0","0.2","3000","0","18.935621156583522","69.58346441939524","0.38657480232997354","81.38342201464857","18.81818818986161","0.45213012230360317","0.1045454899436756","1520.1638938249353","1526.876188469296","1493.3147152474955","1.022474481018047","1526.5475962776693","695.4365810540414","4850.9916571721815","0.14335967369183983","0.01318493018256417","0.7398119367147495","0.7398119367147495","0.7052702494088224","0.680109262549957","0.6845841256461973","0.6622098101649969","100","0.08449892638220577","80","20","0.22378248474236823","0.0775051923329518","0.8088916543800341","0.09517790154624979"
"124","100","0.4","0.35","144","5","periodic","60","0.2","0.5","0.1","1","0.05","500","2000","0.5","0.01","true","false","all","5","8","1.5","0.3","1","mixed","0.8","0","0.2","3000","86","18.957694569533004","71.15643215551006","0.3953135119750559","82.90361111339384","24.0590175079275","0.46057561729663243","0.133661208377375","1537.836809915022","1544.3263739748736","1511.878553675613","1.0214619224674995","1430.6170682179297","816.0828849849411","3888.7538011498846","0.20985717448701163","0.020896403755630066","0.8117288299314939","0.8117288299314939","0.7531480369290997","0.6918912066100144","0.6962175826499163","0.6745857024504086","100","0.0847093794503771","80","20","0.20123734481099728","0.05033327347487314","0.8048536301554938","0.09929450638665166"
"126","100","0.4","0.35","144","5","periodic","60","0.2","0.5","0.1","1","0.05","500","2000","0.5","0.01","true","false","all","5","8","1.5","0.3","1","mixed","0.8","0","0.2","3000","61","38.865504168421054","101.28517857281987","0.562695436515666","99.34504719852484","90.38977660359075","0.5519169288806935","0.5021654255755041","14052.02507161866","14101.85326472423","13852.712299196355","1.017984995295277","1547.235579310847","783.6902045968714","4601.417078166754","0.1703149684725168","0.011743698067263386","1","1","1","1","1","1","100","0.0999508401318492","80","20","0.21554917990862418","0.07131575640965833","0.7924828739044874","0.09366173038253725"
"125","100","0.4","0.35","144","5","periodic","60","0.2","0.5","0.1","1","0.05","500","2000","0.5","0.01","true","false","all","5","8","1.5","0.3","1","mixed","0.8","0","0.2","3000","96","15.406859536656128","76.05841080802736","0.42254672671126314","77.38634762716246","71.72329507592623","0.4299241534842359","0.3984627504218124","5970.89209595","5986.7989304969415","5907.264757762235","1.0134637900951022","1415.3283225213527","789.4001952138368","3919.040831751417","0.20142688711437956","0.010693495584753743","1","1","1","1","1","1","100","0.08959781377516013","80","20","0.20055295781663607","0.047941087332468976","0.8110004397533043","0.10010333232869173"
"127","100","0.4","0.35","144","5","periodic","60","0.2","0.5","0.1","1","0.05","500","2000","0.5","0.01","true","false","all","5","8","1.5","0.3","1","mixed","0.8","0","0.2","3000","0","37.56875010179129","99.00342316603106","0.5500190175890615","92.63745471461313","124.67162290908445","0.5146525261922952","0.6926201272726914","17883.81096554119","17970.48792460723","17537.103129277057","1.0247124506331189","1597.4193037139391","673.1696614843058","5294.4178726324735","0.1271470589739443","0.011897629764640927","1","1","1","1","1","1","100","0.08923744597143626","80","20","0.21808229452690067","0.07996940148939286","0.7705338666769317","0.0878635778136773"
"128","100","0.4","0.35","144","5","periodic","60","0.2","0.5","0.1","1","0.05","500","2000","0.5","0.01","true","false","all","5","8","1.5","0.3","1","mixed","0.8","0","0.2","3000","1","26.51049854106607","90.70639104113414","0.5039243946729675","89.41143400683313","84.23806810961233","0.4967301889268507","0.46798926727562407","7931.657709848399","7959.379597527986","7820.770159130026","1.0177232466339836","1470.1450372715512","834.0967081940604","4014.3383535815165","0.2077793735174055","0.015995339486905458","1","1","1","1","1","1","100","0.08370413276148747","80","20","0.2203138859349653","0.0698669770581832","0.8221015214420937","0.10224502928768396"
"129","100","0.4","0.35","144","5","periodic","60","0.2","0.5","0.1","1","0.05","500","2000","0.5","0.01","true","false","all","5","8","1.5","0.3","1","mixed","0.8","0","0.2","3000","81","24.133366932645373","92.32023610681122","0.5128902005933956","95.89597569611324","31.745295961183807","0.5327554205339624","0.17636275533991003","9383.672312989424","9415.972173980894","9254.472869023526","1.0174509458553747","1537.4760762823398","818.5303533579338","4413.258967979963","0.18547072793523184","0.011334793218640948","1","1","1","1","1","1","100","0.0810248081279841","80","20","0.19727194291494907","0.05478529797468738","0.7672185226759963","0.08949535537374863"
"130","100","0.4","0.35","144","5","periodic","60","0.2","0.5","0.1","1","0.05","500","2000","0.5","0.01","true","false","all","5","8","1.5","0.3","1","mixed","0.8","0","0.2","3000","36","21.693467453878682","72.84978001755555","0.4047210000975308","79.58248732581225","31.821563384327554","0.4421249295878458","0.17678646324626418","1419.756419303145","1426.540596480114","1392.6197105952726","1.0243576086326838","1514.1624918787857","724.5232796881066","4672.7193406415","0.15505388337503698","0.018412249487792742","0.7079229479041014","0.7079229479041014","0.651581959188526","0.6131709462020971","0.6176937309867426","0.5950798070635152","100","0.0763017018478863","80","20","0.19098344723276278","0.04637222946197302","0.7694283183159218","0.09240814359966908"
"131","100","0.4","0.35","144","5","periodic","60","0.2","0.5","0.1","1","0.05","500","2000","0.5","0.01","true","false","all","5","8","1.5","0.3","1","mixed","0.8","0","0.2","3000","68","26.709714199784628","78.53139098927508","0.43628550549597267","85.85629925583967","42.784810244921836","0.4769794403102204","0.23769339024956576","8612.176823795633","8648.466009955959","8467.020079154343","1.0214297272364254","1449.1236390514212","623.739904598816","4750.658576861844","0.13129546030454614","0.015533190852201395","1","1","1","1","1","1","100","0.08579177052296162","80","20","0.19006463854684377","0.036976013458790716","0.802419138899056","0.09956891916909891"
"132","100","0.4","0.35","144","5","periodic","60","0.2","0.5","0.1","1","0.05","500","2000","0.5","0.01","true","false","all","5","8","1.5","0.3","1","mixed","0.8","0","0.2","3000","0","12.853879418020611","85.23702790856818","0.4735390439364899","88.09566155500589","62.037362004478624","0.4894203419722549","0.34465201113599236","1504.9359544141732","1507.331620228168","1495.353291158191","1.008010367276284","1090.5095526182529","688.5972789523187","2698.1586472819877","0.25521007804562673","0.014561569072501168","0.732318726549261","0.732318726549261","0.7151062670173337","0.6699573029427822","0.6715544134854456","0.6635688607721274","100","0.08134434219368154","80","20","0.21350085431930588","0.06464288547790188","0.8089327296849215","0.09796671886638351"
"134","100","0.4","0.35","144","5","periodic","60","0.2","0.5","0.1","1","0.05","500","2000","0.5","0.01","true","false","all","5","8","1.5","0.3","1","mixed","0.8","0","0.2","3000","0","38.25073717204248","99.23220837221152","0.5512900465122862","96.53030924249188","86.98722985836231","0.5362794957916216","0.48326238810201283","6056.841131566779","6078.148132621198","5971.613127349117","1.0178402389773318","1233.7763572204337","623.261872917387","3675.83429443262","0.16955657491453646","0.015413573094660071","1","1","1","1","1","1","100","0.09650799261193752","80","20","0.2109970654936069","0.05449352820682468","0.8370112146407356","0.10537549045360597"
"133","100","0.4","0.35","144","5","periodic","60","0.2","0.5","0.1","1","0.05","500","2000","0.5","0.01","true","false","all","5","8","1.5","0.3","1","mixed","0.8","0","0.2","3000","36","31.819266337495463","80.7671722310897","0.4487065123949428","84.15820692271743","50.724188253688546","0.4675455940150968","0.28180104585382526","15971.131513591343","16012.504261347369","15805.640522567246","1.0130879693540267","1448.6928886699907","752.7558172411693","4232.441174385275","0.1778538167988833","0.011398041581516027","1","1","1","1","1","1","100","0.0791636010372325","80","20","0.20845851516372466","0.06279222876209842","0.7911236607702294","0.09360184100144538"
"135","100","0.4","0.35","144","5","periodic","60","0.2","0.5","0.1","1","0.05","500","2000","0.5","0.01","true","false","all","5","8","1.5","0.3","1","mixed","0.8","0","0.2","3000","131","32.987508202996956","70.94889467083458","0.39416052594908096","77.15333504043642","45.8116289149739","0.42862963911353563","0.2545090495276328","18601.676786475953","18683.81156834514","18273.137658999196","1.0224741868096034","1243.394752440095","715.8984924463059","3353.379792415251","0.21348565827990645","0.010408248560893396","1","1","1","1","1","1","100","0.07771493524210193","80","20","0.20029125728034178","0.050431698549443835","0.7997294922039331","0.09814604072542188"
"138","100","0.4","0.35","144","5","periodic","60","0.2","0.5","0.1","1","0.05","500","2000","0.5","0.01","true","false","all","5","8","1.5","0.3","1","mixed","0.8","0","0.2","3000","60","29.671174712044262","97.47391830407298","0.541521768355961","89.78812431039788","104.62573398193899","0.49882291283554375","0.5812540776774389","2267.9897825731123","2279.3029438403037","2222.737137504349","1.0254487160814105","1241.5127023100983","711.7417598868147","3360.596472003234","0.2117903074100858","0.017085047180866342","1","1","1","1","1","1","100","0.08300094262694219","80","20","0.20875106207492677","0.062228262080505733","0.7948422620526111","0.09402572681669394"
"136","100","0.4","0.35","144","5","periodic","60","0.2","0.5","0.1","1","0.05","500","2000","0.5","0.01","true","false","all","5","8","1.5","0.3","1","mixed","0.8","0","0.2","3000","38","33.30195908139757","91.09861373608923","0.5061034096449402","87.92394048057932","71.99999999999999","0.4884663360032184","0.3999999999999999","4939.0852702167995","4962.742448578473","4844.4565567701","1.024416751481251","1488.7412982490841","797.8121705230681","4252.457809153153","0.18761201317643325","0.010987597389846782","1","1","1","1","1","1","100","0.08271633163339205","80","20","0.2017711106678407","0.0539900893097658","0.79289519610014","0.09609618746398117"
"137","100","0.4","0.35","144","5","periodic","60","0.2","0.5","0.1","1","0.05","500","2000","0.5","0.01","true","false","all","5","8","1.5","0.3","1","mixed","0.8","0","0.2","3000","26","20.06691854683359","77.04394006022316","0.428021889223462","83.53345663010863","52.758733720956776","0.4640747590561591","0.29310407622753765","8663.454550288874","8671.913012920226","8629.620699763476","1.0049008310594587","1241.3824021297619","733.0284212633039","3274.798325595594","0.2238392561563273","0.010219503035239663","1","1","1","1","1","1","100","0.07841671135388337","80","20","0.22562552229333602","0.07549133091555105","0.8261622878044758","0.10125626050031615"
"139","100","0.4","0.35","144","5","periodic","60","0.2","0.5","0.1","1","0.05","500","2000","0.5","0.01","true","false","all","5","8","1.5","0.3","1","mixed","0.8","0","0.2","3000","31","32.528395711346846","77.49799275602447","0.43054440420013596","81.8630876028906","57.01261796242593","0.45479493112717","0.3167367664579218","5062.810508410358","5082.334424029981","4984.714845931871","1.0195837838502995","1404.7974440564833","749.1492163880982","4027.3903547300215","0.18601355975048461","0.014126046678449411","1","1","1","1","1","1","100","0.07973089881706501","80","20","0.20247209096057844","0.04943923181831174","0.8146035275296452","0.10170210106622488"
"140","100","0.4","0.35","144","5","periodic","60","0.2","0.5","0.1","1","0.05","500","2000","0.5","0.01","true","false","all","5","8","1.5","0.3","1","mixed","0.8","0","0.2","3000","141","39.299770542987915","69.59072646677637","0.38661514703764654","79.44742643847697","30.118721174844694","0.44137459132487206","0.1673262287491372","10302.579522165202","10324.561972848369","10214.64971943255","1.0107602567327119","1413.4464356995368","762.6614979777876","4016.586186586535","0.18987803635951092","0.013625835110978368","1","1","1","1","1","1","100","0.0761255659248125","80","20","0.2239589293889879","0.07261419940516621","0.8293378493242752","0.10121186813635907"
"141","100","0.4","0.35","144","5","periodic","60","0.2","0.5","0.1","1","0.05","500","2000","0.5","0.01","true","false","all","5","8","1.5","0.3","1","mixed","0.8","0","0.2","3000","0","15.258557214905991","91.85301978059643","0.5102945543366468","87.6249977407664","86.55373170762749","0.4868055430042578","0.48085406504237493","966.7629794456489","968.5457701993579","959.6318164308108","1.0092889310420132","1376.4884840808922","921.3689190112002","3196.9667443596577","0.288200970697225","0.013579028660034131","0.34426332801312604","0.34297048187313334","0.34426332801312604","0.31117531963043243","0.312363846799572","0.30642121095387387","100","0.07831654349652892","80","20","0.2096338161166662","0.06743656819605441","0.7784228077991134","0.0900712075622307"
"142","100","0.4","0.35","144","5","periodic","60","0.2","0.5","0.1","1","0.05","500","2000","0.5","0.01","true","false","all","5","8","1.5","0.3","1","mixed","0.8","0","0.2","3000","0","36.03855477466797","82.92891611168253","0.4607162006204585","90.879792403673","44.17815447603741","0.5048877355759611","0.24543419153354118","10781.51899857588","10827.999792496505","10595.595822893414","1.0219340161221462","1461.293315050722","835.023003107028","3966.3745628254956","0.21052550380218985","0.012667331210167276","1","1","1","1","1","1","100","0.08692543446454967","80","20","0.20636984785778964","0.061405690245596875","0.7862264783065607","0.0921186083684655"
"143","100","0.4","0.35","144","5","periodic","60","0.2","0.5","0.1","1","0.05","500","2000","0.5","0.01","true","false","all","5","8","1.5","0.3","1","mixed","0.8","0","0.2","3000","11","38.533357744426254","85.0382901356472","0.47243494519804","83.11924181391998","57.21388619858844","0.4617735656328888","0.3178549233254913","10564.613328508258","10607.423956852088","10393.370815132957","1.0205951606583168","1459.3752854242503","706.9746154521715","4468.977965312568","0.15819603966266688","0.014256029925567626","1","1","1","1","1","1","100","0.07391986635610982","80","20","0.18875800044384244","0.0400166082112678","0.7837235693741411","0.0938221838233102"
"144","100","0.4","0.35","144","5","periodic","60","0.2","0.5","0.1","1","0.05","500","2000","0.5","0.01","true","false","all","5","8","1.5","0.3","1","mixed","0.8","0","0.2","3000","0","10.045966493876065","93.94586399493966","0.5219214666385537","93.67373302271815","56.4269128037731","0.5204096279039897","0.31348284890985056","661.9165681279089","664.4169095372075","651.9152024907154","1.0191768914096921","1456.601166288878","895.606481742311","3700.579904475143","0.2420178741875689","0.0212869058066969","0.15470796506605478","0.15470796506605478","0.13409241402853567","0.10794437875193941","0.10961127302480496","0.10127680166047685","100","0.09587699438701242","80","20","0.20905029398801772","0.06359011965584148","0.7908909913167229","0.09338257912429354"
"145","100","0.4","0.35","144","5","periodic","60","0.2","0.5","0.1","1","0.05","500","2000","0.5","0.01","true","false","all","5","8","1.5","0.3","1","mixed","0.8","0","0.2","3000","0","27.032765240694147","82.38624672781036","0.45770137071005756","85.40480054439243","57.9320451175361","0.4744711141355135","0.32184469509742275","8057.706258155991","8096.556620603286","7902.304808366806","1.0245816653428514","1245.574480416923","672.2410408598295","3538.908238645296","0.1899571832688052","0.01664992095777995","1","1","1","1","1","1","100","0.08092036737243317","80","20","0.1974888042719373","0.04953035279110901","0.7893226101952503","0.09643422663873351"
"146","100","0.4","0.35","144","5","periodic","60","0.2","0.5","0.1","1","0.05","500","2000","0.5","0.01","true","false","all","5","8","1.5","0.3","1","mixed","0.8","0","0.2","3000","35","34.35860086667503","85.64017644933843","0.47577875805188014","86.63839686605938","67.47728109703807","0.48132442703366324","0.37487378387243375","10387.629110783768","10411.90300541709","10290.533532250454","1.011794283822726","1384.679788210981","627.1099996423026","4414.958942485699","0.14204209094846726","0.011467926129788086","1","1","1","1","1","1","100","0.09015647958071395","80","20","0.199150545922543","0.052730427189771056","0.7848310208536305","0.09316500299208084"
"147","100","0.4","0.35","144","5","periodic","60","0.2","0.5","0.1","1","0.05","500","2000","0.5","0.01","true","false","all","5","8","1.5","0.3","1","mixed","0.8","0","0.2","3000","11","29.042476523066398","101.0101019649002","0.5611672331383345","94.07004840986926","100.80672235586728","0.5226113800548292","0.5600373464214848","10498.689670477675","10545.950151759764","10309.647745349317","1.0229205121500917","1562.53728757241","830.1756504423126","4491.983836092799","0.18481269762635935","0.01383899687386414","1","1","1","1","1","1","100","0.0692714619330277","80","20","0.20325924379746343","0.04863987432025563","0.8217367217062949","0.10290277590331749"
"148","100","0.4","0.35","144","5","periodic","60","0.2","0.5","0.1","1","0.05","500","2000","0.5","0.01","true","false","all","5","8","1.5","0.3","1","mixed","0.8","0","0.2","3000","116","33.76920067522224","81.95717128022818","0.4553176182234899","89.75922458238878","24.920856163705007","0.4986623587910488","0.13844920090947227","13421.33488087262","13480.682504288756","13183.944387208088","1.0225075370743055","1545.598694508176","745.7258690499277","4745.08999634117","0.15715737101402485","0.01136060621877566","1","1","1","1","1","1","100","0.08643553138447119","80","20","0.21123020443584273","0.05296154896412989","0.8443048263226938","0.10885758325751516"
"150","100","0.4","0.35","144","5","periodic","60","0.2","0.5","0.1","1","0.05","500","2000","0.5","0.01","true","false","all","5","8","1.5","0.3","1","mixed","0.8","0","0.2","3000","148","36.542964884189374","100.3858173683692","0.5576989853798289","99.29207463821483","66.76915383050856","0.5516226368789713","0.3709397435028253","5390.447432972407","5410.254498628618","5311.219170347571","1.018646439754164","1349.8176941555316","703.3593361021298","3935.6511263691405","0.17871485899488715","0.017745715189533273","1","1","1","1","1","1","100","0.08214912927805741","80","20","0.19315956472283072","0.04262380380514115","0.7953026083935886","0.09894031260600357"
"149","100","0.4","0.35","144","5","periodic","60","0.2","0.5","0.1","1","0.05","500","2000","0.5","0.01","true","false","all","5","8","1.5","0.3","1","mixed","0.8","0","0.2","3000","-1","36.700278680598444","98.99494089943205","0.5499718938857336","99.82754173146118","59.907227105609124","0.5545974540636732","0.33281792836449514","21707.061671272535","21762.93913660074","21483.551809959732","1.0130047083979605","1356.657547967699","905.1150042850064","3162.827722698471","0.2861727174671332","0.009760263972844685","1","1","1","1","1","1","100","0.0834506990700265","80","20","0.210150279555425","0.05853321791214987","0.8166185261285254","0.10305446738490417"
"151","100","0.4","0.35","144","5","periodic","60","0.2","0.5","0.1","1","0.05","500","2000","0.5","0.01","true","false","all","5","8","1.5","0.3","1","mixed","0.8","0","0.2","3000","0","17.70192263057571","98.73525381951119","0.5485291878861732","98.11342680427167","93.98568833223361","0.5450745933570649","0.5221427129568533","784.3830066695919","789.1293396957619","765.3976745649098","1.0310056666220504","1627.446273710767","731.7250324292976","5210.3312388366485","0.1404373347658172","0.021849294691842713","0.23104866380890607","0.23104866380890607","0.2157496627216442","0.18958867111306105","0.192752893130508","0.17693178304327328","100","0.07020343016024717","80","20","0.19518388906765136","0.050809471262568795","0.772681560287982","0.0914998893960663"
"152","100","0.4","0.35","144","5","periodic","60","0.2","0.5","0.1","1","0.05","500","2000","0.5","0.01","true","false","all","5","8","1.5","0.3","1","mixed","0.8","0","0.2","3000","7","27.788062522397496","70.93954293764632","0.3941085718758129","79.8250196930961","37.05247152236926","0.4434723316283116","0.20584706401316255","15923.518266833813","15971.042810581104","15733.420091844684","1.0151030556197755","1220.0467327706613","710.2151536802451","3259.3730491323277","0.21789931467627197","0.011690782854933301","1","1","1","1","1","1","100","0.09767434794349233","80","20","0.2038531836282237","0.054434093278055165","0.801529545028898","0.09752482779005273"
"153","100","0.4","0.35","144","5","periodic","60","0.2","0.5","0.1","1","0.05","500","2000","0.5","0.01","true","false","all","5","8","1.5","0.3","1","mixed","0.8","0","0.2","3000","2","28.872255594602905","102.95049791282781","0.5719472106268212","102.50903794834059","55.193243223575585","0.5694946552685588","0.3066291290198644","10348.30153436715","10406.042152630253","10117.339061314753","1.0285354765285468","1530.3118283499225","763.4098774536816","4597.919631934888","0.1660337584309678","0.0135590135054251","1","1","1","1","1","1","100","0.08938754449756389","80","20","0.21176452212763278","0.054910749413860635","0.8391796129827214","0.10736156418008036"
"155","100","0.4","0.35","144","5","periodic","60","0.2","0.5","0.1","1","0.05","500","2000","0.5","0.01","true","false","all","5","8","1.5","0.3","1","mixed","0.8","0","0.2","3000","41","25.440637637979634","77.14583618232737","0.42858797879070765","82.6269051265289","54.32452455342591","0.45903836181404944","0.3018029141856995","3493.3754956136863","3509.203240305137","3430.064516847884","1.023072080151419","1240.0494236362565","698.8242402777325","3404.950157070352","0.2052377297878","0.02013890604944857","1","1","1","1","1","1","100","0.07502299128772709","80","20","0.21693195737604035","0.0747628647312659","0.7856083279551378","0.09272337321066462"
"156","100","0.4","0.35","144","5","periodic","60","0.2","0.5","0.1","1","0.05","500","2000","0.5","0.01","true","false","all","5","8","1.5","0.3","1","mixed","0.8","0","0.2","3000","46","18.681084042652486","107.2481891440889","0.5958232730227161","100.17512747905303","38.85773237984951","0.556528485994739","0.21587629099916394","1508.6532221675","1511.7644399920073","1496.20835086947","1.010397007284111","1409.4168553680968","777.9612723374396","3935.2391874907225","0.19769097512812206","0.01570486457687892","0.74430229915098","0.74430229915098","0.704765966078344","0.672435481445","0.674509626661338","0.6641389005796465","100","0.08016106319713938","80","20","0.20852723625614314","0.056776560925699306","0.8155299375779188","0.10077580770013773"
"154","100","0.4","0.35","144","5","periodic","60","0.2","0.5","0.1","1","0.05","500","2000","0.5","0.01","true","false","all","5","8","1.5","0.3","1","mixed","0.8","0","0.2","3000","0","24.25433430524525","77.07066372220036","0.42817035401222425","85.75420693966035","38.40005472932334","0.47641226077589083","0.21333363738512964","3846.496069364993","3871.233975722999","3747.544443932978","1.0330054876307777","1361.275530933224","719.9055416901475","3926.7554879055265","0.1833334272804785","0.02317340654066946","1","1","1","1","1","1","100","0.07397620726801672","80","20","0.21046640167914313","0.06662190528684721","0.7858443872483274","0.09188120007168038"
"158","100","0.4","0.35","144","5","periodic","60","0.2","0.5","0.1","1","0.05","500","2000","0.5","0.01","true","false","all","5","8","1.5","0.3","1","mixed","0.8","0","0.2","3000","0","30.959224707991964","72.39546843121416","0.4021970468400786","78.12173114261849","34.970528618206984","0.4340096174589916","0.19428071454559437","9357.325899197245","9376.201812394176","9281.822246409518","1.0101682151929994","1496.9147473847584","779.7697302212672","4365.494816038723","0.17862115592404604","0.01236570038879381","1","1","1","1","1","1","100","0.0771727876548929","80","20","0.2224199952109162","0.07961890215868409","0.7936243674198449","0.09375282660342642"
"157","100","0.4","0.35","144","5","periodic","60","0.2","0.5","0.1","1","0.05","500","2000","0.5","0.01","true","false","all","5","8","1.5","0.3","1","mixed","0.8","0","0.2","3000","46","37.71268143529327","68.32469985381618","0.37958166585453434","75.95352174009884","31.477804463623055","0.42196400966721576","0.17487669146457252","19987.444173708125","20106.15772220532","19512.58997971931","1.030419731214715","1482.0404097659577","740.1532980918772","4449.588856462282","0.166341952474312","0.010791014140568045","1","1","1","1","1","1","100","0.08879504727333302","80","20","0.1990463798098238","0.05006258311695542","0.7949815665812976","0.09552858153925071"
"159","100","0.4","0.35","144","5","periodic","60","0.2","0.5","0.1","1","0.05","500","2000","0.5","0.01","true","false","all","5","8","1.5","0.3","1","mixed","0.8","0","0.2","3000","50","31.93875115697024","76.28917380688445","0.4238287433715803","80.47545380555384","53.22257136325645","0.44708585447529914","0.29568095201809136","6121.823695255372","6123.637658737412","6114.567841327219","1.0014833129087048","1207.7407688768167","786.4260938879868","2892.999468832137","0.27183762125108724","0.014416960844966908","1","1","1","1","1","1","100","0.08097563060991722","80","20","0.20142827889703352","0.04997152086123946","0.8072553110402099","0.09900262488173933"
"160","100","0.4","0.35","144","5","periodic","60","0.2","0.5","0.1","1","0.05","500","2000","0.5","0.01","true","false","all","5","8","1.5","0.3","1","mixed","0.8","0","0.2","3000","120","30.371181890283367","71.65149918801382","0.3980638843778545","78.64618626734179","43.891032109150395","0.4369232570407877","0.24383906727305774","19637.568332449468","19712.257814399247","19338.810404650343","1.0193107746513252","1601.5631583044005","908.3570602498215","4374.387550522717","0.2076535400118532","0.009860727167612549","1","1","1","1","1","1","100","0.08082296581001515","80","20","0.21447075089810785","0.06337129077547421","0.8188685913886428","0.09992688824279335"
"161","100","0.4","0.35","144","5","periodic","60","0.2","0.5","0.1","1","0.05","500","2000","0.5","0.01","true","false","all","5","8","1.5","0.3","1","mixed","0.8","0","0.2","3000","11","46.24604794877073","91.88327041080878","0.5104626133933821","92.4280742902151","74.56660201547125","0.5134893016123061","0.4142589000859514","7977.285705281014","7994.954970552624","7906.608644194581","1.0111737320428664","1336.16962239195","714.5553392254758","3822.626755057844","0.18692783392467605","0.01292696212788047","1","1","1","1","1","1","100","0.07814094947691912","80","20","0.21466369592747767","0.07197593050966872","0.7854147575987135","0.09072777255216202"
"162","100","0.4","0.35","144","5","periodic","60","0.2","0.5","0.1","1","0.05","500","2000","0.5","0.01","true","false","all","5","8","1.5","0.3","1","mixed","0.8","0","0.2","3000","0","13.48016549488105","73.34350301482523","0.40746390563791796","82.46362356474548","33.346053322470844","0.45813124202636374","0.1852558517915047","779.6523040930994","781.48965411807","772.3029039932177","1.0118952681355355","1639.504700284792","888.1187759895672","4645.048397465688","0.19119688321743208","0.018062206462569952","0.23594907642143667","0.23594907642143667","0.20605449600071166","0.18643486939539955","0.18765976941204646","0.18153526932881167","100","0.08286224246125978","80","20","0.2083078432290387","0.062092716290312135","0.7931683509839448","0.09365139869844626"
"164","100","0.4","0.35","144","5","periodic","60","0.2","0.5","0.1","1","0.05","500","2000","0.5","0.01","true","false","all","5","8","1.5","0.3","1","mixed","0.8","0","0.2","3000","14","29.00637701070511","89.7678268949764","0.4987101494165355","95.71661102793834","48.81834985122264","0.531758950155213","0.2712130547290147","3340.4127613147575","3360.4491014878486","3260.267400622391","1.0307280626264983","1340.5417525396228","718.9441953780812","3826.9319811857886","0.18786437776072357","0.02097447685619014","1","1","1","1","1","1","100","0.08736979863763998","80","20","0.21217331235764514","0.057343172937609176","0.8314938700377889","0.1031219682010243"
"163","100","0.4","0.35","144","5","periodic","60","0.2","0.5","0.1","1","0.05","500","2000","0.5","0.01","true","false","all","5","8","1.5","0.3","1","mixed","0.8","0","0.2","3000","12","21.96075415984248","108.32785661526313","0.6018214256403507","102.9841938732774","74.4004588673492","0.5721344104070967","0.41333588259638443","865.4049865927362","870.1480108491378","846.4328895671308","1.0280177218705837","1752.4163876862701","658.497218603138","6128.0930640188","0.1074554860254188","0.02207326956250455","0.3066684135699166","0.3066684135699166","0.28692766401381237","0.24360332439515756","0.24676534056609176","0.23095525971142053","100","0.07629099769113395","80","20","0.21231843467307002","0.07426008066084618","0.764551850721965","0.08714797160875058"
"165","100","0.4","0.35","144","5","periodic","60","0.2","0.5","0.1","1","0.05","500","2000","0.5","0.01","true","false","all","5","8","1.5","0.3","1","mixed","0.8","0","0.2","3000","0","7.800744361097358","70.55893762736373","0.3919940979297985","76.73225409456083","51.273376086280585","0.42629030052533795","0.2848520893682255","967.2544339657105","970.4693143437769","954.3949124534465","1.0168425058438422","1414.2853237322906","888.2353826761797","3518.485087956735","0.25244824419363904","0.01747314633450414","0.3547782933985439","0.3547782933985439","0.34841717969282776","0.31150295597714056","0.3136462095625178","0.30292994163563103","100","0.08474592457848061","80","20","0.21265612112653776","0.06088565018852511","0.8197380048785883","0.10302892244299844"
"166","100","0.4","0.35","144","5","periodic","60","0.2","0.5","0.1","1","0.05","500","2000","0.5","0.01","true","false","all","5","8","1.5","0.3","1","mixed","0.8","0","0.2","3000","78","22.964945336506645","84.1436338403589","0.4674646324464383","93.72474271504043","37.02390660575868","0.5206930150835579","0.20568837003199267","13943.394744681491","13999.65919357626","13718.33694910238","1.0205070224997124","1502.3531007903166","793.8352381541993","4336.424551334785","0.18306215841109255","0.01207300055859628","1","1","1","1","1","1","100","0.0724885632611956","80","20","0.2037536512747101","0.05589244038671929","0.7951984948266733","0.09675344476771296"
"167","100","0.4","0.35","144","5","periodic","60","0.2","0.5","0.1","1","0.05","500","2000","0.5","0.01","true","false","all","5","8","1.5","0.3","1","mixed","0.8","0","0.2","3000","0","35.289307218397155","89.24792571872833","0.4958218095484907","95.47658775042939","33.914529967391175","0.5304254875023855","0.18841405537439543","19789.69640862519","19916.38926870508","19282.924968305644","1.0328510483466915","1882.4869755032553","907.7944744277868","5781.256979805132","0.15702371951270458","0.012311087923490227","1","1","1","1","1","1","100","0.08526407435561269","80","20","0.2081392161111525","0.06419345638653126","0.7839222550096373","0.0922599311073508"
"169","100","0.4","0.35","144","5","periodic","60","0.2","0.5","0.1","1","0.05","500","2000","0.5","0.01","true","false","all","5","8","1.5","0.3","1","mixed","0.8","0","0.2","3000","0","12.454783413365021","100.99302881535803","0.5610723823075446","104.7606672125789","53.49093720594006","0.5820037067365494","0.29717187336633366","786.4294875793017","789.790230105901","772.986517472904","1.0217386878725034","1272.282089834048","738.7618147074388","3406.3631903404857","0.2168769956187776","0.01960085069401818","0.23550514220097155","0.23550514220097155","0.22383578013777272","0.19095299171953428","0.19319348673726736","0.18199101164860262","100","0.08429649914550932","80","20","0.19773836339811385","0.06097969198098223","0.7447730490666404","0.08356713243756052"
"168","100","0.4","0.35","144","5","periodic","60","0.2","0.5","0.1","1","0.05","500","2000","0.5","0.01","true","false","all","5","8","1.5","0.3","1","mixed","0.8","0","0.2","3000","0","32.53513946240466","102.39841917329791","0.5688801065183218","101.36527825150645","77.26697419975565","0.5631404347305914","0.4292609677764203","3181.234409109939","3194.9813180213696","3126.2467734642123","1.0219862824459607","1290.1742338464098","826.8487418777638","3143.4762017209914","0.2630364249059943","0.02257059014316809","1","1","1","1","1","1","100","0.08817501819767377","80","20","0.19947410487711562","0.056370667747602944","0.7718878533951662","0.0906936130409004"
"171","100","0.4","0.35","144","5","periodic","60","0.2","0.5","0.1","1","0.05","500","2000","0.5","0.01","true","false","all","5","8","1.5","0.3","1","mixed","0.8","0","0.2","3000","151","13.288551157166623","89.33208924246868","0.4962893846803816","92.03966701582021","67.42167228095747","0.5113314834212234","0.37456484600531925","3296.8248195533934","3311.385741863401","3238.5811303133587","1.022480403800475","1383.5607172154466","820.9956718059005","3633.8208988536308","0.22593179318906492","0.020801312584044274","1","1","1","1","1","1","100","0.08700374558132488","80","20","0.20803427158727356","0.06982116164484388","0.760886711356992","0.08800186107865557"
"172","100","0.4","0.35","144","5","periodic","60","0.2","0.5","0.1","1","0.05","500","2000","0.5","0.01","true","false","all","5","8","1.5","0.3","1","mixed","0.8","0","0.2","3000","4","21.68587323681774","73.13658631321603","0.4063143684067557","84.98896743208074","25.60105101114285","0.47216093017822636","0.14222806117301584","2736.509836890014","2743.738945568702","2707.5934021752555","1.013349693999257","1324.3337723639606","678.0417698644935","3909.5017823618327","0.17343431659848765","0.013334000868426621","1","1","1","1","1","1","100","0.08807959467780663","80","20","0.1965221594447212","0.04082641435590085","0.8193051398000026","0.10381242797842227"
"170","100","0.4","0.35","144","5","periodic","60","0.2","0.5","0.1","1","0.05","500","2000","0.5","0.01","true","false","all","5","8","1.5","0.3","1","mixed","0.8","0","0.2","3000","0","31.60462647322241","99.29657079669603","0.5516476155372002","94.56961333887634","105.00088676635603","0.5253867407715352","0.5833382598130891","17412.3747815556","17508.677810253397","17027.162666764456","1.0282792355316375","1526.3008776756865","727.8266755593592","4720.197686140995","0.1541941087968277","0.012605912289044952","1","1","1","1","1","1","100","0.06616614950708984","80","20","0.20425275136956894","0.055400070762995746","0.7996634737958618","0.09594763605019499"
"173","100","0.4","0.35","144","5","periodic","60","0.2","0.5","0.1","1","0.05","500","2000","0.5","0.01","true","false","all","5","8","1.5","0.3","1","mixed","0.8","0","0.2","3000","0","15.544760761370952","103.65352984453136","0.5758529435807298","93.37836040189087","137.65625924532998","0.5187686688993938","0.7647569958073888","666.3631666179888","668.5062027322575","657.7910221609135","1.0162896424705574","1261.2874192326024","623.6608795241812","3811.793578066287","0.16361349762296495","0.022463047711163364","0.1572815507647039","0.1572815507647039","0.1412564980101212","0.11090877774532587","0.11233746848817165","0.10519401477394237","100","0.08970334749412637","80","20","0.19494241313462685","0.04840177738717003","0.7811049561244539","0.09235483456380184"
"174","100","0.4","0.35","144","5","periodic","60","0.2","0.5","0.1","1","0.05","500","2000","0.5","0.01","true","false","all","5","8","1.5","0.3","1","mixed","0.8","0","0.2","3000","29","24.898847152306857","91.85973864259755","0.5103318813477642","85.54203046706589","110.19027852886354","0.47523350259481045","0.6121682140492419","10268.57022679427","10300.673200722578","10140.158331081017","1.0158296216292368","1625.170796563108","845.0082879840738","4745.820830879246","0.17805313729627706","0.010963918919546956","1","1","1","1","1","1","100","0.08794421248664525","80","20","0.2054390992861527","0.05794075497011607","0.7954324765502996","0.09484693966844869"
"175","100","0.4","0.35","144","5","periodic","60","0.2","0.5","0.1","1","0.05","500","2000","0.5","0.01","true","false","all","5","8","1.5","0.3","1","mixed","0.8","0","0.2","3000","32","20.86902418713747","91.5931678193372","0.5088509323296511","97.90857949679427","56.16439422505042","0.5439365527599682","0.3120244123613912","4178.610246905282","4179.917773355717","4173.380141103537","1.0015665077302187","1346.5523549814936","702.1493831113796","3924.1642424619517","0.17892966240140432","0.015305302129007714","1","1","1","1","1","1","100","0.08474493513621532","80","20","0.21703832081419916","0.0617660981303965","0.8381272115494101","0.10632759140776496"
"177","100","0.4","0.35","144","5","periodic","60","0.2","0.5","0.1","1","0.05","500","2000","0.5","0.01","true","false","all","5","8","1.5","0.3","1","mixed","0.8","0","0.2","3000","0","15.148030144558078","96.14353911420694","0.5341307728567053","93.93619848886955","41.5437176251834","0.5218677693826086","0.23079843125101887","5623.753378388017","5642.945959625109","5546.9830534396515","1.0173000179126115","1517.5560588521396","769.956572406358","4507.954004635265","0.17079956264297655","0.018288621067854782","1","1","1","1","1","1","100","0.08438370746730083","80","20","0.2137057654153158","0.06667849918405147","0.8018148303403733","0.09930620332333844"
"176","100","0.4","0.35","144","5","periodic","60","0.2","0.5","0.1","1","0.05","500","2000","0.5","0.01","true","false","all","5","8","1.5","0.3","1","mixed","0.8","0","0.2","3000","0","24.058353589909217","67.35437467640836","0.37419097042449084","73.12948071979004","46.10624029106481","0.40627489288772245","0.2561457793948045","2189.3921879036384","2195.9331795868047","2163.228221170976","1.0151185890123624","1391.7133037945296","824.6070793303277","3660.1382016513357","0.22529397358774364","0.010914493196664488","1","1","1","1","1","1","100","0.0907355935673396","80","20","0.21548469362856956","0.06293648505693702","0.8256775279150996","0.10302648509630964"
"178","100","0.4","0.35","144","5","periodic","60","0.2","0.5","0.1","1","0.05","500","2000","0.5","0.01","true","false","all","5","8","1.5","0.3","1","mixed","0.8","0","0.2","3000","0","41.793625561124884","109.80136301116325","0.6100075722842403","100.4655924136843","142.16569914495818","0.5581421800760239","0.7898094396942121","9723.0182849816","9746.262375296885","9630.041923720493","1.012068530178474","1239.818337764836","650.3919621410921","3597.523840259809","0.18078878445851287","0.014023083522025859","1","1","1","1","1","1","100","0.08556357596004578","80","20","0.2109952808366075","0.06291273927623306","0.8033254470781053","0.09621536840447398"
"179","100","0.4","0.35","144","5","periodic","60","0.2","0.5","0.1","1","0.05","500","2000","0.5","0.01","true","false","all","5","8","1.5","0.3","1","mixed","0.8","0","0.2","3000","1","28.83878899657853","95.46965339242037","0.5303869632912243","95.1693004232074","48.93104771066646","0.5287183356844856","0.271839153948147","4617.576262587877","4636.640509066529","4541.319276673265","1.0209897667585024","1512.4640979012322","728.7899531520661","4647.160676897897","0.15682478051061338","0.010667270794529893","1","1","1","1","1","1","100","0.08713613524733366","80","20","0.21602528462051032","0.06548439145340385","0.818188857288936","0.09885768853652419"
"180","100","0.4","0.35","144","5","periodic","60","0.2","0.5","0.1","1","0.05","500","2000","0.5","0.01","true","false","all","5","8","1.5","0.3","1","mixed","0.8","0","0.2","3000","66","18.48346524465488","75.14500679000312","0.4174722599444618","82.950971101107","34.23176839692083","0.46083872833948336","0.19017649109400458","2421.2533327581887","2433.192331961338","2373.497335945592","1.0251506479959727","1435.6994988956428","700.8427783387286","4375.126381123294","0.1601880076796297","0.018807589937797076","1","1","1","1","1","1","100","0.07964894285097285","80","20","0.18976430735003508","0.0425689492098326","0.7785457399108454","0.09241323536614017"
"181","100","0.4","0.35","144","5","periodic","60","0.2","0.5","0.1","1","0.05","500","2000","0.5","0.01","true","false","all","5","8","1.5","0.3","1","mixed","0.8","0","0.2","3000","153","27.532051251923107","92.14663973063345","0.511925776281297","94.87138573445677","75.76064819047983","0.5270632540803154","0.42089248994711015","17835.424824426547","17925.585782130445","17474.78099361091","1.0257974499757316","1428.1506360260632","837.2786429960554","3791.638608146094","0.22082237510642916","0.011942347827835764","1","1","1","1","1","1","100","0.09330561672252495","80","20","0.20875177548675036","0.06548446455645482","0.7818210192079322","0.09164795480363175"
"184","100","0.4","0.35","144","5","periodic","60","0.2","0.5","0.1","1","0.05","500","2000","0.5","0.01","true","false","all","5","8","1.5","0.3","1","mixed","0.8","0","0.2","3000","0","24.46583120640645","86.65944756454793","0.4814413753585996","91.9694665417264","51.57033680081328","0.5109414807873689","0.28650187111562936","3877.0136084229844","3892.9585160695424","3813.233977836758","1.020907329237114","1391.2322414497205","735.415561568812","4014.498960973355","0.18318987468127354","0.020456528100782467","1","1","1","1","1","1","100","0.08217291557416978","80","20","0.20390542136108156","0.05670331706837757","0.7927138385318973","0.09516089335295089"
"183","100","0.4","0.35","144","5","periodic","60","0.2","0.5","0.1","1","0.05","500","2000","0.5","0.01","true","false","all","5","8","1.5","0.3","1","mixed","0.8","0","0.2","3000","71","26.9024125660885","82.53382493027794","0.4585212496126552","85.27445602366807","71.88745251729532","0.473746977909267","0.3993747362071962","4949.520743984252","4975.6965580892365","4844.817487564323","1.0270142416842023","1376.642289782795","787.9677134736596","3731.3405950193346","0.21117549937024094","0.01837211200716138","1","1","1","1","1","1","100","0.09495697548706065","80","20","0.21659590718894633","0.06759858382230825","0.8125852006554982","0.09883421303261687"
"182","100","0.4","0.35","144","5","periodic","60","0.2","0.5","0.1","1","0.05","500","2000","0.5","0.01","true","false","all","5","8","1.5","0.3","1","mixed","0.8","0","0.2","3000","0","31.635197785695496","101.8050599044334","0.5655836661357412","101.4427979759301","55.0103547256248","0.5635710998662784","0.3056130818090267","3289.169598945672","3300.3886186597542","3244.2935200893476","1.0172903894863565","1398.4721349333308","690.2394910336486","4231.402710532056","0.1631230913842417","0.022215716994349544","1","1","1","1","1","1","100","0.08185423777737846","80","20","0.2252319251037744","0.08347140306982347","0.792274013239578","0.0914000455897533"
"185","100","0.4","0.35","144","5","periodic","60","0.2","0.5","0.1","1","0.05","500","2000","0.5","0.01","true","false","all","5","8","1.5","0.3","1","mixed","0.8","0","0.2","3000","61","28.96863085106662","67.48255747322483","0.3749030970734713","76.36039053624313","31.68887787014147","0.4242243918680174","0.17604932150078595","2624.833201664455","2632.9083853042","2592.53246710548","1.0155739296271178","1244.2979254601116","591.5056595752038","3855.466988999743","0.15341997772587926","0.015027930455212335","1","1","1","1","1","1","100","0.08125641674361594","80","20","0.1947814699928193","0.05132747767008126","0.7685974392837717","0.090152216383854"
"186","100","0.4","0.35","144","5","periodic","60","0.2","0.5","0.1","1","0.05","500","2000","0.5","0.01","true","false","all","5","8","1.5","0.3","1","mixed","0.8","0","0.2","3000","0","24.818275850351185","74.75185622088179","0.41528809011601","83.81905851009229","25.164361865965535","0.46566143616717937","0.1398020103664752","1371.7690162646325","1376.252582812144","1353.8347500745872","1.0165587659323425","1494.1682063414669","781.7977630106891","4343.649979664581","0.17998636323616934","0.015155540807454848","0.6373507670489703","0.6373507670489703","0.6180454547606233","0.5811793441764217","0.584168388541429","0.5692231667163914","100","0.08305709568570571","80","20","0.21294197272340704","0.06256858991578082","0.8144355039539122","0.09998128725173853"
"187","100","0.4","0.35","144","5","periodic","60","0.2","0.5","0.1","1","0.05","500","2000","0.5","0.01","true","false","all","5","8","1.5","0.3","1","mixed","0.8","0","0.2","3000","96","16.95930346935947","94.1935650669371","0.5232975837052061","93.16970984847377","73.949507032591","0.5176094991581877","0.4108305946255056","1671.3365703127834","1678.1367940558441","1644.1356753405375","1.02068023900051","1629.397493635299","787.8221496008354","4995.698869773157","0.15770008764291443","0.024234668119883285","0.8813311494306629","0.8813311494306629","0.8476636571372889","0.7808910468751885","0.7854245293705626","0.7627571168936915","100","0.08122501488671953","80","20","0.21791230964944414","0.07011167169098169","0.8091148614832944","0.09643528958001862"
"188","100","0.4","0.35","144","5","periodic","60","0.2","0.5","0.1","1","0.05","500","2000","0.5","0.01","true","false","all","5","8","1.5","0.3","1","mixed","0.8","0","0.2","3000","26","34.66269328825901","77.74004480941579","0.43188913783008775","84.45011914310946","31.368603816317318","0.46916732857283033","0.17427002120176288","14368.287953946434","14406.28284039408","14216.30840815588","1.0133631338589424","1337.108573346168","669.2628818578193","4008.4913392995645","0.16696128922527867","0.011884539472827083","1","1","1","1","1","1","100","0.07102725944825522","80","20","0.22085951221902977","0.06956618741537207","0.82603281143366","0.09987647106455193"
"189","100","0.4","0.35","144","5","periodic","60","0.2","0.5","0.1","1","0.05","500","2000","0.5","0.01","true","false","all","5","8","1.5","0.3","1","mixed","0.8","0","0.2","3000","0","25.5051549222663","95.47076054415565","0.5303931141341981","88.83364964704919","116.94978767231316","0.4935202758169399","0.649721042623962","3854.728543646808","3855.4721829186337","3851.7539865595054","1.0009653255041995","1098.4804236213376","648.0074922823421","2900.3721489773197","0.22342218825636975","0.01674397162426433","1","1","1","1","1","1","100","0.08503366810449102","80","20","0.22009387597380484","0.06763566538344998","0.8299267183352246","0.10222357155963396"
"190","100","0.4","0.35","144","5","periodic","60","0.2","0.5","0.1","1","0.05","500","2000","0.5","0.01","true","false","all","5","8","1.5","0.3","1","mixed","0.8","0","0.2","3000","0","22.045707957582422","81.10024848775787","0.45055693604309927","86.94497038394994","55.44446048842441","0.4830276132441663","0.3080247804912467","1182.3922351181457","1185.085529627177","1171.6190570820215","1.011493900226149","1298.6961741902799","806.49602606583","3267.4967666880784","0.246823817635569","0.018254841802242794","0.5215663518018376","0.5215663518018376","0.49045591930641086","0.4549281567454305","0.45672368641811795","0.44774603805468105","100","0.0937310137468101","80","20","0.22289103644298014","0.07132732258434087","0.8291458918775367","0.1022032577150961"
"191","100","0.4","0.35","144","5","periodic","60","0.2","0.5","0.1","1","0.05","500","2000","0.5","0.01","true","false","all","5","8","1.5","0.3","1","mixed","0.8","0","0.2","3000","6","43.23103661981105","96.84053731073787","0.5380029850596548","94.15236891133422","68.68350629865898","0.523068716174079","0.3815750349925499","10563.582338841208","10626.699345793542","10311.114311031848","1.0306062977523245","1397.3706837891725","706.6043931038847","4160.435846530323","0.1698390310941031","0.013979564849748716","1","1","1","1","1","1","100","0.08571306845721369","80","20","0.1933102984153722","0.046021699327172295","0.7824646947681722","0.09551706501995598"
"192","100","0.4","0.35","144","5","periodic","60","0.2","0.5","0.1","1","0.05","500","2000","0.5","0.01","true","false","all","5","8","1.5","0.3","1","mixed","0.8","0","0.2","3000","76","37.0063212114019","95.08627075711749","0.5282570597617638","87.63380313040685","122.05920792880087","0.4868544618355936","0.6781067107155604","12436.66362386927","12470.616262727617","12300.853068435883","1.013800928549203","1442.3338875701854","679.6958161553736","4492.886173229436","0.15128266996953896","0.010420614811482265","1","1","1","1","1","1","100","0.10091000364364967","80","20","0.20949475496033818","0.0627730971850639","0.7963813860614352","0.09514053123860061"
"193","100","0.4","0.35","144","5","periodic","60","0.2","0.5","0.1","1","0.05","500","2000","0.5","0.01","true","false","all","5","8","1.5","0.3","1","mixed","0.8","0","0.2","3000","0","34.799958028404546","82.40181133460725","0.45778784074781803","89.12107793239802","42.582609976362185","0.49511709962443345","0.23657005542423437","3178.0180653788348","3193.593304172131","3115.717110205654","1.0249946292336332","1442.3324948188317","817.2634886278129","3942.6085195829096","0.20729004276444654","0.024205582398194148","1","1","1","1","1","1","100","0.07309623993075966","80","20","0.2274530889889877","0.0931983047798754","0.764472225825437","0.08569249515159581"
"195","100","0.4","0.35","144","5","periodic","60","0.2","0.5","0.1","1","0.05","500","2000","0.5","0.01","true","false","all","5","8","1.5","0.3","1","mixed","0.8","0","0.2","3000","90","38.70503459222955","97.03380987967817","0.5390767215537676","99.7076986602643","68.03739407587801","0.5539316592236906","0.3779855226437667","11637.245375273465","11666.648252602043","11519.633865959182","1.0127620711173193","1496.0017236427725","843.339821059544","4106.649333975685","0.20535958940596935","0.012071546271932965","1","1","1","1","1","1","100","0.08829478881557715","80","20","0.2017152252790778","0.05327513012769306","0.7954756058846167","0.09650380579976349"
"196","100","0.4","0.35","144","5","periodic","60","0.2","0.5","0.1","1","0.05","500","2000","0.5","0.01","true","false","all","5","8","1.5","0.3","1","mixed","0.8","0","0.2","3000","-1","43.40329352758441","102.05310550679748","0.566961697259986","91.72834019933822","130.18589862790864","0.5096018899963235","0.7232549923772702","21632.75725199073","21700.87653351035","21360.280125912268","1.0159453155853","1374.2149088146577","687.0466388079471","4122.887988841501","0.16664208211996606","0.010435759179846293","1","1","1","1","1","1","100","0.07857773417706992","80","20","0.22264698662751276","0.06741112175309993","0.8435904461251637","0.10456016048708305"
"194","100","0.4","0.35","144","5","periodic","60","0.2","0.5","0.1","1","0.05","500","2000","0.5","0.01","true","false","all","5","8","1.5","0.3","1","mixed","0.8","0","0.2","3000","17","20.597164499751813","104.44814561506217","0.5802674756392343","102.04950422665033","76.19531681329553","0.5669416901480574","0.42330731562941964","3561.8647813280586","3573.8437349688866","3513.9489667647395","1.017044860005264","1376.9603054679371","694.3237317154318","4107.506600477958","0.1690377640865236","0.010610330710162819","1","1","1","1","1","1","100","0.06431135050806398","80","20","0.22000941758085518","0.060081311077045105","0.8597218435960953","0.11148763686143777"
"201","100","0.4","0.35","144","5","periodic","60","0.2","0.5","0.1","1","0.05","500","2000","0.5","0.01","true","false","all","5","8","1.5","0.3","1","mixed","0.8","0.05","0","3000","61","11.93386033284834","93.86944394375323","0.521496910798629","93.86944394375323","0","0.521496910798629","0","1238.304511285785","1238.304511285785","0","0","965.9544011196678","965.9544011196678","0","0","0.022411438788063842","0.5692729476019897","0.5692729476019897","0","0.492203007523857","0.492203007523857","0","100","0.09296156010542896","100","0","0.09749474301828874","0.09749474301828874","0","0.011485632707174252"
"202","100","0.4","0.35","144","5","periodic","60","0.2","0.5","0.1","1","0.05","500","2000","0.5","0.01","true","false","all","5","8","1.5","0.3","1","mixed","0.8","0.05","0","3000","1","9.979419613360065","93.07235831770797","0.5170686573205998","93.07235831770797","0","0.5170686573205998","0","683.4394419636172","683.4394419636172","0","0","810.5495498962326","810.5495498962326","0","0","0.024297385751138822","0.1800283573681289","0.1800283573681289","0","0.12229296130907827","0.12229296130907827","0","100","0.09454910847897696","100","0","0.08566129445864411","0.08566129445864411","0","0.009594325539574362"
"203","100","0.4","0.35","144","5","periodic","60","0.2","0.5","0.1","1","0.05","500","2000","0.5","0.01","true","false","all","5","8","1.5","0.3","1","mixed","0.8","0.05","0","3000","26","21.86533412713601","102.8834601419943","0.5715747785666351","102.8834601419943","0","0.5715747785666351","0","1131.5550585391263","1131.5550585391263","0","0","855.0281551307028","855.0281551307028","0","0","0.018770076901899913","0.485590199474066","0.485590199474066","0","0.42103670569275087","0.42103670569275087","0","100","0.08929038521453156","100","0","0.11147006413474854","0.11147006413474854","0","0.011777720284029437"
"197","100","0.4","0.35","144","5","periodic","60","0.2","0.5","0.1","1","0.05","500","2000","0.5","0.01","true","false","all","5","8","1.5","0.3","1","mixed","0.8","0","0.2","3000","36","22.327534461394762","82.0865562459221","0.4560364235884561","87.6043263717366","57.43085379430128","0.4866907020652034","0.3190602988572293","5006.588975290746","5020.560129990934","4950.704356489991","1.0141102696648345","1357.7830186809804","733.4931391061975","3854.9425369801065","0.1902734300368594","0.015486822220962315","1","1","1","1","1","1","100","0.06733013495584213","80","20","0.2157639812597623","0.06545744286068714","0.8169901348560623","0.09915193236416846"
"204","100","0.4","0.35","144","5","periodic","60","0.2","0.5","0.1","1","0.05","500","2000","0.5","0.01","true","false","all","5","8","1.5","0.3","1","mixed","0.8","0.05","0","3000","0","7.648447293248694","91.69098373642309","0.5093943540912395","91.69098373642309","0","0.5093943540912395","0","681.8769631951131","681.8769631951131","0","0","874.4978353142881","874.4978353142881","0","0","0.021634719166439886","0.17725000073876512","0.17725000073876512","0","0.12125130879674202","0.12125130879674202","0","100","0.08600463491864413","100","0","0.07501959618823065","0.07501959618823065","0","0.008301559356094486"
"198","100","0.4","0.35","144","5","periodic","60","0.2","0.5","0.1","1","0.05","500","2000","0.5","0.01","true","false","all","5","8","1.5","0.3","1","mixed","0.8","0","0.2","3000","0","12.878920913530962","107.6644205347304","0.5981356696373911","97.74527650440496","72.00000000000001","0.5430293139133608","0.4000000000000001","665.5969963375076","667.501177352508","657.9802722775073","1.0144698944271469","1562.3566384320336","826.3206434494159","4506.500618362507","0.1833619283402361","0.020704506135743594","0.1450944667686919","0.1450944667686919","0.14263690590487355","0.11039799755833864","0.1116674515683388","0.10532018151833814","100","0.08539014502102679","80","20","0.20533149352557825","0.05782883290985567","0.7953421359884684","0.09324260209092514"
"200","100","0.4","0.35","144","5","periodic","60","0.2","0.5","0.1","1","0.05","500","2000","0.5","0.01","true","false","all","5","8","1.5","0.3","1","mixed","0.8","0","0.2","3000","0","30.285012655461173","71.96388857938373","0.3997993809965763","79.64928536112043","44.26342480979232","0.44249602978400243","0.24590791560995734","2841.2851430643764","2847.2439139068583","2817.4500596944486","1.0105747585870746","1196.4802683723904","645.9247431205802","3398.702369379632","0.19005039951129388","0.010700793301582356","1","1","1","1","1","1","100","0.09354114637629266","80","20","0.20476886088789442","0.0556671398796597","0.8011757449208332","0.09692729632040027"
"199","100","0.4","0.35","144","5","periodic","60","0.2","0.5","0.1","1","0.05","500","2000","0.5","0.01","true","false","all","5","8","1.5","0.3","1","mixed","0.8","0","0.2","3000","5","32.502545715764015","93.09400778834838","0.517188932157491","86.84712739123043","116.91145041101382","0.4824840410623913","0.6495080578389657","7917.01584129235","7951.293394164381","7779.905629804224","1.0220295428396438","1528.7870833621585","844.9510340141666","4264.131280754128","0.19815314735449086","0.015513474859647935","1","1","1","1","1","1","100","0.08405475752381351","80","20","0.1936497791014901","0.048838385102058214","0.7728953550992173","0.0918021796109562"
"205","100","0.4","0.35","144","5","periodic","60","0.2","0.5","0.1","1","0.05","500","2000","0.5","0.01","true","false","all","5","8","1.5","0.3","1","mixed","0.8","0.05","0","3000","0","20.275730826827854","85.43410960323808","0.4746339422402116","85.43410960323808","0","0.4746339422402116","0","721.5536500385318","721.5536500385318","0","0","669.7738960198575","669.7738960198575","0","0","0.02088966250136326","0.18663238666571336","0.18663238666571336","0","0.14770243335902103","0.14770243335902103","0","100","0.08359387097805354","100","0","0.08116619120014945","0.08116619120014945","0","0.009539564573729094"
"206","100","0.4","0.35","144","5","periodic","60","0.2","0.5","0.1","1","0.05","500","2000","0.5","0.01","true","false","all","5","8","1.5","0.3","1","mixed","0.8","0.05","0","3000","146","13.172281247995329","90.62883977645443","0.5034935543136357","90.62883977645443","0","0.5034935543136357","0","3270.669556196866","3270.669556196866","0","0","719.374998156667","719.374998156667","0","0","0.02016872610956577","1","1","0","1","1","0","100","0.07038067452340041","100","0","0.0863597236909668","0.0863597236909668","0","0.01119931441735366"
"207","100","0.4","0.35","144","5","periodic","60","0.2","0.5","0.1","1","0.05","500","2000","0.5","0.01","true","false","all","5","8","1.5","0.3","1","mixed","0.8","0.05","0","3000","56","15.803009418078048","86.42884855908841","0.48016026977271337","86.42884855908841","0","0.48016026977271337","0","2104.765371746259","2104.765371746259","0","0","738.682756405125","738.682756405125","0","0","0.016662231153149465","1","1","0","0.9990807882869855","0.9990807882869855","0","100","0.08478143335882056","100","0","0.0739384326689782","0.0739384326689782","0","0.009133758846580603"
"208","100","0.4","0.35","144","5","periodic","60","0.2","0.5","0.1","1","0.05","500","2000","0.5","0.01","true","false","all","5","8","1.5","0.3","1","mixed","0.8","0.05","0","3000","0","22.272062377421364","90.53712232633674","0.502984012924093","90.53712232633674","0","0.502984012924093","0","3642.5178452545697","3642.5178452545697","0","0","808.6281314383036","808.6281314383036","0","0","0.01794430617755105","1","1","0","1","1","0","100","0.07336976001674206","100","0","0.07408206677309621","0.07408206677309621","0","0.008437545500279961"
"209","100","0.4","0.35","144","5","periodic","60","0.2","0.5","0.1","1","0.05","500","2000","0.5","0.01","true","false","all","5","8","1.5","0.3","1","mixed","0.8","0.05","0","3000","0","17.575183393444846","96.27623104680924","0.5348679502600514","96.27623104680924","0","0.5348679502600514","0","775.4007822634096","775.4007822634096","0","0","856.501387488287","856.501387488287","0","0","0.019350006690113553","0.2272505812784559","0.2272505812784559","0","0.18360052150893974","0.18360052150893974","0","100","0.08112246850246992","100","0","0.07612077397082166","0.07612077397082166","0","0.008801392128512775"
"211","100","0.4","0.35","144","5","periodic","60","0.2","0.5","0.1","1","0.05","500","2000","0.5","0.01","true","false","all","5","8","1.5","0.3","1","mixed","0.8","0.05","0","3000","-1","23.801334425740052","95.97515307824078","0.5331952948791154","95.97515307824078","0","0.5331952948791154","0","21713.41272249279","21713.41272249279","0","0","770.1109370198108","770.1109370198108","0","0","0.010773580183619735","1","1","0","1","1","0","100","0.0826466166296066","100","0","0.08333439431004763","0.08333439431004763","0","0.008783739421286857"
"210","100","0.4","0.35","144","5","periodic","60","0.2","0.5","0.1","1","0.05","500","2000","0.5","0.01","true","false","all","5","8","1.5","0.3","1","mixed","0.8","0.05","0","3000","0","21.284585420439498","74.29160408512386","0.4127311338062437","74.29160408512386","0","0.4127311338062437","0","3167.7684599699987","3167.7684599699987","0","0","769.8395065117735","769.8395065117735","0","0","0.021068828598794553","1","1","0","1","1","0","100","0.07245990407093837","100","0","0.08373091093044292","0.08373091093044292","0","0.012004908175845432"
"212","100","0.4","0.35","144","5","periodic","60","0.2","0.5","0.1","1","0.05","500","2000","0.5","0.01","true","false","all","5","8","1.5","0.3","1","mixed","0.8","0.05","0","3000","31","18.516149707871975","83.76550065544248","0.465363892530236","83.76550065544248","0","0.465363892530236","0","3479.191682615868","3479.191682615868","0","0","911.8179167545356","911.8179167545356","0","0","0.01758040894663604","1","1","0","1","1","0","100","0.08943188672444609","100","0","0.07382846292719791","0.07382846292719791","0","0.007968283847007642"
"213","100","0.4","0.35","144","5","periodic","60","0.2","0.5","0.1","1","0.05","500","2000","0.5","0.01","true","false","all","5","8","1.5","0.3","1","mixed","0.8","0.05","0","3000","0","11.894417782035376","87.0549861857519","0.4836388121430661","87.0549861857519","0","0.4836388121430661","0","673.5847360124723","673.5847360124723","0","0","990.2311074472102","990.2311074472102","0","0","0.019481172688812665","0.15134376040311207","0.15134376040311207","0","0.1157231573416481","0.1157231573416481","0","100","0.09520716086995441","100","0","0.09691751864564661","0.09691751864564661","0","0.013658596388642764"
"214","100","0.4","0.35","144","5","periodic","60","0.2","0.5","0.1","1","0.05","500","2000","0.5","0.01","true","false","all","5","8","1.5","0.3","1","mixed","0.8","0.05","0","3000","0","28.15040459517266","90.572846927459","0.5031824829303277","90.572846927459","0","0.5031824829303277","0","5532.002631254273","5532.002631254273","0","0","670.303242918013","670.303242918013","0","0","0.01750722231777746","1","1","0","1","1","0","100","0.07323571155401434","100","0","0.09464987478048636","0.09464987478048636","0","0.012168622374725102"
"215","100","0.4","0.35","144","5","periodic","60","0.2","0.5","0.1","1","0.05","500","2000","0.5","0.01","true","false","all","5","8","1.5","0.3","1","mixed","0.8","0.05","0","3000","101","18.39260171125865","92.94593732392697","0.5163663184662609","92.94593732392697","0","0.5163663184662609","0","4602.745050750079","4602.745050750079","0","0","797.3787556735356","797.3787556735356","0","0","0.014449642563914233","1","1","0","1","1","0","100","0.07589245765003012","100","0","0.08844135603662893","0.08844135603662893","0","0.010738018692594544"
"216","100","0.4","0.35","144","5","periodic","60","0.2","0.5","0.1","1","0.05","500","2000","0.5","0.01","true","false","all","5","8","1.5","0.3","1","mixed","0.8","0.05","0","3000","0","22.948847981308404","90.0594866107571","0.5003304811708728","90.0594866107571","0","0.5003304811708728","0","8947.124072658702","8947.124072658702","0","0","803.8294061940542","803.8294061940542","0","0","0.01504401606972694","1","1","0","1","1","0","100","0.08844821515658738","100","0","0.08238098109583497","0.08238098109583497","0","0.00934705051161532"
"217","100","0.4","0.35","144","5","periodic","60","0.2","0.5","0.1","1","0.05","500","2000","0.5","0.01","true","false","all","5","8","1.5","0.3","1","mixed","0.8","0.05","0","3000","146","21.0930388758876","91.08948093917306","0.5060526718842948","91.08948093917306","0","0.5060526718842948","0","5690.810427351164","5690.810427351164","0","0","813.4247172429979","813.4247172429979","0","0","0.01635891144041457","1","1","0","1","1","0","100","0.07097242983566583","100","0","0.09905290863491593","0.09905290863491593","0","0.008385536405353427"
"219","100","0.4","0.35","144","5","periodic","60","0.2","0.5","0.1","1","0.05","500","2000","0.5","0.01","true","false","all","5","8","1.5","0.3","1","mixed","0.8","0.05","0","3000","16","11.225597078297895","94.7505316118097","0.5263918422878316","94.7505316118097","0","0.5263918422878316","0","978.9713356154009","978.9713356154009","0","0","860.545129490664","860.545129490664","0","0","0.018161710246684004","0.3672715555740157","0.3672715555740157","0","0.3193142237436005","0.3193142237436005","0","100","0.06982161121087384","100","0","0.10519030406092154","0.10519030406092154","0","0.01368244201349446"
"220","100","0.4","0.35","144","5","periodic","60","0.2","0.5","0.1","1","0.05","500","2000","0.5","0.01","true","false","all","5","8","1.5","0.3","1","mixed","0.8","0.05","0","3000","1","9.66787329991513","88.37345947519454","0.49096366375108075","88.37345947519454","0","0.49096366375108075","0","662.3048953433306","662.3048953433306","0","0","880.5952841155189","880.5952841155189","0","0","0.022723027614060642","0.1513665683842296","0.1513665683842296","0","0.10820326356222042","0.10820326356222042","0","100","0.0799936567305866","100","0","0.08819077864474968","0.08819077864474968","0","0.011880025358565928"
"218","100","0.4","0.35","144","5","periodic","60","0.2","0.5","0.1","1","0.05","500","2000","0.5","0.01","true","false","all","5","8","1.5","0.3","1","mixed","0.8","0.05","0","3000","76","21.860512534431138","82.93530576600398","0.4607516987000221","82.93530576600398","0","0.4607516987000221","0","7247.9039002456575","7247.9039002456575","0","0","696.9002430288433","696.9002430288433","0","0","0.011513434825368263","1","1","0","1","1","0","100","0.08401762675017035","100","0","0.12004489517441351","0.12004489517441351","0","0.011639457956710762"
"221","100","0.4","0.35","144","5","periodic","60","0.2","0.5","0.1","1","0.05","500","2000","0.5","0.01","true","false","all","5","8","1.5","0.3","1","mixed","0.8","0.05","0","3000","0","11.765869729636961","81.42947536835197","0.4523859742686221","81.42947536835197","0","0.4523859742686221","0","680.2628202629974","680.2628202629974","0","0","812.5633139668075","812.5633139668075","0","0","0.0216617721953003","0.15913223883467853","0.15913223883467853","0","0.12017521350866511","0.12017521350866511","0","100","0.07045174711799218","100","0","0.08480761748991743","0.08480761748991743","0","0.00829144186880136"
"222","100","0.4","0.35","144","5","periodic","60","0.2","0.5","0.1","1","0.05","500","2000","0.5","0.01","true","false","all","5","8","1.5","0.3","1","mixed","0.8","0.05","0","3000","0","10.080956207115179","84.77463147402372","0.4709701748556873","84.77463147402372","0","0.4709701748556873","0","1348.1756959982874","1348.1756959982874","0","0","800.2901160746193","800.2901160746193","0","0","0.013731724225550579","0.623570946849719","0.623570946849719","0","0.5654504639988582","0.5654504639988582","0","100","0.08441897942172044","100","0","0.09221972803100227","0.09221972803100227","0","0.01092723902662101"
"223","100","0.4","0.35","144","5","periodic","60","0.2","0.5","0.1","1","0.05","500","2000","0.5","0.01","true","false","all","5","8","1.5","0.3","1","mixed","0.8","0.05","0","3000","0","29.29129993782543","82.27556645501649","0.45708648030564714","82.27556645501649","0","0.45708648030564714","0","3076.919879027973","3076.919879027973","0","0","815.8930045555712","815.8930045555712","0","0","0.023803143252138392","1","1","0","1","1","0","100","0.08688023012518584","100","0","0.09318561393326012","0.09318561393326012","0","0.00916718412282681"
"224","100","0.4","0.35","144","5","periodic","60","0.2","0.5","0.1","1","0.05","500","2000","0.5","0.01","true","false","all","5","8","1.5","0.3","1","mixed","0.8","0.05","0","3000","31","12.179625082398957","93.89038836793432","0.5216132687107462","93.89038836793432","0","0.5216132687107462","0","1178.5302462529894","1178.5302462529894","0","0","682.3358431569095","682.3358431569095","0","0","0.019593505134624545","0.5118243475028835","0.5118243475028835","0","0.45235349750199305","0.45235349750199305","0","100","0.0849986124808517","100","0","0.07583575053076656","0.07583575053076656","0","0.00803507514113406"
"225","100","0.4","0.35","144","5","periodic","60","0.2","0.5","0.1","1","0.05","500","2000","0.5","0.01","true","false","all","5","8","1.5","0.3","1","mixed","0.8","0.05","0","3000","0","16.936546898074496","86.65275070548813","0.4814041705860452","86.65275070548813","0","0.4814041705860452","0","1230.5125212833946","1230.5125212833946","0","0","699.4391367398674","699.4391367398674","0","0","0.015655660137782856","0.5343566882955945","0.5343566882955945","0","0.4870083475222632","0.4870083475222632","0","100","0.10074256556895586","100","0","0.07935279846584675","0.07935279846584675","0","0.00898241086651507"
"226","100","0.4","0.35","144","5","periodic","60","0.2","0.5","0.1","1","0.05","500","2000","0.5","0.01","true","false","all","5","8","1.5","0.3","1","mixed","0.8","0.05","0","3000","46","20.415676674573703","99.97608459264278","0.5554226921813488","99.97608459264278","0","0.5554226921813488","0","1575.8887130177247","1575.8887130177247","0","0","835.9110886523309","835.9110886523309","0","0","0.01623193714368898","0.7735689105907733","0.7735689105907733","0","0.7172591420118163","0.7172591420118163","0","100","0.08168039297435715","100","0","0.08648699876287072","0.08648699876287072","0","0.00810733007720528"
"227","100","0.4","0.35","144","5","periodic","60","0.2","0.5","0.1","1","0.05","500","2000","0.5","0.01","true","false","all","5","8","1.5","0.3","1","mixed","0.8","0.05","0","3000","6","13.589943842691895","73.91903254459265","0.41066129191440365","73.91903254459265","0","0.41066129191440365","0","880.0579120940087","880.0579120940087","0","0","844.6061570157161","844.6061570157161","0","0","0.020189229449474322","0.29793804541115293","0.29793804541115293","0","0.2533719413960059","0.2533719413960059","0","100","0.09127884618350879","100","0","0.10635742501060667","0.10635742501060667","0","0.01275710735841082"
"228","100","0.4","0.35","144","5","periodic","60","0.2","0.5","0.1","1","0.05","500","2000","0.5","0.01","true","false","all","5","8","1.5","0.3","1","mixed","0.8","0.05","0","3000","36","24.650262459953765","80.96908805631851","0.4498282669795473","80.96908805631851","0","0.4498282669795473","0","20097.591989858727","20097.591989858727","0","0","737.6270728992795","737.6270728992795","0","0","0.010129591054067522","1","1","0","1","1","0","100","0.07064851622063566","100","0","0.09348575649394383","0.09348575649394383","0","0.0124534683380876"
"230","100","0.4","0.35","144","5","periodic","60","0.2","0.5","0.1","1","0.05","500","2000","0.5","0.01","true","false","all","5","8","1.5","0.3","1","mixed","0.8","0.05","0","3000","0","12.943233598096796","95.17537101243923","0.5287520611802179","95.17537101243923","0","0.5287520611802179","0","1279.9406367738618","1279.9406367738618","0","0","794.9823451849873","794.9823451849873","0","0","0.015668801131825116","0.5841300193308385","0.5841300193308385","0","0.5199604245159077","0.5199604245159077","0","100","0.08212901258287882","100","0","0.09872589060536337","0.09872589060536337","0","0.01316157594760142"
"229","100","0.4","0.35","144","5","periodic","60","0.2","0.5","0.1","1","0.05","500","2000","0.5","0.01","true","false","all","5","8","1.5","0.3","1","mixed","0.8","0.05","0","3000","46","15.063144437050312","89.86046979328484","0.49922483218491576","89.86046979328484","0","0.49922483218491576","0","1025.8050688203982","1025.8050688203982","0","0","672.4537880199293","672.4537880199293","0","0","0.019616383041148433","0.41465522363820356","0.41465522363820356","0","0.3505367125469323","0.3505367125469323","0","100","0.07854706472141483","100","0","0.08374461954005087","0.08374461954005087","0","0.012531284192744064"
"231","100","0.4","0.35","144","5","periodic","60","0.2","0.5","0.1","1","0.05","500","2000","0.5","0.01","true","false","all","5","8","1.5","0.3","1","mixed","0.8","0.05","0","3000","0","22.453008423732584","87.45698200075769","0.4858721222264316","87.45698200075769","0","0.4858721222264316","0","8041.40191676732","8041.40191676732","0","0","792.1721825121645","792.1721825121645","0","0","0.014775230533691674","1","1","0","1","1","0","100","0.08109855732549735","100","0","0.07368161355659789","0.07368161355659789","0","0.009303925010248484"
"232","100","0.4","0.35","144","5","periodic","60","0.2","0.5","0.1","1","0.05","500","2000","0.5","0.01","true","false","all","5","8","1.5","0.3","1","mixed","0.8","0.05","0","3000","41","15.603744676158612","86.37665262949069","0.4798702923860594","86.37665262949069","0","0.4798702923860594","0","2153.39901853137","2153.39901853137","0","0","755.0294094422218","755.0294094422218","0","0","0.0142752055981612","1","1","0","1","1","0","100","0.09407461158037608","100","0","0.09412598295791684","0.09412598295791684","0","0.01232422646617376"
"233","100","0.4","0.35","144","5","periodic","60","0.2","0.5","0.1","1","0.05","500","2000","0.5","0.01","true","false","all","5","8","1.5","0.3","1","mixed","0.8","0.05","0","3000","0","12.539841707782216","96.6082356757878","0.5367124204210433","96.6082356757878","0","0.5367124204210433","0","784.3957847138669","784.3957847138669","0","0","814.6420107263523","814.6420107263523","0","0","0.020028973679524498","0.23068059464954604","0.23068059464954604","0","0.1895971898092444","0.1895971898092444","0","100","0.08755687883974535","100","0","0.07908807752995611","0.07908807752995611","0","0.011265917537254578"
"234","100","0.4","0.35","144","5","periodic","60","0.2","0.5","0.1","1","0.05","500","2000","0.5","0.01","true","false","all","5","8","1.5","0.3","1","mixed","0.8","0.05","0","3000","31","13.330190296154058","95.02657979980988","0.5279254433322771","95.02657979980988","0","0.5279254433322771","0","1068.7133148216508","1068.7133148216508","0","0","851.7039576368708","851.7039576368708","0","0","0.018351042211452784","0.43987361440362654","0.43987361440362654","0","0.37914220988110064","0.37914220988110064","0","100","0.08583104910310625","100","0","0.07838665351323677","0.07838665351323677","0","0.009657024661181167"
"235","100","0.4","0.35","144","5","periodic","60","0.2","0.5","0.1","1","0.05","500","2000","0.5","0.01","true","false","all","5","8","1.5","0.3","1","mixed","0.8","0.05","0","3000","0","12.736111536065863","83.0628269154405","0.46146014953022496","83.0628269154405","0","0.46146014953022496","0","945.6136573888666","945.6136573888666","0","0","911.9078388156444","911.9078388156444","0","0","0.017104364317988008","0.35279988345669894","0.35279988345669894","0","0.2970757715925775","0.2970757715925775","0","100","0.07997605859895147","100","0","0.0873435472692366","0.0873435472692366","0","0.01229990774089356"
"236","100","0.4","0.35","144","5","periodic","60","0.2","0.5","0.1","1","0.05","500","2000","0.5","0.01","true","false","all","5","8","1.5","0.3","1","mixed","0.8","0.05","0","3000","151","24.79022617974691","101.90330158561792","0.5661294532534329","101.90330158561792","0","0.5661294532534329","0","4045.8434017428062","4045.8434017428062","0","0","726.1585231698917","726.1585231698917","0","0","0.01871173257078218","1","1","0","1","1","0","100","0.09001340517252689","100","0","0.09696427718836426","0.09696427718836426","0","0.013069378389660538"
"238","100","0.4","0.35","144","5","periodic","60","0.2","0.5","0.1","1","0.05","500","2000","0.5","0.01","true","false","all","5","8","1.5","0.3","1","mixed","0.8","0.05","0","3000","51","16.279783568733663","86.63907267296413","0.4813281815164674","86.63907267296413","0","0.4813281815164674","0","1121.8637888781711","1121.8637888781711","0","0","945.1357446598046","945.1357446598046","0","0","0.023580321747182387","0.49511326535878636","0.49511326535878636","0","0.4145758592521138","0.4145758592521138","0","100","0.0762012740581377","100","0","0.09963566115989635","0.09963566115989635","0","0.01051620774150049"
"237","100","0.4","0.35","144","5","periodic","60","0.2","0.5","0.1","1","0.05","500","2000","0.5","0.01","true","false","all","5","8","1.5","0.3","1","mixed","0.8","0.05","0","3000","0","17.414381945950083","92.86006113020574","0.5158892285011429","92.86006113020574","0","0.5158892285011429","0","4187.46713095368","4187.46713095368","0","0","717.6266824218623","717.6266824218623","0","0","0.01787826659381775","1","1","0","1","1","0","100","0.08241705908711351","100","0","0.09000036279694074","0.09000036279694074","0","0.01253142711197694"
"240","100","0.4","0.35","144","5","periodic","60","0.2","0.5","0.1","1","0.05","500","2000","0.5","0.01","true","false","all","5","8","1.5","0.3","1","mixed","0.8","0.05","0","3000","0","15.109380537983853","86.64975724270603","0.4813875402372557","86.64975724270603","0","0.4813875402372557","0","1158.5578654602618","1158.5578654602618","0","0","666.3440965834473","666.3440965834473","0","0","0.01812046471070139","0.5146168883577339","0.5146168883577339","0","0.43903857697350795","0.43903857697350795","0","100","0.09630626748019444","100","0","0.08134426648639771","0.08134426648639771","0","0.011504469904050324"
"241","100","0.4","0.35","144","5","periodic","60","0.2","0.5","0.1","1","0.05","500","2000","0.5","0.01","true","false","all","5","8","1.5","0.3","1","mixed","0.8","0.05","0","3000","26","11.27302697431027","75.21712767362712","0.41787293152015065","75.21712767362712","0","0.41787293152015065","0","2970.7827312350832","2970.7827312350832","0","0","628.3987606887156","628.3987606887156","0","0","0.01111308583683801","1","1","0","1","1","0","100","0.08978848227181321","100","0","0.09384421847450013","0.09384421847450013","0","0.011089845591634463"
"239","100","0.4","0.35","144","5","periodic","60","0.2","0.5","0.1","1","0.05","500","2000","0.5","0.01","true","false","all","5","8","1.5","0.3","1","mixed","0.8","0.05","0","3000","0","12.247206850777303","83.31192669638526","0.4628440372021403","83.31192669638526","0","0.4628440372021403","0","727.3966698049659","727.3966698049659","0","0","943.2766339398305","943.2766339398305","0","0","0.01758285689347061","0.18669371308675795","0.18669371308675795","0","0.15159777986997716","0.15159777986997716","0","100","0.08175098681659568","100","0","0.08749899738958619","0.08749899738958619","0","0.012194798015209063"
"242","100","0.4","0.35","144","5","periodic","60","0.2","0.5","0.1","1","0.05","500","2000","0.5","0.01","true","false","all","5","8","1.5","0.3","1","mixed","0.8","0.05","0","3000","76","16.37421645383479","84.7502149888208","0.47083452771567114","84.7502149888208","0","0.47083452771567114","0","11310.133000775979","11310.133000775979","0","0","866.9235426269992","866.9235426269992","0","0","0.011265895973573858","1","1","0","1","1","0","100","0.08735725483853378","100","0","0.09593072356316416","0.09593072356316416","0","0.009963430398390484"
"244","100","0.4","0.35","144","5","periodic","60","0.2","0.5","0.1","1","0.05","500","2000","0.5","0.01","true","false","all","5","8","1.5","0.3","1","mixed","0.8","0.05","0","3000","146","22.18254956048706","103.07045184796561","0.5726136213775868","103.07045184796561","0","0.5726136213775868","0","5450.771751398541","5450.771751398541","0","0","814.3363872934674","814.3363872934674","0","0","0.015520572921623454","1","1","0","1","1","0","100","0.08294087220977825","100","0","0.0839292166138499","0.0839292166138499","0","0.009755255576717482"
"243","100","0.4","0.35","144","5","periodic","60","0.2","0.5","0.1","1","0.05","500","2000","0.5","0.01","true","false","all","5","8","1.5","0.3","1","mixed","0.8","0.05","0","3000","0","24.573995510132193","89.21184970114656","0.495621387228592","89.21184970114656","0","0.495621387228592","0","12721.62729598084","12721.62729598084","0","0","861.9335115323818","861.9335115323818","0","0","0.010782135678980787","1","1","0","1","1","0","100","0.07504417688981882","100","0","0.07776581711827989","0.07776581711827989","0","0.0093271116179866"
"245","100","0.4","0.35","144","5","periodic","60","0.2","0.5","0.1","1","0.05","500","2000","0.5","0.01","true","false","all","5","8","1.5","0.3","1","mixed","0.8","0.05","0","3000","31","23.532724601209523","98.8478431214814","0.54915468400823","98.8478431214814","0","0.54915468400823","0","7481.626507912289","7481.626507912289","0","0","762.0029520697803","762.0029520697803","0","0","0.011991677695779579","1","1","0","1","1","0","100","0.08267399188175643","100","0","0.09447532132193792","0.09447532132193792","0","0.010739394627256513"
"246","100","0.4","0.35","144","5","periodic","60","0.2","0.5","0.1","1","0.05","500","2000","0.5","0.01","true","false","all","5","8","1.5","0.3","1","mixed","0.8","0.05","0","3000","21","24.784247470452087","90.34817293225301","0.5019342940680722","90.34817293225301","0","0.5019342940680722","0","10617.736099704469","10617.736099704469","0","0","767.057131379426","767.057131379426","0","0","0.013143318175584229","1","1","0","1","1","0","100","0.08173769485720077","100","0","0.09094299786051868","0.09094299786051868","0","0.010393537058906431"
"247","100","0.4","0.35","144","5","periodic","60","0.2","0.5","0.1","1","0.05","500","2000","0.5","0.01","true","false","all","5","8","1.5","0.3","1","mixed","0.8","0.05","0","3000","0","21.94882067786527","93.06407164249651","0.5170226202360918","93.06407164249651","0","0.5170226202360918","0","11485.929178754066","11485.929178754066","0","0","723.0943590660873","723.0943590660873","0","0","0.012472388154940228","1","1","0","1","1","0","100","0.09123215813794178","100","0","0.08749527566956125","0.08749527566956125","0","0.013314100723400434"
"249","100","0.4","0.35","144","5","periodic","60","0.2","0.5","0.1","1","0.05","500","2000","0.5","0.01","true","false","all","5","8","1.5","0.3","1","mixed","0.8","0.05","0","3000","0","14.799830764204117","93.08416794044788","0.5171342663358216","93.08416794044788","0","0.5171342663358216","0","1161.1652801557698","1161.1652801557698","0","0","754.3789198230252","754.3789198230252","0","0","0.016943558723317098","0.4910891552417549","0.4910891552417549","0","0.44077685343718015","0.44077685343718015","0","100","0.08605146394507289","100","0","0.07265488598042619","0.07265488598042619","0","0.009300114215793069"
"248","100","0.4","0.35","144","5","periodic","60","0.2","0.5","0.1","1","0.05","500","2000","0.5","0.01","true","false","all","5","8","1.5","0.3","1","mixed","0.8","0.05","0","3000","51","15.39291220715944","81.2024579587851","0.451124766437695","81.2024579587851","0","0.451124766437695","0","1606.4031843549167","1606.4031843549167","0","0","792.8627121500181","792.8627121500181","0","0","0.017754779681817157","0.8114060770183105","0.8114060770183105","0","0.7376021229032785","0.7376021229032785","0","100","0.08527727488817925","100","0","0.09148653889231496","0.09148653889231496","0","0.013062786629346656"
"250","100","0.4","0.35","144","5","periodic","60","0.2","0.5","0.1","1","0.05","500","2000","0.5","0.01","true","false","all","5","8","1.5","0.3","1","mixed","0.8","0.05","0","3000","0","17.054917507519193","85.85306697886276","0.4769614832159042","85.85306697886276","0","0.4769614832159042","0","2327.292800658422","2327.292800658422","0","0","820.2843110344636","820.2843110344636","0","0","0.01006145258174218","1","1","0","1","1","0","100","0.07737482344122545","100","0","0.09842307496939334","0.09842307496939334","0","0.01351646991810776"
"251","100","0.4","0.35","144","5","periodic","60","0.2","0.5","0.1","1","0.05","500","2000","0.5","0.01","true","false","all","5","8","1.5","0.3","1","mixed","0.8","0.05","0","3000","16","21.212834581558454","81.2980575307941","0.4516558751710783","81.2980575307941","0","0.4516558751710783","0","5596.893704623155","5596.893704623155","0","0","700.2810008511457","700.2810008511457","0","0","0.01551364718376358","1","1","0","1","1","0","100","0.09530077682214967","100","0","0.08839084559370988","0.08839084559370988","0","0.008926713684039241"
"254","100","0.4","0.35","144","5","periodic","60","0.2","0.5","0.1","1","0.05","500","2000","0.5","0.01","true","false","all","5","8","1.5","0.3","1","mixed","0.8","0.05","0","3000","0","14.680738145927506","89.53719375964798","0.49742885422026656","89.53719375964798","0","0.49742885422026656","0","707.1195826921071","707.1195826921071","0","0","880.2272972832789","880.2272972832789","0","0","0.02316979700067079","0.1875670311121227","0.1875670311121227","0","0.13807972179473813","0.13807972179473813","0","100","0.07293447241109789","100","0","0.06983946585990088","0.06983946585990088","0","0.008251006003735824"
"253","100","0.4","0.35","144","5","periodic","60","0.2","0.5","0.1","1","0.05","500","2000","0.5","0.01","true","false","all","5","8","1.5","0.3","1","mixed","0.8","0.05","0","3000","0","12.820143089699869","100.90995576370837","0.5606108653539353","100.90995576370837","0","0.5606108653539353","0","3439.283162065688","3439.283162065688","0","0","709.057287433296","709.057287433296","0","0","0.019557214856257943","1","1","0","1","1","0","100","0.07171469447578288","100","0","0.09036353354624362","0.09036353354624362","0","0.011782894786027216"
"252","100","0.4","0.35","144","5","periodic","60","0.2","0.5","0.1","1","0.05","500","2000","0.5","0.01","true","false","all","5","8","1.5","0.3","1","mixed","0.8","0.05","0","3000","11","20.64536922053209","89.37840800502202","0.4965467111390112","89.37840800502202","0","0.4965467111390112","0","718.6454290243514","718.6454290243514","0","0","778.8266395970749","778.8266395970749","0","0","0.017908215232390168","0.18768364160758044","0.18768364160758044","0","0.14576361934956766","0.14576361934956766","0","100","0.0932781897143079","100","0","0.08220988709103341","0.08220988709103341","0","0.011549432530696546"
"255","100","0.4","0.35","144","5","periodic","60","0.2","0.5","0.1","1","0.05","500","2000","0.5","0.01","true","false","all","5","8","1.5","0.3","1","mixed","0.8","0.05","0","3000","36","21.993336544517774","91.51345826148042","0.508408101452669","91.51345826148042","0","0.508408101452669","0","4161.947769942699","4161.947769942699","0","0","848.6069755003641","848.6069755003641","0","0","0.014707138664471708","1","1","0","1","1","0","100","0.09055964293246065","100","0","0.07684827500127543","0.07684827500127543","0","0.007837245401176614"
"257","100","0.4","0.35","144","5","periodic","60","0.2","0.5","0.1","1","0.05","500","2000","0.5","0.01","true","false","all","5","8","1.5","0.3","1","mixed","0.8","0.05","0","3000","6","18.388889254183255","83.06637726062232","0.461479873670124","83.06637726062232","0","0.461479873670124","0","815.2643144632171","815.2643144632171","0","0","719.4551206167638","719.4551206167638","0","0","0.017041840489533833","0.25622837172414054","0.25622837172414054","0","0.21017620964214462","0.21017620964214462","0","100","0.0795913250637875","100","0","0.08616254365205574","0.08616254365205574","0","0.012788770783756367"
"256","100","0.4","0.35","144","5","periodic","60","0.2","0.5","0.1","1","0.05","500","2000","0.5","0.01","true","false","all","5","8","1.5","0.3","1","mixed","0.8","0.05","0","3000","0","16.97763133125764","89.40071201592967","0.4966706223107204","89.40071201592967","0","0.4966706223107204","0","3591.965434931111","3591.965434931111","0","0","763.7653155660373","763.7653155660373","0","0","0.019330739267799935","1","1","0","1","1","0","100","0.07746656212443068","100","0","0.0801713160203506","0.0801713160203506","0","0.008634316843544824"
"259","100","0.4","0.35","144","5","periodic","60","0.2","0.5","0.1","1","0.05","500","2000","0.5","0.01","true","false","all","5","8","1.5","0.3","1","mixed","0.8","0.05","0","3000","36","9.159818362672198","95.70907901065989","0.5317171056147771","95.70907901065989","0","0.5317171056147771","0","943.4817867018348","943.4817867018348","0","0","707.4630028605404","707.4630028605404","0","0","0.0213738931845473","0.36311192343949644","0.36311192343949644","0","0.29565452446789","0.29565452446789","0","100","0.0964938552089796","100","0","0.10951256005288126","0.10951256005288126","0","0.014742697487251705"
"260","100","0.4","0.35","144","5","periodic","60","0.2","0.5","0.1","1","0.05","500","2000","0.5","0.01","true","false","all","5","8","1.5","0.3","1","mixed","0.8","0.05","0","3000","81","19.677400154478264","87.14876888644912","0.48415982714693956","87.14876888644912","0","0.48415982714693956","0","4330.6770444597405","4330.6770444597405","0","0","626.1304122941301","626.1304122941301","0","0","0.01782777011091552","1","1","0","1","1","0","100","0.07983211053308717","100","0","0.08195007835335691","0.08195007835335691","0","0.010568048481203136"
"261","100","0.4","0.35","144","5","periodic","60","0.2","0.5","0.1","1","0.05","500","2000","0.5","0.01","true","false","all","5","8","1.5","0.3","1","mixed","0.8","0.05","0","3000","0","18.782246465788646","90.46779026137735","0.5025988347854297","90.46779026137735","0","0.5025988347854297","0","8033.1021762957125","8033.1021762957125","0","0","825.4658241880705","825.4658241880705","0","0","0.015205967245086827","1","1","0","1","1","0","100","0.07476833231122906","100","0","0.10734903989572311","0.10734903989572311","0","0.015515760376591718"
"262","100","0.4","0.35","144","5","periodic","60","0.2","0.5","0.1","1","0.05","500","2000","0.5","0.01","true","false","all","5","8","1.5","0.3","1","mixed","0.8","0.05","0","3000","81","11.498576453658714","85.50089359598022","0.4750049644221123","85.50089359598022","0","0.4750049644221123","0","5279.627274135797","5279.627274135797","0","0","779.3791776930848","779.3791776930848","0","0","0.01638050913167466","1","1","0","1","1","0","100","0.085794023127867","100","0","0.0930867375309144","0.0930867375309144","0","0.010393088062554248"
"258","100","0.4","0.35","144","5","periodic","60","0.2","0.5","0.1","1","0.05","500","2000","0.5","0.01","true","false","all","5","8","1.5","0.3","1","mixed","0.8","0.05","0","3000","0","18.952877576334686","90.28670317638425","0.501592795424357","90.28670317638425","0","0.501592795424357","0","4037.8363430697923","4037.8363430697923","0","0","681.2199398245428","681.2199398245428","0","0","0.01676567671210072","1","1","0","1","1","0","100","0.08493901509638281","100","0","0.10097586154933745","0.10097586154933745","0","0.01168510323981977"
"263","100","0.4","0.35","144","5","periodic","60","0.2","0.5","0.1","1","0.05","500","2000","0.5","0.01","true","false","all","5","8","1.5","0.3","1","mixed","0.8","0.05","0","3000","41","11.186462568410406","83.25945558361886","0.4625525310201048","83.25945558361886","0","0.4625525310201048","0","4376.159197606052","4376.159197606052","0","0","724.6326233521173","724.6326233521173","0","0","0.017438894680495087","1","1","0","1","1","0","100","0.10051520715203022","100","0","0.08398886068513756","0.08398886068513756","0","0.00974339532112609"
"264","100","0.4","0.35","144","5","periodic","60","0.2","0.5","0.1","1","0.05","500","2000","0.5","0.01","true","false","all","5","8","1.5","0.3","1","mixed","0.8","0.05","0","3000","0","31.374986582629887","76.98823459283122","0.4277124144046179","76.98823459283122","0","0.4277124144046179","0","3996.5399714849295","3996.5399714849295","0","0","719.2643689600509","719.2643689600509","0","0","0.01724893264627725","1","1","0","1","1","0","100","0.08570105699247225","100","0","0.08959761532891825","0.08959761532891825","0","0.009010154990921202"
"265","100","0.4","0.35","144","5","periodic","60","0.2","0.5","0.1","1","0.05","500","2000","0.5","0.01","true","false","all","5","8","1.5","0.3","1","mixed","0.8","0.05","0","3000","66","20.41380581749361","95.77325032987011","0.5320736129437228","95.77325032987011","0","0.5320736129437228","0","2458.277018398182","2458.277018398182","0","0","855.3679177924766","855.3679177924766","0","0","0.016729490148443826","1","1","0","1","1","0","100","0.06942974832319863","100","0","0.07205809304212962","0.07205809304212962","0","0.010015670496544065"
"267","100","0.4","0.35","144","5","periodic","60","0.2","0.5","0.1","1","0.05","500","2000","0.5","0.01","true","false","all","5","8","1.5","0.3","1","mixed","0.8","0.05","0","3000","0","14.996335064226187","102.85872258964993","0.5714373477202774","102.85872258964993","0","0.5714373477202774","0","2685.025604038795","2685.025604038795","0","0","889.8147842470105","889.8147842470105","0","0","0.011303367921290386","1","1","0","1","1","0","100","0.07729736894204445","100","0","0.061509651466505694","0.061509651466505694","0","0.007114743143568518"
"270","100","0.4","0.35","144","5","periodic","60","0.2","0.5","0.1","1","0.05","500","2000","0.5","0.01","true","false","all","5","8","1.5","0.3","1","mixed","0.8","0.05","0","3000","0","9.278748129726125","92.1703207726696","0.5120573376259422","92.1703207726696","0","0.5120573376259422","0","656.2512556932795","656.2512556932795","0","0","790.9815410126057","790.9815410126057","0","0","0.022142543116809632","0.14744441263520358","0.14744441263520358","0","0.10416750379551987","0.10416750379551987","0","100","0.08093468517059754","100","0","0.09189196011650637","0.09189196011650637","0","0.010931576166665017"
"268","100","0.4","0.35","144","5","periodic","60","0.2","0.5","0.1","1","0.05","500","2000","0.5","0.01","true","false","all","5","8","1.5","0.3","1","mixed","0.8","0.05","0","3000","41","24.054691980772077","84.50934703600025","0.4694963724222236","84.50934703600025","0","0.4694963724222236","0","11244.922502122894","11244.922502122894","0","0","770.4365903477841","770.4365903477841","0","0","0.012586980566986483","1","1","0","1","1","0","100","0.09563468605403763","100","0","0.08822804106218488","0.08822804106218488","0","0.011303403118284592"
"269","100","0.4","0.35","144","5","periodic","60","0.2","0.5","0.1","1","0.05","500","2000","0.5","0.01","true","false","all","5","8","1.5","0.3","1","mixed","0.8","0.05","0","3000","0","12.197563633762016","81.68425702881909","0.4538014279378838","81.68425702881909","0","0.4538014279378838","0","656.4016705525194","656.4016705525194","0","0","976.9416829957304","976.9416829957304","0","0","0.023549273826138695","0.16571597624119425","0.16571597624119425","0","0.10426778036834641","0.10426778036834641","0","100","0.07148730504440198","100","0","0.07533855560455448","0.07533855560455448","0","0.011343565322882164"
"266","100","0.4","0.35","144","5","periodic","60","0.2","0.5","0.1","1","0.05","500","2000","0.5","0.01","true","false","all","5","8","1.5","0.3","1","mixed","0.8","0.05","0","3000","0","11.525404399644543","99.64296057096045","0.5535720031720025","99.64296057096045","0","0.5535720031720025","0","3184.345894050232","3184.345894050232","0","0","711.0769101765884","711.0769101765884","0","0","0.020370549903196977","1","1","0","1","1","0","100","0.0851451781215471","100","0","0.08933645437135058","0.08933645437135058","0","0.013858280731655674"
"271","100","0.4","0.35","144","5","periodic","60","0.2","0.5","0.1","1","0.05","500","2000","0.5","0.01","true","false","all","5","8","1.5","0.3","1","mixed","0.8","0.05","0","3000","6","15.029992917601888","98.37177814291121","0.546509878571729","98.37177814291121","0","0.546509878571729","0","8065.136206499707","8065.136206499707","0","0","697.2624774460862","697.2624774460862","0","0","0.01498624285636474","1","1","0","1","1","0","100","0.07552392896779613","100","0","0.08926373694212471","0.08926373694212471","0","0.009932776707439087"
"273","100","0.4","0.35","144","5","periodic","60","0.2","0.5","0.1","1","0.05","500","2000","0.5","0.01","true","false","all","5","8","1.5","0.3","1","mixed","0.8","0.05","0","3000","0","9.55118041716183","88.68188294355792","0.49267712746421066","88.68188294355792","0","0.49267712746421066","0","654.3419854476967","654.3419854476967","0","0","908.416092784265","908.416092784265","0","0","0.020548697020950524","0.14760368752985112","0.14760368752985112","0","0.10289465696513111","0.10289465696513111","0","100","0.08875803559589829","100","0","0.07990629816311921","0.07990629816311921","0","0.007972076262215026"
"275","100","0.4","0.35","144","5","periodic","60","0.2","0.5","0.1","1","0.05","500","2000","0.5","0.01","true","false","all","5","8","1.5","0.3","1","mixed","0.8","0.05","0","3000","131","11.60132839489556","91.81759004821117","0.510097722490062","91.81759004821117","0","0.510097722490062","0","2821.859618032948","2821.859618032948","0","0","803.8867340329851","803.8867340329851","0","0","0.02048033677943728","1","1","0","1","1","0","100","0.09160632990198636","100","0","0.10657660811451813","0.10657660811451813","0","0.012670644075951854"
"276","100","0.4","0.35","144","5","periodic","60","0.2","0.5","0.1","1","0.05","500","2000","0.5","0.01","true","false","all","5","8","1.5","0.3","1","mixed","0.8","0.05","0","3000","0","29.50980383043874","105.6284860361854","0.5868249224232522","105.6284860361854","0","0.5868249224232522","0","3058.2525172680494","3058.2525172680494","0","0","861.729681241883","861.729681241883","0","0","0.021979237964818488","1","1","0","1","1","0","100","0.10193250546316507","100","0","0.0762751455112373","0.0762751455112373","0","0.007999402196976998"
"274","100","0.4","0.35","144","5","periodic","60","0.2","0.5","0.1","1","0.05","500","2000","0.5","0.01","true","false","all","5","8","1.5","0.3","1","mixed","0.8","0.05","0","3000","0","26.224022610536707","98.14770553525932","0.5452650307514406","98.14770553525932","0","0.5452650307514406","0","17501.300970911172","17501.300970911172","0","0","686.702413805911","686.702413805911","0","0","0.010590907446663467","1","1","0","1","1","0","100","0.07931253814843685","100","0","0.08307786703360125","0.08307786703360125","0","0.008712562766292488"
"277","100","0.4","0.35","144","5","periodic","60","0.2","0.5","0.1","1","0.05","500","2000","0.5","0.01","true","false","all","5","8","1.5","0.3","1","mixed","0.8","0.05","0","3000","-1","31.2788168175234","76.13113538109167","0.4229507521171759","76.13113538109167","0","0.4229507521171759","0","21780.52164654417","21780.52164654417","0","0","731.4167429539854","731.4167429539854","0","0","0.009749329577444454","1","1","0","1","1","0","100","0.08627421680636652","100","0","0.09142891468346467","0.09142891468346467","0","0.011415295465601836"
"272","100","0.4","0.35","144","5","periodic","60","0.2","0.5","0.1","1","0.05","500","2000","0.5","0.01","true","false","all","5","8","1.5","0.3","1","mixed","0.8","0.05","0","3000","11","18.47789698691126","88.14086355971976","0.4896714642206653","88.14086355971976","0","0.4896714642206653","0","1253.4357203424408","1253.4357203424408","0","0","844.7113030568663","844.7113030568663","0","0","0.013687390722306736","0.5524392286611154","0.5524392286611154","0","0.5022904802282939","0.5022904802282939","0","100","0.08459722291819993","100","0","0.08328664707813291","0.08328664707813291","0","0.010049025256943478"
"278","100","0.4","0.35","144","5","periodic","60","0.2","0.5","0.1","1","0.05","500","2000","0.5","0.01","true","false","all","5","8","1.5","0.3","1","mixed","0.8","0.05","0","3000","0","11.692139898008762","86.54697757634928","0.4808165420908293","86.54697757634928","0","0.4808165420908293","0","1153.8017245755332","1153.8017245755332","0","0","932.6152120123396","932.6152120123396","0","0","0.01725200632760604","0.4915910123886407","0.4915910123886407","0","0.4358678163836885","0.4358678163836885","0","100","0.07174822319032177","100","0","0.08232629164932122","0.08232629164932122","0","0.00934498553430764"
"279","100","0.4","0.35","144","5","periodic","60","0.2","0.5","0.1","1","0.05","500","2000","0.5","0.01","true","false","all","5","8","1.5","0.3","1","mixed","0.8","0.05","0","3000","0","23.381208572186907","79.31845494598706","0.4406580830332614","79.31845494598706","0","0.4406580830332614","0","1847.1742704888736","1847.1742704888736","0","0","703.3742539992986","703.3742539992986","0","0","0.01400919605305595","0.9719459753033347","0.9719459753033347","0","0.8981161803259158","0.8981161803259158","0","100","0.06248337019402251","100","0","0.10405391670666234","0.10405391670666234","0","0.01130138271413023"
"280","100","0.4","0.35","144","5","periodic","60","0.2","0.5","0.1","1","0.05","500","2000","0.5","0.01","true","false","all","5","8","1.5","0.3","1","mixed","0.8","0.05","0","3000","61","21.32272502270635","75.45120054574701","0.41917333636526116","75.45120054574701","0","0.41917333636526116","0","2442.6190760967916","2442.6190760967916","0","0","777.4052434210221","777.4052434210221","0","0","0.013752460963619262","1","1","0","1","1","0","100","0.0831184540388216","100","0","0.094502999498744","0.094502999498744","0","0.015959707767993565"
"281","100","0.4","0.35","144","5","periodic","60","0.2","0.5","0.1","1","0.05","500","2000","0.5","0.01","true","false","all","5","8","1.5","0.3","1","mixed","0.8","0.05","0","3000","81","12.51295996566077","93.6708602752118","0.520393668195621","93.6708602752118","0","0.520393668195621","0","1569.6502907787392","1569.6502907787392","0","0","769.7067475530871","769.7067475530871","0","0","0.0216023475896725","0.8076779583463354","0.8076779583463354","0","0.7131001938524929","0.7131001938524929","0","100","0.08123000605738391","100","0","0.07472324407847065","0.07472324407847065","0","0.009047994439264982"
"283","100","0.4","0.35","144","5","periodic","60","0.2","0.5","0.1","1","0.05","500","2000","0.5","0.01","true","false","all","5","8","1.5","0.3","1","mixed","0.8","0.05","0","3000","1","8.403861798666028","82.69491293514366","0.45941618297302034","82.69491293514366","0","0.45941618297302034","0","1085.7269735892953","1085.7269735892953","0","0","860.1899359839668","860.1899359839668","0","0","0.01591973010537706","0.4419989576633452","0.4419989576633452","0","0.39048464905953023","0.39048464905953023","0","100","0.07368856325316736","100","0","0.08890040168966458","0.08890040168966458","0","0.01082078056937041"
"282","100","0.4","0.35","144","5","periodic","60","0.2","0.5","0.1","1","0.05","500","2000","0.5","0.01","true","false","all","5","8","1.5","0.3","1","mixed","0.8","0.05","0","3000","0","14.433984631571406","90.95018882570528","0.5052788268094738","90.95018882570528","0","0.5052788268094738","0","967.3157953429446","967.3157953429446","0","0","835.5375964375818","835.5375964375818","0","0","0.016519748978243154","0.35535469488128546","0.35535469488128546","0","0.3115438635619627","0.3115438635619627","0","100","0.08609818819279455","100","0","0.10660988267435867","0.10660988267435867","0","0.010786173229669422"
"284","100","0.4","0.35","144","5","periodic","60","0.2","0.5","0.1","1","0.05","500","2000","0.5","0.01","true","false","all","5","8","1.5","0.3","1","mixed","0.8","0.05","0","3000","36","31.96825450377763","88.74559972229868","0.49303110956832596","88.74559972229868","0","0.49303110956832596","0","963.7464479288434","963.7464479288434","0","0","813.7679453387063","813.7679453387063","0","0","0.02072312757339212","0.36881752001245743","0.36881752001245743","0","0.3091642986192293","0.3091642986192293","0","100","0.07367014719792521","100","0","0.08439283024871534","0.08439283024871534","0","0.0114497748834663"
"285","100","0.4","0.35","144","5","periodic","60","0.2","0.5","0.1","1","0.05","500","2000","0.5","0.01","true","false","all","5","8","1.5","0.3","1","mixed","0.8","0.05","0","3000","86","16.359017478101038","89.86456062433386","0.499247559024077","89.86456062433386","0","0.499247559024077","0","6798.595634754782","6798.595634754782","0","0","742.626338853647","742.626338853647","0","0","0.015521637287793766","1","1","0","1","1","0","100","0.08161579624687627","100","0","0.07684191919777711","0.07684191919777711","0","0.007447889104030274"
"286","100","0.4","0.35","144","5","periodic","60","0.2","0.5","0.1","1","0.05","500","2000","0.5","0.01","true","false","all","5","8","1.5","0.3","1","mixed","0.8","0.05","0","3000","6","16.67344993820346","74.9881296321605","0.4166007201786694","74.9881296321605","0","0.4166007201786694","0","748.9158468983746","748.9158468983746","0","0","757.4801951236288","757.4801951236288","0","0","0.02296001222676103","0.22105551552432812","0.22105551552432812","0","0.1659438979322497","0.1659438979322497","0","100","0.07302074192344593","100","0","0.0981046125745374","0.0981046125745374","0","0.011111261193900424"
"287","100","0.4","0.35","144","5","periodic","60","0.2","0.5","0.1","1","0.05","500","2000","0.5","0.01","true","false","all","5","8","1.5","0.3","1","mixed","0.8","0.05","0","3000","106","14.602376612344713","87.69549407162629","0.4871971892868127","87.69549407162629","0","0.4871971892868127","0","2741.1431937323086","2741.1431937323086","0","0","710.070773280985","710.070773280985","0","0","0.01728589204449671","1","1","0","1","1","0","100","0.07248368877150846","100","0","0.050122006649072695","0.050122006649072695","0","0.004913923261066426"
"289","100","0.4","0.35","144","5","periodic","60","0.2","0.5","0.1","1","0.05","500","2000","0.5","0.01","true","false","all","5","8","1.5","0.3","1","mixed","0.8","0.05","0","3000","116","10.24027969135058","98.60217386455679","0.5477898548030933","98.60217386455679","0","0.5477898548030933","0","2095.9932897121407","2095.9932897121407","0","0","786.770481145832","786.770481145832","0","0","0.019673029566340317","1","1","0","0.9981160780430351","0.9981160780430351","0","100","0.08667257976116295","100","0","0.10094266130689139","0.10094266130689139","0","0.01205825638349948"
"288","100","0.4","0.35","144","5","periodic","60","0.2","0.5","0.1","1","0.05","500","2000","0.5","0.01","true","false","all","5","8","1.5","0.3","1","mixed","0.8","0.05","0","3000","21","22.142139672188705","84.51171829108593","0.46950954606158846","84.51171829108593","0","0.46950954606158846","0","6244.668462578857","6244.668462578857","0","0","815.9787281221828","815.9787281221828","0","0","0.011773912349921867","1","1","0","1","1","0","100","0.0954613149328767","100","0","0.12119253826158882","0.12119253826158882","0","0.01621432188044034"
"292","100","0.4","0.35","144","5","periodic","60","0.2","0.5","0.1","1","0.05","500","2000","0.5","0.01","true","false","all","5","8","1.5","0.3","1","mixed","0.8","0.05","0","3000","86","15.041149256221857","90.33721915173886","0.5018734397318826","90.33721915173886","0","0.5018734397318826","0","3757.6300251257153","3757.6300251257153","0","0","685.1634758573786","685.1634758573786","0","0","0.012518677800287037","1","1","0","1","1","0","100","0.08180061764580454","100","0","0.06758167303560146","0.06758167303560146","0","0.008457712074290274"
"290","100","0.4","0.35","144","5","periodic","60","0.2","0.5","0.1","1","0.05","500","2000","0.5","0.01","true","false","all","5","8","1.5","0.3","1","mixed","0.8","0.05","0","3000","101","14.190949854101532","76.75663694209469","0.4264257607894149","76.75663694209469","0","0.4264257607894149","0","4601.14972506396","4601.14972506396","0","0","831.0043079901379","831.0043079901379","0","0","0.016311447972774396","1","1","0","1","1","0","100","0.07595616182556758","100","0","0.08227928556309641","0.08227928556309641","0","0.009966455327319226"
"293","100","0.4","0.35","144","5","periodic","60","0.2","0.5","0.1","1","0.05","500","2000","0.5","0.01","true","false","all","5","8","1.5","0.3","1","mixed","0.8","0.05","0","3000","6","19.197986383812975","108.5050059092302","0.6028055883846123","108.5050059092302","0","0.6028055883846123","0","3196.622936181605","3196.622936181605","0","0","767.3968811278312","767.3968811278312","0","0","0.019653762932736907","1","1","0","1","1","0","100","0.09088809731046042","100","0","0.07999398773724536","0.07999398773724536","0","0.010386253041882624"
"294","100","0.4","0.35","144","5","periodic","60","0.2","0.5","0.1","1","0.05","500","2000","0.5","0.01","true","false","all","5","8","1.5","0.3","1","mixed","0.8","0.05","0","3000","0","16.26345909823729","102.15846000421465","0.5675470000234147","102.15846000421465","0","0.5675470000234147","0","654.4427783182023","654.4427783182023","0","0","879.1149147164076","879.1149147164076","0","0","0.022625505132784385","0.1455466258306513","0.1455466258306513","0","0.10296185221213477","0.10296185221213477","0","100","0.08683058428380686","100","0","0.0909963637578017","0.0909963637578017","0","0.011094184322835828"
"291","100","0.4","0.35","144","5","periodic","60","0.2","0.5","0.1","1","0.05","500","2000","0.5","0.01","true","false","all","5","8","1.5","0.3","1","mixed","0.8","0.05","0","3000","0","16.020400805254397","97.57998501063801","0.5421110278368778","97.57998501063801","0","0.5421110278368778","0","9006.900902914296","9006.900902914296","0","0","809.6227044201562","809.6227044201562","0","0","0.014516885804965796","1","1","0","1","1","0","100","0.08723001408787619","100","0","0.09289770207592646","0.09289770207592646","0","0.009786387913091336"
"295","100","0.4","0.35","144","5","periodic","60","0.2","0.5","0.1","1","0.05","500","2000","0.5","0.01","true","false","all","5","8","1.5","0.3","1","mixed","0.8","0.05","0","3000","0","22.530042371727774","91.04950362591345","0.5058305756995192","91.04950362591345","0","0.5058305756995192","0","3068.523404627564","3068.523404627564","0","0","853.829849474978","853.829849474978","0","0","0.018682854920088143","1","1","0","1","1","0","100","0.08232536534233616","100","0","0.09846564026921617","0.09846564026921617","0","0.012127294019327028"
"296","100","0.4","0.35","144","5","periodic","60","0.2","0.5","0.1","1","0.05","500","2000","0.5","0.01","true","false","all","5","8","1.5","0.3","1","mixed","0.8","0.05","0","3000","0","17.87261737326753","88.06565827339232","0.48925365707440177","88.06565827339232","0","0.48925365707440177","0","8135.515071670878","8135.515071670878","0","0","737.3713822536478","737.3713822536478","0","0","0.015317893714502429","1","1","0","1","1","0","100","0.09492062702068849","100","0","0.08846266330543333","0.08846266330543333","0","0.012478488596577325"
"298","100","0.4","0.35","144","5","periodic","60","0.2","0.5","0.1","1","0.05","500","2000","0.5","0.01","true","false","all","5","8","1.5","0.3","1","mixed","0.8","0.05","0","3000","0","9.165551879039342","98.12574771825145","0.5451430428791747","98.12574771825145","0","0.5451430428791747","0","685.3622475348134","685.3622475348134","0","0","686.226532681406","686.226532681406","0","0","0.018916688396185766","0.15948049973740483","0.15948049973740483","0","0.1235748316898755","0.1235748316898755","0","100","0.08331948774465822","100","0","0.11422799385177475","0.11422799385177475","0","0.016594776945728768"
"299","100","0.4","0.35","144","5","periodic","60","0.2","0.5","0.1","1","0.05","500","2000","0.5","0.01","true","false","all","5","8","1.5","0.3","1","mixed","0.8","0.05","0","3000","36","28.051789311855202","79.03997039504176","0.4391109466391209","79.03997039504176","0","0.4391109466391209","0","16735.624163266875","16735.624163266875","0","0","644.8768101613844","644.8768101613844","0","0","0.011465583312652683","1","1","0","1","1","0","100","0.09018878861918467","100","0","0.1161705554207161","0.1161705554207161","0","0.012609982113008775"
"300","100","0.4","0.35","144","5","periodic","60","0.2","0.5","0.1","1","0.05","500","2000","0.5","0.01","true","false","all","5","8","1.5","0.3","1","mixed","0.8","0.05","0","3000","0","15.135097830996187","92.03749397952689","0.5113194109973715","92.03749397952689","0","0.5113194109973715","0","1170.0068776165988","1170.0068776165988","0","0","694.095102700374","694.095102700374","0","0","0.016757765656503887","0.5023351315363309","0.5023351315363309","0","0.4466712517443991","0.4466712517443991","0","100","0.08011177653004439","100","0","0.0814745997144945","0.0814745997144945","0","0.010307741146169657"
"297","100","0.4","0.35","144","5","periodic","60","0.2","0.5","0.1","1","0.05","500","2000","0.5","0.01","true","false","all","5","8","1.5","0.3","1","mixed","0.8","0.05","0","3000","0","14.622154053885637","91.65152427790619","0.5091751348772566","91.65152427790619","0","0.5091751348772566","0","803.7722559851317","803.7722559851317","0","0","845.7724318905513","845.7724318905513","0","0","0.019009489426055737","0.2499113442428354","0.2499113442428354","0","0.20251483732342124","0.20251483732342124","0","100","0.07630816018639898","100","0","0.08578234301859203","0.08578234301859203","0","0.009604027127214507"
"301","100","0.4","0.35","144","5","periodic","60","0.2","0.5","0.1","1","0.05","500","2000","0.5","0.01","true","false","all","5","8","1.5","0.3","1","mixed","0.8","0.05","0.2","3000","35","22.467281227636036","98.31039649722275","0.5461688694290153","92.28982874741008","108.23145852916045","0.5127212708189449","0.6012858807175581","1769.964784722254","1776.7752711585504","1742.722838977068","1.0195397864880622","1609.1954506726936","774.192941526166","4949.205487258803","0.1564277222918391","0.016533066284611486","0.9554038795555096","0.9554038795555096","0.903376805512026","0.846643189814836","0.8511835141057004","0.8284818926513788","100","0.09818184339272033","80","20","0.22018401207145352","0.07357469937471224","0.8066212628584182","0.09661871589799927"
"303","100","0.4","0.35","144","5","periodic","60","0.2","0.5","0.1","1","0.05","500","2000","0.5","0.01","true","false","all","5","8","1.5","0.3","1","mixed","0.8","0.05","0.2","3000","0","25.387868569951394","78.36203856523156","0.43534465869573086","85.56307184437745","37.684849121478756","0.47535039913543026","0.2093602728971042","4458.974125342524","4473.774878272692","4399.771113621844","1.0168199123862898","1540.5322616289718","748.1405947050982","4710.098929324464","0.15883755435523284","0.01843585888275734","1","1","1","1","1","1","100","0.08102710376098726","80","20","0.23070102230610023","0.07837976204995764","0.8399860633306707","0.10298311904284203"
"302","100","0.4","0.35","144","5","periodic","60","0.2","0.5","0.1","1","0.05","500","2000","0.5","0.01","true","false","all","5","8","1.5","0.3","1","mixed","0.8","0.05","0.2","3000","37","20.793332439842246","86.71072773385252","0.48172626518806955","89.35071907182596","42.92279255499625","0.49639288373236645","0.23845995863886804","1669.1635579081849","1679.077448249752","1629.5079965419231","1.0304198885878577","1809.459710353746","885.3807450372353","5505.775571619788","0.16080945064325566","0.017901683731186502","0.8542191267084072","0.8542191267084072","0.8430966840348633","0.7794423719387903","0.7860516321665005","0.7530053310279488","100","0.09967522615642435","80","20","0.23908258320927953","0.10935918112931012","0.7579761915291574","0.08009591548317636"
"304","100","0.4","0.35","144","5","periodic","60","0.2","0.5","0.1","1","0.05","500","2000","0.5","0.01","true","false","all","5","8","1.5","0.3","1","mixed","0.8","0.05","0.2","3000","36","36.55316457463904","93.05993686536439","0.5169996492520244","90.55282629742952","81.73882488007652","0.5030712572079418","0.4541045826670918","5054.030637768452","5082.588299128295","4939.7999923290745","1.0289056858619685","1397.1427660219817","706.2104207851814","4160.872146969186","0.16972653709141014","0.016039676914216594","1","1","1","1","1","1","100","0.07603990694083101","80","20","0.23642300901288205","0.09847995993288393","0.7881952053328749","0.08683987481172938"
"305","100","0.4","0.35","144","5","periodic","60","0.2","0.5","0.1","1","0.05","500","2000","0.5","0.01","true","false","all","5","8","1.5","0.3","1","mixed","0.8","0.05","0.2","3000","-1","47.00158019914417","100.01687547268244","0.5556493081815691","103.10420347339229","87.4623823238451","0.572801130407735","0.4859021240213617","21672.651446757493","21791.049867531572","21199.05776366116","1.0279253969902942","1338.43234327082","681.046344798511","3967.9763371600557","0.1716356870429189","0.01244636520468001","1","1","1","1","1","1","100","0.08496963052067744","80","20","0.2226935715966302","0.07203477107832543","0.8253287736698492","0.10082727048999146"
"306","100","0.4","0.35","144","5","periodic","60","0.2","0.5","0.1","1","0.05","500","2000","0.5","0.01","true","false","all","5","8","1.5","0.3","1","mixed","0.8","0.05","0.2","3000","37","26.835873391609695","76.09347143798227","0.4227415079887904","84.06172512842934","41.5698617101087","0.4670095840468297","0.23094367616727055","6293.64565831341","6308.403717906203","6234.61341994225","1.0118355851427652","1387.2035392920186","660.214270502415","4295.160614450432","0.15371119493907204","0.012761452637729764","1","1","1","1","1","1","100","0.07578915867544186","80","20","0.22096820944033815","0.07351393327038021","0.8107853141201697","0.09770103649857928"
"307","100","0.4","0.35","144","5","periodic","60","0.2","0.5","0.1","1","0.05","500","2000","0.5","0.01","true","false","all","5","8","1.5","0.3","1","mixed","0.8","0.05","0.2","3000","115","32.819703561509215","69.93092538031243","0.3885051410017357","78.7821210775772","32.44011767205547","0.43767845043098447","0.18022287595586373","11712.052714289255","11758.27456000456","11527.165331428021","1.0200490946326968","1665.0361621263246","810.4981088444672","5083.188375253753","0.1594467977598818","0.011689092072786567","1","1","1","1","1","1","100","0.08402751879274001","80","20","0.23399667773017063","0.08466767685401369","0.8313126812347986","0.10207135081112634"
"308","100","0.4","0.35","144","5","periodic","60","0.2","0.5","0.1","1","0.05","500","2000","0.5","0.01","true","false","all","5","8","1.5","0.3","1","mixed","0.8","0.05","0.2","3000","0","12.71387748472064","73.34246721898289","0.4074581512165716","81.41051747768219","41.91342306526393","0.45228065265378997","0.23285235036257737","727.9095404271782","730.3660109148125","718.0836584766405","1.0171043475132522","1445.6808837408144","733.9706038151796","4292.522003443353","0.17098819836599705","0.018721258894798476","0.18985730622408822","0.18985730622408822","0.1788685493515314","0.15193969361811852","0.1535773406098747","0.14538910565109364","100","0.08462254980694911","80","20","0.2184881220124292","0.07519380225302813","0.7916654010500335","0.09274174731236084"
"309","100","0.4","0.35","144","5","periodic","60","0.2","0.5","0.1","1","0.05","500","2000","0.5","0.01","true","false","all","5","8","1.5","0.3","1","mixed","0.8","0.05","0.2","3000","0","15.807907341904553","90.12143556270779","0.5006746420150433","95.96732705879398","53.26853168968728","0.5331518169932999","0.2959362871649293","651.6271942629666","655.4530834239903","636.3236376188723","1.030062447274001","1471.8715671741174","739.3746607006117","4401.85919306814","0.16796872145863898","0.02538880895506357","0.14856458548829718","0.14856458548829718","0.14084282456305422","0.10108479617531098","0.10363538894932664","0.09088242507924826","100","0.08744207380614345","80","20","0.2252230565692148","0.08429056720195009","0.7889530140382741","0.0890346633740763"
"310","100","0.4","0.35","144","5","periodic","60","0.2","0.5","0.1","1","0.05","500","2000","0.5","0.01","true","false","all","5","8","1.5","0.3","1","mixed","0.8","0.05","0.2","3000","0","35.86329409372998","81.45635558877761","0.4525353088265423","90.49259183928166","40.79490168890236","0.5027366213293425","0.2266383427161242","6157.011374839183","6183.789377061794","6049.899365948733","1.022130948469432","1430.7243745157161","696.9166087135306","4365.9554377244585","0.15962522262406895","0.01603550381227259","1","1","1","1","1","1","100","0.06930163203873692","80","20","0.21571270155734676","0.06603319307779053","0.814430735475572","0.09795291342627499"
"311","100","0.4","0.35","144","5","periodic","60","0.2","0.5","0.1","1","0.05","500","2000","0.5","0.01","true","false","all","5","8","1.5","0.3","1","mixed","0.8","0.05","0.2","3000","0","29.371046948616808","84.4995034720979","0.4694416859560994","91.98642898190751","46.1555619095643","0.5110357165661529","0.25641978838646834","3661.321535010388","3674.7765097489755","3607.5016360560417","1.0186486051788692","1427.198808854758","832.9359965545667","3804.2500580555243","0.21894880300805136","0.019853634155186484","1","1","1","1","1","1","100","0.07751512864111146","80","20","0.2332565543944911","0.08619996389111863","0.8214829164079809","0.0965162314364696"
"312","100","0.4","0.35","144","5","periodic","60","0.2","0.5","0.1","1","0.05","500","2000","0.5","0.01","true","false","all","5","8","1.5","0.3","1","mixed","0.8","0.05","0.2","3000","116","21.073142276683214","82.9950708807517","0.4610837271152872","84.46094270714403","75.6647632489854","0.46922745948413347","0.4203597958276966","7345.979977515013","7362.673584603755","7279.205549160028","1.0114666408140318","1379.7836218816187","769.9080167912813","3819.2860422429694","0.20158427734287573","0.012375612660815438","1","1","1","1","1","1","100","0.08412816684935169","80","20","0.23276827646416862","0.08879896223341535","0.8086455333871811","0.09483802621418289"
"313","100","0.4","0.35","144","5","periodic","60","0.2","0.5","0.1","1","0.05","500","2000","0.5","0.01","true","false","all","5","8","1.5","0.3","1","mixed","0.8","0.05","0.2","3000","0","28.266390720680633","72.7323326263042","0.4040685145905789","81.17096896234827","35.69570947910366","0.45094982756860147","0.19830949710613147","15550.62514395848","15635.328741035066","15211.810755652128","1.0278413919411649","1723.208934640336","751.7032259739634","5609.231769305825","0.13401179642591074","0.01263015688344149","1","1","1","1","1","1","100","0.09208746654330108","80","20","0.2502129875861641","0.10997516423233285","0.8111642810014894","0.09125202076110298"
"314","100","0.4","0.35","144","5","periodic","60","0.2","0.5","0.1","1","0.05","500","2000","0.5","0.01","true","false","all","5","8","1.5","0.3","1","mixed","0.8","0.05","0.2","3000","80","44.7492037162862","97.80702634841508","0.543372368602306","100.94677495683437","41.8686762491749","0.5608154164268576","0.23260375693986055","16602.347686384568","16641.241686289133","16446.7716867663","1.0118242049702253","1230.597072332607","711.5492643022933","3306.78830445386","0.21517835397685398","0.009953998088321425","1","1","1","1","1","1","100","0.07796064422337645","80","20","0.2392221129917194","0.09636687587660972","0.8106430614521585","0.09371089738428984"
"315","100","0.4","0.35","144","5","periodic","60","0.2","0.5","0.1","1","0.05","500","2000","0.5","0.01","true","false","all","5","8","1.5","0.3","1","mixed","0.8","0.05","0.2","3000","31","29.746283046960613","82.25773073524242","0.456987392973569","87.46175756749571","37.05459519217374","0.48589865315275393","0.20585886217874302","1819.9696248776597","1827.6384046116823","1789.2945059415663","1.0214296185132132","1336.8181553768393","721.6261044597672","3797.586359045127","0.19002230265046943","0.015626375381498026","0.9536718011092823","0.9536718011092823","0.9306593813212444","0.8799797499184394","0.8850922697411215","0.8595296706277109","100","0.0811641040292158","80","20","0.231428279132935","0.08689784380184544","0.8095500204572932","0.09534307870375845"
"316","100","0.4","0.35","144","5","periodic","60","0.2","0.5","0.1","1","0.05","500","2000","0.5","0.01","true","false","all","5","8","1.5","0.3","1","mixed","0.8","0.05","0.2","3000","55","34.642487315369834","106.05864405793676","0.5892146892107598","98.91170190895109","100.88335595285308","0.5495094550497283","0.5604630886269616","16444.46945279863","16494.208951388922","16245.511458437384","1.015308689639462","1416.8920889277786","689.8260696048917","4325.156166219325","0.15949159824392597","0.010849324324613274","1","1","1","1","1","1","100","0.09722390640194657","80","20","0.23793301926398486","0.09562808729823269","0.8071527471269933","0.09580383375211603"
"317","100","0.4","0.35","144","5","periodic","60","0.2","0.5","0.1","1","0.05","500","2000","0.5","0.01","true","false","all","5","8","1.5","0.3","1","mixed","0.8","0.05","0.2","3000","0","25.165031972892464","93.33714336492295","0.5185396853606831","97.24221516233018","56.79581781229094","0.5402345286796121","0.3155323211793941","10328.184027936279","10381.584012096024","10114.584091297298","1.026397518512744","1589.3058689085983","902.335002492684","4337.1893345722565","0.20804602540637626","0.015273259158707031","1","1","1","1","1","1","100","0.08743126188839677","80","20","0.23478877531347336","0.09681939734326092","0.7866662871943223","0.08624688300627611"
"318","100","0.4","0.35","144","5","periodic","60","0.2","0.5","0.1","1","0.05","500","2000","0.5","0.01","true","false","all","5","8","1.5","0.3","1","mixed","0.8","0.05","0.2","3000","0","23.95170025009952","81.54896010729932","0.4530497783738851","83.7439814059614","71.53736475653578","0.46524434114423","0.3974298042029766","1216.7662163746777","1219.815069012286","1204.5708058242467","1.0126553483733218","1460.5933986174707","615.4070448572623","4841.3388136583035","0.12711505402618922","0.01505671746511128","0.5529962857666911","0.5283786636116579","0.5529962857666911","0.4778441442497854","0.47987671267485715","0.46971387054949787","100","0.0910841472757718","80","20","0.246511543205201","0.09715508874971454","0.8439373610271463","0.10179627589709597"
"319","100","0.4","0.35","144","5","periodic","60","0.2","0.5","0.1","1","0.05","500","2000","0.5","0.01","true","false","all","5","8","1.5","0.3","1","mixed","0.8","0.05","0.2","3000","-1","39.63209795819469","71.37912979233505","0.39655072106852807","78.08849189175287","43.36508023061208","0.4338249549541826","0.24091711239228933","21704.107480450482","21810.270736162784","21279.45445760132","1.0249450134926668","1330.5287184071067","825.6206518001945","3350.1609848347543","0.24644208309318552","0.01120579209065009","1","1","1","1","1","1","100","0.0808037716227561","80","20","0.22431756641126227","0.09348133520342974","0.7476624912425925","0.08033361215336425"
"320","100","0.4","0.35","144","5","periodic","60","0.2","0.5","0.1","1","0.05","500","2000","0.5","0.01","true","false","all","5","8","1.5","0.3","1","mixed","0.8","0.05","0.2","3000","51","13.686060432854845","85.70092319538134","0.47611623997434077","92.69410077878966","50.508561991102866","0.5149672265488314","0.2806031221727937","1218.0816041160076","1226.8976245693639","1182.817522302583","1.037267035223633","1579.4420077779928","732.7680027445964","4966.138027911582","0.1475528868964499","0.02280635936153197","0.5734166146266794","0.5734166146266794","0.5097459654968648","0.4787210694106715","0.48459841637957546","0.4552116815350552","100","0.08515708922713087","80","20","0.22899020125221634","0.08648888140094024","0.798995480657321","0.09663870962103535"
"321","100","0.4","0.35","144","5","periodic","60","0.2","0.5","0.1","1","0.05","500","2000","0.5","0.01","true","false","all","5","8","1.5","0.3","1","mixed","0.8","0.05","0.2","3000","26","35.72062539317416","98.01011664317365","0.5445006480176313","86.02088261032996","29.193451267442263","0.47789379227961093","0.16218584037467923","8911.396057036642","8942.719283611652","8786.103150736615","1.0178254375333515","1458.113937615956","662.2176516663193","4641.699081414502","0.14266707945757579","0.013052246763931796","1","1","1","1","1","1","100","0.08662761124512967","80","20","0.23945516147159562","0.0878943844704466","0.8456982694761912","0.10446353506323013"
"322","100","0.4","0.35","144","5","periodic","60","0.2","0.5","0.1","1","0.05","500","2000","0.5","0.01","true","false","all","5","8","1.5","0.3","1","mixed","0.8","0.05","0.2","3000","0","12.122986032724825","69.93567520039271","0.3885315288910706","74.34330692838122","33.723925246016485","0.41301837182434015","0.18735514025564715","1274.2700193829714","1278.2294900658221","1258.4321366515678","1.015731760845627","1251.7117513744568","739.6804383824812","3299.837003342362","0.22415665914203295","0.01382721913500573","0.5585113219512884","0.5585113219512884","0.5375649116444515","0.5161800129219809","0.5188196600438812","0.5056214244343786","100","0.10084877283062726","80","20","0.21866358853167508","0.069458053361924","0.8154857292106797","0.09945365926533083"
"323","100","0.4","0.35","144","5","periodic","60","0.2","0.5","0.1","1","0.05","500","2000","0.5","0.01","true","false","all","5","8","1.5","0.3","1","mixed","0.8","0.05","0.2","3000","0","13.748109239063425","88.81558549441786","0.49341991941343255","93.21957266057714","55.42345427591259","0.5178865147809841","0.3079080793106255","808.0315583300797","811.9598627109193","792.3183408067223","1.024789937191405","1556.8157571053962","933.9277261659254","4048.3678808632844","0.2306924058410353","0.02027716866143181","0.26034050173116574","0.26034050173116574","0.2326872823757571","0.20535437222005337","0.20797324180727966","0.19487889387114826","100","0.09456162915957142","80","20","0.23676068249334706","0.09752371817104491","0.7937085397825554","0.09090248775497727"
"324","100","0.4","0.35","144","5","periodic","60","0.2","0.5","0.1","1","0.05","500","2000","0.5","0.01","true","false","all","5","8","1.5","0.3","1","mixed","0.8","0.05","0.2","3000","11","45.471409618812196","64.78376360246055","0.3599097977914475","72.3028571816595","35.05600627714458","0.40168253989810837","0.194755590428581","4690.473015801872","4702.959275375134","4640.527977508837","1.0134534902426797","1428.722151540106","648.3770104565782","4550.10271587422","0.14249722499550307","0.010578078502858412","1","1","1","1","1","1","100","0.07439343904659157","80","20","0.22503857876889513","0.08888900729525319","0.7696368646634626","0.0854843164603233"
"325","100","0.4","0.35","144","5","periodic","60","0.2","0.5","0.1","1","0.05","500","2000","0.5","0.01","true","false","all","5","8","1.5","0.3","1","mixed","0.8","0.05","0.2","3000","26","17.609180881322146","79.49730506402133","0.4416516948001185","87.48410264973342","44.47303981774807","0.486022792498519","0.2470724434319337","997.3161241466939","1000.8627086837787","983.1297859983542","1.0180372143515282","1407.0947422658815","647.3361802940638","4446.128990153151","0.14559545657081044","0.017342097580651306","0.40740948836306523","0.40740948836306523","0.347473117870662","0.3315440827644626","0.3339084724558525","0.3220865239989031","100","0.07636217778229967","80","20","0.2340495799769338","0.08391505635232574","0.8345876744753659","0.10107305401200174"
"326","100","0.4","0.35","144","5","periodic","60","0.2","0.5","0.1","1","0.05","500","2000","0.5","0.01","true","false","all","5","8","1.5","0.3","1","mixed","0.8","0.05","0.2","3000","133","27.219863388340443","85.50576312004758","0.4750320173335976","93.9080291749162","44.81521492937203","0.5217112731939788","0.24897341627428907","12813.94190255975","12850.900903672735","12666.10589810783","1.0145897252913791","1518.6520379183785","941.6116491212464","3826.813593106906","0.24605631453210475","0.010976993796057988","1","1","1","1","1","1","100","0.08216269586232255","80","20","0.22998750236312027","0.08495054152779272","0.8101353457044306","0.09624199529490271"
"328","100","0.4","0.35","144","5","periodic","60","0.2","0.5","0.1","1","0.05","500","2000","0.5","0.01","true","false","all","5","8","1.5","0.3","1","mixed","0.8","0.05","0.2","3000","-1","50.51954671684916","83.8811783060912","0.46600654614495113","89.94427964693753","60.09265281993644","0.4996904424829863","0.3338480712218691","21737.34878586903","21797.212184813783","21497.895190090007","1.0139230837287618","1305.726703564515","883.189227435827","2995.8766080792625","0.2948016033284038","0.009391131631242722","1","1","1","1","1","1","100","0.09260024940581925","80","20","0.23895555872007332","0.09966418800340118","0.7961210415867619","0.08660991931865554"
"327","100","0.4","0.35","144","5","periodic","60","0.2","0.5","0.1","1","0.05","500","2000","0.5","0.01","true","false","all","5","8","1.5","0.3","1","mixed","0.8","0.05","0.2","3000","107","15.656434844046387","81.0132127862136","0.4500734043678533","88.2162774230001","45.79040450393895","0.4900904301277783","0.2543911361329942","4405.903258223957","4428.1497077593","4316.917460082574","1.0257665912552798","1472.6894233182056","799.0181561575624","4167.374491960776","0.19173178645186253","0.01721082993661227","1","1","1","1","1","1","100","0.07580596489623685","80","20","0.24653652852190733","0.11055660062241315","0.7904562401198835","0.08633999281914784"
"329","100","0.4","0.35","144","5","periodic","60","0.2","0.5","0.1","1","0.05","500","2000","0.5","0.01","true","false","all","5","8","1.5","0.3","1","mixed","0.8","0.05","0.2","3000","0","19.436726232627976","69.59244787301763","0.3866247104056535","77.41897695068972","32.92407056977488","0.4301054275038318","0.182911503165416","681.5044080286756","683.3229132720052","674.2303870553579","1.0134857852615602","1578.9458747787007","793.1074045434335","4722.299755719774","0.1679493987188766","0.020875652874625672","0.16857658245593407","0.16857658245593407","0.1457818149457439","0.12100293868578378","0.12221527551467001","0.11615359137023869","100","0.0851103562936591","80","20","0.2243855284865034","0.08418706018926878","0.785179401675442","0.08940708008235136"
"330","100","0.4","0.35","144","5","periodic","60","0.2","0.5","0.1","1","0.05","500","2000","0.5","0.01","true","false","all","5","8","1.5","0.3","1","mixed","0.8","0.05","0.2","3000","96","16.572810498776676","76.31172923923735","0.4239540513290964","80.61931823304259","47.50510330964501","0.44788510129468107","0.26391724060913896","7383.878655375299","7395.102996464042","7338.981291020345","1.0076470702428906","1409.990578011118","734.6880314860244","4111.2007641114915","0.17870400246551923","0.01275560601700998","1","1","1","1","1","1","100","0.0837979959849076","80","20","0.2492212763928078","0.10725343185729685","0.8170926545348516","0.09569475017579226"
"331","100","0.4","0.35","144","5","periodic","60","0.2","0.5","0.1","1","0.05","500","2000","0.5","0.01","true","false","all","5","8","1.5","0.3","1","mixed","0.8","0.05","0.2","3000","134","19.453786171344746","74.98911594310934","0.4166061996839408","83.58465323646487","38.90365395889753","0.4643591846470271","0.21613141088276405","12927.221022046235","12980.94808746317","12712.312760378456","1.0211319003983286","1436.041825033618","666.7489658576955","4513.213261737308","0.14773265236773647","0.012512466152901247","1","1","1","1","1","1","100","0.08189428487968715","80","20","0.2226830980046078","0.0876590113175772","0.7627794447527306","0.08418795647395307"
"332","100","0.4","0.35","144","5","periodic","60","0.2","0.5","0.1","1","0.05","500","2000","0.5","0.01","true","false","all","5","8","1.5","0.3","1","mixed","0.8","0.05","0.2","3000","-1","34.602053304429774","90.2966148417384","0.50164786023188","90.99567382605485","86.71124758172309","0.5055315212558603","0.48172915323179494","21694.644433838836","21749.833376440823","21473.88866343085","1.0128502441888831","1394.600290150873","695.9613794595871","4189.155932916016","0.1661340352578229","0.010223392072606474","1","1","1","1","1","1","100","0.07146105572820262","80","20","0.22204482129986275","0.07847668508237235","0.7963173661698236","0.09233731171225054"
"333","100","0.4","0.35","144","5","periodic","60","0.2","0.5","0.1","1","0.05","500","2000","0.5","0.01","true","false","all","5","8","1.5","0.3","1","mixed","0.8","0.05","0.2","3000","56","32.99171655798011","70.94389594881169","0.394132755271176","75.94366837101556","32.886875332068136","0.4219092687278642","0.18270486295593408","5932.945324590403","5957.786141932337","5833.582055222673","1.02129122133432","1412.3115986778378","693.8769053371534","4286.050372040578","0.16189191565819153","0.012168813388753641","1","1","1","1","1","1","100","0.08531879876976775","80","20","0.2205478707238765","0.07025398456989643","0.8217234153397973","0.09985080675255663"
"334","100","0.4","0.35","144","5","periodic","60","0.2","0.5","0.1","1","0.05","500","2000","0.5","0.01","true","false","all","5","8","1.5","0.3","1","mixed","0.8","0.05","0.2","3000","79","25.278376938221513","93.60874152966184","0.5200485640536769","93.31919428631844","52.45366744318257","0.5184399682573246","0.2914092635732365","9678.988331276127","9698.330658876494","9601.619020874663","1.0100724302632258","1195.4759276374768","763.8932554206327","2921.806616504849","0.2614455217896742","0.013001412718849803","1","1","1","1","1","1","100","0.0873645960931117","80","20","0.23476334660214263","0.09225745391923866","0.8047869173337588","0.09267601810713372"
"335","100","0.4","0.35","144","5","periodic","60","0.2","0.5","0.1","1","0.05","500","2000","0.5","0.01","true","false","all","5","8","1.5","0.3","1","mixed","0.8","0.05","0.2","3000","1","32.064729419546666","86.29859150794326","0.47943661948857363","94.34203226392451","30.557153216676102","0.5241224014662472","0.16976196231486723","14033.445120349857","14085.520851522611","13825.142195658864","1.0188337054461185","1252.3730953560182","762.1363475247805","3213.320086680971","0.23718033901564686","0.01273720800822642","1","1","1","1","1","1","100","0.09097423738478579","80","20","0.21520843904004977","0.0770777354619239","0.7677312533525533","0.08474563142436625"
"336","100","0.4","0.35","144","5","periodic","60","0.2","0.5","0.1","1","0.05","500","2000","0.5","0.01","true","false","all","5","8","1.5","0.3","1","mixed","0.8","0.05","0.2","3000","0","31.337733441416702","110.59634624577555","0.6144241458098642","103.27539263276674","53.17880606046185","0.5737521812931485","0.2954378114470103","3745.5423163432793","3760.5869148166375","3685.3639224498465","1.0204112793063829","1459.2605696638102","741.431030438327","4330.578726565746","0.17120830199669407","0.010153357769062898","1","1","1","1","1","1","100","0.08763421327509367","80","20","0.23352931210216604","0.08811337348572848","0.8151930665679166","0.09649769967575532"
"339","100","0.4","0.35","144","5","periodic","60","0.2","0.5","0.1","1","0.05","500","2000","0.5","0.01","true","false","all","5","8","1.5","0.3","1","mixed","0.8","0.05","0.2","3000","111","33.35309229568725","90.11968150646464","0.5006648972581369","95.12187694353466","32.48300050738196","0.5284548719085259","0.18046111392989977","14133.62185127702","14161.932858330543","14020.377823062901","1.010096378075831","1377.931860515407","741.8183223441783","3922.386013200322","0.1891242523932313","0.01153741927586105","1","1","1","1","1","1","100","0.0856446969547118","80","20","0.2301502964585168","0.0930463593454603","0.7785660449107428","0.08453668445755794"
"338","100","0.4","0.35","144","5","periodic","60","0.2","0.5","0.1","1","0.05","500","2000","0.5","0.01","true","false","all","5","8","1.5","0.3","1","mixed","0.8","0.05","0.2","3000","0","13.226509833064725","70.03213771465622","0.3890674317480901","77.33219839700044","32.26275561843257","0.42962332442778023","0.1792375312135143","2294.0914287432843","2298.3597653647857","2277.018082257275","1.009372645423331","1343.7103245403587","787.0919311236167","3570.183898207327","0.22046257379594192","0.01283916305508237","1","1","1","1","1","1","100","0.08346194289344566","80","20","0.2376061007867725","0.09395787820173093","0.8121989911269388","0.09696490254071963"
"337","100","0.4","0.35","144","5","periodic","60","0.2","0.5","0.1","1","0.05","500","2000","0.5","0.01","true","false","all","5","8","1.5","0.3","1","mixed","0.8","0.05","0.2","3000","12","29.68590707948527","76.20057543505547","0.4233365301947526","82.07281291685969","36.991076427461714","0.4559600717603316","0.20550598015256508","17597.219399648555","17682.6154338706","17255.63526276033","1.0247443901431863","1598.853351128689","931.0751503137795","4269.966154388325","0.2180521148526894","0.012313569675378666","1","1","1","1","1","1","100","0.08536880945336042","80","20","0.2338192993722771","0.09170325071344226","0.8022834940076168","0.09310882279920343"
"340","100","0.4","0.35","144","5","periodic","60","0.2","0.5","0.1","1","0.05","500","2000","0.5","0.01","true","false","all","5","8","1.5","0.3","1","mixed","0.8","0.05","0.2","3000","151","37.15524411479903","86.52465011240395","0.4806925006244664","90.07563612243358","38.359596096470135","0.5004202006801866","0.21310886720261185","21291.626886845323","21381.379482502278","20932.616504217476","1.021438456018835","1524.0953528214511","804.0650037766673","4404.216749000582","0.18256708277564399","0.012681527179660979","1","1","1","1","1","1","100","0.08016141514861759","80","20","0.2324237833305155","0.08857682244717131","0.8078116268638921","0.09559173356741771"
"341","100","0.4","0.35","144","5","periodic","60","0.2","0.5","0.1","1","0.05","500","2000","0.5","0.01","true","false","all","5","8","1.5","0.3","1","mixed","0.8","0.05","0.2","3000","34","29.922870918173643","85.48773901170654","0.47493188339836967","83.52761859257585","52.98150742260212","0.4640423255143103","0.29434170790334513","3553.5970023209984","3560.348318547106","3526.5917374165692","1.0095720127658625","1408.8061287127412","655.8493826420952","4420.63311299533","0.1483609623051719","0.021081577092138648","1","1","1","1","1","1","100","0.08834800925152612","80","20","0.23822804322479613","0.10322858348577099","0.7782258821808962","0.08459582119032662"
"342","100","0.4","0.35","144","5","periodic","60","0.2","0.5","0.1","1","0.05","500","2000","0.5","0.01","true","false","all","5","8","1.5","0.3","1","mixed","0.8","0.05","0.2","3000","0","26.0244335706211","73.23804356373387","0.4068780197985215","79.60812314043156","41.61639721367111","0.4422673507801753","0.23120220674261727","5520.069490280835","5530.4962438452885","5478.362476023023","1.0095163049269624","1386.749208507883","791.1291691460382","3769.229365955262","0.20989149036451293","0.018267528392039933","1","1","1","1","1","1","100","0.08213782013291324","80","20","0.24021305273252785","0.10197571110104135","0.7931624192584742","0.08618150027112104"
"343","100","0.4","0.35","144","5","periodic","60","0.2","0.5","0.1","1","0.05","500","2000","0.5","0.01","true","false","all","5","8","1.5","0.3","1","mixed","0.8","0.05","0.2","3000","-1","32.06977802985031","83.1288597875222","0.4618269988195678","84.93809402955749","38.79536584132833","0.4718783001642083","0.21552981022960185","21744.57603121833","21780.266020380972","21601.816074567734","1.0082608770113237","1397.8586349376214","798.7386313852121","3794.3386491472593","0.210507997636089","0.008766978689732419","1","1","1","1","1","1","100","0.08209262938134414","80","20","0.23021490726311597","0.08622601343145028","0.8061704825897786","0.09564127052173392"
"344","100","0.4","0.35","144","5","periodic","60","0.2","0.5","0.1","1","0.05","500","2000","0.5","0.01","true","false","all","5","8","1.5","0.3","1","mixed","0.8","0.05","0.2","3000","0","30.345701924729894","64.79935657346783","0.35999642540815463","70.11249496096823","40.50119971931846","0.389513860894268","0.22500666510732475","10376.466741509255","10405.118131190759","10261.861182783261","1.0139601331430845","1330.453003741738","720.9781286365208","3768.3525041626017","0.19132449202671803","0.013186396506111864","1","1","1","1","1","1","100","0.09186745528027708","80","20","0.21999413375813237","0.0677469179497869","0.8289829969915145","0.10229365984160922"
"345","100","0.4","0.35","144","5","periodic","60","0.2","0.5","0.1","1","0.05","500","2000","0.5","0.01","true","false","all","5","8","1.5","0.3","1","mixed","0.8","0.05","0.2","3000","1","23.825465678660493","98.61713207766174","0.5478729559870097","96.13249496877242","100.09922126928515","0.5340694164931801","0.5561067848293619","6429.272872841813","6440.776229131699","6383.259447682251","1.0090105661411481","1235.447700604299","689.1540477990568","3420.6223118252665","0.20147037146329086","0.014127315818774022","1","1","1","1","1","1","100","0.10050282133642402","80","20","0.21478368837982267","0.0747853426288261","0.7747770713838094","0.08947661907093588"
"347","100","0.4","0.35","144","5","periodic","60","0.2","0.5","0.1","1","0.05","500","2000","0.5","0.01","true","false","all","5","8","1.5","0.3","1","mixed","0.8","0.05","0.2","3000","24","34.66473488292091","68.2617809052328","0.3792321161401822","72.7008874976415","46.80367984531283","0.40389381943134167","0.26002044358507126","2269.938662957591","2277.4194184316807","2240.015641061234","1.0166979983018005","1255.409528449927","684.8995675849944","3537.4493719096545","0.1936139561526102","0.014972076471154505","1","1","1","1","1","1","100","0.09186667673322957","80","20","0.2356001696500218","0.09338001537632092","0.8044807867448253","0.09400065196913386"
"346","100","0.4","0.35","144","5","periodic","60","0.2","0.5","0.1","1","0.05","500","2000","0.5","0.01","true","false","all","5","8","1.5","0.3","1","mixed","0.8","0.05","0.2","3000","-1","39.11639555320532","105.68623086477307","0.587145727026517","103.17689155246967","118.67593128763856","0.573204953069276","0.6593107293757698","21687.73112215775","21761.382115687004","21393.12714804075","1.017213704434042","1579.4477148378996","884.4025091096531","4359.628537750883","0.20286189556092615","0.009586627990661345","1","1","1","1","1","1","100","0.0817635600117883","80","20","0.2383011108842366","0.09727322231770766","0.802412665150352","0.0922766203421059"
"348","100","0.4","0.35","144","5","periodic","60","0.2","0.5","0.1","1","0.05","500","2000","0.5","0.01","true","false","all","5","8","1.5","0.3","1","mixed","0.8","0.05","0.2","3000","51","33.85492265546502","103.54187423483687","0.5752326346379826","96.29138122691415","133.77498771593704","0.5349521179273009","0.7431943761996502","9498.1352048266","9540.63190761887","9328.148393657537","1.0227787450407415","1424.0727568315663","909.6471362852978","3481.7752390166374","0.26125957990964715","0.012906396250367047","1","1","1","1","1","1","100","0.07891105008827386","80","20","0.2561615646382544","0.1195305449653425","0.8026856433299026","0.0890073578843036"
"349","100","0.4","0.35","144","5","periodic","60","0.2","0.5","0.1","1","0.05","500","2000","0.5","0.01","true","false","all","5","8","1.5","0.3","1","mixed","0.8","0.05","0.2","3000","0","11.908533025587516","104.80212199230019","0.5822340110683344","99.55958140267225","89.99999999999993","0.5531087855704014","0.4999999999999996","1256.7682486131257","1262.0772063497295","1235.5324176667082","1.0214844938938563","1486.8158838715574","690.0276478870503","4673.968827809584","0.14763206031273982","0.01440367920207919","0.557300417332438","0.557300417332438","0.5288953503349455","0.5045121657420838","0.5080514708998201","0.49035494511113875","100","0.08464043595625173","80","20","0.21233267219098598","0.0692093376221106","0.7848260104664874","0.09030734786368673"
"351","100","0.4","0.35","144","5","periodic","60","0.2","0.5","0.1","1","0.05","500","2000","0.5","0.01","true","false","all","5","8","1.5","0.3","1","mixed","0.8","0.05","0.2","3000","36","29.062279083428948","84.2180926539574","0.46787829252198554","88.5394348477123","62.290207806007665","0.4918857491539572","0.3460567100333759","6003.928721122203","6024.673497248839","5920.949616615659","1.0175181157330078","1323.2651185215548","691.9493979198046","3848.528000928555","0.17979585902788137","0.017100281316797528","1","1","1","1","1","1","100","0.09127386095092746","80","20","0.22496780386963977","0.07860604664151735","0.8104148327821289","0.09681470849280013"
"350","100","0.4","0.35","144","5","periodic","60","0.2","0.5","0.1","1","0.05","500","2000","0.5","0.01","true","false","all","5","8","1.5","0.3","1","mixed","0.8","0.05","0.2","3000","66","39.01308084359913","97.29196012713874","0.5405108895952152","93.06779082094491","112.24462564482175","0.5170432823385828","0.6235812535823431","14606.911575205306","14622.53789816784","14544.406283355178","1.0053719356631334","1419.7044920298463","738.8504899773357","4143.120500239889","0.17833188533487151","0.009889616884215524","1","1","1","1","1","1","100","0.08475120555924577","80","20","0.2085425682507899","0.07472232416914502","0.7438235445773697","0.08326886349703418"
"352","100","0.4","0.35","144","5","periodic","60","0.2","0.5","0.1","1","0.05","500","2000","0.5","0.01","true","false","all","5","8","1.5","0.3","1","mixed","0.8","0.05","0.2","3000","0","25.168492318100803","85.48300844873405","0.474905602492967","90.96682858498433","62.43049484663836","0.5053712699165795","0.34683608248132425","5466.371227284923","5464.602042721442","5473.447965538848","0.9983838481934787","1154.222730810514","656.6551333145798","3144.493120794252","0.20882702174546927","0.017153987886484146","1","1","1","1","1","1","100","0.07699589197647586","80","20","0.2285963187511962","0.0789588436668324","0.8271462190886515","0.10173793799112837"
"353","100","0.4","0.35","144","5","periodic","60","0.2","0.5","0.1","1","0.05","500","2000","0.5","0.01","true","false","all","5","8","1.5","0.3","1","mixed","0.8","0.05","0.2","3000","76","18.313477451287326","96.16293339681741","0.5342385188712078","93.54168237834638","93.41701688653984","0.5196760132130355","0.5189834271474436","2185.9708303590332","2188.1816686188245","2177.1274773198684","1.0050774203229313","1544.0650934787793","891.2543020156248","4155.3082593313975","0.21448572437776997","0.014502406241510668","1","1","1","1","1","1","100","0.09510167588926403","80","20","0.23668786147407522","0.1051966457198769","0.7626527244908682","0.0813666555819334"
"355","100","0.4","0.35","144","5","periodic","60","0.2","0.5","0.1","1","0.05","500","2000","0.5","0.01","true","false","all","5","8","1.5","0.3","1","mixed","0.8","0.05","0.2","3000","1","30.736353960454025","94.14550089749666","0.5230305605416481","97.63303529103908","55.36264904113947","0.5424057516168838","0.30757027245077484","6259.176369019634","6285.882837742254","6152.350494129171","1.0217042809476644","1376.039757210404","822.7603612619972","3589.157341004034","0.22923496606360447","0.015951147255789166","1","1","1","1","1","1","100","0.07685894036485623","80","20","0.22464083390307654","0.0980992486772614","0.7308071748063367","0.07723785080735021"
"354","100","0.4","0.35","144","5","periodic","60","0.2","0.5","0.1","1","0.05","500","2000","0.5","0.01","true","false","all","5","8","1.5","0.3","1","mixed","0.8","0.05","0.2","3000","0","17.865234651298607","99.99513800950744","0.5555285444972635","98.14285587668084","58.61414576300255","0.5452380882037825","0.32563414312779193","1401.5456902482792","1407.555958768955","1377.5046161655785","1.0218157835920922","1430.048169607441","689.2538822688773","4393.225318961695","0.15689017344363695","0.016454460598960274","0.6647041281793696","0.6647041281793696","0.6239739464148365","0.6010304601655194","0.6050373058459696","0.585003077443719","100","0.07928585151360631","80","20","0.2289829320514794","0.09163050441062867","0.7783926426148824","0.08713622370580792"
"356","100","0.4","0.35","144","5","periodic","60","0.2","0.5","0.1","1","0.05","500","2000","0.5","0.01","true","false","all","5","8","1.5","0.3","1","mixed","0.8","0.05","0.2","3000","22","29.776524711386784","100.99115676130968","0.561061982007276","96.3582210049767","96.55310573446268","0.5353234500276484","0.536406142969237","4970.731369750253","4982.979194418861","4921.740071075818","1.0124425756863782","1211.7031559939508","631.5597550568366","3532.276759742407","0.17879679255452605","0.017017086871010667","1","1","1","1","1","1","100","0.08398699917236875","80","20","0.2108174536345979","0.06731382666150391","0.784831961526973","0.09208537997841959"
"357","100","0.4","0.35","144","5","periodic","60","0.2","0.5","0.1","1","0.05","500","2000","0.5","0.01","true","false","all","5","8","1.5","0.3","1","mixed","0.8","0.05","0.2","3000","44","19.7811125941668","102.7262847263177","0.5707015818128761","92.07406907062929","107.258963929928","0.5115226059479405","0.5958831329440445","1474.0235471550252","1478.712677522223","1455.2670256862352","1.016110893342706","1521.3177806187275","782.9244848737264","4474.890963598733","0.17495945515599648","0.017112571689052336","0.7237089663979019","0.7237089663979019","0.6776655126630476","0.6493490314366835","0.6524751183481488","0.6368446837908237","100","0.08132718257879329","80","20","0.23980251694317262","0.09777369790848708","0.8079177930819148","0.09360739476712737"
"358","100","0.4","0.35","144","5","periodic","60","0.2","0.5","0.1","1","0.05","500","2000","0.5","0.01","true","false","all","5","8","1.5","0.3","1","mixed","0.8","0.05","0.2","3000","0","42.42948604619771","108.00236959988082","0.6000131644437824","96.59034752098084","147.28748762205157","0.5366130417832269","0.8182638201225088","5661.638025234748","5674.97646113937","5608.284281616267","1.0118917259137021","1286.1440359571118","840.8733526816134","3067.226769059107","0.2741477614775632","0.016667296325377112","1","1","1","1","1","1","100","0.07753306908217436","80","20","0.2564914872813521","0.11366206976484898","0.8278091573473642","0.09407832425324944"
"359","100","0.4","0.35","144","5","periodic","60","0.2","0.5","0.1","1","0.05","500","2000","0.5","0.01","true","false","all","5","8","1.5","0.3","1","mixed","0.8","0.05","0.2","3000","81","21.96426703845232","75.85750810228865","0.42143060056827025","84.55084037352808","31.02424068460105","0.46972689096404485","0.17235689269222806","1750.2778979739542","1758.125286161347","1718.8883452243765","1.0228269282562674","1257.0108711645437","732.3464777579532","3355.6684447909074","0.21824160813467552","0.019756676293353648","0.9449368478258918","0.9449368478258918","0.9166910415844934","0.8335185986493022","0.8387501907742319","0.8125922301495845","100","0.08475471768553096","80","20","0.21684794357513362","0.07899137103153074","0.7682742337495447","0.08584925726235779"
"360","100","0.4","0.35","144","5","periodic","60","0.2","0.5","0.1","1","0.05","500","2000","0.5","0.01","true","false","all","5","8","1.5","0.3","1","mixed","0.8","0.05","0.2","3000","86","33.172779314625245","70.09694386910476","0.3894274659394709","81.05450964324412","26.02229923838305","0.4503028313513562","0.14456832910212805","5882.225968720808","5904.575850086067","5792.82644325977","1.0192909986033363","1396.9485128912268","683.0377476264006","4252.591573950534","0.1606168228828705","0.011125603542976759","1","1","1","1","1","1","100","0.07653579864533502","80","20","0.23749846384315318","0.0947839930019848","0.8083563472078265","0.09640778130288541"
"361","100","0.4","0.35","144","5","periodic","60","0.2","0.5","0.1","1","0.05","500","2000","0.5","0.01","true","false","all","5","8","1.5","0.3","1","mixed","0.8","0.05","0.2","3000","0","36.013491258252685","85.7719163201311","0.47651064622295053","91.38582008737995","35.48181620613384","0.5076990004854441","0.19712120114518802","3681.2280406872583","3699.6113208567926","3607.694920009127","1.0254778751767162","1312.0117676522234","648.86752441448","3964.588740603198","0.16366578398640091","0.019478384654741943","1","1","1","1","1","1","100","0.07093767448804403","80","20","0.22748840253916772","0.08088257632486068","0.813911707396396","0.09900551228298794"
"362","100","0.4","0.35","144","5","periodic","60","0.2","0.5","0.1","1","0.05","500","2000","0.5","0.01","true","false","all","5","8","1.5","0.3","1","mixed","0.8","0.05","0.2","3000","31","29.576568293613285","89.24871389385143","0.49582618829917463","83.59046794073764","97.91116911925448","0.46439148855965356","0.5439509395514138","15408.578971788376","15458.94202536769","15207.126757471113","1.0165590299806537","1547.2157990859073","870.6451709511724","4253.498311624848","0.20468920102111984","0.011356519788024766","1","1","1","1","1","1","100","0.08694299329679779","80","20","0.23383564159014836","0.0872413667316304","0.82021274102422","0.09696371276358187"
"363","100","0.4","0.35","144","5","periodic","60","0.2","0.5","0.1","1","0.05","500","2000","0.5","0.01","true","false","all","5","8","1.5","0.3","1","mixed","0.8","0.05","0.2","3000","76","34.42790937839919","86.00537054135759","0.4778076141186533","88.00227611927623","64.86973271123021","0.4889015339959791","0.36038740395127894","7259.5324942580055","7283.80114171997","7162.45790441015","1.0169415637661352","1386.5887054263685","678.2586342121551","4219.908990283217","0.16072826114826583","0.013629258821592494","1","1","1","1","1","1","100","0.08277796646564466","80","20","0.22936943964868955","0.0860871316599093","0.8024986716038104","0.09219718914891464"
"364","100","0.4","0.35","144","5","periodic","60","0.2","0.5","0.1","1","0.05","500","2000","0.5","0.01","true","false","all","5","8","1.5","0.3","1","mixed","0.8","0.05","0.2","3000","101","24.654183549028858","83.74466350793413","0.4652481305996341","91.51812407961452","47.65445036294808","0.5084340226645251","0.2647469464608227","9822.634828380835","9859.5482178538","9674.981270488974","1.0190767239961285","1691.8455598803962","808.9474771086557","5223.437890967357","0.1548687845044602","0.011238411590173802","1","1","1","1","1","1","100","0.06943501774255492","80","20","0.2594641880036064","0.11819590590289004","0.8245373164064722","0.09507215486367077"
"365","100","0.4","0.35","144","5","periodic","60","0.2","0.5","0.1","1","0.05","500","2000","0.5","0.01","true","false","all","5","8","1.5","0.3","1","mixed","0.8","0.05","0.2","3000","6","26.686245336416803","73.00635632717336","0.4055908684842965","75.91666061951057","57.38385443254306","0.4217592256639476","0.31879919129190587","2331.2509153547458","2342.619418996189","2285.7769007889674","1.0248679204814795","1602.907372537101","792.4317416477312","4844.809896094578","0.1635630207671334","0.013179511583673476","1","1","1","1","1","1","100","0.08014091553972491","80","20","0.22105911441028506","0.08473283110397442","0.7663642476355277","0.08385526665484096"
"366","100","0.4","0.35","144","5","periodic","60","0.2","0.5","0.1","1","0.05","500","2000","0.5","0.01","true","false","all","5","8","1.5","0.3","1","mixed","0.8","0.05","0.2","3000","0","27.02716720061028","86.93192649814567","0.4829551472119204","87.43324603664158","81.90685562562325","0.4857402557591199","0.4550380868090181","9018.378480575331","9023.002129419312","8999.88388519942","1.002568726943012","1445.6140287342337","787.5297902706599","4077.950982588526","0.1931189937380675","0.011740214809231153","1","1","1","1","1","1","100","0.06687209150676347","80","20","0.23664990466907","0.09753547021660645","0.7931076424789247","0.08948999177857742"
"367","100","0.4","0.35","144","5","periodic","60","0.2","0.5","0.1","1","0.05","500","2000","0.5","0.01","true","false","all","5","8","1.5","0.3","1","mixed","0.8","0.05","0.2","3000","56","33.09227205225416","100.08682544616846","0.5560379191453804","92.25073446559556","119.7548269191991","0.5125040803644197","0.6653045939955505","9603.745525863455","9622.566509167997","9528.461592645297","1.0098761920387374","1328.6253323432593","684.729763232723","3904.207608785405","0.17538251851461897","0.011898652725369496","1","1","1","1","1","1","100","0.08865444600901914","80","20","0.21921703706520604","0.08308431274284465","0.7637479343546513","0.08645525935802857"
"368","100","0.4","0.35","144","5","periodic","60","0.2","0.5","0.1","1","0.05","500","2000","0.5","0.01","true","false","all","5","8","1.5","0.3","1","mixed","0.8","0.05","0.2","3000","7","11.770423229528035","88.915036609621","0.49397242560900556","95.52596911593085","64.05633988820462","0.530699828421838","0.3558685549344701","1049.676858298997","1049.5433164859382","1050.2110255512328","0.9993642143825866","1275.6553683031218","813.0311155079337","3126.1523794838736","0.26007405168207604","0.016893699408096596","0.41516610091260314","0.41516610091260314","0.4007767140811181","0.36645123886599795","0.3663622109906254","0.36680735036748835","100","0.09283688599939867","80","20","0.23462009870810563","0.0940402297740744","0.7969395744442306","0.09115038046694096"
"370","100","0.4","0.35","144","5","periodic","60","0.2","0.5","0.1","1","0.05","500","2000","0.5","0.01","true","false","all","5","8","1.5","0.3","1","mixed","0.8","0.05","0.2","3000","0","19.73768185969834","90.32703372690374","0.5018168540383541","94.0434231450144","35.196577986729935","0.5224634619167466","0.19553654437072185","675.6129484799332","677.4596301837864","668.2262216645188","1.0138177883775161","1372.5426265648528","926.9950456376934","3154.732950273491","0.29384263589009335","0.022011414052384604","0.17114777754288155","0.17114777754288155","0.13097154273796424","0.11707529898662199","0.11830642012252435","0.11215081444301259","100","0.09271278080988506","80","20","0.24171677128139288","0.08976582856567333","0.8495205421442706","0.1021287581073294"
"369","100","0.4","0.35","144","5","periodic","60","0.2","0.5","0.1","1","0.05","500","2000","0.5","0.01","true","false","all","5","8","1.5","0.3","1","mixed","0.8","0.05","0.2","3000","41","34.95590434235356","90.51444477191951","0.5028580265106639","85.82597153340643","69.52985141759432","0.47681095296336906","0.3862769523199684","6395.618620843414","6415.73656423521","6315.1468472762335","1.0159283258792884","1795.6967854142595","784.5181443056972","5840.41134984851","0.13432583722481226","0.01770358866420163","1","1","1","1","1","1","100","0.09977706692538912","80","20","0.21686153726316776","0.06353418333926888","0.8301709529587639","0.10296777787171513"
"371","100","0.4","0.35","144","5","periodic","60","0.2","0.5","0.1","1","0.05","500","2000","0.5","0.01","true","false","all","5","8","1.5","0.3","1","mixed","0.8","0.05","0.2","3000","148","28.410143582142638","77.11258804151308","0.42840326689729485","84.34894183118763","52.480240554411395","0.46860523239548685","0.2915568919689522","16433.409723791672","16471.319634353866","16281.770081542878","1.0116418271392902","1386.5749530820603","739.7977191415465","3973.6838888441125","0.18617427551760873","0.009585323352680808","1","1","1","1","1","1","100","0.08581304176209556","80","20","0.21438462890836343","0.06754302025765369","0.8017510635112032","0.09487492860683004"
"372","100","0.4","0.35","144","5","periodic","60","0.2","0.5","0.1","1","0.05","500","2000","0.5","0.01","true","false","all","5","8","1.5","0.3","1","mixed","0.8","0.05","0.2","3000","33","38.82967497160888","109.42049068724425","0.6078916149291348","99.45635814268005","147.3931932574583","0.5525353230148892","0.8188510736525462","4370.094786690455","4389.592414290477","4292.104276290373","1.0227133666203383","1398.0744815549378","791.7389659825322","3823.416543844565","0.20707630385111378","0.01576350857010045","1","1","1","1","1","1","100","0.09166175085743523","80","20","0.21530271273052953","0.07283926172183534","0.7851565167653066","0.09095233178783144"
"373","100","0.4","0.35","144","5","periodic","60","0.2","0.5","0.1","1","0.05","500","2000","0.5","0.01","true","false","all","5","8","1.5","0.3","1","mixed","0.8","0.05","0.2","3000","0","23.000587323111503","77.93570175236943","0.4329761208464968","83.12692947852413","52.074240596791086","0.4618162748806896","0.2893013366488394","6476.792428552348","6482.164018349584","6455.306069363419","1.0041606003956391","1315.6849912593534","739.4984884979248","3620.4310023050684","0.20425703128359537","0.01485010733601766","1","1","1","1","1","1","100","0.07638271513102554","80","20","0.22707849883330775","0.08631878921396581","0.7901173373106752","0.08997554982105847"
"374","100","0.4","0.35","144","5","periodic","60","0.2","0.5","0.1","1","0.05","500","2000","0.5","0.01","true","false","all","5","8","1.5","0.3","1","mixed","0.8","0.05","0.2","3000","126","37.341408089613736","104.92296771767329","0.5829053762092961","100.81311651171649","121.36293929885065","0.560072869509536","0.6742385516602813","10288.390683127744","10329.429335298468","10124.236074444885","1.0202675302457156","1693.6408632878365","800.7046299138298","5265.385796783861","0.15206950844948655","0.01541071256721871","1","1","1","1","1","1","100","0.08623749236597801","80","20","0.2230013654465712","0.07089184023500228","0.8314394662928473","0.10212680568058337"
"375","100","0.4","0.35","144","5","periodic","60","0.2","0.5","0.1","1","0.05","500","2000","0.5","0.01","true","false","all","5","8","1.5","0.3","1","mixed","0.8","0.05","0.2","3000","1","27.682447701117923","66.24803520456081","0.3680446400253378","77.33602203829486","22.03670275095766","0.4296445668794159","0.12242612639420922","3455.4511922370084","3468.295449106315","3404.0741647597774","1.018866006214371","1535.7875878969132","738.5424332606113","4724.768206442118","0.15631294509932253","0.012825910647079164","1","1","1","1","1","1","100","0.08453816568094892","80","20","0.24030384016771159","0.09628738590439542","0.8163696572209759","0.09357821363209642"
"376","100","0.4","0.35","144","5","periodic","60","0.2","0.5","0.1","1","0.05","500","2000","0.5","0.01","true","false","all","5","8","1.5","0.3","1","mixed","0.8","0.05","0.2","3000","81","28.271025336405145","84.13673085526406","0.4674262825292448","92.80602976530871","37.21875007416135","0.5155890542517151","0.20677083374534083","8668.064417641213","8709.987399119631","8500.372491727547","1.0246594966980658","1662.6817808339465","841.9510803766198","4945.604582663251","0.1702422962256359","0.014788105725761502","1","1","1","1","1","1","100","0.09860821256525802","80","20","0.2191303929145252","0.07760839256565684","0.7852183943099983","0.09236360049550972"
"378","100","0.4","0.35","144","5","periodic","60","0.2","0.5","0.1","1","0.05","500","2000","0.5","0.01","true","false","all","5","8","1.5","0.3","1","mixed","0.8","0.05","0.2","3000","40","33.879742975316276","85.0978967730272","0.47276609318348445","76.38622424400884","103.62296060443717","0.4243679124667158","0.5756831144690954","7621.953028559489","7641.218360575267","7544.891700496383","1.0127671362164876","1187.0163398468771","729.1300512533913","3018.5614942208213","0.24154884790299794","0.01144824841178127","1","1","1","1","1","1","100","0.07282748963225091","80","20","0.2306241208972419","0.095844819619938","0.7697413260064582","0.08411308874340286"
"377","100","0.4","0.35","144","5","periodic","60","0.2","0.5","0.1","1","0.05","500","2000","0.5","0.01","true","false","all","5","8","1.5","0.3","1","mixed","0.8","0.05","0.2","3000","36","37.25286358413612","84.05037753026167","0.46694654183478707","93.17611230748625","37.75314580050683","0.5176450683749236","0.2097396988917046","8227.464332543534","8272.099209027425","8048.924826607958","1.0277272290681239","1523.1412908111636","661.3584468970413","4970.27266646765","0.13306280988545158","0.012000836853450991","1","1","1","1","1","1","100","0.0967007222897319","80","20","0.24558575864474783","0.09930814261862173","0.8306962227492521","0.09882186950059149"
"379","100","0.4","0.35","144","5","periodic","60","0.2","0.5","0.1","1","0.05","500","2000","0.5","0.01","true","false","all","5","8","1.5","0.3","1","mixed","0.8","0.05","0.2","3000","0","14.491042877270473","89.50759653109476","0.49726442517274866","92.63196981688051","33.05350606365333","0.5146220545382251","0.1836305892425185","711.0616401959394","714.1370551108444","698.7599805363192","1.0220062324730197","1579.4736014999335","850.0233776215777","4497.274497013358","0.18900856022599438","0.0194225622960964","0.18058569419102657","0.18058569419102657","0.15804728979278593","0.14070776013062627","0.14275803674056298","0.13250665369087958","100","0.08047227895140104","80","20","0.2082980394251547","0.06564555715806938","0.7789079684934961","0.09048774339769039"
"380","100","0.4","0.35","144","5","periodic","60","0.2","0.5","0.1","1","0.05","500","2000","0.5","0.01","true","false","all","5","8","1.5","0.3","1","mixed","0.8","0.05","0.2","3000","26","36.14684726272647","79.89755222566686","0.44387529014259364","82.8806929757891","61.48357847251881","0.46044829430993944","0.3415754359584378","5232.833342861696","5250.064620368083","5163.90823283615","1.0166843374528005","1247.7651384324504","682.096317127058","3510.44042365402","0.19430505429773492","0.009445245746992681","1","1","1","1","1","1","100","0.09483418079979264","80","20","0.21889569028517372","0.0702635914589111","0.8134240855902239","0.09656809843470127"
"381","100","0.4","0.35","144","5","periodic","60","0.2","0.5","0.1","1","0.05","500","2000","0.5","0.01","true","false","all","5","8","1.5","0.3","1","mixed","0.8","0.05","0.2","3000","0","40.80445372326946","96.0383463554173","0.5335463686412072","88.32990349349775","123.04897715294437","0.4907216860749875","0.6836054286274688","19793.965971995374","19895.035891897583","19389.68629238652","1.026062804312079","1557.878839088207","734.6852370202234","4850.653247360142","0.1514610918477958","0.011931295179241852","1","1","1","1","1","1","100","0.07312484771591465","80","20","0.21217832008838272","0.070728493107785","0.7779776280107733","0.08936481460997785"
"382","100","0.4","0.35","144","5","periodic","60","0.2","0.5","0.1","1","0.05","500","2000","0.5","0.01","true","false","all","5","8","1.5","0.3","1","mixed","0.8","0.05","0.2","3000","0","25.69573893761728","75.54082606513954","0.4196712559174419","81.2907928650894","41.32280598265878","0.4516155159171633","0.22957114434810433","5506.280865564437","5523.614195519767","5436.947545743104","1.0159403137601575","1409.0155516718075","765.0483422569415","3984.884389331271","0.19198758797249046","0.016128421580068997","1","1","1","1","1","1","100","0.0767082000126044","80","20","0.23536619824160337","0.09479959343855825","0.797632617453783","0.0911140698992595"
"383","100","0.4","0.35","144","5","periodic","60","0.2","0.5","0.1","1","0.05","500","2000","0.5","0.01","true","false","all","5","8","1.5","0.3","1","mixed","0.8","0.05","0.2","3000","27","33.98512013203623","73.29153858516865","0.40717521436204807","80.27532083291877","41.157321628617595","0.4459740046273265","0.2286517868256533","5985.486540390848","6013.785595133628","5872.290321419723","1.0240954152416113","1312.1939489071146","604.0817951829763","4144.642563803669","0.14575003414253207","0.018439918472535455","1","1","1","1","1","1","100","0.07971552148184372","80","20","0.2317281496322281","0.0914809611272833","0.7927169036520076","0.09172415438978775"
"384","100","0.4","0.35","144","5","periodic","60","0.2","0.5","0.1","1","0.05","500","2000","0.5","0.01","true","false","all","5","8","1.5","0.3","1","mixed","0.8","0.05","0.2","3000","41","36.71943503855361","81.70330902615927","0.4539072723675515","85.81407009858171","40.564614934137815","0.4767448338810095","0.2253589718563212","8929.601510570332","8965.164434330141","8787.349815531099","1.0202352953429443","1432.781218888531","717.3712839651703","4294.420958581974","0.16704726688043356","0.013642904598728078","1","1","1","1","1","1","100","0.07356010271998434","80","20","0.22340093320849108","0.07670840615521937","0.8101710414215777","0.0942020905066987"
"385","100","0.4","0.35","144","5","periodic","60","0.2","0.5","0.1","1","0.05","500","2000","0.5","0.01","true","false","all","5","8","1.5","0.3","1","mixed","0.8","0.05","0.2","3000","14","26.98843073427858","102.45898863568522","0.5692166035315845","94.7923634285722","67.7461324777119","0.5266242412698455","0.37636740265395496","2544.92779404917","2554.3861924434973","2507.094200471869","1.0188632688642998","1540.8109513489371","704.1319266162498","4887.527050279682","0.14406711602260225","0.01477298291411322","1","1","1","1","1","1","100","0.06792415018158367","80","20","0.22693432809658085","0.08242102125713562","0.804987555454362","0.09383304653375737"
"386","100","0.4","0.35","144","5","periodic","60","0.2","0.5","0.1","1","0.05","500","2000","0.5","0.01","true","false","all","5","8","1.5","0.3","1","mixed","0.8","0.05","0.2","3000","126","29.168802842755824","88.19552155142668","0.48997511973014823","87.32273944759702","55.495769025849064","0.48512633026442786","0.3083098279213837","14355.22386725684","14409.814615312935","14136.860875032417","1.0193079455682128","1354.3785442288456","718.332074989552","3898.564421186019","0.18425553546990553","0.011412371900164864","1","1","1","1","1","1","100","0.0865951661665736","80","20","0.2528564371086473","0.11451055067089781","0.8062399828596458","0.09080278883461305"
"387","100","0.4","0.35","144","5","periodic","60","0.2","0.5","0.1","1","0.05","500","2000","0.5","0.01","true","false","all","5","8","1.5","0.3","1","mixed","0.8","0.05","0.2","3000","22","30.76919045391267","96.6095202341866","0.5367195568565922","95.02282306742687","96.66600741702605","0.5279045725968159","0.5370333745390337","2003.1873438364523","2004.8569908509442","1996.508755778476","1.0041814167096972","1346.417813359326","811.2146487992125","3487.230471599779","0.2326243290788479","0.01382416542815812","1","1","1","0.9876911840282496","0.9884100261426679","0.9848158155705719","100","0.0819752362698645","80","20","0.22963130211945829","0.08784964488383487","0.7967579310619517","0.09358506651246584"
"388","100","0.4","0.35","144","5","periodic","60","0.2","0.5","0.1","1","0.05","500","2000","0.5","0.01","true","false","all","5","8","1.5","0.3","1","mixed","0.8","0.05","0.2","3000","77","34.53852771949094","76.36224241542317","0.42423468008568427","81.92467296172362","56.127879364111585","0.45513707200957565","0.3118215520228421","4979.209592002312","4991.031174336834","4931.9232626642315","1.0119847589925133","1484.7123946412785","766.287398050619","4358.412381003918","0.17581801148291337","0.015134168687132465","1","1","1","1","1","1","100","0.08324765656268915","80","20","0.23888585107037952","0.09489070367904065","0.814866440635735","0.09746733912002706"
"389","100","0.4","0.35","144","5","periodic","60","0.2","0.5","0.1","1","0.05","500","2000","0.5","0.01","true","false","all","5","8","1.5","0.3","1","mixed","0.8","0.05","0.2","3000","0","15.450445792857977","83.7456961392575","0.4652538674403195","94.22954805241115","29.29227409592614","0.5234974891800619","0.16273485608847854","687.9849665407888","692.140040746805","671.3646697167229","1.0309449870795975","1565.3343350135412","741.612323904413","4860.222379450055","0.1525881463860771","0.025312546397805002","0.16945393745997966","0.16945393745997966","0.15514977817186149","0.12532331102719244","0.12809336049787012","0.11424311314448185","100","0.08758576270904947","80","20","0.23023163129615434","0.08615207613951215","0.8065498519227235","0.09463278791064841"
"390","100","0.4","0.35","144","5","periodic","60","0.2","0.5","0.1","1","0.05","500","2000","0.5","0.01","true","false","all","5","8","1.5","0.3","1","mixed","0.8","0.05","0.2","3000","0","14.104275361298875","75.33848846828153","0.41854715815711957","80.19102790995603","46.66672693786729","0.44550571061086686","0.2592595940992627","982.3223554008633","987.4178149934962","961.9405170303346","1.0264853153725282","1547.2079098416693","843.698444125905","4361.245772704725","0.19345354242732038","0.017695025105320283","0.36274368192444306","0.36274368192444306","0.3487579907860316","0.3215482369339094","0.3249452099956642","0.30796034468688965","100","0.08312308588670966","80","20","0.2188246581062117","0.0767069314003858","0.7872955649295148","0.09282439235585506"
"391","100","0.4","0.35","144","5","periodic","60","0.2","0.5","0.1","1","0.05","500","2000","0.5","0.01","true","false","all","5","8","1.5","0.3","1","mixed","0.8","0.05","0.2","3000","0","15.846566786184027","97.9075087250198","0.5439306040278877","96.07668326396956","94.56011470458068","0.5337593514664976","0.5253339705810038","2905.119976670637","2916.749945938728","2858.600099598275","1.020342071053809","1522.0523323106886","875.7585448580755","4107.227482121137","0.21322377410802656","0.011628643262873162","1","1","1","1","1","1","100","0.09730630495535678","80","20","0.23031311148513237","0.08896702591358298","0.7956974537713299","0.09348588757405857"
"392","100","0.4","0.35","144","5","periodic","60","0.2","0.5","0.1","1","0.05","500","2000","0.5","0.01","true","false","all","5","8","1.5","0.3","1","mixed","0.8","0.05","0.2","3000","0","22.3975917671699","84.02157157083955","0.46678650872688643","88.69490251587028","59.3153790980896","0.4927494584215016","0.32952988387827553","5965.543269154262","5966.025559114418","5963.614109313655","1.0004043604694337","1160.730360144589","825.0913543343516","2503.2863833855376","0.32960326066187745","0.01368254484400877","1","1","1","1","1","1","100","0.08475082388897437","80","20","0.2310088944538035","0.08614950089432956","0.8104464686916992","0.09431438339065525"
"393","100","0.4","0.35","144","5","periodic","60","0.2","0.5","0.1","1","0.05","500","2000","0.5","0.01","true","false","all","5","8","1.5","0.3","1","mixed","0.8","0.05","0.2","3000","0","33.26617635285757","85.54932365822326","0.47527402032346255","80.82213559628352","95.62206309389708","0.4490118644237973","0.5312336838549838","8475.806172289263","8499.517551741556","8380.960654480125","1.0141459794585783","1419.7953163806324","719.0768495318273","4222.66918377585","0.17028964814355624","0.015378202217589454","1","1","1","1","1","1","100","0.08129613393373238","80","20","0.2226662684989551","0.08381707000753198","0.778063062464648","0.08652969165270549"
"394","100","0.4","0.35","144","5","periodic","60","0.2","0.5","0.1","1","0.05","500","2000","0.5","0.01","true","false","all","5","8","1.5","0.3","1","mixed","0.8","0.05","0.2","3000","81","38.89335597516851","60.57727173507681","0.3365403985282045","68.24049931797776","29.91116004310196","0.3791138850998765","0.16617311135056645","10294.212651709251","10333.743463312556","10136.089405296028","1.0195000310389186","1355.8863863598442","596.750354063967","4392.430515543358","0.13585880344658044","0.010620004006902883","1","1","1","1","1","1","100","0.07841172715612701","80","20","0.21203625139294854","0.07794141870714373","0.7484155821361673","0.08134678697117557"
"395","100","0.4","0.35","144","5","periodic","60","0.2","0.5","0.1","1","0.05","500","2000","0.5","0.01","true","false","all","5","8","1.5","0.3","1","mixed","0.8","0.05","0.2","3000","0","22.946169938445465","81.21707396245291","0.45120596645807176","88.2789167384627","45.33870828236646","0.4904384263247928","0.2518817126798137","1783.357439482449","1786.8095268008674","1769.5490902087736","1.0097541439723818","1368.3230024584905","698.492040863781","4047.646848837326","0.1725674365747645","0.01341002749976461","0.9230443343650482","0.9230443343650482","0.8874141462483518","0.855571626321632","0.8578730178672448","0.8463660601391819","100","0.07273886688634723","80","20","0.24897877904088514","0.10503528674236977","0.8247527482349465","0.09529686321530428"
"396","100","0.4","0.35","144","5","periodic","60","0.2","0.5","0.1","1","0.05","500","2000","0.5","0.01","true","false","all","5","8","1.5","0.3","1","mixed","0.8","0.05","0.2","3000","0","37.90016368210915","73.31877010165499","0.40732650056474995","81.68067127330674","40.49967964947713","0.45378150707392634","0.22499822027487296","13215.602097477446","13257.306429463944","13048.784769531465","1.0159801593493503","1573.274434589969","822.86593236239","4574.90844350028","0.17986500550223297","0.011690121610322679","1","1","1","1","1","1","100","0.07259116022044425","80","20","0.22551363484817658","0.089526863330295","0.7694607209197029","0.08674034207594261"
"401","100","0.4","0.35","144","5","periodic","60","0.2","0.5","0.1","1","0.05","500","2000","0.5","0.01","true","false","all","5","8","1.5","0.3","1","mixed","0.8","0.1","0","3000","0","23.875785327991906","93.14821406279833","0.5174900781266574","93.14821406279833","0","0.5174900781266574","0","3325.948996996703","3325.948996996703","0","0","880.4126910901227","880.4126910901227","0","0","0.023895535744021146","1","1","0","1","1","0","100","0.07238893712029393","100","0","0.11681040343952781","0.11681040343952781","0","0.013361974369067746"
"397","100","0.4","0.35","144","5","periodic","60","0.2","0.5","0.1","1","0.05","500","2000","0.5","0.01","true","false","all","5","8","1.5","0.3","1","mixed","0.8","0.05","0.2","3000","76","27.01635897652099","79.53941183090741","0.44188562128281894","83.22308765613495","35.72005933379885","0.4623504869785275","0.19844477407666028","5741.571846567029","5757.883112453439","5676.326783021396","1.014367800260547","1318.7383399154758","724.7968803745421","3694.50417807921","0.19618244977905736","0.012043347553132966","1","1","1","1","1","1","100","0.08609714787148526","80","20","0.21727454970173188","0.07878257567505634","0.7712424458084345","0.08615848389619292"
"402","100","0.4","0.35","144","5","periodic","60","0.2","0.5","0.1","1","0.05","500","2000","0.5","0.01","true","false","all","5","8","1.5","0.3","1","mixed","0.8","0.1","0","3000","-1","32.74171970762275","97.66916016486115","0.5426064453603398","97.66916016486115","0","0.5426064453603398","0","21806.459521061945","21806.459521061945","0","0","811.5140307046836","811.5140307046836","0","0","0.008880803326505093","1","1","0","1","1","0","100","0.08394308512926299","100","0","0.1332156513662088","0.1332156513662088","0","0.012369740182072889"
"398","100","0.4","0.35","144","5","periodic","60","0.2","0.5","0.1","1","0.05","500","2000","0.5","0.01","true","false","all","5","8","1.5","0.3","1","mixed","0.8","0.05","0.2","3000","126","32.86796272596861","90.4017792247661","0.5022321068042561","84.53561019208914","93.65163810107437","0.46964227884493964","0.5202868783393021","17810.396083335654","17828.976962493583","17736.072566703933","1.0052381605589542","1134.5295440997322","718.957559980059","2796.817480578424","0.2570627382632661","0.010024355137481455","1","1","1","1","1","1","100","0.06303205751619834","80","20","0.23083124070611627","0.07209025173196312","0.8657951966027291","0.1110622785321081"
"403","100","0.4","0.35","144","5","periodic","60","0.2","0.5","0.1","1","0.05","500","2000","0.5","0.01","true","false","all","5","8","1.5","0.3","1","mixed","0.8","0.1","0","3000","41","21.98070881220856","93.81743155683594","0.521207953093533","93.81743155683594","0","0.521207953093533","0","7214.633136797135","7214.633136797135","0","0","815.7590079916507","815.7590079916507","0","0","0.012497621643791978","1","1","0","1","1","0","100","0.07929733946834362","100","0","0.11542738127842495","0.11542738127842495","0","0.013480834486165659"
"399","100","0.4","0.35","144","5","periodic","60","0.2","0.5","0.1","1","0.05","500","2000","0.5","0.01","true","false","all","5","8","1.5","0.3","1","mixed","0.8","0.05","0.2","3000","0","18.911568096617472","111.78173796829775","0.621009655379432","108.04983873860256","104.98446913813885","0.6002768818811254","0.5832470507674381","1140.3521902424002","1144.4215000469944","1124.0749510240248","1.018100704943593","1473.4982323871036","826.5094002211863","4061.4535610507774","0.20350088651693257","0.015234110114870747","0.49045362536608095","0.49045362536608095","0.4505842987040161","0.4269014601616","0.42961433336466276","0.4160499673493499","100","0.08052844336698262","80","20","0.24887939733441525","0.10724511704381982","0.8154165184967969","0.09450413487157945"
"400","100","0.4","0.35","144","5","periodic","60","0.2","0.5","0.1","1","0.05","500","2000","0.5","0.01","true","false","all","5","8","1.5","0.3","1","mixed","0.8","0.05","0.2","3000","0","18.781766703594414","90.3571800335173","0.5019843335195405","91.75476636265498","46.87298050214268","0.5097487020147499","0.260405447234126","672.6180060746684","675.688340569142","660.3366680967739","1.023248250800027","1511.7355535896118","842.3251059105917","4189.377344305692","0.20106212372000845","0.021655687591927153","0.16076630275427145","0.16076630275427145","0.13746114555516048","0.11507867071644567","0.11712556037942809","0.10689111206451593","100","0.07516422687028175","80","20","0.2346941034681631","0.07846052349179429","0.8596284233736384","0.10828838337441157"
"404","100","0.4","0.35","144","5","periodic","60","0.2","0.5","0.1","1","0.05","500","2000","0.5","0.01","true","false","all","5","8","1.5","0.3","1","mixed","0.8","0.1","0","3000","26","15.6423505743914","80.90125584891885","0.4494514213828825","80.90125584891885","0","0.4494514213828825","0","1107.459711948685","1107.459711948685","0","0","734.4906489137991","734.4906489137991","0","0","0.015648241887129988","0.4630791786262733","0.4630791786262733","0","0.4049731412991236","0.4049731412991236","0","100","0.07926344546710515","100","0","0.12303366044442329","0.12303366044442329","0","0.012057572329546337"
"405","100","0.4","0.35","144","5","periodic","60","0.2","0.5","0.1","1","0.05","500","2000","0.5","0.01","true","false","all","5","8","1.5","0.3","1","mixed","0.8","0.1","0","3000","0","12.731173736288312","80.42983364076224","0.4468324091153458","80.42983364076224","0","0.4468324091153458","0","1238.650334248397","1238.650334248397","0","0","797.1147568762141","797.1147568762141","0","0","0.01532917975607373","0.5459505463100776","0.5459505463100776","0","0.4924335561655981","0.4924335561655981","0","100","0.07880901780220875","100","0","0.12765179026724366","0.12765179026724366","0","0.01746310793423046"
"406","100","0.4","0.35","144","5","periodic","60","0.2","0.5","0.1","1","0.05","500","2000","0.5","0.01","true","false","all","5","8","1.5","0.3","1","mixed","0.8","0.1","0","3000","0","13.77997987494328","91.91154910232368","0.5106197172351316","91.91154910232368","0","0.5106197172351316","0","893.2920536965107","893.2920536965107","0","0","807.0215319879732","807.0215319879732","0","0","0.015060849956251676","0.3008602674381617","0.3008602674381617","0","0.2621947024643405","0.2621947024643405","0","100","0.08942409887567045","100","0","0.12428204246118935","0.12428204246118935","0","0.012278230950478562"
"407","100","0.4","0.35","144","5","periodic","60","0.2","0.5","0.1","1","0.05","500","2000","0.5","0.01","true","false","all","5","8","1.5","0.3","1","mixed","0.8","0.1","0","3000","0","10.103949202706573","84.52096287355076","0.4695609048530598","84.52096287355076","0","0.4695609048530598","0","666.1335573056263","666.1335573056263","0","0","766.3142339667525","766.3142339667525","0","0","0.01903728272332339","0.15987218142752993","0.15987218142752993","0","0.11075570487041755","0.11075570487041755","0","100","0.07179806868250745","100","0","0.113372636674611","0.113372636674611","0","0.010334623883702652"
"408","100","0.4","0.35","144","5","periodic","60","0.2","0.5","0.1","1","0.05","500","2000","0.5","0.01","true","false","all","5","8","1.5","0.3","1","mixed","0.8","0.1","0","3000","0","18.97475949392694","80.00636665207037","0.4444798147337243","80.00636665207037","0","0.4444798147337243","0","651.779810096838","651.779810096838","0","0","1019.5330127617302","1019.5330127617302","0","0","0.020361895743320035","0.14738202507019885","0.14738202507019885","0","0.10118654006455871","0.10118654006455871","0","100","0.07844814819670706","100","0","0.1400044990947649","0.1400044990947649","0","0.01665861705127751"
"410","100","0.4","0.35","144","5","periodic","60","0.2","0.5","0.1","1","0.05","500","2000","0.5","0.01","true","false","all","5","8","1.5","0.3","1","mixed","0.8","0.1","0","3000","0","8.08818260720949","103.46893892823873","0.5748274384902151","103.46893892823873","0","0.5748274384902151","0","696.6218665592817","696.6218665592817","0","0","772.1668341214047","772.1668341214047","0","0","0.021021765935815617","0.17715154280190526","0.17715154280190526","0","0.1310812443728544","0.1310812443728544","0","100","0.08268507055995328","100","0","0.12637244525631058","0.12637244525631058","0","0.018773754419447453"
"409","100","0.4","0.35","144","5","periodic","60","0.2","0.5","0.1","1","0.05","500","2000","0.5","0.01","true","false","all","5","8","1.5","0.3","1","mixed","0.8","0.1","0","3000","26","13.369985893936075","86.43677029422444","0.48020427941235805","86.43677029422444","0","0.48020427941235805","0","841.37191428281","841.37191428281","0","0","885.3721829668085","885.3721829668085","0","0","0.01900217529225312","0.2889107413408564","0.2889107413408564","0","0.22758127618854013","0.22758127618854013","0","100","0.08208131440275332","100","0","0.1256520545516149","0.1256520545516149","0","0.0146590608373994"
"412","100","0.4","0.35","144","5","periodic","60","0.2","0.5","0.1","1","0.05","500","2000","0.5","0.01","true","false","all","5","8","1.5","0.3","1","mixed","0.8","0.1","0","3000","0","9.680908593951074","101.61165897418732","0.5645092165232629","101.61165897418732","0","0.5645092165232629","0","648.9843343002128","648.9843343002128","0","0","954.4168261397961","954.4168261397961","0","0","0.02281913184262363","0.1460710648853441","0.1460710648853441","0","0.09932288953347529","0.09932288953347529","0","100","0.07260341992996076","100","0","0.1205192247897483","0.1205192247897483","0","0.013195251897983437"
"413","100","0.4","0.35","144","5","periodic","60","0.2","0.5","0.1","1","0.05","500","2000","0.5","0.01","true","false","all","5","8","1.5","0.3","1","mixed","0.8","0.1","0","3000","0","8.12507984390028","89.48647492575193","0.4971470829208441","89.48647492575193","0","0.4971470829208441","0","1436.7244363752602","1436.7244363752602","0","0","781.2435354020026","781.2435354020026","0","0","0.013665969723119176","0.6791854562611407","0.6791854562611407","0","0.6244829575835067","0.6244829575835067","0","100","0.08249913484008192","100","0","0.10177039454860727","0.10177039454860727","0","0.017340879639504727"
"411","100","0.4","0.35","144","5","periodic","60","0.2","0.5","0.1","1","0.05","500","2000","0.5","0.01","true","false","all","5","8","1.5","0.3","1","mixed","0.8","0.1","0","3000","46","16.430512999156093","91.24970357910237","0.5069427976616798","91.24970357910237","0","0.5069427976616798","0","1080.8403404525739","1080.8403404525739","0","0","605.0979059700436","605.0979059700436","0","0","0.019951997193091264","0.4448830189669546","0.4448830189669546","0","0.3872268936350492","0.3872268936350492","0","100","0.07044258985410154","100","0","0.11435156048510399","0.11435156048510399","0","0.011403645941343762"
"414","100","0.4","0.35","144","5","periodic","60","0.2","0.5","0.1","1","0.05","500","2000","0.5","0.01","true","false","all","5","8","1.5","0.3","1","mixed","0.8","0.1","0","3000","131","12.715854700400087","87.62078155752806","0.4867821197640448","87.62078155752806","0","0.4867821197640448","0","5260.8281757221475","5260.8281757221475","0","0","802.6023832326299","802.6023832326299","0","0","0.014076866478297978","1","1","0","1","1","0","100","0.08579825554599302","100","0","0.11701313602095921","0.11701313602095921","0","0.01105924153657896"
"415","100","0.4","0.35","144","5","periodic","60","0.2","0.5","0.1","1","0.05","500","2000","0.5","0.01","true","false","all","5","8","1.5","0.3","1","mixed","0.8","0.1","0","3000","11","16.16918585932251","94.20465712585897","0.5233592062547721","94.20465712585897","0","0.5233592062547721","0","8678.447363355413","8678.447363355413","0","0","703.607579005708","703.607579005708","0","0","0.013718956601696197","1","1","0","1","1","0","100","0.08111546648035527","100","0","0.12683445679460068","0.12683445679460068","0","0.018046368793581808"
"416","100","0.4","0.35","144","5","periodic","60","0.2","0.5","0.1","1","0.05","500","2000","0.5","0.01","true","false","all","5","8","1.5","0.3","1","mixed","0.8","0.1","0","3000","91","16.56420962733317","87.45159242448617","0.48584218013603425","87.45159242448617","0","0.48584218013603425","0","1777.4291097503433","1777.4291097503433","0","0","732.2852086237601","732.2852086237601","0","0","0.018444631751774576","0.9412443240171064","0.9412443240171064","0","0.8516194065002296","0.8516194065002296","0","100","0.08332179984335675","100","0","0.12146025987575065","0.12146025987575065","0","0.011687948962112733"
"417","100","0.4","0.35","144","5","periodic","60","0.2","0.5","0.1","1","0.05","500","2000","0.5","0.01","true","false","all","5","8","1.5","0.3","1","mixed","0.8","0.1","0","3000","-1","19.015480994913048","90.08607029425224","0.5004781683014013","90.08607029425224","0","0.5004781683014013","0","21821.62876214012","21821.62876214012","0","0","729.2906061589883","729.2906061589883","0","0","0.008587885009786023","1","1","0","1","1","0","100","0.08348259110520743","100","0","0.12399171161645225","0.12399171161645225","0","0.014826538829727226"
"418","100","0.4","0.35","144","5","periodic","60","0.2","0.5","0.1","1","0.05","500","2000","0.5","0.01","true","false","all","5","8","1.5","0.3","1","mixed","0.8","0.1","0","3000","0","18.69083718811781","85.7095599793383","0.476164222107435","85.7095599793383","0","0.476164222107435","0","692.4224131865293","692.4224131865293","0","0","921.6949370371118","921.6949370371118","0","0","0.022922003248691647","0.1670503824168537","0.1670503824168537","0","0.12828160879101946","0.12828160879101946","0","100","0.09093375978556162","100","0","0.12753918362949587","0.12753918362949587","0","0.014961150672704367"
"420","100","0.4","0.35","144","5","periodic","60","0.2","0.5","0.1","1","0.05","500","2000","0.5","0.01","true","false","all","5","8","1.5","0.3","1","mixed","0.8","0.1","0","3000","61","8.305029369601172","87.2937208010438","0.48496511556135447","87.2937208010438","0","0.48496511556135447","0","1239.165602988399","1239.165602988399","0","0","988.7473048706108","988.7473048706108","0","0","0.019522333186135166","0.5580032990834943","0.5580032990834943","0","0.49277706865893256","0.49277706865893256","0","100","0.08949853834236693","100","0","0.10321694376104601","0.10321694376104601","0","0.01260429248355582"
"422","100","0.4","0.35","144","5","periodic","60","0.2","0.5","0.1","1","0.05","500","2000","0.5","0.01","true","false","all","5","8","1.5","0.3","1","mixed","0.8","0.1","0","3000","0","12.15448838468356","83.71045835764149","0.4650581019868971","83.71045835764149","0","0.4650581019868971","0","700.531520676734","700.531520676734","0","0","946.2969066396076","946.2969066396076","0","0","0.020923243625851295","0.17194341747614325","0.17194341747614325","0","0.1336876804511557","0.1336876804511557","0","100","0.08082844016683122","100","0","0.1259636706252665","0.1259636706252665","0","0.013400479740748662"
"421","100","0.4","0.35","144","5","periodic","60","0.2","0.5","0.1","1","0.05","500","2000","0.5","0.01","true","false","all","5","8","1.5","0.3","1","mixed","0.8","0.1","0","3000","16","23.31174504670038","100.93539347346864","0.5607521859637147","100.93539347346864","0","0.5607521859637147","0","4349.347794986703","4349.347794986703","0","0","696.7772025500436","696.7772025500436","0","0","0.00923157983643974","1","1","0","1","1","0","100","0.0863147625818919","100","0","0.12138399495238965","0.12138399495238965","0","0.01405253675674287"
"419","100","0.4","0.35","144","5","periodic","60","0.2","0.5","0.1","1","0.05","500","2000","0.5","0.01","true","false","all","5","8","1.5","0.3","1","mixed","0.8","0.1","0","3000","146","10.015847919866061","90.9364724412597","0.505202624673665","90.9364724412597","0","0.505202624673665","0","3380.701287318144","3380.701287318144","0","0","824.0902671059375","824.0902671059375","0","0","0.018934430056552598","1","1","0","1","1","0","100","0.08150996714638847","100","0","0.13550820716443204","0.13550820716443204","0","0.01711325087291129"
"423","100","0.4","0.35","144","5","periodic","60","0.2","0.5","0.1","1","0.05","500","2000","0.5","0.01","true","false","all","5","8","1.5","0.3","1","mixed","0.8","0.1","0","3000","0","19.123389335642315","91.54310152543863","0.5085727862524368","91.54310152543863","0","0.5085727862524368","0","1767.1305824431308","1767.1305824431308","0","0","868.338295936113","868.338295936113","0","0","0.014753603821337391","0.9155341893749303","0.9155341893749303","0","0.8447537216287542","0.8447537216287542","0","100","0.09192833006745911","100","0","0.1357629074859779","0.1357629074859779","0","0.014202295530064883"
"424","100","0.4","0.35","144","5","periodic","60","0.2","0.5","0.1","1","0.05","500","2000","0.5","0.01","true","false","all","5","8","1.5","0.3","1","mixed","0.8","0.1","0","3000","91","8.898608686433704","87.861038221662","0.48811687900923334","87.861038221662","0","0.48811687900923334","0","2673.3128532566207","2673.3128532566207","0","0","891.3414089528719","891.3414089528719","0","0","0.014844709364369324","1","1","0","1","1","0","100","0.08251879194007923","100","0","0.13879591520901155","0.13879591520901155","0","0.015460297665801287"
"425","100","0.4","0.35","144","5","periodic","60","0.2","0.5","0.1","1","0.05","500","2000","0.5","0.01","true","false","all","5","8","1.5","0.3","1","mixed","0.8","0.1","0","3000","0","7.966305159614251","87.53541158246504","0.4863078421248058","87.53541158246504","0","0.4863078421248058","0","704.0196023575431","704.0196023575431","0","0","871.2484246117178","871.2484246117178","0","0","0.02011790072915587","0.17509439715738456","0.17509439715738456","0","0.1360130682383621","0.1360130682383621","0","100","0.07865828878288798","100","0","0.11845066878307525","0.11845066878307525","0","0.015674538444659724"
"426","100","0.4","0.35","144","5","periodic","60","0.2","0.5","0.1","1","0.05","500","2000","0.5","0.01","true","false","all","5","8","1.5","0.3","1","mixed","0.8","0.1","0","3000","0","25.377823338947692","71.46458163898818","0.39702545354993435","71.46458163898818","0","0.39702545354993435","0","968.7474258768899","968.7474258768899","0","0","713.8628012508225","713.8628012508225","0","0","0.019166931480769422","0.3803560394004815","0.3803560394004815","0","0.3124982839179264","0.3124982839179264","0","100","0.08810171163304789","100","0","0.14421103191484594","0.14421103191484594","0","0.016134004850012488"
"427","100","0.4","0.35","144","5","periodic","60","0.2","0.5","0.1","1","0.05","500","2000","0.5","0.01","true","false","all","5","8","1.5","0.3","1","mixed","0.8","0.1","0","3000","0","12.564990637573871","85.24169742511745","0.473564985695097","85.24169742511745","0","0.473564985695097","0","653.4725773453397","653.4725773453397","0","0","963.7066328422655","963.7066328422655","0","0","0.02001181129995877","0.1428175492193215","0.1428175492193215","0","0.1023150515635599","0.1023150515635599","0","100","0.08336583693145395","100","0","0.15534937408357816","0.15534937408357816","0","0.019484924742800835"
"428","100","0.4","0.35","144","5","periodic","60","0.2","0.5","0.1","1","0.05","500","2000","0.5","0.01","true","false","all","5","8","1.5","0.3","1","mixed","0.8","0.1","0","3000","71","15.452785726596218","95.91015145563608","0.5328341747535338","95.91015145563608","0","0.5328341747535338","0","5042.543807155683","5042.543807155683","0","0","848.6023692900424","848.6023692900424","0","0","0.009832078994850502","1","1","0","1","1","0","100","0.07797918976088189","100","0","0.13478042936986698","0.13478042936986698","0","0.01525688560106252"
"429","100","0.4","0.35","144","5","periodic","60","0.2","0.5","0.1","1","0.05","500","2000","0.5","0.01","true","false","all","5","8","1.5","0.3","1","mixed","0.8","0.1","0","3000","0","23.587040706311512","97.45544231139189","0.5414191239521772","97.45544231139189","0","0.5414191239521772","0","13729.256867781505","13729.256867781505","0","0","722.9906216288562","722.9906216288562","0","0","0.009654026607812005","1","1","0","1","1","0","100","0.08167285828476178","100","0","0.12143598177902527","0.12143598177902527","0","0.01402897672302191"
"431","100","0.4","0.35","144","5","periodic","60","0.2","0.5","0.1","1","0.05","500","2000","0.5","0.01","true","false","all","5","8","1.5","0.3","1","mixed","0.8","0.1","0","3000","96","16.30310580647034","72.29060194176488","0.4016144552320271","72.29060194176488","0","0.4016144552320271","0","6758.38074563535","6758.38074563535","0","0","880.9798746814242","880.9798746814242","0","0","0.01281593252038804","1","1","0","1","1","0","100","0.08548272422282656","100","0","0.12703945275734146","0.12703945275734146","0","0.016593044506569617"
"430","100","0.4","0.35","144","5","periodic","60","0.2","0.5","0.1","1","0.05","500","2000","0.5","0.01","true","false","all","5","8","1.5","0.3","1","mixed","0.8","0.1","0","3000","0","22.993544042574868","70.0199367403869","0.38899964855770497","70.0199367403869","0","0.38899964855770497","0","1686.762432449404","1686.762432449404","0","0","671.719492626183","671.719492626183","0","0","0.011846532942686672","0.8552391326812291","0.8552391326812291","0","0.7911749549662699","0.7911749549662699","0","100","0.08492170719174595","100","0","0.1150192320851914","0.1150192320851914","0","0.012015012732974072"
"432","100","0.4","0.35","144","5","periodic","60","0.2","0.5","0.1","1","0.05","500","2000","0.5","0.01","true","false","all","5","8","1.5","0.3","1","mixed","0.8","0.1","0","3000","0","7.837097280349852","89.39049961847658","0.49661388676931434","89.39049961847658","0","0.49661388676931434","0","662.2522076470487","662.2522076470487","0","0","895.0316096203413","895.0316096203413","0","0","0.021437531685516653","0.1468727216169744","0.1468727216169744","0","0.10816813843136583","0.10816813843136583","0","100","0.09196436948707953","100","0","0.1143154126716326","0.1143154126716326","0","0.015273234794399423"
"433","100","0.4","0.35","144","5","periodic","60","0.2","0.5","0.1","1","0.05","500","2000","0.5","0.01","true","false","all","5","8","1.5","0.3","1","mixed","0.8","0.1","0","3000","0","14.05155980777161","95.51701480946724","0.530650082274818","95.51701480946724","0","0.530650082274818","0","1095.3192065096914","1095.3192065096914","0","0","792.5338643011295","792.5338643011295","0","0","0.015870846260721994","0.4474156046620037","0.4474156046620037","0","0.39687947100646076","0.39687947100646076","0","100","0.08636294321256699","100","0","0.11460329552269233","0.11460329552269233","0","0.013730371738635536"
"434","100","0.4","0.35","144","5","periodic","60","0.2","0.5","0.1","1","0.05","500","2000","0.5","0.01","true","false","all","5","8","1.5","0.3","1","mixed","0.8","0.1","0","3000","0","12.75076805206831","83.55659343824021","0.46420329687911227","83.55659343824021","0","0.46420329687911227","0","970.3366034210642","970.3366034210642","0","0","847.9301594071724","847.9301594071724","0","0","0.017430111058135633","0.3612928181395402","0.3612928181395402","0","0.31355773561404293","0.31355773561404293","0","100","0.0814109368253085","100","0","0.13962285195965576","0.13962285195965576","0","0.014788594079192025"
"435","100","0.4","0.35","144","5","periodic","60","0.2","0.5","0.1","1","0.05","500","2000","0.5","0.01","true","false","all","5","8","1.5","0.3","1","mixed","0.8","0.1","0","3000","0","10.25290714238092","93.00654544073058","0.516703030226281","93.00654544073058","0","0.516703030226281","0","1295.9883732036053","1295.9883732036053","0","0","766.3371734919657","766.3371734919657","0","0","0.017051571811796506","0.5920974896749115","0.5920974896749115","0","0.5306589154690706","0.5306589154690706","0","100","0.06464299966868234","100","0","0.12172952425872045","0.12172952425872045","0","0.013348055725471741"
"436","100","0.4","0.35","144","5","periodic","60","0.2","0.5","0.1","1","0.05","500","2000","0.5","0.01","true","false","all","5","8","1.5","0.3","1","mixed","0.8","0.1","0","3000","36","15.035496791827413","89.07175389160714","0.4948430771755952","89.07175389160714","0","0.4948430771755952","0","972.7516362817926","972.7516362817926","0","0","691.8391301198607","691.8391301198607","0","0","0.02029464396948244","0.38076736370302977","0.38076736370302977","0","0.31516775752119536","0.31516775752119536","0","100","0.0865077691736563","100","0","0.12965309823851748","0.12965309823851748","0","0.014761410905790667"
"437","100","0.4","0.35","144","5","periodic","60","0.2","0.5","0.1","1","0.05","500","2000","0.5","0.01","true","false","all","5","8","1.5","0.3","1","mixed","0.8","0.1","0","3000","6","18.06519961252799","107.15722654890287","0.5953179252716826","107.15722654890287","0","0.5953179252716826","0","3148.5484388456143","3148.5484388456143","0","0","819.8324205817437","819.8324205817437","0","0","0.02367026101529257","1","1","0","1","1","0","100","0.08144943666743738","100","0","0.09040635421815033","0.09040635421815033","0","0.011449697323293961"
"438","100","0.4","0.35","144","5","periodic","60","0.2","0.5","0.1","1","0.05","500","2000","0.5","0.01","true","false","all","5","8","1.5","0.3","1","mixed","0.8","0.1","0","3000","146","23.807080225803745","87.64614891744823","0.48692304954137905","87.64614891744823","0","0.48692304954137905","0","19623.11129188498","19623.11129188498","0","0","754.8921784317322","754.8921784317322","0","0","0.010853585749074801","1","1","0","1","1","0","100","0.07928050553661177","100","0","0.10206059188452271","0.10206059188452271","0","0.010913209466107564"
"439","100","0.4","0.35","144","5","periodic","60","0.2","0.5","0.1","1","0.05","500","2000","0.5","0.01","true","false","all","5","8","1.5","0.3","1","mixed","0.8","0.1","0","3000","0","11.755663386683608","77.46205270946155","0.43034473727478634","77.46205270946155","0","0.43034473727478634","0","1219.2468975113682","1219.2468975113682","0","0","765.4122189570011","765.4122189570011","0","0","0.013217800728789308","0.5314789074762263","0.5314789074762263","0","0.4794979316742451","0.4794979316742451","0","100","0.09554294069985372","100","0","0.12944868842285792","0.12944868842285792","0","0.017681837537474605"
"440","100","0.4","0.35","144","5","periodic","60","0.2","0.5","0.1","1","0.05","500","2000","0.5","0.01","true","false","all","5","8","1.5","0.3","1","mixed","0.8","0.1","0","3000","141","23.910916923282628","76.70811391510823","0.42615618841726793","76.70811391510823","0","0.42615618841726793","0","3504.792873157405","3504.792873157405","0","0","764.1543054236984","764.1543054236984","0","0","0.017340843802791106","1","1","0","1","1","0","100","0.07002240157899964","100","0","0.13346621568155542","0.13346621568155542","0","0.013345188423768002"
"441","100","0.4","0.35","144","5","periodic","60","0.2","0.5","0.1","1","0.05","500","2000","0.5","0.01","true","false","all","5","8","1.5","0.3","1","mixed","0.8","0.1","0","3000","31","9.139213724854045","89.69352311567191","0.4982973506426217","89.69352311567191","0","0.4982973506426217","0","1010.9150987186363","1010.9150987186363","0","0","835.2703387270626","835.2703387270626","0","0","0.022574897323895282","0.4179382455873091","0.4179382455873091","0","0.340610065812424","0.340610065812424","0","100","0.0761354050880665","100","0","0.13031494765178084","0.13031494765178084","0","0.01313006144991685"
"442","100","0.4","0.35","144","5","periodic","60","0.2","0.5","0.1","1","0.05","500","2000","0.5","0.01","true","false","all","5","8","1.5","0.3","1","mixed","0.8","0.1","0","3000","81","18.059659019235127","85.99966077656569","0.47777589320314273","85.99966077656569","0","0.47777589320314273","0","6305.05039979981","6305.05039979981","0","0","798.9239791450318","798.9239791450318","0","0","0.014836180692073597","1","1","0","1","1","0","100","0.07864036791356695","100","0","0.13409667341249118","0.13409667341249118","0","0.013272958799951537"
"443","100","0.4","0.35","144","5","periodic","60","0.2","0.5","0.1","1","0.05","500","2000","0.5","0.01","true","false","all","5","8","1.5","0.3","1","mixed","0.8","0.1","0","3000","0","17.06050906624877","78.43375373922164","0.4357430763290091","78.43375373922164","0","0.4357430763290091","0","3662.508093773972","3662.508093773972","0","0","832.2229323220065","832.2229323220065","0","0","0.02047769502818464","1","1","0","1","1","0","100","0.08845055197014474","100","0","0.12618066482389248","0.12618066482389248","0","0.015223474586053094"
"445","100","0.4","0.35","144","5","periodic","60","0.2","0.5","0.1","1","0.05","500","2000","0.5","0.01","true","false","all","5","8","1.5","0.3","1","mixed","0.8","0.1","0","3000","56","20.19629630922705","82.94414394585633","0.4608007996992018","82.94414394585633","0","0.4608007996992018","0","1135.8864402905333","1135.8864402905333","0","0","841.5865687042378","841.5865687042378","0","0","0.01927718346484819","0.49864483543619825","0.49864483543619825","0","0.42392429352702193","0.42392429352702193","0","100","0.0814873852775435","100","0","0.10884433439944573","0.10884433439944573","0","0.012233273344478627"
"446","100","0.4","0.35","144","5","periodic","60","0.2","0.5","0.1","1","0.05","500","2000","0.5","0.01","true","false","all","5","8","1.5","0.3","1","mixed","0.8","0.1","0","3000","51","11.100813722137076","96.74564546588786","0.5374758081438215","96.74564546588786","0","0.5374758081438215","0","2259.7116350690917","2259.7116350690917","0","0","829.3600619437199","829.3600619437199","0","0","0.014977728257610456","1","1","0","1","1","0","100","0.08435282441699186","100","0","0.1356315125293928","0.1356315125293928","0","0.013484577114611877"
"444","100","0.4","0.35","144","5","periodic","60","0.2","0.5","0.1","1","0.05","500","2000","0.5","0.01","true","false","all","5","8","1.5","0.3","1","mixed","0.8","0.1","0","3000","41","21.032576176062122","101.13129626769881","0.561840534820549","101.13129626769881","0","0.561840534820549","0","3435.4234789420875","3435.4234789420875","0","0","916.4684590454824","916.4684590454824","0","0","0.022143518544540886","1","1","0","1","1","0","100","0.0794637448570761","100","0","0.1196608291224831","0.1196608291224831","0","0.016045112839513494"
"448","100","0.4","0.35","144","5","periodic","60","0.2","0.5","0.1","1","0.05","500","2000","0.5","0.01","true","false","all","5","8","1.5","0.3","1","mixed","0.8","0.1","0","3000","0","13.014759171498866","84.84106112527758","0.4713392284737643","84.84106112527758","0","0.4713392284737643","0","873.1930413577381","873.1930413577381","0","0","755.0103800446105","755.0103800446105","0","0","0.01649661544839609","0.2945185847848217","0.2945185847848217","0","0.24879536090515852","0.24879536090515852","0","100","0.07633514863518528","100","0","0.10459204213061098","0.10459204213061098","0","0.013025981393788272"
"447","100","0.4","0.35","144","5","periodic","60","0.2","0.5","0.1","1","0.05","500","2000","0.5","0.01","true","false","all","5","8","1.5","0.3","1","mixed","0.8","0.1","0","3000","0","22.941759534775926","77.36526799511842","0.42980704441732454","77.36526799511842","0","0.42980704441732454","0","3632.550965958111","3632.550965958111","0","0","709.9770008296001","709.9770008296001","0","0","0.01948954523882751","1","1","0","1","1","0","100","0.09461116416858577","100","0","0.11880958822245077","0.11880958822245077","0","0.010776714577441273"
"449","100","0.4","0.35","144","5","periodic","60","0.2","0.5","0.1","1","0.05","500","2000","0.5","0.01","true","false","all","5","8","1.5","0.3","1","mixed","0.8","0.1","0","3000","0","15.969192925016372","80.74119460104153","0.44856219222800847","80.74119460104153","0","0.44856219222800847","0","3343.049431800943","3343.049431800943","0","0","798.5985928945536","798.5985928945536","0","0","0.02020207356077508","1","1","0","1","1","0","100","0.07989356455069231","100","0","0.137253372120235","0.137253372120235","0","0.013984049241650332"
"450","100","0.4","0.35","144","5","periodic","60","0.2","0.5","0.1","1","0.05","500","2000","0.5","0.01","true","false","all","5","8","1.5","0.3","1","mixed","0.8","0.1","0","3000","0","11.394757622721173","82.68755945582599","0.4593753303101444","82.68755945582599","0","0.4593753303101444","0","713.2372026701935","713.2372026701935","0","0","757.9880018354104","757.9880018354104","0","0","0.01680417867690487","0.17983602562896953","0.17983602562896953","0","0.14215813511346234","0.14215813511346234","0","100","0.0841666875717848","100","0","0.1336823881732756","0.1336823881732756","0","0.01721833306360521"
"453","100","0.4","0.35","144","5","periodic","60","0.2","0.5","0.1","1","0.05","500","2000","0.5","0.01","true","false","all","5","8","1.5","0.3","1","mixed","0.8","0.1","0","3000","0","12.61053839137331","94.11767101905203","0.5228759501058445","94.11767101905203","0","0.5228759501058445","0","1992.3185789784654","1992.3185789784654","0","0","802.1209146943444","802.1209146943444","0","0","0.014813718963579525","1","1","0","0.9832692584582214","0.9832692584582214","0","100","0.07581818779522999","100","0","0.11130831123911367","0.11130831123911367","0","0.014756550103783427"
"451","100","0.4","0.35","144","5","periodic","60","0.2","0.5","0.1","1","0.05","500","2000","0.5","0.01","true","false","all","5","8","1.5","0.3","1","mixed","0.8","0.1","0","3000","61","10.448818135184652","103.98125082070969","0.5776736156706094","103.98125082070969","0","0.5776736156706094","0","2134.2660941543477","2134.2660941543477","0","0","722.792987197321","722.792987197321","0","0","0.015112304793484466","1","1","0","0.9999651800580112","0.9999651800580112","0","100","0.09234196657720148","100","0","0.11870160422953514","0.11870160422953514","0","0.012311181509922699"
"452","100","0.4","0.35","144","5","periodic","60","0.2","0.5","0.1","1","0.05","500","2000","0.5","0.01","true","false","all","5","8","1.5","0.3","1","mixed","0.8","0.1","0","3000","36","24.93000624715836","87.78744762419282","0.4877080423566268","87.78744762419282","0","0.4877080423566268","0","6492.764052492604","6492.764052492604","0","0","675.5960478948401","675.5960478948401","0","0","0.0162335849645443","1","1","0","1","1","0","100","0.0905720860559066","100","0","0.12923706243567673","0.12923706243567673","0","0.012789702255495647"
"455","100","0.4","0.35","144","5","periodic","60","0.2","0.5","0.1","1","0.05","500","2000","0.5","0.01","true","false","all","5","8","1.5","0.3","1","mixed","0.8","0.1","0","3000","0","22.999090370918125","79.38602616245112","0.441033478680284","79.38602616245112","0","0.441033478680284","0","1275.1679735455573","1275.1679735455573","0","0","767.1143164811219","767.1143164811219","0","0","0.014518058909821718","0.5638718330685055","0.5638718330685055","0","0.5167786490303715","0.5167786490303715","0","100","0.08028107326838047","100","0","0.12904493919761392","0.12904493919761392","0","0.013435483100195739"
"456","100","0.4","0.35","144","5","periodic","60","0.2","0.5","0.1","1","0.05","500","2000","0.5","0.01","true","false","all","5","8","1.5","0.3","1","mixed","0.8","0.1","0","3000","0","12.903237265096365","86.80402880475454","0.48224460447085854","86.80402880475454","0","0.48224460447085854","0","8144.362877012417","8144.362877012417","0","0","676.5168679351706","676.5168679351706","0","0","0.013087930351613153","1","1","0","1","1","0","100","0.07812817342165984","100","0","0.12284611869198404","0.12284611869198404","0","0.012824062039752662"
"454","100","0.4","0.35","144","5","periodic","60","0.2","0.5","0.1","1","0.05","500","2000","0.5","0.01","true","false","all","5","8","1.5","0.3","1","mixed","0.8","0.1","0","3000","0","22.859564931030093","93.88612790789338","0.5215895994882965","93.88612790789338","0","0.5215895994882965","0","5473.270156345811","5473.270156345811","0","0","759.1086792753812","759.1086792753812","0","0","0.012758009826315586","1","1","0","1","1","0","100","0.06807345186999367","100","0","0.1288651090327745","0.1288651090327745","0","0.013857370091984579"
"457","100","0.4","0.35","144","5","periodic","60","0.2","0.5","0.1","1","0.05","500","2000","0.5","0.01","true","false","all","5","8","1.5","0.3","1","mixed","0.8","0.1","0","3000","56","17.583047805445844","85.3025445694864","0.47390302538603557","85.3025445694864","0","0.47390302538603557","0","5952.817134408423","5952.817134408423","0","0","796.4238560664721","796.4238560664721","0","0","0.014585090793202138","1","1","0","1","1","0","100","0.07837815623653802","100","0","0.1383542581418602","0.1383542581418602","0","0.013466211988611709"
"458","100","0.4","0.35","144","5","periodic","60","0.2","0.5","0.1","1","0.05","500","2000","0.5","0.01","true","false","all","5","8","1.5","0.3","1","mixed","0.8","0.1","0","3000","61","16.435650523137525","95.07669529153942","0.5282038627307746","95.07669529153942","0","0.5282038627307746","0","2588.476919421277","2588.476919421277","0","0","876.5976629031845","876.5976629031845","0","0","0.014786987823578679","1","1","0","1","1","0","100","0.09979616790230207","100","0","0.14477984780140912","0.14477984780140912","0","0.018805412040858484"
"459","100","0.4","0.35","144","5","periodic","60","0.2","0.5","0.1","1","0.05","500","2000","0.5","0.01","true","false","all","5","8","1.5","0.3","1","mixed","0.8","0.1","0","3000","0","23.519340074569172","73.88891285779285","0.4104939603210714","73.88891285779285","0","0.4104939603210714","0","1040.6256756780363","1040.6256756780363","0","0","815.5192228502099","815.5192228502099","0","0","0.014917692671255312","0.40012829619569085","0.40012829619569085","0","0.3604171171186912","0.3604171171186912","0","100","0.0746307557317949","100","0","0.1364188559124507","0.1364188559124507","0","0.01652906001745964"
"460","100","0.4","0.35","144","5","periodic","60","0.2","0.5","0.1","1","0.05","500","2000","0.5","0.01","true","false","all","5","8","1.5","0.3","1","mixed","0.8","0.1","0","3000","71","17.804993460299926","96.16265244443443","0.5342369580246357","96.16265244443443","0","0.5342369580246357","0","3098.3323417996667","3098.3323417996667","0","0","791.3591594102031","791.3591594102031","0","0","0.014740984940710744","1","1","0","1","1","0","100","0.08777723013836085","100","0","0.12908815075152302","0.12908815075152302","0","0.01503673693695278"
"463","100","0.4","0.35","144","5","periodic","60","0.2","0.5","0.1","1","0.05","500","2000","0.5","0.01","true","false","all","5","8","1.5","0.3","1","mixed","0.8","0.1","0","3000","0","10.981722380496919","84.38011080702161","0.4687783933723423","84.38011080702161","0","0.4687783933723423","0","655.8712780219482","655.8712780219482","0","0","798.8491230724143","798.8491230724143","0","0","0.021938412970241128","0.14668056852255973","0.14668056852255973","0","0.1039141853479654","0.1039141853479654","0","100","0.08201596770632742","100","0","0.11401462833450898","0.11401462833450898","0","0.014173753518250135"
"464","100","0.4","0.35","144","5","periodic","60","0.2","0.5","0.1","1","0.05","500","2000","0.5","0.01","true","false","all","5","8","1.5","0.3","1","mixed","0.8","0.1","0","3000","56","13.385688815347777","104.71416928888456","0.5817453849382476","104.71416928888456","0","0.5817453849382476","0","1757.072117898715","1757.072117898715","0","0","813.3995044978001","813.3995044978001","0","0","0.017110104736538734","0.9457873684426686","0.9457873684426686","0","0.8380480785991438","0.8380480785991438","0","100","0.07861502000305591","100","0","0.11377490288789019","0.11377490288789019","0","0.013721361668637874"
"462","100","0.4","0.35","144","5","periodic","60","0.2","0.5","0.1","1","0.05","500","2000","0.5","0.01","true","false","all","5","8","1.5","0.3","1","mixed","0.8","0.1","0","3000","0","18.126296692386674","104.08162908292044","0.5782312726828913","104.08162908292044","0","0.5782312726828913","0","991.9915482653124","991.9915482653124","0","0","837.1561861295013","837.1561861295013","0","0","0.016106411849037272","0.37135975514011293","0.37135975514011293","0","0.3279943655102079","0.3279943655102079","0","100","0.07231259218654096","100","0","0.13467002482009827","0.13467002482009827","0","0.0125590382886019"
"461","100","0.4","0.35","144","5","periodic","60","0.2","0.5","0.1","1","0.05","500","2000","0.5","0.01","true","false","all","5","8","1.5","0.3","1","mixed","0.8","0.1","0","3000","0","7.355278270151558","87.07374109135898","0.48374300606310544","87.07374109135898","0","0.48374300606310544","0","1058.5113143322314","1058.5113143322314","0","0","809.2529583586502","809.2529583586502","0","0","0.016396021639550007","0.42241793330018224","0.42241793330018224","0","0.3723408762214877","0.3723408762214877","0","100","0.08950942635645408","100","0","0.11887323212035394","0.11887323212035394","0","0.013353814836330894"
"465","100","0.4","0.35","144","5","periodic","60","0.2","0.5","0.1","1","0.05","500","2000","0.5","0.01","true","false","all","5","8","1.5","0.3","1","mixed","0.8","0.1","0","3000","0","20.22512788938937","94.59603545947417","0.5255335303304121","94.59603545947417","0","0.5255335303304121","0","3085.799034348363","3085.799034348363","0","0","922.2476075076773","922.2476075076773","0","0","0.02186020497008001","1","1","0","1","1","0","100","0.08379385236289855","100","0","0.11840786206423774","0.11840786206423774","0","0.016191847798816904"
"467","100","0.4","0.35","144","5","periodic","60","0.2","0.5","0.1","1","0.05","500","2000","0.5","0.01","true","false","all","5","8","1.5","0.3","1","mixed","0.8","0.1","0","3000","26","30.613463629480037","78.4420198470642","0.4357889991503567","78.4420198470642","0","0.4357889991503567","0","999.0503384342717","999.0503384342717","0","0","842.1700893044075","842.1700893044075","0","0","0.017747811626489307","0.3890689931708701","0.3890689931708701","0","0.332700225622848","0.332700225622848","0","100","0.09329845807913761","100","0","0.12365105905187203","0.12365105905187203","0","0.015097408779397322"
"466","100","0.4","0.35","144","5","periodic","60","0.2","0.5","0.1","1","0.05","500","2000","0.5","0.01","true","false","all","5","8","1.5","0.3","1","mixed","0.8","0.1","0","3000","0","11.363170316555014","88.60718258344819","0.4922621254636011","88.60718258344819","0","0.4922621254636011","0","942.858925145854","942.858925145854","0","0","793.6383833363778","793.6383833363778","0","0","0.015935042334788152","0.33896260965197605","0.33896260965197605","0","0.29523928343056915","0.29523928343056915","0","100","0.075378791937963","100","0","0.11769237189195132","0.11769237189195132","0","0.015641554337699787"
"468","100","0.4","0.35","144","5","periodic","60","0.2","0.5","0.1","1","0.05","500","2000","0.5","0.01","true","false","all","5","8","1.5","0.3","1","mixed","0.8","0.1","0","3000","76","9.79282324344247","91.25837854711173","0.5069909919283985","91.25837854711173","0","0.5069909919283985","0","1385.1207940802872","1385.1207940802872","0","0","799.2999105049842","799.2999105049842","0","0","0.018217312276709308","0.6846061867598813","0.6846061867598813","0","0.5900805293868582","0.5900805293868582","0","100","0.0859580984557681","100","0","0.12251242214460559","0.12251242214460559","0","0.014952672178919362"
"470","100","0.4","0.35","144","5","periodic","60","0.2","0.5","0.1","1","0.05","500","2000","0.5","0.01","true","false","all","5","8","1.5","0.3","1","mixed","0.8","0.1","0","3000","0","30.478700959454684","93.49899050413148","0.5194388361340638","93.49899050413148","0","0.5194388361340638","0","13566.932298299831","13566.932298299831","0","0","792.7216046424659","792.7216046424659","0","0","0.0099098366785908","1","1","0","1","1","0","100","0.08942568008324069","100","0","0.13107799853732072","0.13107799853732072","0","0.014170693570792066"
"471","100","0.4","0.35","144","5","periodic","60","0.2","0.5","0.1","1","0.05","500","2000","0.5","0.01","true","false","all","5","8","1.5","0.3","1","mixed","0.8","0.1","0","3000","0","10.207185688452483","85.35735408187684","0.47420752267709354","85.35735408187684","0","0.47420752267709354","0","649.3060337351294","649.3060337351294","0","0","847.0394859029274","847.0394859029274","0","0","0.02023118817548908","0.14981498926634254","0.14981498926634254","0","0.0995373558234197","0.0995373558234197","0","100","0.08650656617011121","100","0","0.11190745984116783","0.11190745984116783","0","0.016125881456192332"
"469","100","0.4","0.35","144","5","periodic","60","0.2","0.5","0.1","1","0.05","500","2000","0.5","0.01","true","false","all","5","8","1.5","0.3","1","mixed","0.8","0.1","0","3000","0","13.854860341862732","101.06785639825505","0.561488091101417","101.06785639825505","0","0.561488091101417","0","3424.1086706686683","3424.1086706686683","0","0","701.4393114902961","701.4393114902961","0","0","0.022344978204783317","1","1","0","1","1","0","100","0.08722156856447552","100","0","0.12339808844476155","0.12339808844476155","0","0.012975174467014659"
"472","100","0.4","0.35","144","5","periodic","60","0.2","0.5","0.1","1","0.05","500","2000","0.5","0.01","true","false","all","5","8","1.5","0.3","1","mixed","0.8","0.1","0","3000","0","15.001839342926417","92.59452134803101","0.5144140074890612","92.59452134803101","0","0.5144140074890612","0","1158.4795236916389","1158.4795236916389","0","0","901.5536547209045","901.5536547209045","0","0","0.019391548533322922","0.5128543593534607","0.5128543593534607","0","0.43898634912775913","0.43898634912775913","0","100","0.07374007098743578","100","0","0.13040186416743624","0.13040186416743624","0","0.014571254345363579"
"473","100","0.4","0.35","144","5","periodic","60","0.2","0.5","0.1","1","0.05","500","2000","0.5","0.01","true","false","all","5","8","1.5","0.3","1","mixed","0.8","0.1","0","3000","0","11.761387145924004","88.8216826812688","0.49345379267371553","88.8216826812688","0","0.49345379267371553","0","786.0577938071292","786.0577938071292","0","0","823.8285817474483","823.8285817474483","0","0","0.018208398694636863","0.24020784549818555","0.24020784549818555","0","0.19070519587141932","0.19070519587141932","0","100","0.07739544361856239","100","0","0.10158122613252843","0.10158122613252843","0","0.012974961238547633"
"474","100","0.4","0.35","144","5","periodic","60","0.2","0.5","0.1","1","0.05","500","2000","0.5","0.01","true","false","all","5","8","1.5","0.3","1","mixed","0.8","0.1","0","3000","0","18.194439300816953","89.812645613412","0.4989591422967333","89.812645613412","0","0.4989591422967333","0","1158.3178636692908","1158.3178636692908","0","0","785.4394127418788","785.4394127418788","0","0","0.017869165479057703","0.48933517733842824","0.48933517733842824","0","0.43887857577952694","0.43887857577952694","0","100","0.08114528691974059","100","0","0.11881858759891094","0.11881858759891094","0","0.014378942827864059"
"475","100","0.4","0.35","144","5","periodic","60","0.2","0.5","0.1","1","0.05","500","2000","0.5","0.01","true","false","all","5","8","1.5","0.3","1","mixed","0.8","0.1","0","3000","76","19.47944527252716","77.66303363727296","0.4314612979848498","77.66303363727296","0","0.4314612979848498","0","2083.1624507889915","2083.1624507889915","0","0","836.811169486518","836.811169486518","0","0","0.014610470313742852","1","1","0","0.9991998814399947","0.9991998814399947","0","100","0.0849906400392923","100","0","0.13301023626552688","0.13301023626552688","0","0.014137861802593566"
"476","100","0.4","0.35","144","5","periodic","60","0.2","0.5","0.1","1","0.05","500","2000","0.5","0.01","true","false","all","5","8","1.5","0.3","1","mixed","0.8","0.1","0","3000","0","13.015394762725634","103.88465276889895","0.5771369598272164","103.88465276889895","0","0.5771369598272164","0","1242.8577750935865","1242.8577750935865","0","0","765.3953762525163","765.3953762525163","0","0","0.013951316036333816","0.5397529717928208","0.5397529717928208","0","0.49523851672905783","0.49523851672905783","0","100","0.07686523596865871","100","0","0.12134506160509126","0.12134506160509126","0","0.012822221488890789"
"479","100","0.4","0.35","144","5","periodic","60","0.2","0.5","0.1","1","0.05","500","2000","0.5","0.01","true","false","all","5","8","1.5","0.3","1","mixed","0.8","0.1","0","3000","71","31.065477910747447","105.53857205308528","0.5863254002949182","105.53857205308528","0","0.5863254002949182","0","9352.124478137319","9352.124478137319","0","0","717.2974574825098","717.2974574825098","0","0","0.008871932152714868","1","1","0","1","1","0","100","0.0909034603736745","100","0","0.10059160668684793","0.10059160668684793","0","0.011955276538097468"
"477","100","0.4","0.35","144","5","periodic","60","0.2","0.5","0.1","1","0.05","500","2000","0.5","0.01","true","false","all","5","8","1.5","0.3","1","mixed","0.8","0.1","0","3000","126","13.862032058848001","89.68543740101828","0.4982524300056571","89.68543740101828","0","0.4982524300056571","0","2298.6063217529554","2298.6063217529554","0","0","851.0557305294876","851.0557305294876","0","0","0.022083225079096103","1","1","0","1","1","0","100","0.08409488550751322","100","0","0.11408438120200849","0.11408438120200849","0","0.012160705788284735"
"478","100","0.4","0.35","144","5","periodic","60","0.2","0.5","0.1","1","0.05","500","2000","0.5","0.01","true","false","all","5","8","1.5","0.3","1","mixed","0.8","0.1","0","3000","41","10.67177887307426","84.23221683385319","0.46795676018807325","84.23221683385319","0","0.46795676018807325","0","1234.745641229944","1234.745641229944","0","0","814.689175806606","814.689175806606","0","0","0.018790216581698882","0.5673593523068106","0.5673593523068106","0","0.4898304274866294","0.4898304274866294","0","100","0.09124924987542561","100","0","0.13594715978488098","0.13594715978488098","0","0.01438348722263698"
"480","100","0.4","0.35","144","5","periodic","60","0.2","0.5","0.1","1","0.05","500","2000","0.5","0.01","true","false","all","5","8","1.5","0.3","1","mixed","0.8","0.1","0","3000","96","23.228190526632076","89.87791850073357","0.49932176944851986","89.87791850073357","0","0.49932176944851986","0","4243.102143812111","4243.102143812111","0","0","768.3012274984551","768.3012274984551","0","0","0.018616991979065967","1","1","0","1","1","0","100","0.08238224103498","100","0","0.12002346631653692","0.12002346631653692","0","0.014328210105829589"
"481","100","0.4","0.35","144","5","periodic","60","0.2","0.5","0.1","1","0.05","500","2000","0.5","0.01","true","false","all","5","8","1.5","0.3","1","mixed","0.8","0.1","0","3000","0","11.962585812173515","102.33726878380335","0.5685403821322409","102.33726878380335","0","0.5685403821322409","0","742.1305391213725","742.1305391213725","0","0","827.4780725821931","827.4780725821931","0","0","0.019352931526910533","0.20604287109362804","0.20604287109362804","0","0.16142035941424834","0.16142035941424834","0","100","0.07863475546379271","100","0","0.12549661239846732","0.12549661239846732","0","0.013262548687038437"
"483","100","0.4","0.35","144","5","periodic","60","0.2","0.5","0.1","1","0.05","500","2000","0.5","0.01","true","false","all","5","8","1.5","0.3","1","mixed","0.8","0.1","0","3000","0","15.777478316732072","89.43162800229179","0.49684237779050994","89.43162800229179","0","0.49684237779050994","0","1163.359997481604","1163.359997481604","0","0","834.3935234986981","834.3935234986981","0","0","0.019936318161500433","0.5283003064528655","0.5283003064528655","0","0.4422399983210695","0.4422399983210695","0","100","0.07638123803006928","100","0","0.11601552978495691","0.11601552978495691","0","0.013452482784498853"
"482","100","0.4","0.35","144","5","periodic","60","0.2","0.5","0.1","1","0.05","500","2000","0.5","0.01","true","false","all","5","8","1.5","0.3","1","mixed","0.8","0.1","0","3000","96","17.13792719283468","91.73713958802787","0.5096507754890437","91.73713958802787","0","0.5096507754890437","0","1986.0745562617233","1986.0745562617233","0","0","783.6798856241709","783.6798856241709","0","0","0.021371619336024494","1","1","0","0.9748811045903859","0.9748811045903859","0","100","0.08776403686587161","100","0","0.12366595876400878","0.12366595876400878","0","0.012037748954897814"
"484","100","0.4","0.35","144","5","periodic","60","0.2","0.5","0.1","1","0.05","500","2000","0.5","0.01","true","false","all","5","8","1.5","0.3","1","mixed","0.8","0.1","0","3000","0","15.484473827332778","98.64616813060971","0.5480342673922761","98.64616813060971","0","0.5480342673922761","0","773.3638558159375","773.3638558159375","0","0","695.0938758705576","695.0938758705576","0","0","0.019194155998630613","0.22218063464834784","0.22218063464834784","0","0.18224257054395843","0.18224257054395843","0","100","0.08231746364349986","100","0","0.10375574665453172","0.10375574665453172","0","0.01551990822396679"
"487","100","0.4","0.35","144","5","periodic","60","0.2","0.5","0.1","1","0.05","500","2000","0.5","0.01","true","false","all","5","8","1.5","0.3","1","mixed","0.8","0.1","0","3000","0","25.35323807732034","78.2839630272343","0.4349109057068572","78.2839630272343","0","0.4349109057068572","0","5903.975565912143","5903.975565912143","0","0","783.2432849811863","783.2432849811863","0","0","0.017305915869312738","1","1","0","1","1","0","100","0.07984940743440323","100","0","0.12457724224813287","0.12457724224813287","0","0.015836190566786763"
"486","100","0.4","0.35","144","5","periodic","60","0.2","0.5","0.1","1","0.05","500","2000","0.5","0.01","true","false","all","5","8","1.5","0.3","1","mixed","0.8","0.1","0","3000","91","11.634581735459577","89.92295872419903","0.4995719929122169","89.92295872419903","0","0.4995719929122169","0","2779.4853773553086","2779.4853773553086","0","0","841.1202363476955","841.1202363476955","0","0","0.01664132145320596","1","1","0","1","1","0","100","0.08799819961717674","100","0","0.11869343983840107","0.11869343983840107","0","0.011746789401173482"
"485","100","0.4","0.35","144","5","periodic","60","0.2","0.5","0.1","1","0.05","500","2000","0.5","0.01","true","false","all","5","8","1.5","0.3","1","mixed","0.8","0.1","0","3000","26","17.183713974315012","83.63381132502933","0.4646322851390518","83.63381132502933","0","0.4646322851390518","0","929.518651030476","929.518651030476","0","0","862.8533070586049","862.8533070586049","0","0","0.019060521912946937","0.32977437573086826","0.32977437573086826","0","0.28634576735365047","0.28634576735365047","0","100","0.0893622896905868","100","0","0.11766491266125975","0.11766491266125975","0","0.012797396028362157"
"488","100","0.4","0.35","144","5","periodic","60","0.2","0.5","0.1","1","0.05","500","2000","0.5","0.01","true","false","all","5","8","1.5","0.3","1","mixed","0.8","0.1","0","3000","6","19.377371449962226","95.4412449667612","0.5302291387042289","95.4412449667612","0","0.5302291387042289","0","7166.416743138257","7166.416743138257","0","0","752.3457527339863","752.3457527339863","0","0","0.01427989064930868","1","1","0","1","1","0","100","0.06855799383359815","100","0","0.14192535979159854","0.14192535979159854","0","0.017850068182078543"
"489","100","0.4","0.35","144","5","periodic","60","0.2","0.5","0.1","1","0.05","500","2000","0.5","0.01","true","false","all","5","8","1.5","0.3","1","mixed","0.8","0.1","0","3000","6","24.465738966112355","82.56295462936781","0.4586830812742656","82.56295462936781","0","0.4586830812742656","0","19900.47697299974","19900.47697299974","0","0","691.4014094314824","691.4014094314824","0","0","0.009921295868641211","1","1","0","1","1","0","100","0.07769093806193664","100","0","0.1313351446101069","0.1313351446101069","0","0.0141419405466236"
"491","100","0.4","0.35","144","5","periodic","60","0.2","0.5","0.1","1","0.05","500","2000","0.5","0.01","true","false","all","5","8","1.5","0.3","1","mixed","0.8","0.1","0","3000","121","18.41445661112475","91.25847060574962","0.5069915033652757","91.25847060574962","0","0.5069915033652757","0","2525.286219795754","2525.286219795754","0","0","807.4439624367423","807.4439624367423","0","0","0.022907829750395736","1","1","0","1","1","0","100","0.07808879526759242","100","0","0.12963538130417196","0.12963538130417196","0","0.01647606830675477"
"490","100","0.4","0.35","144","5","periodic","60","0.2","0.5","0.1","1","0.05","500","2000","0.5","0.01","true","false","all","5","8","1.5","0.3","1","mixed","0.8","0.1","0","3000","1","18.195961816675464","97.28174863572762","0.5404541590873757","97.28174863572762","0","0.5404541590873757","0","3077.0993700863305","3077.0993700863305","0","0","769.224522682494","769.224522682494","0","0","0.02059740771617502","1","1","0","1","1","0","100","0.06427748723383632","100","0","0.10725934799229984","0.10725934799229984","0","0.012394774397309584"
"492","100","0.4","0.35","144","5","periodic","60","0.2","0.5","0.1","1","0.05","500","2000","0.5","0.01","true","false","all","5","8","1.5","0.3","1","mixed","0.8","0.1","0","3000","0","14.172326292327455","83.78938921141861","0.4654966067301034","83.78938921141861","0","0.4654966067301034","0","1687.5780142557799","1687.5780142557799","0","0","713.3891194228252","713.3891194228252","0","0","0.014619883264511468","0.8633956729442002","0.8633956729442002","0","0.7917186761705197","0.7917186761705197","0","100","0.07893358327996731","100","0","0.13910375264951547","0.13910375264951547","0","0.015221921713493519"
"494","100","0.4","0.35","144","5","periodic","60","0.2","0.5","0.1","1","0.05","500","2000","0.5","0.01","true","false","all","5","8","1.5","0.3","1","mixed","0.8","0.1","0","3000","86","14.782248371776802","101.27724375823767","0.5626513542124315","101.27724375823767","0","0.5626513542124315","0","1784.17375449849","1784.17375449849","0","0","867.6386272018909","867.6386272018909","0","0","0.017423492778414706","0.9387996331757816","0.9387996331757816","0","0.8561158363323272","0.8561158363323272","0","100","0.07792808823397968","100","0","0.1279932965058495","0.1279932965058495","0","0.016656625796444308"
"493","100","0.4","0.35","144","5","periodic","60","0.2","0.5","0.1","1","0.05","500","2000","0.5","0.01","true","false","all","5","8","1.5","0.3","1","mixed","0.8","0.1","0","3000","0","15.830824468211105","80.46735209946365","0.4470408449970203","80.46735209946365","0","0.4470408449970203","0","3107.9559481475276","3107.9559481475276","0","0","882.5258849456171","882.5258849456171","0","0","0.02542472431584275","1","1","0","1","1","0","100","0.08090834695095274","100","0","0.128935893905881","0.128935893905881","0","0.012650980313875043"
"495","100","0.4","0.35","144","5","periodic","60","0.2","0.5","0.1","1","0.05","500","2000","0.5","0.01","true","false","all","5","8","1.5","0.3","1","mixed","0.8","0.1","0","3000","0","22.319352829566952","103.07843607869886","0.5726579782149936","103.07843607869886","0","0.5726579782149936","0","3182.807088089861","3182.807088089861","0","0","809.0491370430724","809.0491370430724","0","0","0.0224386322150949","1","1","0","1","1","0","100","0.09143344718728272","100","0","0.12796638167525404","0.12796638167525404","0","0.016740106247375302"
"496","100","0.4","0.35","144","5","periodic","60","0.2","0.5","0.1","1","0.05","500","2000","0.5","0.01","true","false","all","5","8","1.5","0.3","1","mixed","0.8","0.1","0","3000","0","30.425486253960585","84.23668068141934","0.4679815593412186","84.23668068141934","0","0.4679815593412186","0","6407.072172278398","6407.072172278398","0","0","864.1836117454814","864.1836117454814","0","0","0.01572388280790582","1","1","0","1","1","0","100","0.09677378041260461","100","0","0.14469873627372323","0.14469873627372323","0","0.015182472000727618"
"497","100","0.4","0.35","144","5","periodic","60","0.2","0.5","0.1","1","0.05","500","2000","0.5","0.01","true","false","all","5","8","1.5","0.3","1","mixed","0.8","0.1","0","3000","126","32.42282966576123","75.85573708390547","0.4214207615772526","75.85573708390547","0","0.4214207615772526","0","6444.280494079497","6444.280494079497","0","0","872.0157494498219","872.0157494498219","0","0","0.016174627561996946","1","1","0","1","1","0","100","0.09360154129107347","100","0","0.12348481753071741","0.12348481753071741","0","0.014890027692897592"
"499","100","0.4","0.35","144","5","periodic","60","0.2","0.5","0.1","1","0.05","500","2000","0.5","0.01","true","false","all","5","8","1.5","0.3","1","mixed","0.8","0.1","0","3000","0","17.80113010426237","91.0295280551957","0.5057196003066428","91.0295280551957","0","0.5057196003066428","0","4076.202923858443","4076.202923858443","0","0","914.9018147915074","914.9018147915074","0","0","0.015905125146451926","1","1","0","1","1","0","100","0.08632305264244787","100","0","0.13242416913870783","0.13242416913870783","0","0.015056399897961061"
"498","100","0.4","0.35","144","5","periodic","60","0.2","0.5","0.1","1","0.05","500","2000","0.5","0.01","true","false","all","5","8","1.5","0.3","1","mixed","0.8","0.1","0","3000","111","14.712506692857062","90.14512646970744","0.5008062581650413","90.14512646970744","0","0.5008062581650413","0","4411.520537101002","4411.520537101002","0","0","987.7748120291941","987.7748120291941","0","0","0.015827365271430693","1","1","0","1","1","0","100","0.09625743324658625","100","0","0.13527104439661503","0.13527104439661503","0","0.011776541431703523"
"500","100","0.4","0.35","144","5","periodic","60","0.2","0.5","0.1","1","0.05","500","2000","0.5","0.01","true","false","all","5","8","1.5","0.3","1","mixed","0.8","0.1","0","3000","1","25.25882850156782","90.02670576456504","0.5001483653586947","90.02670576456504","0","0.5001483653586947","0","3138.2375539362315","3138.2375539362315","0","0","876.1173082565634","876.1173082565634","0","0","0.022552671363976318","1","1","0","1","1","0","100","0.08242884658873022","100","0","0.11581128582710003","0.11581128582710003","0","0.013186550009904478"
"501","100","0.4","0.35","144","5","periodic","60","0.2","0.5","0.1","1","0.05","500","2000","0.5","0.01","true","false","all","5","8","1.5","0.3","1","mixed","0.8","0.1","0.2","3000","76","18.974646781909257","75.70938681028868","0.4206077045016038","83.08702537463809","44.01876318033134","0.46159458541465603","0.24454868433517413","4794.330132025202","4810.167368253136","4730.981187113477","1.0167377924383536","1605.094790364566","884.8180033775827","4486.201938312503","0.1972309796893382","0.011978339246055958","1","1","1","1","1","1","100","0.08211149388013125","80","20","0.2449363113123448","0.11194932028372598","0.7768842754268198","0.08285426402438195"
"502","100","0.4","0.35","144","5","periodic","60","0.2","0.5","0.1","1","0.05","500","2000","0.5","0.01","true","false","all","5","8","1.5","0.3","1","mixed","0.8","0.1","0.2","3000","0","11.547703906916624","89.25121777306583","0.4958400987392546","94.1852399142793","61.462021992701395","0.5232513328571072","0.34145567773722996","1604.0651439076655","1608.8559424066004","1584.9019499119229","1.0151138639813075","1404.221547903883","702.9233509463661","4209.4143357339535","0.16698839669433593","0.014902294018355189","0.8234856925493338","0.8234856925493338","0.789297159079049","0.736043429271777","0.7392372949377337","0.7232679666079485","100","0.07911753469815441","80","20","0.25431920010224135","0.11075525824800994","0.8285749675191667","0.09741113798565722"
"503","100","0.4","0.35","144","5","periodic","60","0.2","0.5","0.1","1","0.05","500","2000","0.5","0.01","true","false","all","5","8","1.5","0.3","1","mixed","0.8","0.1","0.2","3000","117","19.10505492175507","80.00846020473807","0.4444914455818782","84.67056332597045","52.74206046242322","0.4703920184776136","0.2930114470134623","4368.589577389958","4371.255206612109","4357.927060501352","1.0030583683310264","1427.00833294954","778.1546973288462","4022.422875432315","0.19345422433866122","0.01643523219068288","1","1","1","1","1","1","100","0.08936743711777759","80","20","0.26037091877497925","0.11908845359701767","0.8255007794868255","0.09263539012181089"
"504","100","0.4","0.35","144","5","periodic","60","0.2","0.5","0.1","1","0.05","500","2000","0.5","0.01","true","false","all","5","8","1.5","0.3","1","mixed","0.8","0.1","0.2","3000","0","29.417748733964004","81.14221849479972","0.4507901027488873","87.22028302963042","46.08654435305862","0.48455712794239125","0.25603635751699233","6206.446940206541","6226.712343762351","6125.385325983305","1.0165421459037405","1387.218448163107","766.3757543795666","3870.589223297269","0.19799976442003012","0.015799428381385816","1","1","1","1","1","1","100","0.07678159744000844","80","20","0.27267398589841163","0.14076913669379454","0.80029338271688","0.08801696112218561"
"505","100","0.4","0.35","144","5","periodic","60","0.2","0.5","0.1","1","0.05","500","2000","0.5","0.01","true","false","all","5","8","1.5","0.3","1","mixed","0.8","0.1","0.2","3000","39","25.619499129955685","78.56206618461272","0.43645592324784843","84.28822421719602","45.48682016519056","0.46826791231775566","0.2527045564732809","2592.3813737549526","2605.5598786624737","2539.6673541248692","1.0259453366719788","1646.3737642199235","888.0210924113478","4679.784451454226","0.18975683637211072","0.01695671442312663","1","1","1","1","1","1","100","0.08281123595257187","80","20","0.2594979189644595","0.12060768867143146","0.8150588401365706","0.09156895427068654"
"506","100","0.4","0.35","144","5","periodic","60","0.2","0.5","0.1","1","0.05","500","2000","0.5","0.01","true","false","all","5","8","1.5","0.3","1","mixed","0.8","0.1","0.2","3000","105","30.039974990744696","73.16213144502326","0.40645628580568477","81.276649394329","40.61709233058122","0.45153694107960557","0.22565051294767347","5046.949293470739","5056.280171816374","5009.6257800882","1.00931294946493","1411.4632698118712","672.693485289116","4366.542407902898","0.1540563270544732","0.014959090693803079","1","1","1","1","1","1","100","0.0860856716814893","80","20","0.2594557365989593","0.1299029602327419","0.7776668420638289","0.08306526005778211"
"507","100","0.4","0.35","144","5","periodic","60","0.2","0.5","0.1","1","0.05","500","2000","0.5","0.01","true","false","all","5","8","1.5","0.3","1","mixed","0.8","0.1","0.2","3000","121","36.41462318055396","98.72154215318207","0.5484530119621226","89.3876408177828","40.09250071942797","0.49659800454323777","0.22273611510793315","16709.69503121491","16767.580365412734","16478.153694423592","1.017564265776152","1613.2843935639874","796.6934850783824","4879.648027506407","0.16326863753029908","0.010100269742212564","1","1","1","1","1","1","100","0.08360734394393521","80","20","0.25758182091991416","0.12024202360048031","0.8069410101976494","0.08905368398053053"
"508","100","0.4","0.35","144","5","periodic","60","0.2","0.5","0.1","1","0.05","500","2000","0.5","0.01","true","false","all","5","8","1.5","0.3","1","mixed","0.8","0.1","0.2","3000","46","33.977135692704785","69.50495034503847","0.38613861302799146","80.37697604714586","18.69072016663128","0.446538755817477","0.10383733425906266","6092.027168504384","6118.296235809021","5986.950899285837","1.0219386025929913","1591.136306182818","798.9986963671545","4759.686745445473","0.1678679163354003","0.017701212396480814","1","1","1","1","1","1","100","0.07685251658105553","80","20","0.2641188991378804","0.11740069516996451","0.8509917150095436","0.10007145784353859"
"510","100","0.4","0.35","144","5","periodic","60","0.2","0.5","0.1","1","0.05","500","2000","0.5","0.01","true","false","all","5","8","1.5","0.3","1","mixed","0.8","0.1","0.2","3000","0","18.824214461370076","76.3028516890001","0.4239047316055561","87.0885271650171","25.914823718275926","0.48382515091676165","0.1439712428793107","1170.1620983118949","1176.7285780555299","1143.8961793373542","1.0287022540255322","1779.7762098085027","943.6628399066622","5124.229689415863","0.1841570142446593","0.017146231766154596","0.5231766861648075","0.5231766861648075","0.47199792560133874","0.4467747322079299","0.45115238537035296","0.42926411955823623","100","0.0900728397565779","80","20","0.24660961807893728","0.10888452750824096","0.7975099803617222","0.08919282185399087"
"511","100","0.4","0.35","144","5","periodic","60","0.2","0.5","0.1","1","0.05","500","2000","0.5","0.01","true","false","all","5","8","1.5","0.3","1","mixed","0.8","0.1","0.2","3000","151","25.564642675941613","70.488499062855","0.3916027725714167","75.42061829240922","46.047170755874745","0.419003434957829","0.25581761531041525","10129.552383941678","10160.803780769076","10004.546796632083","1.0156185969552958","1350.2538776349043","783.3764459893857","3617.7636042169797","0.21653610674734444","0.010915474296637528","1","1","1","1","1","1","100","0.07992772983725403","80","20","0.26537251734826","0.12518448466814341","0.8261246480687262","0.08943736478930599"
"509","100","0.4","0.35","144","5","periodic","60","0.2","0.5","0.1","1","0.05","500","2000","0.5","0.01","true","false","all","5","8","1.5","0.3","1","mixed","0.8","0.1","0.2","3000","0","36.82028987353277","86.98479173216874","0.483248842956493","90.2674130527827","39.66901930427203","0.501485628071015","0.22038344057928905","3461.650777875287","3477.4411191494755","3398.4894127785396","1.023231411601305","1550.8196115039523","914.6214726031722","4095.612167107076","0.22331740293886584","0.018800581131985128","1","1","1","1","1","1","100","0.07583976748952541","80","20","0.27188140797405697","0.13616039487177156","0.8147654603831984","0.09181048399678053"
"512","100","0.4","0.35","144","5","periodic","60","0.2","0.5","0.1","1","0.05","500","2000","0.5","0.01","true","false","all","5","8","1.5","0.3","1","mixed","0.8","0.1","0.2","3000","16","22.512496445172204","105.46219667711962","0.5859010926506646","99.2706207153077","72.00000000000003","0.5515034484183761","0.40000000000000013","2485.793154819733","2500.1698179480154","2428.286502306602","1.0296024853628816","1643.1305048436127","870.9930964171347","4731.680138549527","0.18407691790513395","0.013708015903337811","1","1","1","1","1","1","100","0.09058192473820872","80","20","0.2872920169841334","0.15386204885901894","0.8210118894845915","0.08843780884392807"
"513","100","0.4","0.35","144","5","periodic","60","0.2","0.5","0.1","1","0.05","500","2000","0.5","0.01","true","false","all","5","8","1.5","0.3","1","mixed","0.8","0.1","0.2","3000","76","28.827549307937318","73.19282793619374","0.40662682186774296","79.55585579012781","38.311058443538556","0.44197697661182117","0.2128392135752142","6569.9051195113825","6595.782609996805","6466.39515756969","1.020009209037535","1371.579796584397","709.0513739665536","4021.693487055768","0.17630666689261829","0.011084904582292276","1","1","1","1","1","1","100","0.08223199145105493","80","20","0.2845646684482456","0.15587972479630224","0.7993044430560183","0.08633536101961617"
"514","100","0.4","0.35","144","5","periodic","60","0.2","0.5","0.1","1","0.05","500","2000","0.5","0.01","true","false","all","5","8","1.5","0.3","1","mixed","0.8","0.1","0.2","3000","39","30.27319476811742","95.95814094095712","0.5331007830053174","92.51842662829927","103.27617472995584","0.513991259046107","0.5737565262775325","5185.958220214582","5200.728805880687","5126.875877550179","1.01440505487053","1383.6218459662903","812.4338147265055","3668.3739709254282","0.22146973595539693","0.015264146920368704","1","1","1","1","1","1","100","0.0837906393109686","80","20","0.2447415491481398","0.11393066733260755","0.7679850764102683","0.07968797930518404"
"515","100","0.4","0.35","144","5","periodic","60","0.2","0.5","0.1","1","0.05","500","2000","0.5","0.01","true","false","all","5","8","1.5","0.3","1","mixed","0.8","0.1","0.2","3000","100","26.100370097180914","70.9238395389307","0.3940213307718372","74.73252898128143","35.505700396861336","0.41518071656267463","0.19725389109367408","6948.284823470725","6969.825972114636","6862.120228895088","1.0156956945706106","1500.2442115151525","883.5176972920244","3967.1502684076645","0.22270840213134935","0.012066910568611755","1","1","1","1","1","1","100","0.07727493726424911","80","20","0.25088435982879015","0.11271231898213649","0.8035725232154045","0.0891517121044424"
"516","100","0.4","0.35","144","5","periodic","60","0.2","0.5","0.1","1","0.05","500","2000","0.5","0.01","true","false","all","5","8","1.5","0.3","1","mixed","0.8","0.1","0.2","3000","-1","42.405615133078115","80.95566206837037","0.4497536781576132","87.33855565853779","34.49851055843506","0.4852141981029877","0.19165839199130588","21709.61064793299","21779.930407257045","21428.331610636764","1.0164081274738972","1401.9767036193691","754.4745752784155","3991.98521698318","0.18899733698126925","0.011624372352098788","1","1","1","1","1","1","100","0.07312536872775992","80","20","0.27721771609606377","0.1432504969544462","0.8130865926625341","0.0837767205025805"
"517","100","0.4","0.35","144","5","periodic","60","0.2","0.5","0.1","1","0.05","500","2000","0.5","0.01","true","false","all","5","8","1.5","0.3","1","mixed","0.8","0.1","0.2","3000","89","26.043135817761737","78.09799818326174","0.4338777676847874","83.69521881424","39.082390989491","0.4649734378568888","0.21712439438606113","4620.574922913936","4634.097734010032","4566.483678529542","1.0148065908564161","1399.8214523832773","787.4520362098518","3849.2991170769806","0.20457023792108275","0.012996706488419774","1","1","1","1","1","1","100","0.0785007671535952","80","20","0.25857231929967195","0.12156152875318596","0.8066154814856155","0.08606448923733694"
"518","100","0.4","0.35","144","5","periodic","60","0.2","0.5","0.1","1","0.05","500","2000","0.5","0.01","true","false","all","5","8","1.5","0.3","1","mixed","0.8","0.1","0.2","3000","71","17.679747477454328","93.33601482005108","0.5185334156669504","91.91529880270124","61.093928234290935","0.5106405489038958","0.3394107124127274","1860.5308197225834","1863.9909065771153","1846.6904723044586","1.009368345443981","1432.2245127872643","849.2653177568106","3764.0612929090785","0.22562473128604418","0.018980797549771555","1","1","0.9645539655053504","0.9067054472280637","0.9089333969843365","0.8977936482029725","100","0.07533709499956201","80","20","0.2615979012646802","0.12738351537931342","0.798455444806147","0.0861597605472527"
"519","100","0.4","0.35","144","5","periodic","60","0.2","0.5","0.1","1","0.05","500","2000","0.5","0.01","true","false","all","5","8","1.5","0.3","1","mixed","0.8","0.1","0.2","3000","0","31.611655944617866","85.11001839792888","0.47283343554404933","89.41983856944861","67.16445833147309","0.49677688094138117","0.3731358796192949","5763.84801258165","5786.284001527931","5674.1040567965265","1.019770512420729","1442.9185352229524","848.917140212871","3818.924115263275","0.22229222539928556","0.014462771528887197","1","1","1","1","1","1","100","0.07584779404660696","80","20","0.27990236970939714","0.1487570576944541","0.8044836177691692","0.08693474014468466"
"520","100","0.4","0.35","144","5","periodic","60","0.2","0.5","0.1","1","0.05","500","2000","0.5","0.01","true","false","all","5","8","1.5","0.3","1","mixed","0.8","0.1","0.2","3000","0","33.34362607953251","83.54523450387116","0.4641401916881731","86.55961637923566","59.66780620334013","0.48088675766242034","0.3314878122407785","19720.35658614627","19822.854898591984","19310.36333636345","1.026539716177347","1541.263171425969","782.4322151654513","4576.586996468048","0.17096413020648102","0.011469497049626964","1","1","1","1","1","1","100","0.0927832005184599","80","20","0.24643946621727622","0.1088464239635966","0.7968116352319948","0.08648165811659018"
"522","100","0.4","0.35","144","5","periodic","60","0.2","0.5","0.1","1","0.05","500","2000","0.5","0.01","true","false","all","5","8","1.5","0.3","1","mixed","0.8","0.1","0.2","3000","131","19.8997506600965","85.6929799380172","0.47607211076676226","91.38974917867617","50.69675689957658","0.5077208287704231","0.2816486494420921","3250.970741426505","3269.170525190248","3178.171606371527","1.0286324749224642","1354.0774571784466","704.8044772748533","3951.1693767928205","0.17837870515359822","0.019639467859184467","1","1","1","1","1","1","100","0.08121873848696182","80","20","0.24292457732489772","0.11917385187182486","0.7379274791371893","0.07871025028176452"
"521","100","0.4","0.35","144","5","periodic","60","0.2","0.5","0.1","1","0.05","500","2000","0.5","0.01","true","false","all","5","8","1.5","0.3","1","mixed","0.8","0.1","0.2","3000","146","42.390869657643464","62.19593412337732","0.3455329673520962","68.30049099854597","37.39362456140778","0.37944717221414426","0.20774235867448768","20442.205786073337","20534.01644921192","20074.963133519002","1.0228669568476791","1534.2361640890635","899.8515916539867","4071.7744538293714","0.22099740588718156","0.011097990457012541","1","1","1","1","1","1","100","0.08407329122381024","80","20","0.25036821561491673","0.11055820861815935","0.8096082436019472","0.09100681289967417"
"523","100","0.4","0.35","144","5","periodic","60","0.2","0.5","0.1","1","0.05","500","2000","0.5","0.01","true","false","all","5","8","1.5","0.3","1","mixed","0.8","0.1","0.2","3000","151","33.10981308798033","85.35376359195624","0.474187575510868","92.33352041436221","36.2371030769027","0.5129640023020123","0.2013172393161261","11130.227887952282","11175.73715332886","10948.190826445949","1.0207839204202822","1397.9328267394549","826.6351009900666","3683.123729737007","0.22443859116541076","0.013001656510667425","1","1","1","1","1","1","100","0.08430570987068282","80","20","0.26241080794519833","0.12511437542996032","0.81159653800615","0.09312139034742054"
"524","100","0.4","0.35","144","5","periodic","60","0.2","0.5","0.1","1","0.05","500","2000","0.5","0.01","true","false","all","5","8","1.5","0.3","1","mixed","0.8","0.1","0.2","3000","141","31.34924481204517","104.31106770728842","0.5795059317071579","95.35319783014172","92.54923037155476","0.5297399879452318","0.514162390953082","3882.290791828693","3915.4446957008468","3749.67517634008","1.044209034533644","1527.8359446170946","775.2738600859543","4538.0842827416545","0.17083725461739938","0.01988188001315838","1","1","1","1","1","1","100","0.08064479992045642","80","20","0.2699545855798389","0.1349982998810185","0.8097797283751209","0.08781369242589111"
"525","100","0.4","0.35","144","5","periodic","60","0.2","0.5","0.1","1","0.05","500","2000","0.5","0.01","true","false","all","5","8","1.5","0.3","1","mixed","0.8","0.1","0.2","3000","105","33.659864098444174","72.88845845570509","0.40493588030947275","79.92347813173623","47.77877116312759","0.4440193229540902","0.26543761757293105","10830.048779221237","10890.994525891594","10586.265792539813","1.028785290235819","1595.6348593512262","948.377599815658","4184.663897493503","0.22663172552130426","0.01083838430446149","1","1","1","1","1","1","100","0.07518329511485781","80","20","0.2722456251603493","0.14011624148992424","0.8007631598420495","0.0860181506726228"
"527","100","0.4","0.35","144","5","periodic","60","0.2","0.5","0.1","1","0.05","500","2000","0.5","0.01","true","false","all","5","8","1.5","0.3","1","mixed","0.8","0.1","0.2","3000","8","29.06920044422499","68.55252175142779","0.3808473430634877","75.98839020980884","38.10255323242845","0.4221577233878269","0.21168085129126915","2464.885782337902","2468.574093906119","2450.132536065033","1.0075267592955202","1438.8820091479397","752.0075891321637","4186.379689211041","0.17963196006091042","0.012351972765074493","1","1","1","1","1","1","100","0.08178886326414156","80","20","0.24962181751480153","0.11060644425314259","0.8056833105614365","0.0909989777465796"
"526","100","0.4","0.35","144","5","periodic","60","0.2","0.5","0.1","1","0.05","500","2000","0.5","0.01","true","false","all","5","8","1.5","0.3","1","mixed","0.8","0.1","0.2","3000","-1","55.946448676769705","108.89615411498127","0.6049786339721182","97.65046462044965","146.62509494869644","0.5425025812247203","0.8145838608260914","21722.219341506643","21800.094306138235","21410.71948298025","1.0181859756496043","1467.9817601266463","761.9907847439837","4291.945661657294","0.17753970921657664","0.010476246743032158","1","1","1","1","1","1","100","0.08149978061259325","80","20","0.27557210234455476","0.13074007192529297","0.8549002240216022","0.09811334787502074"
"528","100","0.4","0.35","144","5","periodic","60","0.2","0.5","0.1","1","0.05","500","2000","0.5","0.01","true","false","all","5","8","1.5","0.3","1","mixed","0.8","0.1","0.2","3000","79","33.71213851750042","104.8449262267425","0.5824718123707917","95.41467346890178","140.3152400971304","0.5300815192716766","0.7795291116507245","3966.353077533615","3975.890474353785","3928.203490252929","1.012139642006628","1523.0422669047111","758.0559019681843","4582.987726650819","0.16540648746667286","0.01895542292022223","1","1","1","1","1","1","100","0.07758957415562591","80","20","0.26257544390397836","0.1228698995269896","0.8213976214119342","0.0889953294863998"
"529","100","0.4","0.35","144","5","periodic","60","0.2","0.5","0.1","1","0.05","500","2000","0.5","0.01","true","false","all","5","8","1.5","0.3","1","mixed","0.8","0.1","0.2","3000","0","14.75634686080916","87.90025017590011","0.48833472319944504","93.68748915789595","24.072704678738678","0.5204860508771998","0.13373724821521488","896.6967747027812","902.1909532179546","874.7200606420884","1.0314053533375027","1405.1206469440053","825.3205707401064","3724.3209517595983","0.22160296640121047","0.0186136088878206","0.31456634509001535","0.31456634509001535","0.2822014121252596","0.2644645164685209","0.2681273021453031","0.2498133737613924","100","0.08065566925236309","80","20","0.24124728086435746","0.09876106982533281","0.8111921250204561","0.09342190927174232"
"531","100","0.4","0.35","144","5","periodic","60","0.2","0.5","0.1","1","0.05","500","2000","0.5","0.01","true","false","all","5","8","1.5","0.3","1","mixed","0.8","0.1","0.2","3000","55","12.995679814641477","82.55021693684222","0.4586123163157901","84.20032882702525","53.42694868433814","0.4677796045945847","0.29681638157965634","1402.928490032017","1409.1761433135828","1377.9378769057578","1.0226703009848113","1573.6469405726477","985.8352512218905","3924.8936979756772","0.2511750195248218","0.01946024975727334","0.685422982341525","0.685422982341525","0.6233977542906217","0.6019523266880117","0.6061174288757217","0.5852919179371717","100","0.08389417638758366","80","20","0.2562034166920282","0.12774655576379074","0.770030860404978","0.08236334473456303"
"530","100","0.4","0.35","144","5","periodic","60","0.2","0.5","0.1","1","0.05","500","2000","0.5","0.01","true","false","all","5","8","1.5","0.3","1","mixed","0.8","0.1","0.2","3000","11","17.092745135570475","58.53623641854365","0.3252013134363536","65.4138547495169","19.01455921759109","0.3634103041639828","0.10563644009772827","4571.68850893872","4593.394341075751","4484.865180390598","1.024198979527786","1524.9941929973256","753.0763545614027","4612.665546741012","0.1632627267098248","0.016919084209985558","1","1","1","1","1","1","100","0.08690016525788044","80","20","0.2387373350796891","0.09648206010258628","0.8077584349881007","0.09407172394145552"
"532","100","0.4","0.35","144","5","periodic","60","0.2","0.5","0.1","1","0.05","500","2000","0.5","0.01","true","false","all","5","8","1.5","0.3","1","mixed","0.8","0.1","0.2","3000","61","22.04975192281394","87.47600780379895","0.4859778211322164","88.51350832740293","37.74931719317162","0.4917417129300163","0.20971842885095346","5287.682654466003","5301.335984054024","5233.069336113908","1.013045240480382","1510.6431240880577","792.1214044854619","4384.730002498441","0.18065454521352672","0.016664823827373","1","1","1","1","1","1","100","0.07998290921084644","80","20","0.22882303207601504","0.08962564120713884","0.7856125955515199","0.08802979894983315"
"533","100","0.4","0.35","144","5","periodic","60","0.2","0.5","0.1","1","0.05","500","2000","0.5","0.01","true","false","all","5","8","1.5","0.3","1","mixed","0.8","0.1","0.2","3000","12","23.29355642179256","65.21837550815363","0.3623243083786313","73.17722153618669","23.92593278813904","0.40654011964548165","0.13292184882299465","1136.812274561703","1140.1859223182557","1123.3176835354898","1.0150164455078066","1405.2872303091024","773.1967477371902","3933.6491605967503","0.19655966156877427","0.016195538487994376","0.47494097106801064","0.47494097106801064","0.46143907861319833","0.4245415163744682","0.4267906148788372","0.41554512235699326","100","0.08612483372625639","80","20","0.25999004983148777","0.12403201338519551","0.8038221956166576","0.08690465864008412"
"534","100","0.4","0.35","144","5","periodic","60","0.2","0.5","0.1","1","0.05","500","2000","0.5","0.01","true","false","all","5","8","1.5","0.3","1","mixed","0.8","0.1","0.2","3000","71","23.574464761974156","75.40167615301543","0.4188982008500857","84.02223714256937","35.12122492537242","0.4667902063476076","0.19511791625206898","1528.231100350442","1535.0847005848539","1500.8166994127937","1.022832902369402","1660.631807133517","879.3838972418404","4785.623446700217","0.18375534703805274","0.019748831345283158","0.7816015669946702","0.7816015669946702","0.713237606689897","0.6854874002336281","0.6900564670565695","0.6672111329418625","100","0.08228489593999874","80","20","0.25496394191350136","0.11297673018907979","0.8229127888111872","0.09182564550843512"
"535","100","0.4","0.35","144","5","periodic","60","0.2","0.5","0.1","1","0.05","500","2000","0.5","0.01","true","false","all","5","8","1.5","0.3","1","mixed","0.8","0.1","0.2","3000","71","22.622057608562116","74.91454356499342","0.4161919086944079","81.50724023252596","36.641714404623926","0.4528180012918109","0.2035650800256885","3554.8940642548737","3563.713242365063","3519.6173518141163","1.012528603579085","1422.4351359141685","803.5168695764263","3898.1082012651327","0.2061299553756985","0.011527712248893485","1","1","1","1","1","1","100","0.08431592606675273","80","20","0.2557590041082299","0.11916838659595116","0.8021214741573448","0.08798878389454022"
"536","100","0.4","0.35","144","5","periodic","60","0.2","0.5","0.1","1","0.05","500","2000","0.5","0.01","true","false","all","5","8","1.5","0.3","1","mixed","0.8","0.1","0.2","3000","0","21.407007678379557","70.55007467972816","0.3919448593318231","79.79838272041555","23.627871501067283","0.44332434844675306","0.13126595278370712","652.9006085923951","656.7779387850067","637.3912878219494","1.0304156196255896","1902.2636404562613","957.6620748491663","5680.669902884641","0.16858259522576138","0.023944046228357996","0.14144358973654525","0.14144358973654525","0.13244502536977826","0.10193373906159672","0.10451862585667104","0.09159419188129961","100","0.08482183631674414","80","20","0.23921702222741117","0.1055922548677635","0.7737160916660023","0.08602776621034317"
"537","100","0.4","0.35","144","5","periodic","60","0.2","0.5","0.1","1","0.05","500","2000","0.5","0.01","true","false","all","5","8","1.5","0.3","1","mixed","0.8","0.1","0.2","3000","151","34.1499388558362","84.61685501626067","0.47009363897922596","84.48323999131864","81.98073650382328","0.46935133328510353","0.45544853613235153","12363.718175584876","12405.741857591012","12195.623447560347","1.0172290011194711","1371.3551327577175","767.6569963988743","3786.1476781930905","0.20275410830388757","0.011379098753582229","1","1","1","1","1","1","100","0.07501641163733731","80","20","0.25475289572785964","0.11326067985084469","0.8207217592359195","0.092888825055012"
"539","100","0.4","0.35","144","5","periodic","60","0.2","0.5","0.1","1","0.05","500","2000","0.5","0.01","true","false","all","5","8","1.5","0.3","1","mixed","0.8","0.1","0.2","3000","0","27.21205873801091","91.56324793521011","0.5086847107511673","91.35177003757397","52.01604735475307","0.5075098335420776","0.28897804085973927","5800.153738468631","5816.062639097416","5736.5181359535","1.0138663386498112","1409.1130261425956","923.7511712167343","3350.560445846041","0.2757004943343084","0.018074019197521496","1","1","1","1","1","1","100","0.07489288597440312","80","20","0.25412125575495087","0.11950530658938514","0.7925850524172138","0.08675988308509576"
"538","100","0.4","0.35","144","5","periodic","60","0.2","0.5","0.1","1","0.05","500","2000","0.5","0.01","true","false","all","5","8","1.5","0.3","1","mixed","0.8","0.1","0.2","3000","8","21.691173380183173","84.81312187268064","0.47118401040378133","85.33579304950402","74.06384337105251","0.4740877391639112","0.4114657965058473","842.9500518442072","847.3772638163658","825.241203955572","1.0268237452937283","1629.3931098580426","899.0118515377678","4550.918143139137","0.19754515973729345","0.01797088743785702","0.2681858302322007","0.2681858302322007","0.2501471924792589","0.22863336789613795","0.23158484254424372","0.21682746930371452","100","0.08877788552490766","80","20","0.27667270618494905","0.1435677648523789","0.8090924715152296","0.08433354010773988"
"540","100","0.4","0.35","144","5","periodic","60","0.2","0.5","0.1","1","0.05","500","2000","0.5","0.01","true","false","all","5","8","1.5","0.3","1","mixed","0.8","0.1","0.2","3000","1","30.170435009170973","78.99693593061565","0.43887186628119806","85.22096333937462","51.695930965001935","0.473449796329859","0.28719961647223297","6554.848596104591","6581.440384231663","6448.481443596283","1.0206186435982405","1325.4617446015795","731.116181824095","3702.843995711518","0.19744720076536948","0.016341889718891833","1","1","1","1","1","1","100","0.0910208530551208","80","20","0.257232790516248","0.11817578356372589","0.8134608183263365","0.09319562442404565"
"541","100","0.4","0.35","144","5","periodic","60","0.2","0.5","0.1","1","0.05","500","2000","0.5","0.01","true","false","all","5","8","1.5","0.3","1","mixed","0.8","0.1","0.2","3000","0","39.65754355143244","61.45498730668025","0.3414165961482236","69.57354376030443","29.244029737734685","0.38651968755724686","0.1624668318763038","3472.6968913625315","3491.4011385327954","3397.8799026814754","1.0275234082810036","1805.6710595170616","871.3535577429202","5542.941066613627","0.15720058129271436","0.02140803510217859","1","1","1","1","1","1","100","0.0806254335689432","80","20","0.2442809991550941","0.10676659862097677","0.7943386012915629","0.08788331567253826"
"542","100","0.4","0.35","144","5","periodic","60","0.2","0.5","0.1","1","0.05","500","2000","0.5","0.01","true","false","all","5","8","1.5","0.3","1","mixed","0.8","0.1","0.2","3000","0","27.049070032108077","72.1683463947708","0.4009352577487266","72.94740594884065","60.65711833450682","0.4052633663824481","0.3369839907472601","2953.379184553327","2963.9004949237683","2911.293943071564","1.0180698180537215","1430.3887780541374","878.7949550656909","3636.7640700079237","0.24164200320637708","0.012554298385826446","1","1","1","1","1","1","100","0.09690159905287105","80","20","0.26148097412710664","0.12992843666787215","0.7876911239640442","0.08587720932726692"
"543","100","0.4","0.35","144","5","periodic","60","0.2","0.5","0.1","1","0.05","500","2000","0.5","0.01","true","false","all","5","8","1.5","0.3","1","mixed","0.8","0.1","0.2","3000","46","31.142767400053216","77.8088537137177","0.43227140952065385","85.11820868617593","46.678599965256886","0.47287893714542184","0.25932555536253826","6071.14081966453","6083.565059896768","6021.443858735566","1.0103166620197048","1376.4793719700474","716.0013603770207","4018.391418342154","0.17818108935550578","0.013070611145963973","1","1","1","1","1","1","100","0.08325024050927692","80","20","0.2577020633968215","0.11712000369495382","0.8200303022042922","0.0910173646869413"
"544","100","0.4","0.35","144","5","periodic","60","0.2","0.5","0.1","1","0.05","500","2000","0.5","0.01","true","false","all","5","8","1.5","0.3","1","mixed","0.8","0.1","0.2","3000","68","26.025937754236168","109.54995402744663","0.6086108557080369","101.06469777585279","97.79935774406157","0.5614705431991822","0.5433297652447865","2113.4761568215267","2126.313182342148","2062.12805473904","1.031125674982018","1612.1626938962136","869.7762527330755","4581.708458548768","0.18983666477298586","0.016051642879809647","1","1","1","0.9992433601371961","0.9999020169849991","0.9966087327459843","100","0.07675322975667956","80","20","0.2618674937162941","0.12688980561585983","0.8017782461180308","0.08448367256943493"
"546","100","0.4","0.35","144","5","periodic","60","0.2","0.5","0.1","1","0.05","500","2000","0.5","0.01","true","false","all","5","8","1.5","0.3","1","mixed","0.8","0.1","0.2","3000","6","39.766893216848274","109.27656051488889","0.6070920028604938","101.17712716209397","136.80326092882598","0.5620951509005221","0.7600181162712555","6912.783602686205","6930.8441552441855","6840.541392454301","1.0132011134220305","1225.5146223002148","685.602608805629","3385.162676278561","0.20253165781661575","0.013107360339241092","1","1","1","1","1","1","100","0.07723487538516835","80","20","0.24843382454209614","0.10273878023338215","0.8312140017769524","0.09552394573671867"
"545","100","0.4","0.35","144","5","periodic","60","0.2","0.5","0.1","1","0.05","500","2000","0.5","0.01","true","false","all","5","8","1.5","0.3","1","mixed","0.8","0.1","0.2","3000","91","26.217839184540722","75.81929323504852","0.42121829575026953","84.31676199607809","31.304332518583955","0.46842645553376716","0.17391295843657753","11411.954480801558","11452.616210442497","11249.307562237776","1.018072992233513","1615.8519379638005","857.7069540149075","4648.431873759376","0.18451533276344323","0.011857843613505059","1","1","1","1","1","1","100","0.08108713279693508","80","20","0.2538320560465726","0.12393109900049207","0.7734358842308946","0.0825764683134197"
"547","100","0.4","0.35","144","5","periodic","60","0.2","0.5","0.1","1","0.05","500","2000","0.5","0.01","true","false","all","5","8","1.5","0.3","1","mixed","0.8","0.1","0.2","3000","19","11.474638146609294","85.3355544555464","0.47408641364192444","86.91712364125256","68.4066244576329","0.4828729091180698","0.380036802542405","879.072666606438","880.6826309124239","872.6328093824947","1.0092247523166427","1442.5265166259157","827.6893429047217","3901.8752115106895","0.21212604146411573","0.019790803145285585","0.319188148124065","0.319188148124065","0.2877750602321622","0.25271511107095873","0.25378842060828266","0.24842187292166304","100","0.09185684296134565","80","20","0.2618998612747642","0.13634055179835755","0.7641370991803911","0.07712743447433101"
"548","100","0.4","0.35","144","5","periodic","60","0.2","0.5","0.1","1","0.05","500","2000","0.5","0.01","true","false","all","5","8","1.5","0.3","1","mixed","0.8","0.1","0.2","3000","126","33.529264829780544","82.6559251421424","0.4591995841230133","80.80443633195804","81.73443512060804","0.4489135351775447","0.4540801951144891","11346.612658351385","11373.7690638327","11237.987036426115","1.0120824153797712","1349.3253228107385","760.862097498664","3703.1782240590387","0.20546191715954912","0.012700189540122198","1","1","1","1","1","1","100","0.0908783196905325","80","20","0.2509148002835837","0.11981145905958453","0.7753281651795796","0.08402478265722907"
"549","100","0.4","0.35","144","5","periodic","60","0.2","0.5","0.1","1","0.05","500","2000","0.5","0.01","true","false","all","5","8","1.5","0.3","1","mixed","0.8","0.1","0.2","3000","0","36.644592287354286","94.56213572518632","0.5253451984732573","99.02308456026202","47.85000914754668","0.5501282475570112","0.2658333841530371","5801.528899489315","5832.304149054285","5678.427901229437","1.0270983889381653","1677.8103741152581","924.3127171492681","4691.801001979217","0.19700595075523256","0.01734455036559246","1","1","1","1","1","1","100","0.08350589175010244","80","20","0.2689227232968705","0.1314685691586981","0.8187393398495602","0.09229639254134209"
"550","100","0.4","0.35","144","5","periodic","60","0.2","0.5","0.1","1","0.05","500","2000","0.5","0.01","true","false","all","5","8","1.5","0.3","1","mixed","0.8","0.1","0.2","3000","96","31.542163045887534","82.92476538526248","0.460693141029236","88.56229075735567","55.08515186299834","0.4920127264297537","0.3060286214611019","16295.331011630802","16339.498221109494","16118.662173716035","1.013700643701905","1478.863678146962","741.9377269768162","4426.567482827545","0.1676101696981001","0.01161321475490662","1","1","1","1","1","1","100","0.07292090675725478","80","20","0.2692258478367764","0.13327247000333733","0.8130393591705328","0.08909984939152268"
"551","100","0.4","0.35","144","5","periodic","60","0.2","0.5","0.1","1","0.05","500","2000","0.5","0.01","true","false","all","5","8","1.5","0.3","1","mixed","0.8","0.1","0.2","3000","0","30.610978594651428","73.5185986262797","0.4084366590348872","83.33775484144336","25.938626384240628","0.46298752689690753","0.14410347991244793","3362.105369359505","3375.5535216562284","3308.3127601726073","1.0203247898122283","1379.3192678118262","673.9540204105781","4200.780257416817","0.16043543796909107","0.011682129154426457","1","1","1","1","1","1","100","0.0854319719242973","80","20","0.25170976267894446","0.11315921171020085","0.8059119665539187","0.09073075202922408"
"552","100","0.4","0.35","144","5","periodic","60","0.2","0.5","0.1","1","0.05","500","2000","0.5","0.01","true","false","all","5","8","1.5","0.3","1","mixed","0.8","0.1","0.2","3000","0","40.06983980390767","71.65559088891484","0.3980866160495269","79.66022169538664","35.56726681474275","0.4425567871965924","0.19759592674857085","7955.157201298562","7977.133682222977","7867.2512776008925","1.0139670643207923","1569.9407422236525","737.0359078541097","4901.560079701828","0.15036761681373595","0.015052598964772512","1","1","1","1","1","1","100","0.06540390908245619","80","20","0.2751677926948043","0.1329227003891067","0.8441481619175949","0.09534265665323213"
"553","100","0.4","0.35","144","5","periodic","60","0.2","0.5","0.1","1","0.05","500","2000","0.5","0.01","true","false","all","5","8","1.5","0.3","1","mixed","0.8","0.1","0.2","3000","33","33.32780384449988","85.60437798203559","0.4755798776779755","86.02352565015978","38.72443426286863","0.477908475834221","0.2151357459048257","9780.717078830163","9807.038939424643","9675.429636452256","1.013602424689912","1478.9061891751987","924.7562871628024","3695.5057972247814","0.2502380832029183","0.01187221192756649","1","1","1","1","1","1","100","0.07443323297730123","80","20","0.22878457304614788","0.08790782604160673","0.7922915610643126","0.08913992077990024"
"554","100","0.4","0.35","144","5","periodic","60","0.2","0.5","0.1","1","0.05","500","2000","0.5","0.01","true","false","all","5","8","1.5","0.3","1","mixed","0.8","0.1","0.2","3000","0","17.3542990979618","94.4812478156492","0.5248958211980511","93.11279933800083","91.47664360782835","0.5172933296555602","0.5082035755990464","735.7297887993865","738.4466779604927","724.8622321549603","1.018740727827889","1568.154989208069","801.16734134488","4636.105580660829","0.17281041758127558","0.021626069614265164","0.20720330635199086","0.20720330635199086","0.1765622176696554","0.15715319253292415","0.1589644519736619","0.1499081547699736","100","0.07947595784055862","80","20","0.257195443480591","0.1236399049852683","0.7914175974618816","0.08467493372601378"
"555","100","0.4","0.35","144","5","periodic","60","0.2","0.5","0.1","1","0.05","500","2000","0.5","0.01","true","false","all","5","8","1.5","0.3","1","mixed","0.8","0.1","0.2","3000","-1","38.9071414244884","97.3089255882631","0.5406051421570172","95.11401156190274","93.86895719165867","0.5284111753439041","0.521494206620326","21733.35316221855","21786.812349322772","21519.51641380167","1.0124210939679699","1400.0002077595814","833.2238804976556","3667.1055168072867","0.2272156818719223","0.010006726530787269","1","1","1","1","1","1","100","0.0849219977384136","80","20","0.2420845411185205","0.10746393707890112","0.7805669572769982","0.08293102220160595"
"556","100","0.4","0.35","144","5","periodic","60","0.2","0.5","0.1","1","0.05","500","2000","0.5","0.01","true","false","all","5","8","1.5","0.3","1","mixed","0.8","0.1","0.2","3000","31","39.53171815458383","76.87088924534243","0.4270604958074579","84.24304110803138","26.003294174784116","0.46801689504461874","0.1444627454154673","14835.353270621346","14907.7889860557","14545.610408883958","1.0248995103670955","1695.7844995731677","839.8233646456998","5119.629039283042","0.16403988613270878","0.012363031748499953","1","1","1","1","1","1","100","0.0855725932287838","80","20","0.2475284121173925","0.11470855012202182","0.7788078600988755","0.08416801524439291"
"557","100","0.4","0.35","144","5","periodic","60","0.2","0.5","0.1","1","0.05","500","2000","0.5","0.01","true","false","all","5","8","1.5","0.3","1","mixed","0.8","0.1","0.2","3000","0","16.429862512545853","70.83938181253772","0.39355212118076516","79.79794679692684","28.38179117345347","0.4433219266495935","0.15767661763029706","1234.635250908837","1238.6688415163858","1218.500888478643","1.0165514471334718","1453.798762782142","755.538695134982","4246.839033370778","0.17790612952318563","0.012075795184082638","0.5341234819679436","0.5341234819679436","0.5187352710206213","0.48975683393922476","0.492445894344257","0.4790005923190955","100","0.08427195330438177","80","20","0.26500924454425023","0.13477926077600427","0.7859291796172344","0.08307904964027649"
"558","100","0.4","0.35","144","5","periodic","60","0.2","0.5","0.1","1","0.05","500","2000","0.5","0.01","true","false","all","5","8","1.5","0.3","1","mixed","0.8","0.1","0.2","3000","16","28.761773816212028","100.63900254022482","0.5591055696679157","97.92235362737522","110.23300706045659","0.5440130757076401","0.6124055947803144","16287.523830894179","16319.676719219797","16158.912277591688","1.0099489643155652","1258.4552002572998","777.0178768596212","3184.2044938480153","0.24402260544536156","0.010336610789565714","1","1","1","1","1","1","100","0.07171136051152446","80","20","0.2691411947576067","0.12964635668224378","0.8271205470590587","0.08979945329118925"
"559","100","0.4","0.35","144","5","periodic","60","0.2","0.5","0.1","1","0.05","500","2000","0.5","0.01","true","false","all","5","8","1.5","0.3","1","mixed","0.8","0.1","0.2","3000","0","15.790075569743266","106.97673401261751","0.5943151889589862","98.91240104607945","107.35593501365773","0.5495133391448859","0.5964218611869874","912.0503608858177","914.0040077415302","904.2357734629683","1.010802751412004","1339.1337910654408","817.7324241093924","3424.7392588896337","0.23877216987739874","0.017682727006104182","0.32731048774553556","0.32731048774553556","0.3050269609305161","0.27470024059054515","0.2760026718276868","0.2694905156419788","100","0.07043886389675641","80","20","0.2531993849368623","0.11711019467565034","0.7975561459817098","0.08704960268649187"
"560","100","0.4","0.35","144","5","periodic","60","0.2","0.5","0.1","1","0.05","500","2000","0.5","0.01","true","false","all","5","8","1.5","0.3","1","mixed","0.8","0.1","0.2","3000","69","26.643939516886903","83.72747702345235","0.46515265013029083","83.89296948910315","79.74163289551832","0.4660720527172397","0.44300907164176845","13323.136563818154","13391.308291102392","13050.449654681204","1.02611853579305","1463.5568244427245","686.0043877719552","4573.766571125803","0.14998675098609146","0.01150260647745438","1","1","1","1","1","1","100","0.07932743719790501","80","20","0.2567378747691903","0.1214164862727779","0.79802342875484","0.08818171547850404"
"561","100","0.4","0.35","144","5","periodic","60","0.2","0.5","0.1","1","0.05","500","2000","0.5","0.01","true","false","all","5","8","1.5","0.3","1","mixed","0.8","0.1","0.2","3000","100","32.4167381128313","73.88940497597946","0.410496694310997","84.1542677344722","30.96503323725735","0.4675237096359567","0.1720279624292075","6265.573918231452","6291.535631255147","6161.727066136662","1.0210669125271519","1459.662326500521","813.5099357651089","4044.2718894421705","0.20115114858840932","0.014201169585566609","1","1","1","1","1","1","100","0.07392717092542973","80","20","0.25798629294584463","0.1266634373608716","0.7832777152857359","0.08355972382399178"
"562","100","0.4","0.35","144","5","periodic","60","0.2","0.5","0.1","1","0.05","500","2000","0.5","0.01","true","false","all","5","8","1.5","0.3","1","mixed","0.8","0.1","0.2","3000","8","25.81657527716223","87.57624531656005","0.48653469620311135","96.14513304328464","53.929160775377184","0.534139628018248","0.29960644875209547","8150.574840606806","8168.554810321245","8078.65496174907","1.0111280713185344","1438.9723354509154","922.3643502163634","3505.4042763891184","0.26312638357550067","0.01573660205321703","1","1","1","1","1","1","100","0.07250154821624068","80","20","0.2629268597691669","0.12070306569569045","0.831822036063073","0.09501685174708262"
"563","100","0.4","0.35","144","5","periodic","60","0.2","0.5","0.1","1","0.05","500","2000","0.5","0.01","true","false","all","5","8","1.5","0.3","1","mixed","0.8","0.1","0.2","3000","141","25.838212120257822","72.11547327471114","0.40064151819283966","80.50323091981653","33.1137589888328","0.4472401717767585","0.1839653277157378","7886.5798762832455","7912.19641709197","7784.11371304836","1.016454372169423","1408.1802250502951","789.0899765090634","3884.541219215223","0.20313595144923696","0.01347875857750691","1","1","1","1","1","1","100","0.08346992764468975","80","20","0.2784138405980201","0.14581723705383928","0.808800254774743","0.08770701401137612"
"564","100","0.4","0.35","144","5","periodic","60","0.2","0.5","0.1","1","0.05","500","2000","0.5","0.01","true","false","all","5","8","1.5","0.3","1","mixed","0.8","0.1","0.2","3000","71","29.901375661450743","71.24576939976718","0.39580982999870656","80.27844877815708","35.149674970543394","0.4459913821008727","0.19527597205857442","1813.6057748273345","1814.628744687029","1809.5138953885512","1.0028266427306876","1111.8264106308006","722.6167669909313","2668.6649851902775","0.27077837458095494","0.015607711262279444","0.9505676161013192","0.9505676161013192","0.9224327395375619","0.8757371832182226","0.8764191631246863","0.8730092635923672","100","0.07531799287541836","80","20","0.26067618713707225","0.12782012863845385","0.7921004211315462","0.08359052780574697"
"565","100","0.4","0.35","144","5","periodic","60","0.2","0.5","0.1","1","0.05","500","2000","0.5","0.01","true","false","all","5","8","1.5","0.3","1","mixed","0.8","0.1","0.2","3000","12","23.10376053842934","62.68165714908643","0.34823142860603573","74.2213949139987","17.706015820096674","0.4123410828555483","0.09836675455609263","1277.4013188129552","1283.6100015433572","1252.5665878913462","1.0247838429925487","1295.966833771544","644.7210180770111","3900.9500965496763","0.16527281870312976","0.014420680058321755","0.5687652093691707","0.5687652093691707","0.5494345152857585","0.5182675458753034","0.5224066676955712","0.5017110585942306","100","0.07309203778508112","80","20","0.25449328620888734","0.11339127401534407","0.8189013349830608","0.09318855279762535"
"566","100","0.4","0.35","144","5","periodic","60","0.2","0.5","0.1","1","0.05","500","2000","0.5","0.01","true","false","all","5","8","1.5","0.3","1","mixed","0.8","0.1","0.2","3000","0","37.095934245573","72.43303538591643","0.40240575214398017","79.44753974169213","33.930910661529786","0.4413752207871785","0.18850505923072103","3211.2944168060335","3220.259475770202","3175.4341809493576","1.014116272694225","1354.956886909908","749.9358930204738","3775.0408624676397","0.1986563643526395","0.022327621461331715","1","1","1","1","1","1","100","0.0896763795711437","80","20","0.24130074887236702","0.10041221983078083","0.8048548650387121","0.09120875532734751"
"567","100","0.4","0.35","144","5","periodic","60","0.2","0.5","0.1","1","0.05","500","2000","0.5","0.01","true","false","all","5","8","1.5","0.3","1","mixed","0.8","0.1","0.2","3000","103","27.64540488404826","80.50790581977573","0.4472661434431985","89.02425998718353","45.329263026319936","0.49457922215101957","0.25182923903511073","16818.53690532953","16894.931877981566","16512.957014721393","1.0231318268993037","1273.0046954760576","655.6568648734755","3742.3960178863854","0.17519708276190793","0.009755213444170518","1","1","1","1","1","1","100","0.08035207094571196","80","20","0.24132345776187253","0.1089459559430718","0.770833465037076","0.08293310114779949"
"568","100","0.4","0.35","144","5","periodic","60","0.2","0.5","0.1","1","0.05","500","2000","0.5","0.01","true","false","all","5","8","1.5","0.3","1","mixed","0.8","0.1","0.2","3000","133","31.839545233358066","64.68300863546455","0.359350047974803","73.22129454824588","27.439229862387684","0.40678496971247713","0.1524401659021538","5390.733872593276","5397.517431889607","5363.59963540795","1.0063237002735528","1539.7537290398232","813.3340714094833","4445.432359561185","0.18295949766509742","0.015961391377270928","1","1","1","1","1","1","100","0.08558510442532456","80","20","0.2709454299499401","0.12900255409787537","0.8387169333581989","0.09540530016922014"
"569","100","0.4","0.35","144","5","periodic","60","0.2","0.5","0.1","1","0.05","500","2000","0.5","0.01","true","false","all","5","8","1.5","0.3","1","mixed","0.8","0.1","0.2","3000","31","32.32169148031009","72.8043847108152","0.40446880394897333","75.06065665777881","61.35440628328429","0.41700364809877116","0.3408578126849127","6849.165926173197","6862.769149689795","6794.7530321067925","1.0100100941508265","1607.1416890758037","838.3924923496731","4682.138475980324","0.17906187453674888","0.014598516215549084","1","1","1","1","1","1","100","0.094812220016623","80","20","0.26279238820158235","0.1251828739183747","0.8132304453344126","0.09023647872470573"
"571","100","0.4","0.35","144","5","periodic","60","0.2","0.5","0.1","1","0.05","500","2000","0.5","0.01","true","false","all","5","8","1.5","0.3","1","mixed","0.8","0.1","0.2","3000","51","31.23874662522536","107.47516078371241","0.5970842265761801","102.32171768977484","124.58380066357958","0.5684539871654158","0.6921322259087754","4311.83608198504","4334.812797855075","4219.929218504907","1.0272240536278165","1582.4919755409157","779.8954120240659","4792.878229608314","0.16271963831799685","0.013758405528596418","1","1","1","1","1","1","100","0.09080674558515278","80","20","0.2611149481368889","0.12690345733830471","0.7979609113312253","0.08280805609087093"
"570","100","0.4","0.35","144","5","periodic","60","0.2","0.5","0.1","1","0.05","500","2000","0.5","0.01","true","false","all","5","8","1.5","0.3","1","mixed","0.8","0.1","0.2","3000","103","31.000321531491593","70.01108712377182","0.38895048402095456","79.16484300252833","30.905736120582635","0.4398046833473796","0.17169853400323687","8685.121944408596","8732.426069220808","8495.90544515974","1.0278393663380299","1419.4797904479262","834.1458476073094","3760.815561810392","0.22179919060049993","0.011640224577422975","1","1","1","1","1","1","100","0.07729148215286176","80","20","0.24498488387897846","0.11122918423846417","0.7800076824410357","0.0825570401372511"
"572","100","0.4","0.35","144","5","periodic","60","0.2","0.5","0.1","1","0.05","500","2000","0.5","0.01","true","false","all","5","8","1.5","0.3","1","mixed","0.8","0.1","0.2","3000","0","33.71780455905501","101.30810767841974","0.5628228204356652","99.22425607434548","106.20497991734274","0.5512458670796971","0.5900276662074597","13383.93053141904","13399.284264561726","13322.515598848258","1.0057623250762118","1367.6843346675198","762.2511793790771","3789.41695582129","0.20115262803374254","0.011061079041638555","1","1","1","1","1","1","100","0.09618233204554268","80","20","0.2341272707350421","0.0969680712918362","0.7827640685078661","0.08435132761605268"
"573","100","0.4","0.35","144","5","periodic","60","0.2","0.5","0.1","1","0.05","500","2000","0.5","0.01","true","false","all","5","8","1.5","0.3","1","mixed","0.8","0.1","0.2","3000","0","30.090414107855494","69.49158071573709","0.3860643373096505","75.84578637722194","36.336098561558984","0.42136547987345524","0.20186721423088325","3590.6618220021164","3610.8015117300515","3510.1030630903647","1.0286881743440983","1479.1812586021194","816.1492526966706","4131.309282223913","0.1975522036581419","0.02094067047778969","1","1","1","1","1","1","100","0.07733309826889799","80","20","0.24650931051958097","0.11093939156799479","0.7887889863259261","0.08624301793201541"
"574","100","0.4","0.35","144","5","periodic","60","0.2","0.5","0.1","1","0.05","500","2000","0.5","0.01","true","false","all","5","8","1.5","0.3","1","mixed","0.8","0.1","0.2","3000","26","26.560935324749536","79.01701297801273","0.43898340543340403","84.45694648692893","38.21602736569945","0.46920525826071624","0.21231126314277474","4462.626141015637","4480.970608141889","4389.248272510627","1.0208970488649975","1489.5750995527414","829.2035415207984","4131.061331680512","0.20072409362740667","0.01092629993473837","1","1","1","1","1","1","100","0.06691350169268097","80","20","0.27367919259496687","0.13629710991129246","0.8232075233296644","0.09086885809918893"
"575","100","0.4","0.35","144","5","periodic","60","0.2","0.5","0.1","1","0.05","500","2000","0.5","0.01","true","false","all","5","8","1.5","0.3","1","mixed","0.8","0.1","0.2","3000","36","25.017096031675877","105.12497701327884","0.5840276500737713","102.2646415486345","71.99999999999991","0.5681368974924139","0.3999999999999995","1810.4371483397204","1817.33556706934","1782.8434734212435","1.0193466752198426","1440.1182572219434","804.2056806231668","3983.768563617051","0.20187058253529436","0.017836658197733612","0.9624367766929607","0.9624367766929607","0.9217453325682612","0.8736247655598136","0.8782237113795602","0.8552289822808291","100","0.08145821624271411","80","20","0.24740703445845383","0.11150141760384422","0.7910295018768927","0.08745187154010961"
"576","100","0.4","0.35","144","5","periodic","60","0.2","0.5","0.1","1","0.05","500","2000","0.5","0.01","true","false","all","5","8","1.5","0.3","1","mixed","0.8","0.1","0.2","3000","36","26.732987225221606","101.05956039282337","0.5614420021823521","96.03076797130018","123.77456585044357","0.5335042665072233","0.6876364769469087","1657.2381037418327","1660.3873317668756","1644.6411916416596","1.009574209988927","1309.273607522517","610.4339247589337","4104.632338576855","0.14871829542973913","0.018125786382703568","0.8585352171411135","0.8585352171411135","0.8334687215716061","0.7714920691612218","0.7735915545112506","0.7630941277611065","100","0.08967264068152224","80","20","0.26761254712048393","0.13351674356864585","0.8039957613278361","0.08768259312683864"
"577","100","0.4","0.35","144","5","periodic","60","0.2","0.5","0.1","1","0.05","500","2000","0.5","0.01","true","false","all","5","8","1.5","0.3","1","mixed","0.8","0.1","0.2","3000","0","16.58576001344693","80.86062777349115","0.4492257098527286","88.86576049325024","48.40874765887027","0.49369866940694573","0.2689374869937237","1211.7499154047011","1216.3339535517193","1193.4137628166288","1.0192055693081632","1452.3535724550927","740.651899324752","4299.160264976455","0.17227827149374914","0.01494804830421348","0.5328704640318016","0.5328704640318016","0.5002950865837296","0.47449994360313386","0.4775559690344792","0.46227584187775267","100","0.08490268772403842","80","20","0.2647772481875189","0.13646143000954156","0.778040520899429","0.08394112753328067"
"578","100","0.4","0.35","144","5","periodic","60","0.2","0.5","0.1","1","0.05","500","2000","0.5","0.01","true","false","all","5","8","1.5","0.3","1","mixed","0.8","0.1","0.2","3000","0","29.349581864568407","77.9263399007242","0.4329241105595789","81.52580323312198","54.900896086744424","0.4529211290728999","0.30500497825969125","3421.078834882608","3428.7496528538445","3390.395562997664","1.0113125708028794","1545.407055452431","792.6670159296077","4556.367213543721","0.17396908080047174","0.02017045467042089","1","1","1","1","1","1","100","0.08941913447144353","80","20","0.24792655747071468","0.10785259231091468","0.8082224181099147","0.08974820736018939"
"580","100","0.4","0.35","144","5","periodic","60","0.2","0.5","0.1","1","0.05","500","2000","0.5","0.01","true","false","all","5","8","1.5","0.3","1","mixed","0.8","0.1","0.2","3000","0","27.118330787253242","91.11494757332017","0.5061941531851121","89.4229668847029","97.67469125935182","0.4967942604705717","0.5426371736630656","8310.621685869366","8330.542192977227","8230.939657437917","1.0121009920719446","1520.183171976682","791.1409212769017","4436.352174775808","0.178331406098724","0.01451504455349406","1","1","1","1","1","1","100","0.08421195917987165","80","20","0.2509977165213308","0.12386581490129767","0.7595253230014636","0.08237595391116162"
"579","100","0.4","0.35","144","5","periodic","60","0.2","0.5","0.1","1","0.05","500","2000","0.5","0.01","true","false","all","5","8","1.5","0.3","1","mixed","0.8","0.1","0.2","3000","-1","45.911668152554235","84.44101015328759","0.46911672307381996","83.1109070802777","67.2095453220124","0.4617272615570983","0.3733863629000689","21751.733324940364","21781.394918709062","21633.08694986559","1.0068556082258246","1270.0601132435538","784.237307409677","3213.351336579062","0.2440558859787106","0.009687309993010373","1","1","1","1","1","1","100","0.08391825147771964","80","20","0.265160592751614","0.12169053869453536","0.8390408089799288","0.09478447067469797"
"581","100","0.4","0.35","144","5","periodic","60","0.2","0.5","0.1","1","0.05","500","2000","0.5","0.01","true","false","all","5","8","1.5","0.3","1","mixed","0.8","0.1","0.2","3000","21","22.942388793951096","63.72940437595532","0.3540522465330851","67.34107638441137","49.40665998266344","0.3741170910245076","0.2744814443481302","1570.7556567701704","1573.3170170073913","1560.5102158212874","1.0082068038108705","1334.285451691021","816.256788662709","3406.400103804269","0.23962446095252085","0.016264812897155867","0.7970395376691615","0.7970395376691615","0.7754897705053401","0.7138371045134471","0.7155446780049276","0.7070068105475249","100","0.07063243666143729","80","20","0.26329167538305903","0.13373693877240078","0.7815106218256916","0.08268567388480687"
"582","100","0.4","0.35","144","5","periodic","60","0.2","0.5","0.1","1","0.05","500","2000","0.5","0.01","true","false","all","5","8","1.5","0.3","1","mixed","0.8","0.1","0.2","3000","51","28.338831098839037","95.94681568827049","0.5330378649348361","99.13731014826546","31.948309462665954","0.5507628341570303","0.17749060812592196","13257.398497212429","13305.453791563148","13065.177319809523","1.0183906016636541","1514.1728440152865","850.4047809852084","4169.2450961356035","0.2039709255216088","0.01058195552763408","1","1","1","1","1","1","100","0.09537078803529463","80","20","0.2358777577243447","0.09432633759381198","0.8020834382464754","0.09122769929144155"
"583","100","0.4","0.35","144","5","periodic","60","0.2","0.5","0.1","1","0.05","500","2000","0.5","0.01","true","false","all","5","8","1.5","0.3","1","mixed","0.8","0.1","0.2","3000","5","46.23835346485639","110.09043743485708","0.6116135413047615","99.40696454324656","145.64351517478661","0.5522609141291476","0.8091306398599256","15444.744864564003","15526.675962662648","15117.020472169377","1.027098957181903","1511.2205031701048","838.5369890868412","4201.954559503157","0.1995587951303288","0.013441370529000407","1","1","1","1","1","1","100","0.08283117683275189","80","20","0.26075992281199445","0.11711642939439962","0.8353338964823737","0.09614547404151365"
"584","100","0.4","0.35","144","5","periodic","60","0.2","0.5","0.1","1","0.05","500","2000","0.5","0.01","true","false","all","5","8","1.5","0.3","1","mixed","0.8","0.1","0.2","3000","48","29.73252589745185","95.96535747547901","0.5331408748637723","94.96366657185277","91.38691378165305","0.5275759253991821","0.5077050765647392","5011.786627703314","5027.218115085428","4950.060678174853","1.0155871699211216","1486.2787806323686","853.548155639862","4017.2012806023936","0.2124733355436624","0.015515626068005606","1","1","1","1","1","1","100","0.09782449800273223","80","20","0.2645749545079122","0.12652080371842644","0.8167915576658556","0.09058233237091551"
"585","100","0.4","0.35","144","5","periodic","60","0.2","0.5","0.1","1","0.05","500","2000","0.5","0.01","true","false","all","5","8","1.5","0.3","1","mixed","0.8","0.1","0.2","3000","0","22.868483520973513","76.76275601327099","0.4264597556292833","82.70823556401493","33.59977442281189","0.4594901975778607","0.18666541346006607","1530.4585860868287","1531.8442741078834","1524.915834002611","1.0045434901722323","1317.6585023577798","796.977410654644","3400.3828691703247","0.23437872772518184","0.01300504292797533","0.7493937907860365","0.7493937907860365","0.7287054265713672","0.6869723907245526","0.6878961827385892","0.6832772226684074","100","0.0785516740015667","80","20","0.26310664168570014","0.1325571947247024","0.785304429529691","0.08136530612383465"
"586","100","0.4","0.35","144","5","periodic","60","0.2","0.5","0.1","1","0.05","500","2000","0.5","0.01","true","false","all","5","8","1.5","0.3","1","mixed","0.8","0.1","0.2","3000","-1","32.83432872517248","97.3708147534143","0.5409489708523016","96.9461243659342","31.792003227783102","0.5385895798107455","0.17662224015435057","21732.86765342557","21764.23555743767","21607.396037377133","1.0072586034795323","1301.8843549932267","737.0370473982389","3561.2735853731756","0.20695883922689612","0.011060012411456821","1","1","1","1","1","1","100","0.08001273855793617","80","20","0.2581541519238033","0.12049399350971253","0.8087947855801664","0.08942623058630586"
"588","100","0.4","0.35","144","5","periodic","60","0.2","0.5","0.1","1","0.05","500","2000","0.5","0.01","true","false","all","5","8","1.5","0.3","1","mixed","0.8","0.1","0.2","3000","109","31.121815518207384","107.79994532085708","0.5988885851158726","100.41315378813121","111.55569453655167","0.5578508543785067","0.6197538585363982","5333.655843510599","5353.680054111401","5253.55900110739","1.0190577574141466","1328.8739940244727","654.2131302869897","4027.5174489744045","0.16243582767185355","0.012789603064244481","1","1","1","1","1","1","100","0.08357183812476018","80","20","0.26151117249380496","0.12806109780091698","0.7953114712653566","0.08461328678207763"
"587","100","0.4","0.35","144","5","periodic","60","0.2","0.5","0.1","1","0.05","500","2000","0.5","0.01","true","false","all","5","8","1.5","0.3","1","mixed","0.8","0.1","0.2","3000","58","34.458453397506446","77.2600800759205","0.4292226670884472","89.65787588615505","22.658702322318426","0.4980993104786392","0.1258816795684357","11144.729267702332","11200.40109372805","10922.041963599439","1.0254859971291372","1412.331804674145","722.1474576903216","4173.0691926094405","0.1730494809358191","0.012721127216994699","1","1","1","1","1","1","100","0.08224039633341547","80","20","0.2284986449623486","0.09251464523970704","0.7724346438529144","0.08549630959330101"
"589","100","0.4","0.35","144","5","periodic","60","0.2","0.5","0.1","1","0.05","500","2000","0.5","0.01","true","false","all","5","8","1.5","0.3","1","mixed","0.8","0.1","0.2","3000","106","39.66888722353072","66.99536274298553","0.372196459683253","72.28133305426202","45.03463594173916","0.40156296141256675","0.2501924218985509","10990.426031233934","11012.738877483162","10901.174646237043","1.0102341476828487","1321.615128671433","739.2186557158589","3651.2010204937287","0.2024590406188863","0.01044147572049936","1","1","1","1","1","1","100","0.08148588357874195","80","20","0.2545109327885789","0.11753747514476279","0.802404763363844","0.08540696519192635"
"591","100","0.4","0.35","144","5","periodic","60","0.2","0.5","0.1","1","0.05","500","2000","0.5","0.01","true","false","all","5","8","1.5","0.3","1","mixed","0.8","0.1","0.2","3000","111","32.9172628053615","67.3646423470616","0.3742480130392311","76.68753026380716","29.78489787099766","0.42604183479892865","0.16547165483887588","11082.887765674517","11133.059266772583","10882.201761282236","1.0230520910191971","1516.2083486409124","779.5327772291686","4462.910634287893","0.17466914332546377","0.010375064328037586","1","1","1","1","1","1","100","0.09292604216634538","80","20","0.2990505313560659","0.1626284245980315","0.8447389583882037","0.09155082574228483"
"590","100","0.4","0.35","144","5","periodic","60","0.2","0.5","0.1","1","0.05","500","2000","0.5","0.01","true","false","all","5","8","1.5","0.3","1","mixed","0.8","0.1","0.2","3000","16","39.81124809572536","99.55929279899743","0.5531071822166524","100.46095592793186","83.27223555640391","0.5581164218218437","0.4626235308689106","18063.607319095827","18116.467839858393","17852.165236045534","1.014805072679879","1422.6799161795382","854.2390363054476","3696.443435675901","0.2310975539516806","0.010381240827768146","1","1","1","1","1","1","100","0.08434254461050972","80","20","0.2832420352545796","0.14797181362656203","0.8243229217666489","0.08745971313002748"
"592","100","0.4","0.35","144","5","periodic","60","0.2","0.5","0.1","1","0.05","500","2000","0.5","0.01","true","false","all","5","8","1.5","0.3","1","mixed","0.8","0.1","0.2","3000","131","35.72858937500256","70.6407800542345","0.3924487780790805","80.20057619717358","30.412716272177203","0.4455587566509643","0.16895953484542892","17570.802748071044","17655.911794297637","17230.366563164713","1.0246973986057064","1339.6941914480071","711.4468585654702","3852.6835229781573","0.18466267844796022","0.011577252053404541","1","1","1","1","1","1","100","0.08620900421998032","80","20","0.2538695457334204","0.1216117872364183","0.7829005797214287","0.08482177634857327"
"593","100","0.4","0.35","144","5","periodic","60","0.2","0.5","0.1","1","0.05","500","2000","0.5","0.01","true","false","all","5","8","1.5","0.3","1","mixed","0.8","0.1","0.2","3000","3","25.91405852093287","74.7197813647052","0.41510989647058444","82.50727824695089","35.22880255464803","0.45837376803861607","0.1957155697480446","1752.5915387902098","1758.4744624308646","1729.059844227592","1.017011914481429","1303.5725083832472","731.319619875653","3592.5840624136263","0.20356367649872775","0.013049580696975704","0.8970732058633556","0.8970732058633556","0.8753614105267582","0.8350610258601405","0.8389829749539096","0.8193732294850615","100","0.08822956236048428","80","20","0.2614850397165157","0.12613320625371616","0.8028923735677134","0.08650596522804177"
"594","100","0.4","0.35","144","5","periodic","60","0.2","0.5","0.1","1","0.05","500","2000","0.5","0.01","true","false","all","5","8","1.5","0.3","1","mixed","0.8","0.1","0.2","3000","-1","26.631489717481728","82.15692057452414","0.45642733652513406","88.1854640935727","43.69162539269776","0.4899192449642928","0.24273125218165423","21714.024508127943","21719.99594051794","21690.138778567944","1.0013765316236471","1230.3097457783424","794.5401901876221","2973.3879681412245","0.26721712696117444","0.008738537518907963","1","1","1","1","1","1","100","0.08129286814774836","80","20","0.26031388667899086","0.12270396208785195","0.8107535850435461","0.09352659613683331"
"596","100","0.4","0.35","144","5","periodic","60","0.2","0.5","0.1","1","0.05","500","2000","0.5","0.01","true","false","all","5","8","1.5","0.3","1","mixed","0.8","0.1","0.2","3000","41","19.51206696187529","80.22518558806377","0.44569547548924315","86.13507524804537","32.19046652288948","0.47852819582247424","0.1788359251271638","1728.3304095543397","1731.5506770892","1715.4493394149001","1.0093860758836464","1497.7183163939376","725.9671138125966","4584.723126719303","0.1583448103074608","0.014088768773307336","0.8883893481303445","0.8883893481303445","0.8718279584677466","0.8188869397028934","0.8210337847261326","0.8102995596099334","100","0.08341448304995984","80","20","0.2746756902932266","0.1447053626051888","0.7945570010453775","0.08411331352273177"
"595","100","0.4","0.35","144","5","periodic","60","0.2","0.5","0.1","1","0.05","500","2000","0.5","0.01","true","false","all","5","8","1.5","0.3","1","mixed","0.8","0.1","0.2","3000","132","41.18645470763201","92.60326971061119","0.5144626095033955","93.26034611147487","63.77729803630602","0.5181130339526382","0.35431832242392236","15531.2817527096","15576.969495946445","15348.530779762194","1.0148834256165713","1433.5707116114468","873.9484302793657","3672.0598369397717","0.23799950684019863","0.012857925663943837","1","1","1","1","1","1","100","0.08533150849711879","80","20","0.2560732146834563","0.1188200788934773","0.8050857578433724","0.09272311402316608"
"597","100","0.4","0.35","144","5","periodic","60","0.2","0.5","0.1","1","0.05","500","2000","0.5","0.01","true","false","all","5","8","1.5","0.3","1","mixed","0.8","0.1","0.2","3000","41","21.287790945518594","110.30110069771845","0.6127838927651025","105.2431219746016","101.61617623729371","0.5846840109700089","0.5645343124294095","977.6722645252272","983.3511513977385","954.9567170351854","1.02973373960938","1406.3829562237183","847.3613197233702","3642.469502225113","0.23263374455317568","0.023752280113438218","0.38053843111847646","0.38053843111847646","0.3440847207114567","0.31844817635015155","0.32223410093182525","0.3033044780234569","100","0.07690113549907177","80","20","0.2780890749579894","0.14639943181333645","0.8048476475366015","0.08593042599374044"
"601","100","0.4","0.35","144","5","periodic","60","0.2","0.5","0.1","1","0.05","500","2000","0.5","0.01","true","false","all","5","8","1.5","0.3","1","mixed","0.8","0.15","0","3000","0","33.77203361583649","91.46451165773264","0.5081361758762925","91.46451165773264","0","0.5081361758762925","0","19892.524314890004","19892.524314890004","0","0","705.2767816712576","705.2767816712576","0","0","0.010364909901773967","1","1","0","1","1","0","100","0.09167506593209765","100","0","0.15271679093354745","0.15271679093354745","0","0.017483330294320195"
"602","100","0.4","0.35","144","5","periodic","60","0.2","0.5","0.1","1","0.05","500","2000","0.5","0.01","true","false","all","5","8","1.5","0.3","1","mixed","0.8","0.15","0","3000","0","22.934712574941216","93.83847586440082","0.5213248659133379","93.83847586440082","0","0.5213248659133379","0","7904.691752962515","7904.691752962515","0","0","900.9532397136385","900.9532397136385","0","0","0.015200145807835908","1","1","0","1","1","0","100","0.07452876442860962","100","0","0.17657870673158688","0.17657870673158688","0","0.017742549825328312"
"599","100","0.4","0.35","144","5","periodic","60","0.2","0.5","0.1","1","0.05","500","2000","0.5","0.01","true","false","all","5","8","1.5","0.3","1","mixed","0.8","0.1","0.2","3000","0","19.413970263447254","72.77299390557673","0.40429441058653737","79.78763382956983","39.51653504699115","0.44326463238649905","0.2195363058166175","1210.6928518808154","1213.3098024839285","1200.225049468362","1.010901916287585","1449.4456371793424","915.6309619906693","3584.704337934035","0.255427191665791","0.01365610313755683","0.5443337781524586","0.5443337781524586","0.49318739440133336","0.47379523458721023","0.4755398683226192","0.46681669964557465","100","0.08514128897711992","80","20","0.24254037914330703","0.10653353671100814","0.7865677488725026","0.0833890834175268"
"604","100","0.4","0.35","144","5","periodic","60","0.2","0.5","0.1","1","0.05","500","2000","0.5","0.01","true","false","all","5","8","1.5","0.3","1","mixed","0.8","0.15","0","3000","1","15.315565983886543","89.62262981653988","0.4979034989807771","89.62262981653988","0","0.4979034989807771","0","749.5213895646973","749.5213895646973","0","0","849.0611972264842","849.0611972264842","0","0","0.02193873118723011","0.20387578332638093","0.20387578332638093","0","0.1663475930431316","0.1663475930431316","0","100","0.0749698982596839","100","0","0.17841983680293397","0.17841983680293397","0","0.02310204215522353"
"603","100","0.4","0.35","144","5","periodic","60","0.2","0.5","0.1","1","0.05","500","2000","0.5","0.01","true","false","all","5","8","1.5","0.3","1","mixed","0.8","0.15","0","3000","0","16.33707121535808","87.76065985741","0.4875592214300556","87.76065985741","0","0.4875592214300556","0","1181.2491921476196","1181.2491921476196","0","0","851.3977598070601","851.3977598070601","0","0","0.016156356263591576","0.5047188512249761","0.5047188512249761","0","0.45416612809841317","0.45416612809841317","0","100","0.07870959696857462","100","0","0.1888170598975779","0.1888170598975779","0","0.017083124613613093"
"598","100","0.4","0.35","144","5","periodic","60","0.2","0.5","0.1","1","0.05","500","2000","0.5","0.01","true","false","all","5","8","1.5","0.3","1","mixed","0.8","0.1","0.2","3000","91","14.297974947377497","94.97032889379234","0.5276129382988464","99.49136042411587","22.762023176440692","0.552729780133977","0.1264556843135594","3665.3896255512796","3679.5943541661145","3608.5707110919466","1.0196819319227572","1434.4688340412204","645.8742315799384","4588.847243886346","0.14074868856016665","0.014479985361182113","1","1","1","1","1","1","100","0.0694499084716451","80","20","0.26805336675137126","0.13303989879687964","0.8081072385693382","0.08571415485891243"
"605","100","0.4","0.35","144","5","periodic","60","0.2","0.5","0.1","1","0.05","500","2000","0.5","0.01","true","false","all","5","8","1.5","0.3","1","mixed","0.8","0.15","0","3000","0","20.385929777592636","90.86509566923264","0.5048060870512925","90.86509566923264","0","0.5048060870512925","0","1318.341785722152","1318.341785722152","0","0","966.1602890548286","966.1602890548286","0","0","0.015100383764315106","0.6038023524013065","0.6038023524013065","0","0.5455611904814345","0.5455611904814345","0","100","0.08912015771777286","100","0","0.14366681317467583","0.14366681317467583","0","0.019087273554487312"
"600","100","0.4","0.35","144","5","periodic","60","0.2","0.5","0.1","1","0.05","500","2000","0.5","0.01","true","false","all","5","8","1.5","0.3","1","mixed","0.8","0.1","0.2","3000","0","18.94011025285883","76.78810232722411","0.4266005684845784","84.04727396895211","36.24475038734157","0.46692929982751175","0.20135972437411984","721.1437283275109","724.0849164250334","709.3789759374195","1.0207307250235051","1468.0325332031578","867.3535463587772","3870.748480580683","0.22407902520926856","0.01955424672905881","0.18622686025988644","0.18622686025988644","0.18254519670837657","0.1474291522183405","0.14938994428335567","0.13958598395827965","100","0.076517563191943","80","20","0.2420690983038036","0.1012776089130342","0.8052350558668813","0.09196233480472636"
"606","100","0.4","0.35","144","5","periodic","60","0.2","0.5","0.1","1","0.05","500","2000","0.5","0.01","true","false","all","5","8","1.5","0.3","1","mixed","0.8","0.15","0","3000","11","16.572479935950355","80.5061981160853","0.4472566562004739","80.5061981160853","0","0.4472566562004739","0","3138.1027972718275","3138.1027972718275","0","0","846.0480936051069","846.0480936051069","0","0","0.022974191405768396","1","1","0","1","1","0","100","0.07623289326981648","100","0","0.14353153536258972","0.14353153536258972","0","0.012014460475081076"
"610","100","0.4","0.35","144","5","periodic","60","0.2","0.5","0.1","1","0.05","500","2000","0.5","0.01","true","false","all","5","8","1.5","0.3","1","mixed","0.8","0.15","0","3000","56","17.493666635672426","93.13988673579316","0.5174438151988509","93.13988673579316","0","0.5174438151988509","0","1157.246788241653","1157.246788241653","0","0","826.1851795690548","826.1851795690548","0","0","0.020920541258159675","0.49903065813152825","0.49903065813152825","0","0.43816452549443574","0.43816452549443574","0","100","0.07227994105168283","100","0","0.1453327581368308","0.1453327581368308","0","0.015330249314042527"
"611","100","0.4","0.35","144","5","periodic","60","0.2","0.5","0.1","1","0.05","500","2000","0.5","0.01","true","false","all","5","8","1.5","0.3","1","mixed","0.8","0.15","0","3000","0","11.470324776196321","96.74463405839396","0.5374701892132998","96.74463405839396","0","0.5374701892132998","0","853.3838573370822","853.3838573370822","0","0","877.4933437249513","877.4933437249513","0","0","0.01889736915952489","0.290231995632477","0.290231995632477","0","0.2355892382247213","0.2355892382247213","0","100","0.09934514794146168","100","0","0.16850025623547318","0.16850025623547318","0","0.016937274271624125"
"608","100","0.4","0.35","144","5","periodic","60","0.2","0.5","0.1","1","0.05","500","2000","0.5","0.01","true","false","all","5","8","1.5","0.3","1","mixed","0.8","0.15","0","3000","46","19.69388956176344","97.584955341956","0.5421386407886445","97.584955341956","0","0.5421386407886445","0","1033.642264187626","1033.642264187626","0","0","842.361141261294","842.361141261294","0","0","0.022870594429799773","0.43197839815446804","0.43197839815446804","0","0.3557615094584179","0.3557615094584179","0","100","0.08398271767219809","100","0","0.15905408522398373","0.15905408522398373","0","0.014982130496002555"
"609","100","0.4","0.35","144","5","periodic","60","0.2","0.5","0.1","1","0.05","500","2000","0.5","0.01","true","false","all","5","8","1.5","0.3","1","mixed","0.8","0.15","0","3000","46","19.51893869682982","94.71343243210652","0.5261857357339251","94.71343243210652","0","0.5261857357339251","0","6082.799728322794","6082.799728322794","0","0","848.0216269849005","848.0216269849005","0","0","0.015423319429767934","1","1","0","1","1","0","100","0.07870709953455013","100","0","0.17719185020036077","0.17719185020036077","0","0.016346965949835344"
"607","100","0.4","0.35","144","5","periodic","60","0.2","0.5","0.1","1","0.05","500","2000","0.5","0.01","true","false","all","5","8","1.5","0.3","1","mixed","0.8","0.15","0","3000","126","16.122198354631493","91.40703021306209","0.5078168345170115","91.40703021306209","0","0.5078168345170115","0","4095.8303050320205","4095.8303050320205","0","0","880.272936959413","880.272936959413","0","0","0.018679329406855683","1","1","0","1","1","0","100","0.07090217297047376","100","0","0.16081280953052535","0.16081280953052535","0","0.016025573865458442"
"612","100","0.4","0.35","144","5","periodic","60","0.2","0.5","0.1","1","0.05","500","2000","0.5","0.01","true","false","all","5","8","1.5","0.3","1","mixed","0.8","0.15","0","3000","0","16.787582661556073","84.76226069600085","0.47090144831111586","84.76226069600085","0","0.47090144831111586","0","865.6793232693187","865.6793232693187","0","0","902.4302914683941","902.4302914683941","0","0","0.01906986334175964","0.2954236943161731","0.2954236943161731","0","0.2437862155128791","0.2437862155128791","0","100","0.07677317042844396","100","0","0.19454645396691148","0.19454645396691148","0","0.020658691635828633"
"613","100","0.4","0.35","144","5","periodic","60","0.2","0.5","0.1","1","0.05","500","2000","0.5","0.01","true","false","all","5","8","1.5","0.3","1","mixed","0.8","0.15","0","3000","141","18.65356388050259","85.46684638270496","0.47481581323724975","85.46684638270496","0","0.47481581323724975","0","7166.209215001055","7166.209215001055","0","0","909.1964156213633","909.1964156213633","0","0","0.015172222436857119","1","1","0","1","1","0","100","0.07604578782911343","100","0","0.2136831657352375","0.2136831657352375","0","0.015295004670116099"
"614","100","0.4","0.35","144","5","periodic","60","0.2","0.5","0.1","1","0.05","500","2000","0.5","0.01","true","false","all","5","8","1.5","0.3","1","mixed","0.8","0.15","0","3000","0","25.4432606186664","82.77081507728359","0.45983786154046435","82.77081507728359","0","0.45983786154046435","0","12771.558184610994","12771.558184610994","0","0","845.9438622530595","845.9438622530595","0","0","0.0105403641854942","1","1","0","1","1","0","100","0.07645722926481992","100","0","0.1662423785409788","0.1662423785409788","0","0.022161203711199468"
"615","100","0.4","0.35","144","5","periodic","60","0.2","0.5","0.1","1","0.05","500","2000","0.5","0.01","true","false","all","5","8","1.5","0.3","1","mixed","0.8","0.15","0","3000","21","14.164912160082991","82.56264669071834","0.45868137050399077","82.56264669071834","0","0.45868137050399077","0","974.2789669807484","974.2789669807484","0","0","733.227037827328","733.227037827328","0","0","0.01844802293677139","0.375055300343089","0.375055300343089","0","0.3161859779871656","0.3161859779871656","0","100","0.0890693719480196","100","0","0.14469024571947764","0.14469024571947764","0","0.01579717528479917"
"616","100","0.4","0.35","144","5","periodic","60","0.2","0.5","0.1","1","0.05","500","2000","0.5","0.01","true","false","all","5","8","1.5","0.3","1","mixed","0.8","0.15","0","3000","6","15.21701079889506","93.04731435643431","0.5169295242024129","93.04731435643431","0","0.5169295242024129","0","1387.1298719454671","1387.1298719454671","0","0","803.4190284420079","803.4190284420079","0","0","0.014824807060749734","0.6588774252475479","0.6588774252475479","0","0.5914199146303109","0.5914199146303109","0","100","0.08308678872150142","100","0","0.149500986196526","0.149500986196526","0","0.016127396216704445"
"617","100","0.4","0.35","144","5","periodic","60","0.2","0.5","0.1","1","0.05","500","2000","0.5","0.01","true","false","all","5","8","1.5","0.3","1","mixed","0.8","0.15","0","3000","0","24.39633032570073","86.4063664949332","0.48003536941629554","86.4063664949332","0","0.48003536941629554","0","7910.738002151316","7910.738002151316","0","0","898.2851452686758","898.2851452686758","0","0","0.015520563064204573","1","1","0","1","1","0","100","0.09278803595895921","100","0","0.16154383381554605","0.16154383381554605","0","0.019018877522319143"
"618","100","0.4","0.35","144","5","periodic","60","0.2","0.5","0.1","1","0.05","500","2000","0.5","0.01","true","false","all","5","8","1.5","0.3","1","mixed","0.8","0.15","0","3000","6","19.78079117776906","87.38689220500197","0.48548273447223317","87.38689220500197","0","0.48548273447223317","0","1263.7192763955231","1263.7192763955231","0","0","891.1480899577572","891.1480899577572","0","0","0.013156647938149746","0.5455643258384255","0.5455643258384255","0","0.5091461842636822","0.5091461842636822","0","100","0.08300804067040693","100","0","0.1793763853057736","0.1793763853057736","0","0.017885082334527857"
"619","100","0.4","0.35","144","5","periodic","60","0.2","0.5","0.1","1","0.05","500","2000","0.5","0.01","true","false","all","5","8","1.5","0.3","1","mixed","0.8","0.15","0","3000","0","24.312732087246772","87.44014855517567","0.48577860308430926","87.44014855517567","0","0.48577860308430926","0","3572.42436032307","3572.42436032307","0","0","803.6117376405257","803.6117376405257","0","0","0.018476627929254752","1","1","0","1","1","0","100","0.09120914963802959","100","0","0.16268694410643383","0.16268694410643383","0","0.018323997544257335"
"620","100","0.4","0.35","144","5","periodic","60","0.2","0.5","0.1","1","0.05","500","2000","0.5","0.01","true","false","all","5","8","1.5","0.3","1","mixed","0.8","0.15","0","3000","0","13.717668965144426","95.00539953089215","0.527807775171623","95.00539953089215","0","0.527807775171623","0","677.9025626890849","677.9025626890849","0","0","910.2147130864038","910.2147130864038","0","0","0.020870574081810478","0.17575665521590994","0.17575665521590994","0","0.11860170845938985","0.11860170845938985","0","100","0.08354470998045704","100","0","0.16519681823301205","0.16519681823301205","0","0.02079302713694522"
"621","100","0.4","0.35","144","5","periodic","60","0.2","0.5","0.1","1","0.05","500","2000","0.5","0.01","true","false","all","5","8","1.5","0.3","1","mixed","0.8","0.15","0","3000","56","15.113110762347986","98.02082487914062","0.5445601382174479","98.02082487914062","0","0.5445601382174479","0","1363.3502791980552","1363.3502791980552","0","0","957.614523159176","957.614523159176","0","0","0.018360378990069703","0.6442846884313826","0.6442846884313826","0","0.5755668527987037","0.5755668527987037","0","100","0.08762297303744293","100","0","0.15301896850089697","0.15301896850089697","0","0.01570988246282508"
"622","100","0.4","0.35","144","5","periodic","60","0.2","0.5","0.1","1","0.05","500","2000","0.5","0.01","true","false","all","5","8","1.5","0.3","1","mixed","0.8","0.15","0","3000","0","11.893144737867217","82.97451494704633","0.4609695274835907","82.97451494704633","0","0.4609695274835907","0","677.6816262580703","677.6816262580703","0","0","868.7334410944146","868.7334410944146","0","0","0.02268506846638929","0.18033689018605628","0.18033689018605628","0","0.1184544175053802","0.1184544175053802","0","100","0.08244901340372135","100","0","0.172814476734174","0.172814476734174","0","0.016981521096480212"
"625","100","0.4","0.35","144","5","periodic","60","0.2","0.5","0.1","1","0.05","500","2000","0.5","0.01","true","false","all","5","8","1.5","0.3","1","mixed","0.8","0.15","0","3000","0","22.532479748870344","85.81984995078929","0.4767769441710516","85.81984995078929","0","0.4767769441710516","0","5547.445507429994","5547.445507429994","0","0","899.1937225628538","899.1937225628538","0","0","0.01666091251839652","1","1","0","1","1","0","100","0.07747154639482323","100","0","0.1757193535322599","0.1757193535322599","0","0.01721184903459845"
"623","100","0.4","0.35","144","5","periodic","60","0.2","0.5","0.1","1","0.05","500","2000","0.5","0.01","true","false","all","5","8","1.5","0.3","1","mixed","0.8","0.15","0","3000","0","9.592133116917594","95.7628359012341","0.532015755006856","95.7628359012341","0","0.532015755006856","0","671.5970731363918","671.5970731363918","0","0","982.9805601392416","982.9805601392416","0","0","0.023010742270160423","0.1713871916138725","0.1713871916138725","0","0.11439804875759484","0.11439804875759484","0","100","0.09600381206565187","100","0","0.14859679821673902","0.14859679821673902","0","0.01829682804172305"
"627","100","0.4","0.35","144","5","periodic","60","0.2","0.5","0.1","1","0.05","500","2000","0.5","0.01","true","false","all","5","8","1.5","0.3","1","mixed","0.8","0.15","0","3000","0","14.501256742697493","100.7935686627035","0.5599642703483528","100.7935686627035","0","0.5599642703483528","0","3073.034154481132","3073.034154481132","0","0","783.3116420126382","783.3116420126382","0","0","0.022459550439722253","1","1","0","1","1","0","100","0.09064331106262213","100","0","0.16706893379345178","0.16706893379345178","0","0.01984920299764712"
"624","100","0.4","0.35","144","5","periodic","60","0.2","0.5","0.1","1","0.05","500","2000","0.5","0.01","true","false","all","5","8","1.5","0.3","1","mixed","0.8","0.15","0","3000","0","17.29156896528886","90.39248727736465","0.502180484874248","90.39248727736465","0","0.502180484874248","0","3064.115151167941","3064.115151167941","0","0","914.6055088234878","914.6055088234878","0","0","0.022637689502185587","1","1","0","1","1","0","100","0.07959037980253417","100","0","0.18055597705164758","0.18055597705164758","0","0.016985297776926728"
"626","100","0.4","0.35","144","5","periodic","60","0.2","0.5","0.1","1","0.05","500","2000","0.5","0.01","true","false","all","5","8","1.5","0.3","1","mixed","0.8","0.15","0","3000","0","16.663374218386366","92.50030085064529","0.5138905602813627","92.50030085064529","0","0.5138905602813627","0","3083.776506774412","3083.776506774412","0","0","860.366480626673","860.366480626673","0","0","0.02069085309308316","1","1","0","1","1","0","100","0.07880939459438831","100","0","0.16532142033333297","0.16532142033333297","0","0.015379937303506135"
"628","100","0.4","0.35","144","5","periodic","60","0.2","0.5","0.1","1","0.05","500","2000","0.5","0.01","true","false","all","5","8","1.5","0.3","1","mixed","0.8","0.15","0","3000","0","10.269647481833502","93.1110569138105","0.5172836495211695","93.1110569138105","0","0.5172836495211695","0","648.4270331108414","648.4270331108414","0","0","968.3683066783296","968.3683066783296","0","0","0.022480956964487042","0.13748772258008837","0.13748772258008837","0","0.09895135540722753","0.09895135540722753","0","100","0.08605062187125026","100","0","0.17100565065211795","0.17100565065211795","0","0.0150509464392214"
"629","100","0.4","0.35","144","5","periodic","60","0.2","0.5","0.1","1","0.05","500","2000","0.5","0.01","true","false","all","5","8","1.5","0.3","1","mixed","0.8","0.15","0","3000","96","17.113608718781236","92.17136096441882","0.5120631164689935","92.17136096441882","0","0.5120631164689935","0","2260.723434342749","2260.723434342749","0","0","812.7721263280664","812.7721263280664","0","0","0.01722106127191747","1","1","0","1","1","0","100","0.0799145245652759","100","0","0.15173305016810631","0.15173305016810631","0","0.018026451302348357"
"630","100","0.4","0.35","144","5","periodic","60","0.2","0.5","0.1","1","0.05","500","2000","0.5","0.01","true","false","all","5","8","1.5","0.3","1","mixed","0.8","0.15","0","3000","21","21.516052696880024","94.16655795929584","0.5231475442183102","94.16655795929584","0","0.5231475442183102","0","1428.5507839092766","1428.5507839092766","0","0","795.1336401731014","795.1336401731014","0","0","0.015495402287648341","0.6880156410533538","0.6880156410533538","0","0.6190338559395177","0.6190338559395177","0","100","0.08807219318331812","100","0","0.17513876613065085","0.17513876613065085","0","0.01401761669457189"
"631","100","0.4","0.35","144","5","periodic","60","0.2","0.5","0.1","1","0.05","500","2000","0.5","0.01","true","false","all","5","8","1.5","0.3","1","mixed","0.8","0.15","0","3000","0","24.90636688634777","90.170231818811","0.5009457323267278","90.170231818811","0","0.5009457323267278","0","4136.839236315873","4136.839236315873","0","0","757.2379625284426","757.2379625284426","0","0","0.015680988798354667","1","1","0","1","1","0","100","0.08937504451593632","100","0","0.15531137155752836","0.15531137155752836","0","0.017253427696265266"
"632","100","0.4","0.35","144","5","periodic","60","0.2","0.5","0.1","1","0.05","500","2000","0.5","0.01","true","false","all","5","8","1.5","0.3","1","mixed","0.8","0.15","0","3000","0","12.973107028808911","89.66615410197214","0.4981453005665119","89.66615410197214","0","0.4981453005665119","0","667.2770140225679","667.2770140225679","0","0","802.2994550764677","802.2994550764677","0","0","0.02130375536892326","0.1480327573629742","0.1480327573629742","0","0.11151800934837856","0.11151800934837856","0","100","0.0832146097646494","100","0","0.15769348669887534","0.15769348669887534","0","0.015837834869826626"
"634","100","0.4","0.35","144","5","periodic","60","0.2","0.5","0.1","1","0.05","500","2000","0.5","0.01","true","false","all","5","8","1.5","0.3","1","mixed","0.8","0.15","0","3000","0","30.507085174195026","94.72984420595289","0.5262769122552938","94.72984420595289","0","0.5262769122552938","0","3557.7675986389277","3557.7675986389277","0","0","790.6026690840013","790.6026690840013","0","0","0.020466144510800532","1","1","0","1","1","0","100","0.09425827778814015","100","0","0.17586763573341116","0.17586763573341116","0","0.018933231583768313"
"633","100","0.4","0.35","144","5","periodic","60","0.2","0.5","0.1","1","0.05","500","2000","0.5","0.01","true","false","all","5","8","1.5","0.3","1","mixed","0.8","0.15","0","3000","0","22.450767396420304","87.51436446570182","0.48619091369834344","87.51436446570182","0","0.48619091369834344","0","3305.5117999147933","3305.5117999147933","0","0","824.950962692471","824.950962692471","0","0","0.020152619078911638","1","1","0","1","1","0","100","0.09358572707684666","100","0","0.1657807213739903","0.1657807213739903","0","0.016532930670290286"
"636","100","0.4","0.35","144","5","periodic","60","0.2","0.5","0.1","1","0.05","500","2000","0.5","0.01","true","false","all","5","8","1.5","0.3","1","mixed","0.8","0.15","0","3000","61","13.705783514500169","95.61314820121036","0.5311841566733909","95.61314820121036","0","0.5311841566733909","0","1279.616532451119","1279.616532451119","0","0","663.0810498014322","663.0810498014322","0","0","0.019411640254565654","0.5918406239578093","0.5918406239578093","0","0.5197443549674128","0.5197443549674128","0","100","0.07648405234438042","100","0","0.16133222591819213","0.16133222591819213","0","0.018025573751052935"
"635","100","0.4","0.35","144","5","periodic","60","0.2","0.5","0.1","1","0.05","500","2000","0.5","0.01","true","false","all","5","8","1.5","0.3","1","mixed","0.8","0.15","0","3000","21","23.661666428376805","92.67781777583487","0.5148767654213048","92.67781777583487","0","0.5148767654213048","0","6787.540324587943","6787.540324587943","0","0","968.5505777442215","968.5505777442215","0","0","0.013664712428090864","1","1","0","1","1","0","100","0.10038693930789061","100","0","0.16222516543788623","0.16222516543788623","0","0.02001689035172019"
"637","100","0.4","0.35","144","5","periodic","60","0.2","0.5","0.1","1","0.05","500","2000","0.5","0.01","true","false","all","5","8","1.5","0.3","1","mixed","0.8","0.15","0","3000","0","14.093342143756445","90.59183405017203","0.5032879669454001","90.59183405017203","0","0.5032879669454001","0","1855.5548824218035","1855.5548824218035","0","0","821.3874075635873","821.3874075635873","0","0","0.012798331617560832","0.9630331304198504","0.9630331304198504","0","0.9037032549478685","0.9037032549478685","0","100","0.09411326424979091","100","0","0.18104810263305343","0.18104810263305343","0","0.01916196045571211"
"638","100","0.4","0.35","144","5","periodic","60","0.2","0.5","0.1","1","0.05","500","2000","0.5","0.01","true","false","all","5","8","1.5","0.3","1","mixed","0.8","0.15","0","3000","66","11.823113327406162","93.0275104427378","0.5168195024596545","93.0275104427378","0","0.5168195024596545","0","2315.843403063846","2315.843403063846","0","0","866.3763651621214","866.3763651621214","0","0","0.014998250591119033","1","1","0","1","1","0","100","0.0899112821742219","100","0","0.16298619206856763","0.16298619206856763","0","0.018309343377657786"
"639","100","0.4","0.35","144","5","periodic","60","0.2","0.5","0.1","1","0.05","500","2000","0.5","0.01","true","false","all","5","8","1.5","0.3","1","mixed","0.8","0.15","0","3000","0","10.392447957392207","83.07693110458517","0.46153850613658426","83.07693110458517","0","0.46153850613658426","0","647.8027537589188","647.8027537589188","0","0","824.3062888501165","824.3062888501165","0","0","0.020776821728926587","0.1400768130224835","0.1400768130224835","0","0.09853516917261258","0.09853516917261258","0","100","0.09199287648325694","100","0","0.14607956077210457","0.14607956077210457","0","0.014605938358417067"
"640","100","0.4","0.35","144","5","periodic","60","0.2","0.5","0.1","1","0.05","500","2000","0.5","0.01","true","false","all","5","8","1.5","0.3","1","mixed","0.8","0.15","0","3000","1","13.39058620829428","94.89377837796692","0.5271876576553718","94.89377837796692","0","0.5271876576553718","0","1516.577757903198","1516.577757903198","0","0","800.2105174701702","800.2105174701702","0","0","0.010747437453899167","0.7200345521093181","0.7200345521093181","0","0.6777185052687993","0.6777185052687993","0","100","0.08097162572913441","100","0","0.17238855908588238","0.17238855908588238","0","0.018160281152684865"
"641","100","0.4","0.35","144","5","periodic","60","0.2","0.5","0.1","1","0.05","500","2000","0.5","0.01","true","false","all","5","8","1.5","0.3","1","mixed","0.8","0.15","0","3000","0","10.814330939721557","98.05052357959934","0.5447251309977741","98.05052357959934","0","0.5447251309977741","0","889.3160780982747","889.3160780982747","0","0","847.0550620666545","847.0550620666545","0","0","0.0150087559527885","0.3026290096898297","0.3026290096898297","0","0.25954405206551656","0.25954405206551656","0","100","0.08620150310079468","100","0","0.17539216180159006","0.17539216180159006","0","0.01399650424315704"
"642","100","0.4","0.35","144","5","periodic","60","0.2","0.5","0.1","1","0.05","500","2000","0.5","0.01","true","false","all","5","8","1.5","0.3","1","mixed","0.8","0.15","0","3000","0","14.495940684728666","90.07798651710779","0.5004332584283766","90.07798651710779","0","0.5004332584283766","0","651.6803162909678","651.6803162909678","0","0","1004.6685566524491","1004.6685566524491","0","0","0.022093970457834233","0.1355794329624645","0.1355794329624645","0","0.10112021086064507","0.10112021086064507","0","100","0.09146328138009378","100","0","0.14556593639609394","0.14556593639609394","0","0.013857398113833339"
"644","100","0.4","0.35","144","5","periodic","60","0.2","0.5","0.1","1","0.05","500","2000","0.5","0.01","true","false","all","5","8","1.5","0.3","1","mixed","0.8","0.15","0","3000","0","14.453978314118231","94.04156309126371","0.5224531282847984","94.04156309126371","0","0.5224531282847984","0","3111.9478297147853","3111.9478297147853","0","0","1001.780167587193","1001.780167587193","0","0","0.024245541409444904","1","1","0","1","1","0","100","0.083489918879457","100","0","0.17755088324963142","0.17755088324963142","0","0.020154823409519382"
"643","100","0.4","0.35","144","5","periodic","60","0.2","0.5","0.1","1","0.05","500","2000","0.5","0.01","true","false","all","5","8","1.5","0.3","1","mixed","0.8","0.15","0","3000","-1","30.409155033063783","83.34542721364205","0.4630301511869003","83.34542721364205","0","0.4630301511869003","0","21749.213250340643","21749.213250340643","0","0","772.8467834027562","772.8467834027562","0","0","0.009840566498101389","1","1","0","1","1","0","100","0.08424728823241735","100","0","0.16774047698261346","0.16774047698261346","0","0.02195717244548493"
"645","100","0.4","0.35","144","5","periodic","60","0.2","0.5","0.1","1","0.05","500","2000","0.5","0.01","true","false","all","5","8","1.5","0.3","1","mixed","0.8","0.15","0","3000","1","19.747958539592844","104.8561873088119","0.5825343739378439","104.8561873088119","0","0.5825343739378439","0","1740.8241570052785","1740.8241570052785","0","0","677.341546076042","677.341546076042","0","0","0.012575550644798872","0.8876688663091418","0.8876688663091418","0","0.8272161046701844","0.8272161046701844","0","100","0.07655831028558116","100","0","0.1757743961270664","0.1757743961270664","0","0.018444046700701617"
"646","100","0.4","0.35","144","5","periodic","60","0.2","0.5","0.1","1","0.05","500","2000","0.5","0.01","true","false","all","5","8","1.5","0.3","1","mixed","0.8","0.15","0","3000","0","10.013096199957545","94.92114444644429","0.5273396913691349","94.92114444644429","0","0.5273396913691349","0","782.5580196959609","782.5580196959609","0","0","843.2787102550537","843.2787102550537","0","0","0.02051082859564679","0.22563358521615806","0.22563358521615806","0","0.1883720131306403","0.1883720131306403","0","100","0.08410422492948508","100","0","0.19395326322987005","0.19395326322987005","0","0.015391246678296161"
"647","100","0.4","0.35","144","5","periodic","60","0.2","0.5","0.1","1","0.05","500","2000","0.5","0.01","true","false","all","5","8","1.5","0.3","1","mixed","0.8","0.15","0","3000","26","21.073290178243226","88.04356326963436","0.48913090705352424","88.04356326963436","0","0.48913090705352424","0","7132.974413435748","7132.974413435748","0","0","821.4496674191619","821.4496674191619","0","0","0.013799115839459697","1","1","0","1","1","0","100","0.07713584812446427","100","0","0.1814013208342802","0.1814013208342802","0","0.019218441233162197"
"648","100","0.4","0.35","144","5","periodic","60","0.2","0.5","0.1","1","0.05","500","2000","0.5","0.01","true","false","all","5","8","1.5","0.3","1","mixed","0.8","0.15","0","3000","-1","23.180565313687453","82.92921546442672","0.46071786369125955","82.92921546442672","0","0.46071786369125955","0","21782.17570147275","21782.17570147275","0","0","763.0169162694525","763.0169162694525","0","0","0.008104064892815899","1","1","0","1","1","0","100","0.08584085610794004","100","0","0.14656635665883555","0.14656635665883555","0","0.015538517803872063"
"651","100","0.4","0.35","144","5","periodic","60","0.2","0.5","0.1","1","0.05","500","2000","0.5","0.01","true","false","all","5","8","1.5","0.3","1","mixed","0.8","0.15","0","3000","0","12.673842175822685","83.04226213245914","0.4613459007358841","83.04226213245914","0","0.4613459007358841","0","681.1119703079145","681.1119703079145","0","0","926.0232740412675","926.0232740412675","0","0","0.020998332943096054","0.1703042886247265","0.1703042886247265","0","0.1207413135386097","0.1207413135386097","0","100","0.0756386686481636","100","0","0.1405170838901289","0.1405170838901289","0","0.015415699318429647"
"649","100","0.4","0.35","144","5","periodic","60","0.2","0.5","0.1","1","0.05","500","2000","0.5","0.01","true","false","all","5","8","1.5","0.3","1","mixed","0.8","0.15","0","3000","46","24.394326371943308","79.18457821631391","0.43991432342396614","79.18457821631391","0","0.43991432342396614","0","4435.45365951544","4435.45365951544","0","0","717.6020231692211","717.6020231692211","0","0","0.010831280960328149","1","1","0","1","1","0","100","0.08185595353731709","100","0","0.15672893852976139","0.15672893852976139","0","0.019915184740086654"
"650","100","0.4","0.35","144","5","periodic","60","0.2","0.5","0.1","1","0.05","500","2000","0.5","0.01","true","false","all","5","8","1.5","0.3","1","mixed","0.8","0.15","0","3000","0","10.337756935674804","97.93737416851744","0.5440965231584302","97.93737416851744","0","0.5440965231584302","0","872.5278160033516","872.5278160033516","0","0","728.1479941379474","728.1479941379474","0","0","0.016710946360444234","0.2871578097442247","0.2871578097442247","0","0.24835187733556757","0.24835187733556757","0","100","0.0956768430973326","100","0","0.15667044291297874","0.15667044291297874","0","0.017328378919768916"
"652","100","0.4","0.35","144","5","periodic","60","0.2","0.5","0.1","1","0.05","500","2000","0.5","0.01","true","false","all","5","8","1.5","0.3","1","mixed","0.8","0.15","0","3000","86","10.492938973234786","89.80700817899655","0.4989278232166475","89.80700817899655","0","0.4989278232166475","0","2023.6615194110032","2023.6615194110032","0","0","839.524589418262","839.524589418262","0","0","0.018952533756132484","1","1","0","0.988466999869619","0.988466999869619","0","100","0.09043101192767022","100","0","0.1636804885610103","0.1636804885610103","0","0.020395434115098466"
"653","100","0.4","0.35","144","5","periodic","60","0.2","0.5","0.1","1","0.05","500","2000","0.5","0.01","true","false","all","5","8","1.5","0.3","1","mixed","0.8","0.15","0","3000","76","14.636415213106417","93.89663858433923","0.521647992135218","93.89663858433923","0","0.521647992135218","0","6843.981956833756","6843.981956833756","0","0","681.8260748489215","681.8260748489215","0","0","0.012280805022290231","1","1","0","1","1","0","100","0.08615955907302085","100","0","0.14434157691349425","0.14434157691349425","0","0.014904275441927453"
"655","100","0.4","0.35","144","5","periodic","60","0.2","0.5","0.1","1","0.05","500","2000","0.5","0.01","true","false","all","5","8","1.5","0.3","1","mixed","0.8","0.15","0","3000","0","18.160815844644404","82.74210997494141","0.45967838874967454","82.74210997494141","0","0.45967838874967454","0","655.1943041936574","655.1943041936574","0","0","909.455790150315","909.455790150315","0","0","0.019797429592579796","0.1345200543631886","0.1345200543631886","0","0.10346286946243842","0.10346286946243842","0","100","0.08651199031525267","100","0","0.1545215299576266","0.1545215299576266","0","0.017626098326196545"
"654","100","0.4","0.35","144","5","periodic","60","0.2","0.5","0.1","1","0.05","500","2000","0.5","0.01","true","false","all","5","8","1.5","0.3","1","mixed","0.8","0.15","0","3000","56","18.56039120686235","96.24411638314636","0.5346895354619242","96.24411638314636","0","0.5346895354619242","0","10259.551259978392","10259.551259978392","0","0","853.754379758782","853.754379758782","0","0","0.011892614481983976","1","1","0","1","1","0","100","0.08586453478373336","100","0","0.1613870092595224","0.1613870092595224","0","0.018487947750868736"
"656","100","0.4","0.35","144","5","periodic","60","0.2","0.5","0.1","1","0.05","500","2000","0.5","0.01","true","false","all","5","8","1.5","0.3","1","mixed","0.8","0.15","0","3000","6","19.151474435704515","79.37268958027407","0.44095938655707817","79.37268958027407","0","0.44095938655707817","0","1255.348369630592","1255.348369630592","0","0","830.6801245067354","830.6801245067354","0","0","0.01562744397615834","0.5536348640289088","0.5536348640289088","0","0.5035655797537281","0.5035655797537281","0","100","0.0852314299656069","100","0","0.14200683698860772","0.14200683698860772","0","0.014197354008571998"
"658","100","0.4","0.35","144","5","periodic","60","0.2","0.5","0.1","1","0.05","500","2000","0.5","0.01","true","false","all","5","8","1.5","0.3","1","mixed","0.8","0.15","0","3000","0","13.793464624210571","75.96566149889763","0.4220314527716535","75.96566149889763","0","0.4220314527716535","0","3064.1593986044886","3064.1593986044886","0","0","836.1429688503002","836.1429688503002","0","0","0.026268632358361632","1","1","0","1","1","0","100","0.08918023304916588","100","0","0.1582635135335601","0.1582635135335601","0","0.01845811378644294"
"657","100","0.4","0.35","144","5","periodic","60","0.2","0.5","0.1","1","0.05","500","2000","0.5","0.01","true","false","all","5","8","1.5","0.3","1","mixed","0.8","0.15","0","3000","-1","38.05672062944595","77.90120329877931","0.43278446277099614","77.90120329877931","0","0.43278446277099614","0","21807.65099364714","21807.65099364714","0","0","708.7116464882384","708.7116464882384","0","0","0.009032434442430848","1","1","0","1","1","0","100","0.08546804777210879","100","0","0.17282217032507652","0.17282217032507652","0","0.01741348904178423"
"660","100","0.4","0.35","144","5","periodic","60","0.2","0.5","0.1","1","0.05","500","2000","0.5","0.01","true","false","all","5","8","1.5","0.3","1","mixed","0.8","0.15","0","3000","61","13.25028818534949","84.50646680711935","0.46948037115066305","84.50646680711935","0","0.46948037115066305","0","1233.4940880223123","1233.4940880223123","0","0","747.0477535742481","747.0477535742481","0","0","0.022241102047912298","0.5606924989375357","0.5606924989375357","0","0.4889960586815419","0.4889960586815419","0","100","0.07985486913455439","100","0","0.15097323217389133","0.15097323217389133","0","0.012281250973719855"
"659","100","0.4","0.35","144","5","periodic","60","0.2","0.5","0.1","1","0.05","500","2000","0.5","0.01","true","false","all","5","8","1.5","0.3","1","mixed","0.8","0.15","0","3000","21","23.47110128753414","91.98243498306958","0.5110135276837199","91.98243498306958","0","0.5110135276837199","0","3937.4638315631055","3937.4638315631055","0","0","798.6023914115304","798.6023914115304","0","0","0.018097793137263007","1","1","0","1","1","0","100","0.07977079693546459","100","0","0.1698150090644444","0.1698150090644444","0","0.018139063230280267"
"663","100","0.4","0.35","144","5","periodic","60","0.2","0.5","0.1","1","0.05","500","2000","0.5","0.01","true","false","all","5","8","1.5","0.3","1","mixed","0.8","0.15","0","3000","111","14.041724395741966","85.0019581558932","0.47223310086607334","85.0019581558932","0","0.47223310086607334","0","2425.662149146801","2425.662149146801","0","0","732.5322187076964","732.5322187076964","0","0","0.013986198409885464","1","1","0","1","1","0","100","0.0948988537219742","100","0","0.15780872236869384","0.15780872236869384","0","0.016679862499978885"
"661","100","0.4","0.35","144","5","periodic","60","0.2","0.5","0.1","1","0.05","500","2000","0.5","0.01","true","false","all","5","8","1.5","0.3","1","mixed","0.8","0.15","0","3000","136","21.941953024251106","94.58991760817682","0.525499542267649","94.58991760817682","0","0.525499542267649","0","10284.417572764696","10284.417572764696","0","0","768.4071098032936","768.4071098032936","0","0","0.011208377275176762","1","1","0","1","1","0","100","0.0840735484763836","100","0","0.1762470684498429","0.1762470684498429","0","0.021233527768007295"
"662","100","0.4","0.35","144","5","periodic","60","0.2","0.5","0.1","1","0.05","500","2000","0.5","0.01","true","false","all","5","8","1.5","0.3","1","mixed","0.8","0.15","0","3000","0","19.79942562222807","81.29906254484519","0.45166145858247325","81.29906254484519","0","0.45166145858247325","0","791.7279722961764","791.7279722961764","0","0","768.3010044482725","768.3010044482725","0","0","0.017617307385615844","0.2268060151128869","0.2268060151128869","0","0.1944853148641178","0.1944853148641178","0","100","0.08490819637449531","100","0","0.14523360203355817","0.14523360203355817","0","0.015281785055229329"
"664","100","0.4","0.35","144","5","periodic","60","0.2","0.5","0.1","1","0.05","500","2000","0.5","0.01","true","false","all","5","8","1.5","0.3","1","mixed","0.8","0.15","0","3000","0","11.487957079785346","89.2830807598817","0.4960171153326761","89.2830807598817","0","0.4960171153326761","0","3076.647410885177","3076.647410885177","0","0","916.8339803211461","916.8339803211461","0","0","0.022537914004407744","1","1","0","1","1","0","100","0.09508193096075963","100","0","0.16578492487169944","0.16578492487169944","0","0.016953781022930724"
"667","100","0.4","0.35","144","5","periodic","60","0.2","0.5","0.1","1","0.05","500","2000","0.5","0.01","true","false","all","5","8","1.5","0.3","1","mixed","0.8","0.15","0","3000","0","16.597777559390835","94.18724080907892","0.5232624489393273","94.18724080907892","0","0.5232624489393273","0","850.7261026260552","850.7261026260552","0","0","775.5084816991367","775.5084816991367","0","0","0.01663909955524967","0.2700988095797162","0.2700988095797162","0","0.23381740175070356","0.23381740175070356","0","100","0.08932403787598846","100","0","0.16081253833541115","0.16081253833541115","0","0.017394644196699508"
"665","100","0.4","0.35","144","5","periodic","60","0.2","0.5","0.1","1","0.05","500","2000","0.5","0.01","true","false","all","5","8","1.5","0.3","1","mixed","0.8","0.15","0","3000","0","13.271460608386988","85.74897472213667","0.47638319290075926","85.74897472213667","0","0.47638319290075926","0","3059.3512465651565","3059.3512465651565","0","0","916.9196304419049","916.9196304419049","0","0","0.020984826483144703","1","1","0","1","1","0","100","0.08235925527432818","100","0","0.13802959330492573","0.13802959330492573","0","0.01335047347158584"
"668","100","0.4","0.35","144","5","periodic","60","0.2","0.5","0.1","1","0.05","500","2000","0.5","0.01","true","false","all","5","8","1.5","0.3","1","mixed","0.8","0.15","0","3000","0","23.057691178286504","87.48964728362341","0.4860535960201301","87.48964728362341","0","0.4860535960201301","0","3591.2265339592295","3591.2265339592295","0","0","841.8169092045896","841.8169092045896","0","0","0.019353742221685177","1","1","0","1","1","0","100","0.07335407085640802","100","0","0.16500582099700928","0.16500582099700928","0","0.018932040245020067"
"666","100","0.4","0.35","144","5","periodic","60","0.2","0.5","0.1","1","0.05","500","2000","0.5","0.01","true","false","all","5","8","1.5","0.3","1","mixed","0.8","0.15","0","3000","0","17.424489426857093","86.10383844804312","0.478354658044684","86.10383844804312","0","0.478354658044684","0","3532.7766347592233","3532.7766347592233","0","0","739.6004848461464","739.6004848461464","0","0","0.01704978930912615","1","1","0","1","1","0","100","0.07900344824908234","100","0","0.17764037188467824","0.17764037188467824","0","0.018641444460399385"
"669","100","0.4","0.35","144","5","periodic","60","0.2","0.5","0.1","1","0.05","500","2000","0.5","0.01","true","false","all","5","8","1.5","0.3","1","mixed","0.8","0.15","0","3000","106","26.47789854129597","107.60648401722236","0.5978138000956797","107.60648401722236","0","0.5978138000956797","0","12191.572761717636","12191.572761717636","0","0","664.749161124984","664.749161124984","0","0","0.010348401061914148","1","1","0","1","1","0","100","0.08726148768979378","100","0","0.17655002540647652","0.17655002540647652","0","0.021614689137450627"
"670","100","0.4","0.35","144","5","periodic","60","0.2","0.5","0.1","1","0.05","500","2000","0.5","0.01","true","false","all","5","8","1.5","0.3","1","mixed","0.8","0.15","0","3000","-1","18.242971071831207","79.1454904186278","0.43969716899237665","79.1454904186278","0","0.43969716899237665","0","21794.82664409449","21794.82664409449","0","0","745.6556739558755","745.6556739558755","0","0","0.009603056354329675","1","1","0","1","1","0","100","0.06942517779702494","100","0","0.14873452111738658","0.14873452111738658","0","0.014848384229858552"
"671","100","0.4","0.35","144","5","periodic","60","0.2","0.5","0.1","1","0.05","500","2000","0.5","0.01","true","false","all","5","8","1.5","0.3","1","mixed","0.8","0.15","0","3000","1","20.19519348312606","84.02599488736423","0.4668110827075791","84.02599488736423","0","0.4668110827075791","0","3300.00153723314","3300.00153723314","0","0","766.9426975931542","766.9426975931542","0","0","0.01914413516411595","1","1","0","1","1","0","100","0.09241464944444563","100","0","0.16089415326005574","0.16089415326005574","0","0.02068348604129963"
"673","100","0.4","0.35","144","5","periodic","60","0.2","0.5","0.1","1","0.05","500","2000","0.5","0.01","true","false","all","5","8","1.5","0.3","1","mixed","0.8","0.15","0","3000","1","15.493278153769225","81.35985883259686","0.4519992157366492","81.35985883259686","0","0.4519992157366492","0","2219.125291608472","2219.125291608472","0","0","809.9379037110156","809.9379037110156","0","0","0.013727824067119476","1","1","0","1","1","0","100","0.0918237326721338","100","0","0.15979389350964848","0.15979389350964848","0","0.01779980196520114"
"672","100","0.4","0.35","144","5","periodic","60","0.2","0.5","0.1","1","0.05","500","2000","0.5","0.01","true","false","all","5","8","1.5","0.3","1","mixed","0.8","0.15","0","3000","0","15.83211051919885","98.00259424713039","0.5444588569285022","98.00259424713039","0","0.5444588569285022","0","3077.7507572136383","3077.7507572136383","0","0","896.3472140689357","896.3472140689357","0","0","0.021200034220522523","1","1","0","1","1","0","100","0.09093782803798567","100","0","0.15509944234504833","0.15509944234504833","0","0.018687014635946922"
"675","100","0.4","0.35","144","5","periodic","60","0.2","0.5","0.1","1","0.05","500","2000","0.5","0.01","true","false","all","5","8","1.5","0.3","1","mixed","0.8","0.15","0","3000","76","18.659567743665704","90.51452700923188","0.5028584833846216","90.51452700923188","0","0.5028584833846216","0","1505.5402640419509","1505.5402640419509","0","0","688.210810652458","688.210810652458","0","0","0.02282430075735631","0.7976248169291925","0.7976248169291925","0","0.6703601760279672","0.6703601760279672","0","100","0.08582498906994798","100","0","0.1536735934499026","0.1536735934499026","0","0.01636318965964183"
"674","100","0.4","0.35","144","5","periodic","60","0.2","0.5","0.1","1","0.05","500","2000","0.5","0.01","true","false","all","5","8","1.5","0.3","1","mixed","0.8","0.15","0","3000","0","18.470943498944052","84.83324978314498","0.4712958321285832","84.83324978314498","0","0.4712958321285832","0","748.9275823840052","748.9275823840052","0","0","930.2476814896258","930.2476814896258","0","0","0.019026213910178447","0.2091486363503293","0.2091486363503293","0","0.16595172158933671","0.16595172158933671","0","100","0.07176124573902985","100","0","0.17315281321334663","0.17315281321334663","0","0.016718442856689424"
"676","100","0.4","0.35","144","5","periodic","60","0.2","0.5","0.1","1","0.05","500","2000","0.5","0.01","true","false","all","5","8","1.5","0.3","1","mixed","0.8","0.15","0","3000","11","19.579274038148114","82.51662036282596","0.45842566868236645","82.51662036282596","0","0.45842566868236645","0","2711.419110893272","2711.419110893272","0","0","685.9270436812579","685.9270436812579","0","0","0.009412738606489501","1","1","0","1","1","0","100","0.10164139659163489","100","0","0.15330873362410788","0.15330873362410788","0","0.01686238348547696"
"677","100","0.4","0.35","144","5","periodic","60","0.2","0.5","0.1","1","0.05","500","2000","0.5","0.01","true","false","all","5","8","1.5","0.3","1","mixed","0.8","0.15","0","3000","71","16.01098872506394","94.18071388194805","0.5232261882330447","94.18071388194805","0","0.5232261882330447","0","2572.3421985572554","2572.3421985572554","0","0","930.3127276837581","930.3127276837581","0","0","0.01781955208819519","1","1","0","1","1","0","100","0.09212568472826015","100","0","0.16877442150376903","0.16877442150376903","0","0.01812273874276276"
"679","100","0.4","0.35","144","5","periodic","60","0.2","0.5","0.1","1","0.05","500","2000","0.5","0.01","true","false","all","5","8","1.5","0.3","1","mixed","0.8","0.15","0","3000","11","18.548108658900475","98.18410713738176","0.5454672618743431","98.18410713738176","0","0.5454672618743431","0","849.1109829430937","849.1109829430937","0","0","800.5717219731912","800.5717219731912","0","0","0.01744097919911347","0.27055917713889227","0.27055917713889227","0","0.23274065529539573","0.23274065529539573","0","100","0.08954803259711681","100","0","0.17166228047401194","0.17166228047401194","0","0.015444208529072558"
"678","100","0.4","0.35","144","5","periodic","60","0.2","0.5","0.1","1","0.05","500","2000","0.5","0.01","true","false","all","5","8","1.5","0.3","1","mixed","0.8","0.15","0","3000","0","21.872461429152267","87.13801214670804","0.4841000674817113","87.13801214670804","0","0.4841000674817113","0","5482.669313684417","5482.669313684417","0","0","824.1972891733176","824.1972891733176","0","0","0.017060851973867086","1","1","0","1","1","0","100","0.09809225634537025","100","0","0.15428927485525298","0.15428927485525298","0","0.015137949811522928"
"681","100","0.4","0.35","144","5","periodic","60","0.2","0.5","0.1","1","0.05","500","2000","0.5","0.01","true","false","all","5","8","1.5","0.3","1","mixed","0.8","0.15","0","3000","111","28.520350517563458","99.40703175283227","0.5522612875157348","99.40703175283227","0","0.5522612875157348","0","15722.403068309857","15722.403068309857","0","0","793.1203527415554","793.1203527415554","0","0","0.010057598901966003","1","1","0","1","1","0","100","0.09065501465761554","100","0","0.1633806736357593","0.1633806736357593","0","0.017935996710579473"
"680","100","0.4","0.35","144","5","periodic","60","0.2","0.5","0.1","1","0.05","500","2000","0.5","0.01","true","false","all","5","8","1.5","0.3","1","mixed","0.8","0.15","0","3000","0","15.290431097891428","90.84598241166427","0.5046999022870237","90.84598241166427","0","0.5046999022870237","0","1162.448597281313","1162.448597281313","0","0","818.6001211166446","818.6001211166446","0","0","0.016131855220770763","0.5109371168227025","0.5109371168227025","0","0.44163239818754185","0.44163239818754185","0","100","0.081849278250301","100","0","0.15365752138530203","0.15365752138530203","0","0.016816023798709414"
"682","100","0.4","0.35","144","5","periodic","60","0.2","0.5","0.1","1","0.05","500","2000","0.5","0.01","true","false","all","5","8","1.5","0.3","1","mixed","0.8","0.15","0","3000","0","18.355867839878997","105.11302037354963","0.583961224297498","105.11302037354963","0","0.583961224297498","0","797.5628640051036","797.5628640051036","0","0","686.5401768969615","686.5401768969615","0","0","0.021464250408988583","0.24468079722905228","0.24468079722905228","0","0.19837524267006912","0.19837524267006912","0","100","0.08144542062476016","100","0","0.1523518230604766","0.1523518230604766","0","0.013992384728130506"
"683","100","0.4","0.35","144","5","periodic","60","0.2","0.5","0.1","1","0.05","500","2000","0.5","0.01","true","false","all","5","8","1.5","0.3","1","mixed","0.8","0.15","0","3000","0","22.182747857511785","76.61949194734268","0.4256638441519038","76.61949194734268","0","0.4256638441519038","0","1214.9972173122387","1214.9972173122387","0","0","747.5313593207934","747.5313593207934","0","0","0.016442665082336605","0.5423531648163746","0.5423531648163746","0","0.4766648115414923","0.4766648115414923","0","100","0.08454731749951558","100","0","0.16454663168823683","0.16454663168823683","0","0.021890213073727266"
"684","100","0.4","0.35","144","5","periodic","60","0.2","0.5","0.1","1","0.05","500","2000","0.5","0.01","true","false","all","5","8","1.5","0.3","1","mixed","0.8","0.15","0","3000","146","12.039970509096918","86.72095543271378","0.4817830857372988","86.72095543271378","0","0.4817830857372988","0","3342.1027332034982","3342.1027332034982","0","0","702.3942869589097","702.3942869589097","0","0","0.02051223491694998","1","1","0","1","1","0","100","0.08965535829002755","100","0","0.18370733713792725","0.18370733713792725","0","0.01860760970295403"
"686","100","0.4","0.35","144","5","periodic","60","0.2","0.5","0.1","1","0.05","500","2000","0.5","0.01","true","false","all","5","8","1.5","0.3","1","mixed","0.8","0.15","0","3000","86","15.71075308704522","68.16476944484155","0.3786931635824531","68.16476944484155","0","0.3786931635824531","0","3990.5733439546816","3990.5733439546816","0","0","763.9028751148438","763.9028751148438","0","0","0.018030104446255635","1","1","0","1","1","0","100","0.09611750241629174","100","0","0.15168756126376437","0.15168756126376437","0","0.0156502810738855"
"685","100","0.4","0.35","144","5","periodic","60","0.2","0.5","0.1","1","0.05","500","2000","0.5","0.01","true","false","all","5","8","1.5","0.3","1","mixed","0.8","0.15","0","3000","0","13.257955922396647","95.89060134802985","0.5327255630446103","95.89060134802985","0","0.5327255630446103","0","987.2894760906091","987.2894760906091","0","0","786.2905383502676","786.2905383502676","0","0","0.017385837753295608","0.38436808586096244","0.38436808586096244","0","0.3248596507270727","0.3248596507270727","0","100","0.08568151468592516","100","0","0.1761635653374023","0.1761635653374023","0","0.018908567921912586"
"687","100","0.4","0.35","144","5","periodic","60","0.2","0.5","0.1","1","0.05","500","2000","0.5","0.01","true","false","all","5","8","1.5","0.3","1","mixed","0.8","0.15","0","3000","136","19.75622004167647","82.1924261914964","0.45662458995275773","82.1924261914964","0","0.45662458995275773","0","19651.178922955558","19651.178922955558","0","0","895.8990517032746","895.8990517032746","0","0","0.008708332413992936","1","1","0","1","1","0","100","0.0778821130473485","100","0","0.17271044300454463","0.17271044300454463","0","0.016691936645480673"
"689","100","0.4","0.35","144","5","periodic","60","0.2","0.5","0.1","1","0.05","500","2000","0.5","0.01","true","false","all","5","8","1.5","0.3","1","mixed","0.8","0.15","0","3000","26","14.345527186709717","91.59529574639699","0.5088627541466499","91.59529574639699","0","0.5088627541466499","0","887.9089329756187","887.9089329756187","0","0","873.6513914184604","873.6513914184604","0","0","0.021703743142163834","0.3113239176893868","0.3113239176893868","0","0.25860595531707925","0.25860595531707925","0","100","0.09323593370852223","100","0","0.15574728808035046","0.15574728808035046","0","0.016116016082297756"
"690","100","0.4","0.35","144","5","periodic","60","0.2","0.5","0.1","1","0.05","500","2000","0.5","0.01","true","false","all","5","8","1.5","0.3","1","mixed","0.8","0.15","0","3000","51","31.89337944627809","91.44334493682814","0.5080185829823786","91.44334493682814","0","0.5080185829823786","0","13936.29754697843","13936.29754697843","0","0","648.1629369083582","648.1629369083582","0","0","0.010296579597091737","1","1","0","1","1","0","100","0.07848119139509248","100","0","0.1616776524153828","0.1616776524153828","0","0.01514362277677937"
"688","100","0.4","0.35","144","5","periodic","60","0.2","0.5","0.1","1","0.05","500","2000","0.5","0.01","true","false","all","5","8","1.5","0.3","1","mixed","0.8","0.15","0","3000","111","19.694111166368558","92.33768046688336","0.5129871137049076","92.33768046688336","0","0.5129871137049076","0","2247.89169727052","2247.89169727052","0","0","760.8504126366466","760.8504126366466","0","0","0.02257780546065047","1","1","0","1","1","0","100","0.06636082966884792","100","0","0.16306967877251036","0.16306967877251036","0","0.014052759171645434"
"691","100","0.4","0.35","144","5","periodic","60","0.2","0.5","0.1","1","0.05","500","2000","0.5","0.01","true","false","all","5","8","1.5","0.3","1","mixed","0.8","0.15","0","3000","6","15.89100398967689","94.9285368320547","0.5273807601780817","94.9285368320547","0","0.5273807601780817","0","694.2189973425264","694.2189973425264","0","0","859.1156090335149","859.1156090335149","0","0","0.023180274746439133","0.18718289600062576","0.18718289600062576","0","0.12947933156168462","0.12947933156168462","0","100","0.08660692051430956","100","0","0.1577442763712468","0.1577442763712468","0","0.016725247168051655"
"692","100","0.4","0.35","144","5","periodic","60","0.2","0.5","0.1","1","0.05","500","2000","0.5","0.01","true","false","all","5","8","1.5","0.3","1","mixed","0.8","0.15","0","3000","21","16.747083817370978","93.56211917488844","0.5197895509716024","93.56211917488844","0","0.5197895509716024","0","1478.0369773961772","1478.0369773961772","0","0","691.1071089439107","691.1071089439107","0","0","0.01734608129287407","0.7645860780140981","0.7645860780140981","0","0.6520246515974519","0.6520246515974519","0","100","0.08062851224706966","100","0","0.14889170560783424","0.14889170560783424","0","0.016477600543050967"
"693","100","0.4","0.35","144","5","periodic","60","0.2","0.5","0.1","1","0.05","500","2000","0.5","0.01","true","false","all","5","8","1.5","0.3","1","mixed","0.8","0.15","0","3000","46","26.98465300725354","75.66620695424581","0.4203678164124767","75.66620695424581","0","0.4203678164124767","0","2754.4943450520323","2754.4943450520323","0","0","800.7528083627586","800.7528083627586","0","0","0.014822565763507711","1","1","0","1","1","0","100","0.0724243891523088","100","0","0.15104383997583953","0.15104383997583953","0","0.017026456803144033"
"694","100","0.4","0.35","144","5","periodic","60","0.2","0.5","0.1","1","0.05","500","2000","0.5","0.01","true","false","all","5","8","1.5","0.3","1","mixed","0.8","0.15","0","3000","0","18.280274120719042","86.952041238286","0.48306689576825557","86.952041238286","0","0.48306689576825557","0","664.4023965499523","664.4023965499523","0","0","908.2118490963297","908.2118490963297","0","0","0.023729344733674163","0.14899031317370343","0.14899031317370343","0","0.10960159769996808","0.10960159769996808","0","100","0.07993507713474277","100","0","0.13979194904644957","0.13979194904644957","0","0.01349083860925662"
"695","100","0.4","0.35","144","5","periodic","60","0.2","0.5","0.1","1","0.05","500","2000","0.5","0.01","true","false","all","5","8","1.5","0.3","1","mixed","0.8","0.15","0","3000","0","13.909846767521714","97.13845303342525","0.5396580724079181","97.13845303342525","0","0.5396580724079181","0","679.8482274855862","679.8482274855862","0","0","810.4152856815414","810.4152856815414","0","0","0.018337769101845147","0.16518248742245079","0.16518248742245079","0","0.11989881832372426","0.11989881832372426","0","100","0.08855597898236683","100","0","0.1738709785458191","0.1738709785458191","0","0.01704835815642442"
"696","100","0.4","0.35","144","5","periodic","60","0.2","0.5","0.1","1","0.05","500","2000","0.5","0.01","true","false","all","5","8","1.5","0.3","1","mixed","0.8","0.15","0","3000","76","22.130213676267786","78.88004642351781","0.4382224801306545","78.88004642351781","0","0.4382224801306545","0","1644.4423998685563","1644.4423998685563","0","0","807.9322068794369","807.9322068794369","0","0","0.020110806420396088","0.8885298695499811","0.8885298695499811","0","0.7629615999123712","0.7629615999123712","0","100","0.07703377755449788","100","0","0.1518181536242982","0.1518181536242982","0","0.015092057595527718"
"697","100","0.4","0.35","144","5","periodic","60","0.2","0.5","0.1","1","0.05","500","2000","0.5","0.01","true","false","all","5","8","1.5","0.3","1","mixed","0.8","0.15","0","3000","131","12.729020636100003","91.60598848220826","0.5089221582344904","91.60598848220826","0","0.5089221582344904","0","2401.949395409442","2401.949395409442","0","0","944.5885916858124","944.5885916858124","0","0","0.020606187571640344","1","1","0","1","1","0","100","0.08871120481147522","100","0","0.15057404646991632","0.15057404646991632","0","0.014299324225610924"
"698","100","0.4","0.35","144","5","periodic","60","0.2","0.5","0.1","1","0.05","500","2000","0.5","0.01","true","false","all","5","8","1.5","0.3","1","mixed","0.8","0.15","0","3000","0","21.594584463599176","77.93970215418942","0.4329983453010523","77.93970215418942","0","0.4329983453010523","0","6910.757374379051","6910.757374379051","0","0","805.7223761001705","805.7223761001705","0","0","0.014370672782046068","1","1","0","1","1","0","100","0.06975505290888429","100","0","0.14994288946399226","0.14994288946399226","0","0.016388470878390123"
"699","100","0.4","0.35","144","5","periodic","60","0.2","0.5","0.1","1","0.05","500","2000","0.5","0.01","true","false","all","5","8","1.5","0.3","1","mixed","0.8","0.15","0","3000","0","16.663296898061787","84.13971443754832","0.4674428579863796","84.13971443754832","0","0.4674428579863796","0","3140.442715074491","3140.442715074491","0","0","709.5832653409121","709.5832653409121","0","0","0.02021190014454577","1","1","0","1","1","0","100","0.08290706640598601","100","0","0.15540884165633098","0.15540884165633098","0","0.017346513229344405"
"700","100","0.4","0.35","144","5","periodic","60","0.2","0.5","0.1","1","0.05","500","2000","0.5","0.01","true","false","all","5","8","1.5","0.3","1","mixed","0.8","0.15","0","3000","116","28.538127014457032","75.05344581450585","0.41696358785836585","75.05344581450585","0","0.41696358785836585","0","5156.975701054017","5156.975701054017","0","0","676.6200931402229","676.6200931402229","0","0","0.014314932234334776","1","1","0","1","1","0","100","0.08871644149183576","100","0","0.16086698380770614","0.16086698380770614","0","0.019049425324075813"
"701","100","0.4","0.35","144","5","periodic","60","0.2","0.5","0.1","1","0.05","500","2000","0.5","0.01","true","false","all","5","8","1.5","0.3","1","mixed","0.8","0.15","0.2","3000","116","24.119414221178133","81.47680828405869","0.45264893491143715","87.20203851566205","42.10700520467427","0.48445576953145586","0.23392780669263485","7666.897591610376","7690.444087396051","7572.711608467694","1.0155469381399274","1313.4480327009753","835.0473010566402","3227.050959278318","0.2587648325340936","0.013030157790401065","1","1","1","1","1","1","100","0.08921249258114604","80","20","0.28948512062731757","0.16312756487112678","0.7949153436520808","0.07937731402516975"
"703","100","0.4","0.35","144","5","periodic","60","0.2","0.5","0.1","1","0.05","500","2000","0.5","0.01","true","false","all","5","8","1.5","0.3","1","mixed","0.8","0.15","0.2","3000","41","45.43737769135912","69.55468868580203","0.38641493714334463","77.91478249897129","28.20697137667214","0.4328599027720627","0.15670539653706744","11833.401061808408","11883.87060298811","11631.522897089608","1.021695156183","1569.5682839783185","842.4282902414225","4478.128258925898","0.18812062574632102","0.014233074561419645","1","1","1","1","1","1","100","0.07290500362566177","80","20","0.2939764287744458","0.1757788125658273","0.7667668936089196","0.07190930542014076"
"702","100","0.4","0.35","144","5","periodic","60","0.2","0.5","0.1","1","0.05","500","2000","0.5","0.01","true","false","all","5","8","1.5","0.3","1","mixed","0.8","0.15","0.2","3000","-1","45.95451213089213","91.65819981648052","0.5092122212026695","85.1190448053214","107.1890980101297","0.4728835822517855","0.595494988945165","21759.7737655936","21827.310186351016","21489.628082563973","1.015713724895083","1447.432884591385","985.5731945189718","3294.871644881036","0.2991233956109257","0.010106550323986108","1","1","1","1","1","1","100","0.08152566702649766","80","20","0.3102032819759701","0.18126380191189811","0.8259612022322574","0.08032519010833139"
"704","100","0.4","0.35","144","5","periodic","60","0.2","0.5","0.1","1","0.05","500","2000","0.5","0.01","true","false","all","5","8","1.5","0.3","1","mixed","0.8","0.15","0.2","3000","148","12.469713218231576","93.8842394489287","0.5215791080496038","93.55363546042196","58.3872349115333","0.5197424192245664","0.3243735272862961","3592.8837908663663","3601.2036340528857","3559.6044181202806","1.0116864715980363","1622.0163633657514","828.2312065855127","4797.156990486708","0.17265042779045722","0.017753728895296694","1","1","1","1","1","1","100","0.08118244047893748","80","20","0.2966734980391587","0.17591878638962866","0.7796923446372793","0.07669135918953676"
"706","100","0.4","0.35","144","5","periodic","60","0.2","0.5","0.1","1","0.05","500","2000","0.5","0.01","true","false","all","5","8","1.5","0.3","1","mixed","0.8","0.15","0.2","3000","1","25.474852570689706","98.84078551189839","0.5491154750661021","94.63861934288404","111.74663030513977","0.5257701074604669","0.6208146128063321","3801.671457179728","3816.0185077684887","3744.283254824685","1.0191586074187549","1554.118153497213","794.4435055783897","4592.816745172504","0.1729752240634088","0.011377173049497147","1","1","1","1","1","1","100","0.08697366611825977","80","20","0.27331828530902097","0.14599017420450808","0.7826307297270721","0.07805266005118543"
"705","100","0.4","0.35","144","5","periodic","60","0.2","0.5","0.1","1","0.05","500","2000","0.5","0.01","true","false","all","5","8","1.5","0.3","1","mixed","0.8","0.15","0.2","3000","99","23.625841709307124","72.82571265983579","0.40458729255464326","81.08545699402596","28.61928078288499","0.450474761077922","0.15899600434936104","3506.8166797163467","3534.018398597571","3398.0098041914425","1.0400259570288362","1565.1083939819662","653.5566320197249","5211.315441830932","0.12541106738111898","0.01773587841972657","1","1","1","1","1","1","100","0.08347785269783438","80","20","0.28713411630747127","0.1578998809872014","0.804071057588551","0.08203513027599679"
"707","100","0.4","0.35","144","5","periodic","60","0.2","0.5","0.1","1","0.05","500","2000","0.5","0.01","true","false","all","5","8","1.5","0.3","1","mixed","0.8","0.15","0.2","3000","0","30.135640021707815","86.84811861747865","0.48248954787488135","88.25476763873773","57.02412323027291","0.49030426465965404","0.3168006846126273","8179.809300575792","8198.09644119071","8106.660738116121","1.0112790834633891","1477.0645216304308","824.5400525075829","4087.1623981218227","0.20173899938169437","0.015912284706085744","1","1","1","1","1","1","100","0.07752160706755672","80","20","0.27985330238291556","0.15458087343228702","0.7809430181854297","0.0799292523055742"
"708","100","0.4","0.35","144","5","periodic","60","0.2","0.5","0.1","1","0.05","500","2000","0.5","0.01","true","false","all","5","8","1.5","0.3","1","mixed","0.8","0.15","0.2","3000","1","17.21953004030283","104.17993006053926","0.5787773892252182","93.24642573019824","99.3582771628668","0.5180356985011013","0.5519904286825933","4020.183816857333","4036.925646709439","3953.2164974489046","1.0211749468602478","1478.1335409389728","849.0284155885258","3994.554042340759","0.21254648368482343","0.016637434492827508","1","1","1","1","1","1","100","0.08181999904257928","80","20","0.29362559460791027","0.16938232715071577","0.7905986644366887","0.07664556721694467"
"709","100","0.4","0.35","144","5","periodic","60","0.2","0.5","0.1","1","0.05","500","2000","0.5","0.01","true","false","all","5","8","1.5","0.3","1","mixed","0.8","0.15","0.2","3000","111","29.64205418184268","84.76175764649679","0.47089865359164884","87.63480350152909","51.8047928923638","0.4868600194529394","0.28780440495757664","12545.081132813191","12580.377654463915","12403.895046210284","1.0142279991564063","1588.889016409281","879.4053544846807","4426.823664107678","0.19865380263840793","0.011508657976775583","1","1","1","1","1","1","100","0.0794373401927883","80","20","0.29241836212925","0.17009486830023826","0.781712337445297","0.08087157337483189"
"711","100","0.4","0.35","144","5","periodic","60","0.2","0.5","0.1","1","0.05","500","2000","0.5","0.01","true","false","all","5","8","1.5","0.3","1","mixed","0.8","0.15","0.2","3000","71","13.701282890781854","80.90764636963848","0.44948692427576936","82.45505278860296","67.0055480742877","0.4580836266033498","0.3722530448571539","2388.5747056902405","2392.9785440316787","2370.959352324489","1.0092870388881197","1386.7174038196003","867.6450635371326","3463.0067649494713","0.2505467423046724","0.013852575753613428","1","1","1","1","1","1","100","0.07339507609237836","80","20","0.2941711418559881","0.16773896691878865","0.7998998416047858","0.07929199646958027"
"710","100","0.4","0.35","144","5","periodic","60","0.2","0.5","0.1","1","0.05","500","2000","0.5","0.01","true","false","all","5","8","1.5","0.3","1","mixed","0.8","0.15","0.2","3000","0","11.651777446928833","90.2614622587731","0.501452568104295","94.44245304347085","61.46383207744302","0.5246802946859491","0.34146573376357237","761.547844487975","764.6692791538419","749.062105824508","1.0208356199145263","1340.3654793102555","772.5880252359577","3611.4752956074467","0.21392587848396435","0.02083957605794029","0.22486248633203415","0.22486248633203415","0.21324007307901655","0.1743652296586502","0.1764461861025614","0.16604140388300526","100","0.08833563587399058","80","20","0.2953485738035848","0.16701096415480804","0.8086990123986926","0.08178551508421134"
"712","100","0.4","0.35","144","5","periodic","60","0.2","0.5","0.1","1","0.05","500","2000","0.5","0.01","true","false","all","5","8","1.5","0.3","1","mixed","0.8","0.15","0.2","3000","0","15.224393824896595","87.67735719338799","0.4870964288521555","90.38729524966978","62.45559777176253","0.5021516402759432","0.34697554317645846","1663.9314718156807","1671.8968135004084","1632.070105076769","1.024402572107505","1588.5788300893248","781.9147273226048","4815.235241156205","0.16238349492035542","0.015355264990825068","0.8479106423357063","0.8479106423357063","0.8154007766535599","0.7759543145437874","0.7812645423336056","0.7547134033845126","100","0.07717092966430397","80","20","0.3121230466628149","0.183342755881363","0.8272442097886227","0.08426374768892386"
"713","100","0.4","0.35","144","5","periodic","60","0.2","0.5","0.1","1","0.05","500","2000","0.5","0.01","true","false","all","5","8","1.5","0.3","1","mixed","0.8","0.15","0.2","3000","4","40.74152349210756","75.81844715245634","0.4212135952914241","79.60044444354871","45.634830369889286","0.44222469135304837","0.2535268353882738","6189.034523748915","6202.4132519823015","6135.519610815365","1.0109026855767882","1449.3612817940407","874.4719541861247","3748.9185922257093","0.2332597875023357","0.015570134395547441","1","1","1","1","1","1","100","0.08106812068069588","80","20","0.28989076621156934","0.1562427708214812","0.8244827477719221","0.08738465003668382"
"715","100","0.4","0.35","144","5","periodic","60","0.2","0.5","0.1","1","0.05","500","2000","0.5","0.01","true","false","all","5","8","1.5","0.3","1","mixed","0.8","0.15","0.2","3000","16","33.51565575555085","71.22838979281846","0.39571327662676925","79.18899818155208","35.61924028730603","0.4399388787864004","0.19788466826281126","4903.2564095298385","4918.957297743629","4840.452856674666","1.016218408358365","1444.2586926418087","818.7571610392757","3946.2648190519394","0.20747648690134696","0.009683624764213583","1","1","1","1","1","1","100","0.09624235878408667","80","20","0.27616113132254844","0.14685225087733164","0.7933966531034157","0.08042486523111603"
"714","100","0.4","0.35","144","5","periodic","60","0.2","0.5","0.1","1","0.05","500","2000","0.5","0.01","true","false","all","5","8","1.5","0.3","1","mixed","0.8","0.15","0.2","3000","0","17.59555065823625","94.27504750634553","0.5237502639241418","93.905934523835","74.45894564614008","0.5216996362435278","0.4136608091452227","2681.714620024386","2693.980344144501","2632.6517235439255","1.0232953793515909","1474.8473509889557","755.0664915966784","4353.970788558063","0.17342020152752097","0.013575487786392282","1","1","1","1","1","1","100","0.10115926800950946","80","20","0.2769661409393096","0.14192288714161716","0.8171391561300794","0.08748044346668388"
"716","100","0.4","0.35","144","5","periodic","60","0.2","0.5","0.1","1","0.05","500","2000","0.5","0.01","true","false","all","5","8","1.5","0.3","1","mixed","0.8","0.15","0.2","3000","136","27.527205964680377","71.37606284282838","0.39653368246015763","79.76357671794536","39.89052271587754","0.44313098176636306","0.22161401508820855","2740.473969229395","2751.1372256118043","2697.8209436997595","1.0197627207382145","1473.3943079714495","728.3388278089712","4453.61622862136","0.1635387492815995","0.02111368483763676","1","1","1","1","1","1","100","0.0886148150956013","80","20","0.29845198462304423","0.17277051090405943","0.8011778794989832","0.08306226783235734"
"717","100","0.4","0.35","144","5","periodic","60","0.2","0.5","0.1","1","0.05","500","2000","0.5","0.01","true","false","all","5","8","1.5","0.3","1","mixed","0.8","0.15","0.2","3000","0","16.745982654776398","112.35874446336622","0.6242152470187012","101.7497962280949","125.32336077302413","0.5652766457116383","0.6962408931834674","794.027578823526","796.6424305819979","783.5681717896367","1.0166855409179016","1655.0365191310525","845.1840769499815","4894.44628785533","0.17268226623451777","0.019500851599259184","0.2439792151812854","0.2439792151812854","0.22103685961149608","0.19601838588235057","0.19776162038799872","0.1890454478597579","100","0.08228540439066387","80","20","0.2841841078164829","0.15322388839185222","0.8080249855150058","0.08169639604161326"
"718","100","0.4","0.35","144","5","periodic","60","0.2","0.5","0.1","1","0.05","500","2000","0.5","0.01","true","false","all","5","8","1.5","0.3","1","mixed","0.8","0.15","0.2","3000","11","35.5809350443514","76.18941730476281","0.42327454058201563","82.17760928997657","27.34605601430916","0.45654227383320317","0.15192253341282866","6959.3584031677865","6978.136378658324","6884.246501205646","1.0136383665861226","1283.2928752758335","644.440206880024","3838.7035488590714","0.16787964964670496","0.013367744304234819","1","1","1","1","1","1","100","0.0816366395607314","80","20","0.28371171313882837","0.1580760846997537","0.7862542268951267","0.07995845334579299"
"719","100","0.4","0.35","144","5","periodic","60","0.2","0.5","0.1","1","0.05","500","2000","0.5","0.01","true","false","all","5","8","1.5","0.3","1","mixed","0.8","0.15","0.2","3000","67","33.59986638685582","100.50899961258297","0.5583833311810165","93.79722428988109","111.44646706688584","0.5210956904993393","0.6191470392604769","6327.167144807926","6335.094147759149","6295.459133003049","1.0062958100304902","1384.5132445400252","799.4392292544395","3724.8093056823686","0.2146255455372864","0.015403368846817589","1","1","1","1","1","1","100","0.10515177175680895","80","20","0.28304329902793773","0.15518829964150416","0.7944632965736715","0.0831045113153583"
"720","100","0.4","0.35","144","5","periodic","60","0.2","0.5","0.1","1","0.05","500","2000","0.5","0.01","true","false","all","5","8","1.5","0.3","1","mixed","0.8","0.15","0.2","3000","26","29.695013267254822","64.43042359607153","0.35794679775595295","69.76835321688338","43.392294612738","0.3876019623160188","0.2410683034041","2223.135299881378","2228.7850720400875","2200.5362112465364","1.0128372624132143","1441.0864790087448","783.985727566346","4069.4894847783435","0.19264965064998765","0.012364589290600358","1","1","1","1","1","1","100","0.09214195989363473","80","20","0.2986151207804412","0.17394823928971598","0.7972826467433412","0.07950588378465573"
"721","100","0.4","0.35","144","5","periodic","60","0.2","0.5","0.1","1","0.05","500","2000","0.5","0.01","true","false","all","5","8","1.5","0.3","1","mixed","0.8","0.15","0.2","3000","16","19.92992665223528","97.51482545153873","0.5417490302863263","91.33754983655442","112.10296310711828","0.5074308324253023","0.6227942394839905","2948.199254964162","2953.29043984441","2927.8345154431668","1.0086944546445409","1453.32278924299","821.4648218339187","3980.7546588792734","0.20635906812332697","0.011171944796583011","1","1","1","1","1","1","100","0.09036092997721579","80","20","0.30688062026187923","0.18335084280306377","0.8009997300971412","0.07835737785019016"
"722","100","0.4","0.35","144","5","periodic","60","0.2","0.5","0.1","1","0.05","500","2000","0.5","0.01","true","false","all","5","8","1.5","0.3","1","mixed","0.8","0.15","0.2","3000","11","19.75927329370724","68.19322842943319","0.3788512690524066","73.49958386027329","42.40215705818804","0.4083310214459627","0.23556753921215576","1238.2355381434738","1241.873811629243","1223.6824442003988","1.01486608516373","1356.7011718118956","855.822820326732","3360.214577752552","0.2546929074092468","0.0173035908482555","0.5342941633153486","0.5342941633153486","0.5208864012677059","0.49215702542898276","0.49458254108616195","0.4824549628002659","100","0.08578268369741014","80","20","0.284662802084422","0.15922059518180837","0.7864316296948768","0.07735502959252927"
"723","100","0.4","0.35","144","5","periodic","60","0.2","0.5","0.1","1","0.05","500","2000","0.5","0.01","true","false","all","5","8","1.5","0.3","1","mixed","0.8","0.15","0.2","3000","98","31.666862765009853","80.937182686964","0.44965101492757775","87.65449271828726","48.74885539074063","0.4869694039904848","0.2708269743930035","9385.228452057863","9423.871110642573","9230.657817719042","1.020931692706953","1438.5114304025537","675.3508542194098","4491.153735135131","0.15037357749212957","0.011886623426443643","1","1","1","1","1","1","100","0.0796633185837171","80","20","0.29611533358745606","0.1684859344141888","0.8066329302805247","0.08350059621606258"
"724","100","0.4","0.35","144","5","periodic","60","0.2","0.5","0.1","1","0.05","500","2000","0.5","0.01","true","false","all","5","8","1.5","0.3","1","mixed","0.8","0.15","0.2","3000","0","32.2468662836271","84.3296134167744","0.4684978523154133","81.72171896823156","69.1315953996978","0.45400954982350866","0.38406441888721","19854.117264748857","19900.630844185693","19668.062947001577","1.0118246467794414","1304.814295095568","860.450961877976","3082.267627965938","0.27916166463643777","0.010615659138857758","1","1","1","1","1","1","100","0.08917486220241733","80","20","0.2991734926257582","0.17517397323094222","0.7951715702050219","0.07968439180023874"
"725","100","0.4","0.35","144","5","periodic","60","0.2","0.5","0.1","1","0.05","500","2000","0.5","0.01","true","false","all","5","8","1.5","0.3","1","mixed","0.8","0.15","0.2","3000","21","36.19992340537699","69.8278011300806","0.3879322285004478","76.10644958972367","39.839770648108576","0.42281360883179814","0.22133205915615875","6452.1908632193345","6461.989039884801","6412.998156557469","1.0076393103711152","1377.1853675176853","704.7025494100524","4067.1166399482186","0.17326834015240447","0.01674502759466412","1","1","1","1","1","1","100","0.07392991092993563","80","20","0.29676894035646123","0.17164203166513842","0.7972765751217521","0.08148884305184839"
"726","100","0.4","0.35","144","5","periodic","60","0.2","0.5","0.1","1","0.05","500","2000","0.5","0.01","true","false","all","5","8","1.5","0.3","1","mixed","0.8","0.15","0.2","3000","0","13.749688763963228","98.58569863471399","0.547698325748411","92.00071201345801","100.15129702570499","0.5111150667414334","0.5563960945872499","757.8970548891443","760.2406307720985","748.5227513573277","1.0156546736802883","1543.6057374061097","815.2885048530521","4456.874667618335","0.18292829968421037","0.019622431739173996","0.21802841463510866","0.21802841463510866","0.2024865501517939","0.1719313699260961","0.17349375384806548","0.16568183423821847","100","0.08567053164967607","80","20","0.28653174057152736","0.16373586486129194","0.7777152434124687","0.07477624781365223"
"727","100","0.4","0.35","144","5","periodic","60","0.2","0.5","0.1","1","0.05","500","2000","0.5","0.01","true","false","all","5","8","1.5","0.3","1","mixed","0.8","0.15","0.2","3000","71","34.96869884295701","79.16285433789261","0.4397936352105145","83.59067557472164","58.252812399155275","0.46439264208178693","0.32362673555086263","6058.764645260747","6076.871944268549","5986.335449229525","1.0151238592970395","1352.0552409788559","798.0946823791904","3567.8974753775205","0.2236876726102517","0.010367151492525206","1","1","1","1","1","1","100","0.09514361460542617","80","20","0.2822127724855186","0.15679918812085064","0.7838671099441907","0.07459764907728293"
"728","100","0.4","0.35","144","5","periodic","60","0.2","0.5","0.1","1","0.05","500","2000","0.5","0.01","true","false","all","5","8","1.5","0.3","1","mixed","0.8","0.15","0.2","3000","126","31.694784455669605","88.59468958888584","0.4921927199382547","89.97645063895716","42.607707452090054","0.4998691702164287","0.23670948584494475","7703.3782589237435","7733.742745352041","7581.9203132105495","1.0200242716712493","1417.7590566098097","661.2138549629486","4443.939863197252","0.14879000961260297","0.014901367320591996","1","1","1","1","1","1","100","0.09542044276567681","80","20","0.2940360846036606","0.1773179472528874","0.7609086340067539","0.07107995704748071"
"729","100","0.4","0.35","144","5","periodic","60","0.2","0.5","0.1","1","0.05","500","2000","0.5","0.01","true","false","all","5","8","1.5","0.3","1","mixed","0.8","0.15","0.2","3000","36","38.45230338761271","74.54632105007335","0.414146228055963","82.57638619815185","41.63811705219323","0.45875770110084363","0.2313228725121846","11553.08766365059","11615.126850611188","11304.930915808169","1.027438994286047","1658.9127463261993","851.2919559095775","4889.395907992688","0.1741098434098928","0.013237055656755592","1","1","1","1","1","1","100","0.06875828814688792","80","20","0.2982681621410502","0.1756625554338263","0.7886905889699463","0.07619560611894942"
"730","100","0.4","0.35","144","5","periodic","60","0.2","0.5","0.1","1","0.05","500","2000","0.5","0.01","true","false","all","5","8","1.5","0.3","1","mixed","0.8","0.15","0.2","3000","146","25.45390966377019","71.75453935691147","0.39863632976061925","76.91322340327751","28.462569075559145","0.42729568557376396","0.15812538375310636","12110.311813411969","12160.028644774773","11911.444487960765","1.0208693544318035","1529.2594041307943","857.0030743625703","4218.284723203693","0.2031638759822015","0.01078721698866203","1","1","1","1","1","1","100","0.08596447792639993","80","20","0.3090977579476667","0.19288655842884508","0.7739425560229525","0.07063564022898544"
"731","100","0.4","0.35","144","5","periodic","60","0.2","0.5","0.1","1","0.05","500","2000","0.5","0.01","true","false","all","5","8","1.5","0.3","1","mixed","0.8","0.15","0.2","3000","43","35.60900113821073","58.36723553988666","0.32426241966603697","67.1540230935254","25.1082518173201","0.3730779060751411","0.13949028787400056","3065.1050327720136","3079.1735772395755","3008.830854901764","1.02337875597866","1581.073733793897","810.4690864255492","4663.492323267291","0.17379016201697667","0.013390976950071742","1","1","1","1","1","1","100","0.0869352789001727","80","20","0.3001466732005791","0.1730040074791714","0.8087173360862095","0.08322648976602841"
"732","100","0.4","0.35","144","5","periodic","60","0.2","0.5","0.1","1","0.05","500","2000","0.5","0.01","true","false","all","5","8","1.5","0.3","1","mixed","0.8","0.15","0.2","3000","0","26.264567629671944","80.17333238314066","0.4454074021285592","86.60005635568089","50.39627756305528","0.48111142419822717","0.27997931979475155","12919.237725507342","12943.119444629125","12823.710849020204","1.0093115477270795","1530.6338554943702","774.4451616795326","4555.38863075372","0.17000638682091881","0.011264017652512948","1","1","1","1","1","1","100","0.07726578453826768","80","20","0.29235102605460717","0.16281866171268755","0.8104804834222856","0.07884935031823817"
"733","100","0.4","0.35","144","5","periodic","60","0.2","0.5","0.1","1","0.05","500","2000","0.5","0.01","true","false","all","5","8","1.5","0.3","1","mixed","0.8","0.15","0.2","3000","0","17.47463817554312","84.74171103173414","0.4707872835096341","89.3170349608365","58.2939647339435","0.496205749782425","0.3238553596330194","3050.705621578687","3075.4693732001106","2951.6506150929954","1.04194898863503","1754.105663089733","930.461512386936","5048.682265900922","0.1842978946548734","0.025289296131812744","1","1","1","1","1","1","100","0.0781177570642485","80","20","0.26999400925420886","0.15091852658047117","0.7462959399491595","0.07050348334890348"
"734","100","0.4","0.35","144","5","periodic","60","0.2","0.5","0.1","1","0.05","500","2000","0.5","0.01","true","false","all","5","8","1.5","0.3","1","mixed","0.8","0.15","0.2","3000","0","37.706636831991176","78.19825958017927","0.4344347754454404","84.60746388550926","36.124659583245986","0.47004146603060704","0.20069255324025548","19774.726672199307","19816.080655367048","19609.310739528304","1.0105444764777962","1196.6248509711672","590.260309713369","3622.083016002359","0.16296156303033354","0.01057766424857931","1","1","1","1","1","1","100","0.09908710641694922","80","20","0.2923863989534235","0.16296690578895112","0.8100643716113127","0.0814514564369016"
"736","100","0.4","0.35","144","5","periodic","60","0.2","0.5","0.1","1","0.05","500","2000","0.5","0.01","true","false","all","5","8","1.5","0.3","1","mixed","0.8","0.15","0.2","3000","0","20.096543175581914","87.10473809187386","0.4839152116215214","95.35478237571088","32.64895698802217","0.5297487909761716","0.18138309437790096","812.3621896162724","813.8511921090101","806.4061796453199","1.009232335579279","1348.3732357530203","861.0502071836625","3297.6653500304483","0.26110903193245855","0.017827605363591514","0.25784942364432384","0.25784942364432384","0.23338227122853594","0.20824145974418148","0.2092341280726735","0.20427078643021318","100","0.0915141256448328","80","20","0.30659050875714056","0.1735333413341914","0.8388191784489377","0.08765802804986503"
"735","100","0.4","0.35","144","5","periodic","60","0.2","0.5","0.1","1","0.05","500","2000","0.5","0.01","true","false","all","5","8","1.5","0.3","1","mixed","0.8","0.15","0.2","3000","139","29.107940623353443","65.79476342974831","0.36552646349860174","73.02424057553536","34.75545791743051","0.4056902254196409","0.1930858773190584","3002.1410854538235","3000.4263016448613","3009.0002206896734","0.9971505754682701","1619.946434750384","853.8064739840502","4684.506277815716","0.18226178456145906","0.021376484584762157","1","1","1","1","1","1","100","0.07121841559942226","80","20","0.2769945535598999","0.1451805748258142","0.8042504684962427","0.0848013285060571"
"737","100","0.4","0.35","144","5","periodic","60","0.2","0.5","0.1","1","0.05","500","2000","0.5","0.01","true","false","all","5","8","1.5","0.3","1","mixed","0.8","0.15","0.2","3000","0","25.012392636251363","89.36042714897509","0.4964468174943061","90.32121894150558","86.15679280315119","0.5017845496750309","0.47864884890639553","4438.127666481723","4453.151156601465","4378.033706002759","1.017157805454013","1477.6678170627297","910.4576334746868","3746.5085514149023","0.24301496205869977","0.0170885844079538","1","1","1","1","1","1","100","0.0780623411201957","80","20","0.3011528374417606","0.1853707122021687","0.7642813384001277","0.07165951034849959"
"739","100","0.4","0.35","144","5","periodic","60","0.2","0.5","0.1","1","0.05","500","2000","0.5","0.01","true","false","all","5","8","1.5","0.3","1","mixed","0.8","0.15","0.2","3000","18","27.81402196376662","102.83521778719447","0.5713067654844137","93.9314584133853","121.53410939170399","0.5218414356299184","0.6751894966205777","6990.635097411066","7006.98448163772","6925.2375605044635","1.011804204609452","1248.2234919093787","780.2908824427717","3119.953929775809","0.2500969245077414","0.01529964291545527","1","1","1","1","1","1","100","0.07928733130832366","80","20","0.30770266228693177","0.18056413933398255","0.8162567540987282","0.08495128709920409"
"740","100","0.4","0.35","144","5","periodic","60","0.2","0.5","0.1","1","0.05","500","2000","0.5","0.01","true","false","all","5","8","1.5","0.3","1","mixed","0.8","0.15","0.2","3000","111","29.61128207734376","93.09916386776513","0.5172175770431396","90.47877171743465","92.75724899259797","0.5026598428746369","0.5153180499588775","7256.925679226992","7279.098898681392","7168.232801409407","1.015466308132485","1641.8277348340944","910.8940772196177","4565.562365292005","0.19951410239061723","0.01390835756833031","1","1","1","1","1","1","100","0.08878211055923353","80","20","0.30303955829236945","0.18416055434463496","0.7785555740833074","0.074277390888841"
"738","100","0.4","0.35","144","5","periodic","60","0.2","0.5","0.1","1","0.05","500","2000","0.5","0.01","true","false","all","5","8","1.5","0.3","1","mixed","0.8","0.15","0.2","3000","0","30.86431145371563","85.82830575310929","0.47682392085060715","82.98831828604114","88.92773699299103","0.46104621270022855","0.4940429832943946","10709.086172599169","10732.648084895885","10614.838523412316","1.0110985731175963","1642.9730217864521","829.6824612460739","4896.135263947966","0.1694566053669573","0.013542611013795502","1","1","1","1","1","1","100","0.07540939474347388","80","20","0.311392644784531","0.18855583391340988","0.8027398882690147","0.08225715222768407"
"741","100","0.4","0.35","144","5","periodic","60","0.2","0.5","0.1","1","0.05","500","2000","0.5","0.01","true","false","all","5","8","1.5","0.3","1","mixed","0.8","0.15","0.2","3000","51","33.187302510558666","111.3803353510286","0.6187796408390478","104.68151161930557","138.4180296254366","0.5815639534405865","0.7689890534746477","3783.9058491021615","3798.218176753014","3726.656538498747","1.0192026384817037","1395.3001097917142","778.5690905869094","3862.2241866109316","0.2015856804185407","0.013466298475972138","1","1","1","1","1","1","100","0.08050367228141816","80","20","0.2885746421268905","0.16529603476990753","0.781689071554822","0.0806338157952553"
"742","100","0.4","0.35","144","5","periodic","60","0.2","0.5","0.1","1","0.05","500","2000","0.5","0.01","true","false","all","5","8","1.5","0.3","1","mixed","0.8","0.15","0.2","3000","51","26.877993898542826","76.37732475238869","0.42431847084660385","86.18449176361281","42.16593958891734","0.4788027320200712","0.23425521993842965","5481.9873875486","5488.357892870231","5456.505366262083","1.0058375323526831","1459.4121156472956","839.3071575589909","3939.831948000515","0.21303120758359845","0.01055565765172184","1","1","1","1","1","1","100","0.07916184276768219","80","20","0.27826864101680343","0.15233263285990545","0.7820126736443945","0.07946992651811874"
"743","100","0.4","0.35","144","5","periodic","60","0.2","0.5","0.1","1","0.05","500","2000","0.5","0.01","true","false","all","5","8","1.5","0.3","1","mixed","0.8","0.15","0.2","3000","-1","39.513625847406885","93.99899327719768","0.5222166293177649","87.77740735840854","97.0057355073366","0.48765226310226967","0.5389207528185367","21720.976405648184","21809.426647711316","21367.175437395683","1.02069769172867","1362.0038847917922","798.931700368588","3614.2926224846065","0.22104787404274182","0.011743039148869983","1","1","1","1","1","1","100","0.06795719756905921","80","20","0.28401795253610523","0.16245193535100141","0.7702820212765198","0.074141298884971"
"744","100","0.4","0.35","144","5","periodic","60","0.2","0.5","0.1","1","0.05","500","2000","0.5","0.01","true","false","all","5","8","1.5","0.3","1","mixed","0.8","0.15","0.2","3000","11","14.987862539503169","89.37057646532531","0.49650320258514063","91.19334949396507","77.6236264116883","0.5066297194109171","0.43124236895382395","1031.723288702769","1033.7142590232877","1023.7594074206924","1.00972381941542","1386.388693689721","860.5102485120872","3489.9024744002536","0.24657143138647963","0.01657629740770794","0.40030313679075064","0.40030313679075064","0.3764823988065477","0.3544821924685126","0.3558095060155256","0.3491729382804615","100","0.08095626394644435","80","20","0.28749638364622376","0.15391952391783714","0.8218038225597706","0.08473536324766709"
"745","100","0.4","0.35","144","5","periodic","60","0.2","0.5","0.1","1","0.05","500","2000","0.5","0.01","true","false","all","5","8","1.5","0.3","1","mixed","0.8","0.15","0.2","3000","51","31.652477086987503","71.23491695429118","0.395749538634951","79.22802052421129","34.20606849140503","0.4401556695789516","0.19003371384113904","1953.379436573382","1963.6156685700626","1912.4345085866614","1.026762307286133","1738.8326201134955","861.1811453287371","5249.43851925253","0.16405204902778078","0.016765106642287142","1","1","1","0.9649695566898397","0.9709906415070384","0.9408852174210434","100","0.07434023569270205","80","20","0.2841620583380512","0.16109675104829016","0.7764232874970963","0.07280905070402965"
"746","100","0.4","0.35","144","5","periodic","60","0.2","0.5","0.1","1","0.05","500","2000","0.5","0.01","true","false","all","5","8","1.5","0.3","1","mixed","0.8","0.15","0.2","3000","0","9.41400477182853","97.05461969000321","0.5391923316111289","96.74213205353207","77.3517022583729","0.5374562891862893","0.4297316792131828","926.6162594628462","929.7837446582446","913.9463186812534","1.0173286172866731","1401.9274558317932","780.3351525596614","3888.2966689203213","0.20068817248359297","0.015257754445860972","0.32902776634129455","0.32902776634129455","0.303467092169889","0.2844108396418974","0.28652249643882965","0.27596421245416886","100","0.09092139435832852","80","20","0.2876611652695451","0.16446143869132773","0.780460071582414","0.07584424587169115"
"747","100","0.4","0.35","144","5","periodic","60","0.2","0.5","0.1","1","0.05","500","2000","0.5","0.01","true","false","all","5","8","1.5","0.3","1","mixed","0.8","0.15","0.2","3000","131","26.94395017839601","91.68118969160163","0.5093399427311202","88.61469050818913","99.9829785882093","0.4923038361566063","0.5554609921567184","17278.045825605346","17337.600008715326","17039.829093165437","1.0174749942573849","1462.0969043328641","774.1665697818933","4213.81824253675","0.1837209213171565","0.010417103972693909","1","1","1","1","1","1","100","0.07442571117801848","80","20","0.2949397265102903","0.17295066603091497","0.7828959684277922","0.07788758865114602"
"748","100","0.4","0.35","144","5","periodic","60","0.2","0.5","0.1","1","0.05","500","2000","0.5","0.01","true","false","all","5","8","1.5","0.3","1","mixed","0.8","0.15","0.2","3000","0","30.572918301485842","97.44960853170545","0.5413867140650303","97.53365753877415","62.9497389691132","0.5418536529931898","0.3497207720506289","15981.514285103593","16044.378581008063","15730.057101485698","1.0199822211384524","1450.327697806808","789.8081097383607","4092.406050080598","0.19299358374343278","0.011907207721852497","1","1","1","1","1","1","100","0.07238409134182947","80","20","0.2772478895064488","0.15031103728484776","0.7849952983928526","0.08038548965464896"
"749","100","0.4","0.35","144","5","periodic","60","0.2","0.5","0.1","1","0.05","500","2000","0.5","0.01","true","false","all","5","8","1.5","0.3","1","mixed","0.8","0.15","0.2","3000","0","29.184190949483522","90.68362276164349","0.5037979042313527","93.33937828417166","62.30933984755205","0.5185521015787314","0.346162999153067","15958.26247815499","15999.800588578955","15792.110036459106","1.013151539068583","1141.7959849181238","606.7683905989338","3281.9063621948853","0.18488290756508266","0.011673375282643894","1","1","1","1","1","1","100","0.07461701413798115","80","20","0.2862729790163546","0.15810134724907177","0.7989595060854856","0.08782499305613277"
"750","100","0.4","0.35","144","5","periodic","60","0.2","0.5","0.1","1","0.05","500","2000","0.5","0.01","true","false","all","5","8","1.5","0.3","1","mixed","0.8","0.15","0.2","3000","0","35.46809953712656","77.43526419244908","0.4301959121802727","80.97151506836451","62.74583740472805","0.44984175037980284","0.3485879855818225","7308.068166700474","7324.6144766851085","7241.882926761935","1.0114240385766864","1469.7600100954494","804.128843487508","4132.284676527214","0.19459667143825632","0.01239680544730759","1","1","1","1","1","1","100","0.09261904445660218","80","20","0.29489193269766323","0.18103303549035402","0.7503275215269003","0.06873337030467525"
"751","100","0.4","0.35","144","5","periodic","60","0.2","0.5","0.1","1","0.05","500","2000","0.5","0.01","true","false","all","5","8","1.5","0.3","1","mixed","0.8","0.15","0.2","3000","41","13.786776850317267","104.25720989379975","0.5792067216322209","103.86313635598606","102.72409426726145","0.5770174241999225","0.5706894125958969","3193.268123416585","3197.1773363310954","3177.6312717585433","1.0061511430688228","1284.1596841120254","758.9377285748742","3385.0475062606297","0.22420297711368087","0.013756870651981279","1","1","1","1","1","1","100","0.07731881036496263","80","20","0.28328972275709546","0.15119977824401032","0.8116495008094351","0.08804256606699686"
"752","100","0.4","0.35","144","5","periodic","60","0.2","0.5","0.1","1","0.05","500","2000","0.5","0.01","true","false","all","5","8","1.5","0.3","1","mixed","0.8","0.15","0.2","3000","16","16.699796524069953","90.7767907990427","0.5043155044391261","93.37365394046078","57.90458536174501","0.5187425218914488","0.3216921408985834","4387.691748703214","4384.567251142607","4400.189738945636","0.9964495876928313","1424.3705983094476","800.838785472339","3918.497849657882","0.20437392495755968","0.015484975775703402","1","1","1","1","1","1","100","0.07995525639464279","80","20","0.28882730964658654","0.1675296559717315","0.7740179243460068","0.0752174774883251"
"753","100","0.4","0.35","144","5","periodic","60","0.2","0.5","0.1","1","0.05","500","2000","0.5","0.01","true","false","all","5","8","1.5","0.3","1","mixed","0.8","0.15","0.2","3000","101","32.00682871879249","78.29227950379018","0.4349571083543899","85.08546038090152","49.472329280394725","0.4726970021161196","0.2748462737799707","8405.002318003257","8420.358084025533","8343.579253914138","1.009202145479157","1518.2358293584562","1020.8181628682165","3507.906495319414","0.29100495244964203","0.012931689690945047","1","1","1","1","1","1","100","0.062202772997944786","80","20","0.2962425148077078","0.1684977056234594","0.8072217515447007","0.0844979669229153"
"754","100","0.4","0.35","144","5","periodic","60","0.2","0.5","0.1","1","0.05","500","2000","0.5","0.01","true","false","all","5","8","1.5","0.3","1","mixed","0.8","0.15","0.2","3000","26","20.660540942801546","69.93796984633583","0.38854427692408794","74.27928928941039","43.4884562613373","0.4126627182745021","0.2416025347852072","1123.3588042718861","1126.0191209637346","1112.717537504492","1.0119541420090077","1478.1382204004994","829.8845420325397","4071.1529338723353","0.20384509143044724","0.01677928047945687","0.469807971056585","0.4638470513920168","0.469807971056585","0.41557253618125733","0.4173460806424899","0.40847835833632784","100","0.08249195915374749","80","20","0.26613845274961895","0.13344710437125099","0.796903846263091","0.08543295855936792"
"756","100","0.4","0.35","144","5","periodic","60","0.2","0.5","0.1","1","0.05","500","2000","0.5","0.01","true","false","all","5","8","1.5","0.3","1","mixed","0.8","0.15","0.2","3000","0","21.256553517684708","88.12813273480086","0.4896007374155603","91.05053317049028","47.99623093022325","0.5058362953916127","0.26664572739012915","1168.030187661184","1171.4212916393565","1154.4657717484934","1.0146868970096732","1675.2872687827432","955.2372848503192","4555.487204512437","0.20968937941568777","0.01627182642296998","0.5044894334663039","0.5044894334663039","0.4990190585054262","0.4453534584407896","0.4476141944262378","0.4363105144989956","100","0.08382318686462335","80","20","0.28512540133384295","0.15839549780699871","0.792045015441219","0.08092088230092533"
"755","100","0.4","0.35","144","5","periodic","60","0.2","0.5","0.1","1","0.05","500","2000","0.5","0.01","true","false","all","5","8","1.5","0.3","1","mixed","0.8","0.15","0.2","3000","0","12.097707803647154","101.82605758691776","0.5657003199273208","98.77657597810727","55.93840542696576","0.5487587554339293","0.31076891903869863","1277.7801603277624","1283.1815240875335","1256.1747052886785","1.0214992537941987","1503.091462133313","778.9764861204272","4399.551366184859","0.17705816372725502","0.015259019197320312","0.5753334100765759","0.5753334100765759","0.5569181104051801","0.5185201068851749","0.5221210160583556","0.5041164701924523","100","0.08215745041340924","80","20","0.2966700456361078","0.17299663680538124","0.7913636809590139","0.07828581301518739"
"757","100","0.4","0.35","144","5","periodic","60","0.2","0.5","0.1","1","0.05","500","2000","0.5","0.01","true","false","all","5","8","1.5","0.3","1","mixed","0.8","0.15","0.2","3000","-1","37.21020691378579","82.64626820124323","0.45914593445135127","83.9354208094265","66.14050252599631","0.4663078933857028","0.36744723625553505","21662.816768014218","21754.541378329734","21295.918326752184","1.0215357255104336","1246.2430982673252","747.2847292913882","3242.0765741710743","0.23049570613009088","0.010565797377365405","1","1","1","1","1","1","100","0.08486193509760734","80","20","0.26072455805025824","0.13592714322075214","0.7599142173682824","0.07554410883915345"
"759","100","0.4","0.35","144","5","periodic","60","0.2","0.5","0.1","1","0.05","500","2000","0.5","0.01","true","false","all","5","8","1.5","0.3","1","mixed","0.8","0.15","0.2","3000","0","32.64247114763437","84.21689317164105","0.46787162873133914","91.55829179079072","25.449022882033013","0.508657176615504","0.14138346045573896","7930.128177826136","7961.629077100128","7804.124580730156","1.020182211949676","1498.9184370070461","906.8083315538761","3867.3588588197244","0.23447742106627892","0.01608706591662923","1","1","1","1","1","1","100","0.08601800902105998","80","20","0.28471519292343284","0.1520459993936692","0.8153919670424873","0.08464452371492562"
"758","100","0.4","0.35","144","5","periodic","60","0.2","0.5","0.1","1","0.05","500","2000","0.5","0.01","true","false","all","5","8","1.5","0.3","1","mixed","0.8","0.15","0.2","3000","0","34.410184452755175","77.13358301297791","0.4285199056276551","83.86029777844237","44.16873666649806","0.46589054321356876","0.24538187036943368","7883.663779849645","7924.023465807493","7722.22503601825","1.0261321612421306","1884.5670274133029","851.030251744198","6018.714130089726","0.1413973538782296","0.017111619392883304","1","1","1","1","1","1","100","0.09011039377810609","80","20","0.3061318634678224","0.18378732734608003","0.7955100079547914","0.0792632006092545"
"760","100","0.4","0.35","144","5","periodic","60","0.2","0.5","0.1","1","0.05","500","2000","0.5","0.01","true","false","all","5","8","1.5","0.3","1","mixed","0.8","0.15","0.2","3000","0","20.413813308415456","68.68451014570374","0.38158061192057635","77.26593348062542","33.054023607028206","0.42925518600347456","0.18363346448349002","1233.7007468634888","1235.8912804659592","1224.9386124536047","1.0089414015535159","1428.9167384958978","879.9653666236915","3624.722225984727","0.24276766928937052","0.016353553041425162","0.5504147231661957","0.5504147231661957","0.5326879096017174","0.4891338312423258","0.4905941869773067","0.48329240830240305","100","0.0856189167224683","80","20","0.2927931600666187","0.17026950410326377","0.782887783920039","0.07360977134195326"
"762","100","0.4","0.35","144","5","periodic","60","0.2","0.5","0.1","1","0.05","500","2000","0.5","0.01","true","false","all","5","8","1.5","0.3","1","mixed","0.8","0.15","0.2","3000","57","30.375505579841843","98.93698772369798","0.5496499317983221","94.15054546612325","90.80197365060874","0.5230585859229069","0.5044554091700486","12258.22124534199","12306.353133253195","12065.693693697165","1.0199457607382945","1461.7075236375092","714.7062713828689","4449.712532656068","0.1606185267335135","0.012735770854462203","1","1","1","1","1","1","100","0.08773226762482636","80","20","0.27501923216659596","0.13900096531917214","0.8190922995562913","0.09175690617371789"
"761","100","0.4","0.35","144","5","periodic","60","0.2","0.5","0.1","1","0.05","500","2000","0.5","0.01","true","false","all","5","8","1.5","0.3","1","mixed","0.8","0.15","0.2","3000","0","35.956696936359506","100.98483516322345","0.5610268620179081","93.33761702683319","117.92453263855057","0.5185423168157399","0.655136292436392","5614.710424498817","5645.382504728257","5492.022103581054","1.0279242141154536","1471.4312550494237","822.1128422300068","4068.704906327092","0.20205762304156524","0.01668013504730048","1","1","1","1","1","1","100","0.07260045295927976","80","20","0.2945740767524563","0.1712471378955738","0.7878818321799864","0.07698276887983982"
"763","100","0.4","0.35","144","5","periodic","60","0.2","0.5","0.1","1","0.05","500","2000","0.5","0.01","true","false","all","5","8","1.5","0.3","1","mixed","0.8","0.15","0.2","3000","51","30.455561481855213","89.45899745848921","0.49699443032494006","91.21235907917386","58.315748740494335","0.5067353282176326","0.3239763818916352","6114.2466577535015","6122.342459507662","6081.863450736854","1.0066556918120062","1494.9657977165612","883.7357475220706","3939.885998494523","0.22430490320272115","0.016311958777105673","1","1","1","1","1","1","100","0.07423070413208177","80","20","0.2846503908512067","0.14767470842002453","0.8325531205759358","0.08838418831580358"
"764","100","0.4","0.35","144","5","periodic","60","0.2","0.5","0.1","1","0.05","500","2000","0.5","0.01","true","false","all","5","8","1.5","0.3","1","mixed","0.8","0.15","0.2","3000","0","24.237242261709298","88.36126224654596","0.4908959013696998","90.1577459235489","60.83394271359283","0.5008763662419383","0.3379663484088491","11777.384515771935","11799.656156247695","11688.297953868889","1.0095273240653448","1656.2354858293982","995.4797147041248","4299.258570330489","0.2315468349761529","0.0120016675199206","1","1","1","1","1","1","100","0.08305518462069415","80","20","0.28668070140407165","0.16279500424986182","0.7822234900209113","0.07477013733930193"
"765","100","0.4","0.35","144","5","periodic","60","0.2","0.5","0.1","1","0.05","500","2000","0.5","0.01","true","false","all","5","8","1.5","0.3","1","mixed","0.8","0.15","0.2","3000","112","32.93735483020107","109.0653163113952","0.6059184239521955","103.22778876709435","108.00000000000004","0.5734877153727465","0.6000000000000002","16148.46861473625","16250.041720313642","15742.17619242669","1.0322614562103094","1675.0878654956769","804.3816053634396","5157.912906024625","0.15595098638131194","0.013079388125822211","1","1","1","1","1","1","100","0.09115454463873836","80","20","0.27514886637045893","0.14450683501763437","0.7977169917817575","0.08429021606591906"
"767","100","0.4","0.35","144","5","periodic","60","0.2","0.5","0.1","1","0.05","500","2000","0.5","0.01","true","false","all","5","8","1.5","0.3","1","mixed","0.8","0.15","0.2","3000","0","30.14346963606789","84.49233311994578","0.46940185066636547","87.10658482334853","70.49141556732089","0.48392547124082513","0.3916189753740049","8727.770104067866","8738.209453654967","8686.012705719466","1.0060092875412363","1159.0149750563867","724.7252127529325","2896.1740242702026","0.25023538181050897","0.013569898769079547","1","1","1","1","1","1","100","0.08156011386455525","80","20","0.2892395993243809","0.16896050823603875","0.7703559636777499","0.07473737267560411"
"766","100","0.4","0.35","144","5","periodic","60","0.2","0.5","0.1","1","0.05","500","2000","0.5","0.01","true","false","all","5","8","1.5","0.3","1","mixed","0.8","0.15","0.2","3000","46","36.46747739480884","83.46515432832652","0.46369530182403623","90.17783110460073","49.670430984148496","0.5009879505811151","0.275946838800825","10408.172223336089","10453.872425543264","10225.371414507408","1.0223464754259848","1479.4838501300035","828.5200315517917","4083.3391244428494","0.20290257710712176","0.012582363793067097","1","1","1","1","1","1","100","0.07908075272585183","80","20","0.29180067916764374","0.15667177086246295","0.8323163123883667","0.08902408598979254"
"768","100","0.4","0.35","144","5","periodic","60","0.2","0.5","0.1","1","0.05","500","2000","0.5","0.01","true","false","all","5","8","1.5","0.3","1","mixed","0.8","0.15","0.2","3000","0","24.493395304036184","101.88441989088486","0.5660245549493603","96.46594981099771","123.06193070008187","0.5359219433944318","0.6836773927782326","6052.461079229393","6070.823610519476","5979.010954069066","1.0153558267672889","1312.2278303265603","575.0966488868382","4260.752556085449","0.1349753690965819","0.01471665307139225","1","1","1","1","1","1","100","0.07742325793193633","80","20","0.29530151959959067","0.17492988019099934","0.7767880772339563","0.07073011226154838"
"769","100","0.4","0.35","144","5","periodic","60","0.2","0.5","0.1","1","0.05","500","2000","0.5","0.01","true","false","all","5","8","1.5","0.3","1","mixed","0.8","0.15","0.2","3000","-1","34.574634963544824","86.13348409876875","0.4785193561042708","90.74061694514202","58.81649690848307","0.5041145385841224","0.32675831615823925","21739.698510464536","21798.307376360106","21505.263046882224","1.013626633110185","1173.7489137178816","739.4893503376662","2910.787167238744","0.2540513297092644","0.009879216568022597","1","1","1","1","1","1","100","0.08390432936348018","80","20","0.3091224587620048","0.1939589743642506","0.7697763963530212","0.06922508402321158"
"770","100","0.4","0.35","144","5","periodic","60","0.2","0.5","0.1","1","0.05","500","2000","0.5","0.01","true","false","all","5","8","1.5","0.3","1","mixed","0.8","0.15","0.2","3000","36","16.395861466840927","76.66143948390925","0.42589688602171805","84.4068156730709","46.97486332812981","0.4689267537392828","0.2609714629340545","1128.4340693743343","1130.858189729124","1118.7375879551782","1.0108341776520617","1343.8353112302395","901.3083676601202","3113.9430855107175","0.2894427877805276","0.018394483204786205","0.4850034847655479","0.4850034847655479","0.46476936136195734","0.41895604624955657","0.42057212648608255","0.41249172530345213","100","0.07739448519520666","80","20","0.28073374705247095","0.1554085964714512","0.7820343493765503","0.07861648532830971"
"771","100","0.4","0.35","144","5","periodic","60","0.2","0.5","0.1","1","0.05","500","2000","0.5","0.01","true","false","all","5","8","1.5","0.3","1","mixed","0.8","0.15","0.2","3000","33","30.89093080072307","100.03087701576615","0.5557270945320342","94.48858442882175","112.74151995797385","0.5249365801601209","0.6263417775442992","4506.474583717373","4526.011857471325","4428.325488701566","1.022059437369497","1730.2541200100916","726.2636371855561","5746.2160513082345","0.12638989392335992","0.01804560673471345","1","1","1","1","1","1","100","0.07441170647530013","80","20","0.26682856276105693","0.12845279077608482","0.8203316507009453","0.08805691866552375"
"772","100","0.4","0.35","144","5","periodic","60","0.2","0.5","0.1","1","0.05","500","2000","0.5","0.01","true","false","all","5","8","1.5","0.3","1","mixed","0.8","0.15","0.2","3000","151","32.06799086162298","72.96374146135659","0.40535411922975884","78.88116158552741","49.06997512054751","0.43822867547515226","0.2726109728919306","13637.247571339545","13662.905920936228","13534.614172952812","1.009478788707534","1302.868890891086","777.6591104657181","3403.708012592559","0.22847409577691283","0.010875464402242185","1","1","1","1","1","1","100","0.08951573890981947","80","20","0.29273718109593605","0.16155225767519693","0.8174768747788924","0.08591027768649537"
"773","100","0.4","0.35","144","5","periodic","60","0.2","0.5","0.1","1","0.05","500","2000","0.5","0.01","true","false","all","5","8","1.5","0.3","1","mixed","0.8","0.15","0.2","3000","91","32.760961446650256","74.66434637823731","0.4148019243235406","84.83052369786779","31.539697792350456","0.47128068721037664","0.17522054329083586","9899.425279576713","9919.062211916553","9820.877550217341","1.0099975446386706","1608.4262325481686","887.0526303462957","4493.920641355661","0.19738947372214882","0.010929074884656442","1","1","1","1","1","1","100","0.07645357941147604","80","20","0.28087821069341085","0.15841490714895842","0.7707314248712211","0.0760575108140948"
"774","100","0.4","0.35","144","5","periodic","60","0.2","0.5","0.1","1","0.05","500","2000","0.5","0.01","true","false","all","5","8","1.5","0.3","1","mixed","0.8","0.15","0.2","3000","31","31.424051593701236","101.3834242654456","0.5632412459191423","91.5074288399557","124.8210089418114","0.5083746046664205","0.69345004967673","13094.817471087817","13155.803771760762","12850.872268396077","1.0237284673752922","1473.3950097836612","777.0484558939922","4258.781225342338","0.18245794155146572","0.011563188117309053","1","1","1","1","1","1","100","0.089926332866839","80","20","0.3055735263945935","0.17477729500336653","0.8287584519595008","0.0836016360122271"
"775","100","0.4","0.35","144","5","periodic","60","0.2","0.5","0.1","1","0.05","500","2000","0.5","0.01","true","false","all","5","8","1.5","0.3","1","mixed","0.8","0.15","0.2","3000","46","12.165117195095533","90.92369809159561","0.50513165606442","89.68164512798697","46.56664071049588","0.49823136182214983","0.2587035595027549","6476.82626833477","6493.019926626535","6412.051635167721","1.0126275170671946","1372.9585041055934","780.791695786085","3741.6257373836247","0.2086771234185659","0.013939391957594305","1","1","1","1","1","1","100","0.08170498157997977","80","20","0.31155489881832454","0.1843417882651916","0.8204073410308563","0.08133226893881905"
"776","100","0.4","0.35","144","5","periodic","60","0.2","0.5","0.1","1","0.05","500","2000","0.5","0.01","true","false","all","5","8","1.5","0.3","1","mixed","0.8","0.15","0.2","3000","151","42.38602454119487","94.3293523111546","0.5240519572841922","99.44653006803387","47.67362355636742","0.5524807226001881","0.2648534642020412","21166.893924273212","21191.09321496848","21070.096761492106","1.0057425675280958","1239.2233626055217","777.3409368090535","3086.7530657913944","0.251831267432387","0.009838991691916155","1","1","1","1","1","1","100","0.07769034289056921","80","20","0.29165228349193006","0.17639850075189983","0.7526674144520512","0.06795026183896709"
"777","100","0.4","0.35","144","5","periodic","60","0.2","0.5","0.1","1","0.05","500","2000","0.5","0.01","true","false","all","5","8","1.5","0.3","1","mixed","0.8","0.15","0.2","3000","8","29.645896440329608","77.38677826636018","0.42992654592422325","81.22132398004736","34.92640627282777","0.4512295776669298","0.19403559040459872","3386.832849230139","3382.339030811564","3404.808122904439","0.9934007758200163","1367.6594254014544","808.0162396559847","3606.2321683833334","0.22406107037146666","0.021228270465987853","1","1","1","1","1","1","100","0.07316788370417719","80","20","0.2984449930500626","0.17287432100752806","0.8007276812202007","0.07959584850849538"
"779","100","0.4","0.35","144","5","periodic","60","0.2","0.5","0.1","1","0.05","500","2000","0.5","0.01","true","false","all","5","8","1.5","0.3","1","mixed","0.8","0.15","0.2","3000","0","29.936527198045596","92.60961671124166","0.5144978706180092","88.74995565425203","74.37572280782686","0.49305530919028906","0.41319846004348254","15235.87613056397","15279.527410190083","15061.271012059475","1.0144912337050345","1630.3189999742076","828.1836420396996","4838.860431712239","0.1711526202764739","0.013671201735166116","1","1","1","1","1","1","100","0.09687303904648745","80","20","0.293699438929826","0.1642833834951978","0.8113636606683388","0.0849803060763916"
"778","100","0.4","0.35","144","5","periodic","60","0.2","0.5","0.1","1","0.05","500","2000","0.5","0.01","true","false","all","5","8","1.5","0.3","1","mixed","0.8","0.15","0.2","3000","53","35.113186782181415","101.2490767934769","0.5624948710748717","94.77909097303116","126.99910613186259","0.5265505054057287","0.7055505896214588","7313.934999700075","7338.682091857436","7214.946631070651","1.0171498788714421","1478.3282902590956","796.9991759089413","4203.644747659711","0.18959717667689532","0.013902101942111278","1","1","1","1","1","1","100","0.0694417872014968","80","20","0.29216760531253444","0.162573102720114","0.8105456156822163","0.08007454307482903"
"780","100","0.4","0.35","144","5","periodic","60","0.2","0.5","0.1","1","0.05","500","2000","0.5","0.01","true","false","all","5","8","1.5","0.3","1","mixed","0.8","0.15","0.2","3000","76","33.22983001027373","88.4883838685485","0.4916021326030472","86.2835563917687","70.38707811819026","0.47935309106538165","0.3910393228788348","20367.021410516045","20454.0093737919","20019.069557412608","1.021726275296259","1509.9988055185459","845.6945098022018","4167.21598838392","0.2029399273182787","0.011738553007051511","1","1","1","1","1","1","100","0.08212637428505808","80","20","0.30056806213384996","0.16281945296027756","0.8515624988281394","0.09370320643597041"
"781","100","0.4","0.35","144","5","periodic","60","0.2","0.5","0.1","1","0.05","500","2000","0.5","0.01","true","false","all","5","8","1.5","0.3","1","mixed","0.8","0.15","0.2","3000","110","26.682396532956005","72.6193330540563","0.40344073918920165","78.32275267122539","47.54254498830737","0.43512640372902994","0.26412524993504094","11053.217380846454","11097.176369875157","10877.381424731639","1.0202066045641993","1297.9570252153844","698.1080397241938","3697.352967180147","0.18881292803824962","0.013426859480585973","1","1","1","1","1","1","100","0.08323238430562985","80","20","0.30403355990627434","0.1709357563598905","0.8364247740918097","0.08708020711221896"
"782","100","0.4","0.35","144","5","periodic","60","0.2","0.5","0.1","1","0.05","500","2000","0.5","0.01","true","false","all","5","8","1.5","0.3","1","mixed","0.8","0.15","0.2","3000","0","18.350918429150283","74.58205510714537","0.41434475059525205","83.11803113343721","30.905357320198497","0.46176683963020676","0.17169642955665831","3058.9556372563","3080.021594637949","2974.6918077297087","1.0354086385132544","1536.7626421361076","876.6807818932017","4177.09008310773","0.209878351783344","0.025468757391294616","1","1","1","1","1","1","100","0.08492690688225746","80","20","0.2747684519807772","0.15332737278113256","0.7605327687793559","0.07166180741103673"
"783","100","0.4","0.35","144","5","periodic","60","0.2","0.5","0.1","1","0.05","500","2000","0.5","0.01","true","false","all","5","8","1.5","0.3","1","mixed","0.8","0.15","0.2","3000","50","19.58360798080406","93.53318815517176","0.5196288230842876","98.10856437386249","73.96998097007696","0.5450475798547916","0.4109443387226498","1871.766635298276","1877.5765170047239","1848.5271084724875","1.0157148945228298","1308.542892740366","674.868216807539","3843.2415964716724","0.17559869705487907","0.015125390351034662","0.99378654132252","0.99378654132252","0.9723472934380388","0.9145110901988512","0.9183843446698159","0.8990180723149918","100","0.07263247272181318","80","20","0.28239623063877983","0.1654024409590486","0.7503713893577046","0.07236638073576486"
"784","100","0.4","0.35","144","5","periodic","60","0.2","0.5","0.1","1","0.05","500","2000","0.5","0.01","true","false","all","5","8","1.5","0.3","1","mixed","0.8","0.15","0.2","3000","86","25.620405388070807","85.85565181082919","0.47697584339349547","89.02573682145281","69.51537101564546","0.49458742678584894","0.38619650564247476","4824.4149304163675","4836.420571718384","4776.39236520831","1.0125676874762888","1248.8293870917055","880.2664224724844","2723.081245568591","0.32326116743853583","0.01219351027180493","1","1","1","1","1","1","100","0.08596681987947792","80","20","0.29230200940937645","0.17112561897225706","0.7770075711578538","0.07472288648671428"
"785","100","0.4","0.35","144","5","periodic","60","0.2","0.5","0.1","1","0.05","500","2000","0.5","0.01","true","false","all","5","8","1.5","0.3","1","mixed","0.8","0.15","0.2","3000","10","37.336955097646864","85.61680615366593","0.4756489230759219","90.33494001557473","67.16260399094583","0.501860777864304","0.3731255777274768","19845.175323136005","19907.564188604458","19595.61986126221","1.015919084445954","1447.666450787397","824.5864802768485","3939.9863328295883","0.20928663467841355","0.0102105227789977","1","1","1","1","1","1","100","0.08440237609184006","80","20","0.2823661181429107","0.1584586253945752","0.7779960891362526","0.07706993432192875"
"786","100","0.4","0.35","144","5","periodic","60","0.2","0.5","0.1","1","0.05","500","2000","0.5","0.01","true","false","all","5","8","1.5","0.3","1","mixed","0.8","0.15","0.2","3000","-1","40.49009638904171","79.04376801660347","0.4391320445366859","84.46688339030817","56.55976340970186","0.46926046327948984","0.314220907831677","21661.371740918905","21760.57679931627","21264.551507329445","1.023326393308406","1459.7285149594127","782.9628797406871","4166.791055834317","0.18790548152021852","0.01196251694669126","1","1","1","1","1","1","100","0.07546680843000772","80","20","0.2830555154954395","0.15258577400739382","0.8049344814476221","0.08381004165388159"
"787","100","0.4","0.35","144","5","periodic","60","0.2","0.5","0.1","1","0.05","500","2000","0.5","0.01","true","false","all","5","8","1.5","0.3","1","mixed","0.8","0.15","0.2","3000","41","35.493570689165736","82.01404827659799","0.4556336015366555","88.96839203548618","21.936403608540587","0.4942688446415899","0.12186890893633659","20048.012830596173","20125.496813451005","19738.076899176798","1.0196280476691408","1501.0416017903021","898.1300043634925","3912.687991497542","0.22954296542815877","0.011239117304603807","1","1","1","1","1","1","100","0.08098665689232303","80","20","0.2842432332262892","0.15746695075985478","0.7913483630920265","0.07794329802034074"
"788","100","0.4","0.35","144","5","periodic","60","0.2","0.5","0.1","1","0.05","500","2000","0.5","0.01","true","false","all","5","8","1.5","0.3","1","mixed","0.8","0.15","0.2","3000","-1","39.34238136734941","90.8981161060207","0.5049895339223371","93.49640594384492","22.896017146841096","0.5194244774658051","0.12720009526022832","21723.801750898416","21767.02760425611","21550.89833746768","1.0100287822532517","1346.7479432642297","804.5870707392593","3515.3914333641087","0.22887552808572934","0.009442693500511856","1","1","1","1","1","1","100","0.09041268591909482","80","20","0.2797498710118339","0.15178711997338443","0.7916008751656315","0.07692403923714675"
"789","100","0.4","0.35","144","5","periodic","60","0.2","0.5","0.1","1","0.05","500","2000","0.5","0.01","true","false","all","5","8","1.5","0.3","1","mixed","0.8","0.15","0.2","3000","116","30.875533089357845","73.42361154603203","0.4079089530335113","79.7394937216157","51.60058332604031","0.4429971873423095","0.2866699073668906","5838.24417860458","5851.003263265647","5787.207839960312","1.0110235237906662","1355.8947054324642","886.1582587441883","3234.840492185566","0.2739418715961078","0.013356143616216842","1","1","1","1","1","1","100","0.09502398601062066","80","20","0.27865772466482225","0.14074796022942626","0.8302967824064054","0.08876658362301262"
"791","100","0.4","0.35","144","5","periodic","60","0.2","0.5","0.1","1","0.05","500","2000","0.5","0.01","true","false","all","5","8","1.5","0.3","1","mixed","0.8","0.15","0.2","3000","0","43.52942464173606","82.66338476874614","0.4592410264930341","89.43408617559946","38.815659418018335","0.4968560343088859","0.21564255232232407","15250.79002114243","15277.05094722981","15145.74631679285","1.0086694064254451","1395.8218924964447","754.8667866510499","3959.6423158780244","0.19064014535455917","0.011169963113416115","1","1","1","1","1","1","100","0.07756322669904454","80","20","0.2830051178849203","0.15753792822272306","0.7848738765337088","0.07913292334110672"
"790","100","0.4","0.35","144","5","periodic","60","0.2","0.5","0.1","1","0.05","500","2000","0.5","0.01","true","false","all","5","8","1.5","0.3","1","mixed","0.8","0.15","0.2","3000","6","16.173773444427226","75.38850838523308","0.4188250465846282","80.38334727487101","28.965761622748353","0.4465741515270612","0.1609208979041575","686.495595719843","689.9117199503052","672.8310987979952","1.0253861945186906","1595.5763217938","960.9153776751588","4134.220098268366","0.23242966141973","0.02267721450224136","0.16664291444554427","0.16664291444554427","0.14733359302200347","0.12433039714656224","0.12660781330020351","0.11522073253199686","100","0.08780365917059112","80","20","0.2895626371585175","0.165402982499371","0.7862012557951041","0.08026750012769393"
"792","100","0.4","0.35","144","5","periodic","60","0.2","0.5","0.1","1","0.05","500","2000","0.5","0.01","true","false","all","5","8","1.5","0.3","1","mixed","0.8","0.15","0.2","3000","0","20.450268698614877","72.25716529303502","0.40142869607241677","82.47167832976797","30.271809388729167","0.4581759907209332","0.16817671882627316","5513.98425820158","5539.612620004996","5411.47081098792","1.023679663716726","1475.075910096635","709.5169218586989","4537.31186304838","0.15637384937918108","0.018788318815258","1","1","1","1","1","1","100","0.08908126095338575","80","20","0.27759291401063757","0.14837057552054986","0.7944822679709889","0.08299399108538347"
"793","100","0.4","0.35","144","5","periodic","60","0.2","0.5","0.1","1","0.05","500","2000","0.5","0.01","true","false","all","5","8","1.5","0.3","1","mixed","0.8","0.15","0.2","3000","96","31.595560394845705","67.19862137711043","0.37332567431728014","76.40930295578262","31.63650376959787","0.4244961275321257","0.1757583542755437","3104.174922062708","3111.046370158364","3076.6891296800786","1.0111669522106892","1626.6529808849216","914.6506511378327","4474.662299873279","0.20440663224211028","0.01682615390860298","1","1","1","1","1","1","100","0.07911292894998305","80","20","0.29351665678731254","0.16302468702564685","0.8154845358339751","0.08464165142288066"
"794","100","0.4","0.35","144","5","periodic","60","0.2","0.5","0.1","1","0.05","500","2000","0.5","0.01","true","false","all","5","8","1.5","0.3","1","mixed","0.8","0.15","0.2","3000","42","42.30524973873723","77.61544024478471","0.4311968902488039","82.52049591355842","45.85401806786789","0.458447199519769","0.2547445448214883","6727.9488800332065","6750.559287028693","6637.507252051243","1.0170323030445674","1673.814140785949","895.5924402035083","4786.700943115711","0.18710014493208724","0.01772962933318145","1","1","1","1","1","1","100","0.07072197069011384","80","20","0.29192722147941713","0.16353678920201184","0.8054889505890381","0.08267374182927385"
"795","100","0.4","0.35","144","5","periodic","60","0.2","0.5","0.1","1","0.05","500","2000","0.5","0.01","true","false","all","5","8","1.5","0.3","1","mixed","0.8","0.15","0.2","3000","0","32.46672925594868","103.31346526967118","0.5739636959426176","98.59980808308472","117.97214937280538","0.5477767115726929","0.6554008298489188","6616.4275204427495","6632.435986117409","6552.393657744091","1.0122157386375465","1558.9352781150817","1001.6057386052195","3788.253436154527","0.26439776416383437","0.015295383519002614","1","1","1","1","1","1","100","0.07824187827909519","80","20","0.3282905068639627","0.2087545902826966","0.8064341731890268","0.07506991633155176"
"796","100","0.4","0.35","144","5","periodic","60","0.2","0.5","0.1","1","0.05","500","2000","0.5","0.01","true","false","all","5","8","1.5","0.3","1","mixed","0.8","0.15","0.2","3000","0","26.79705032829071","100.31098526017279","0.5572832514454044","94.35081924633508","101.81088302804895","0.5241712180351948","0.5656160168224942","10428.172518275896","10450.453600311394","10339.048190133919","1.010775209490152","1558.7779879956338","919.3864989574051","4116.343944148545","0.22335026213354428","0.012973338190185757","1","1","1","1","1","1","100","0.07501305793884767","80","20","0.28731841022811566","0.1701597177076919","0.7559531803098112","0.0711280900367987"
"797","100","0.4","0.35","144","5","periodic","60","0.2","0.5","0.1","1","0.05","500","2000","0.5","0.01","true","false","all","5","8","1.5","0.3","1","mixed","0.8","0.15","0.2","3000","1","35.7573732283566","92.8346010489143","0.5157477836050794","91.33340528315838","77.15980834916748","0.5074078071286577","0.42866560193981934","7567.788925038381","7578.724414363789","7524.046967736746","1.0072670262242516","1446.15795043396","960.2561873040677","3389.76500295353","0.2832810494141596","0.012601782865617972","1","1","1","1","1","1","100","0.08684968772675779","80","20","0.30127274692189393","0.17205118965015884","0.8181589760088347","0.08408188088062496"
"801","100","0.4","0.35","144","5","periodic","60","0.2","0.5","0.1","1","0.05","500","2000","0.5","0.01","true","false","all","5","8","1.5","0.3","1","mixed","0.8","0.2","0","3000","0","12.181335816786458","97.9293590233296","0.5440519945740533","97.9293590233296","0","0.5440519945740533","0","1495.9118125804482","1495.9118125804482","0","0","885.3462723157431","885.3462723157431","0","0","0.015883280745178308","0.7420708423589225","0.7420708423589225","0","0.6639412083869654","0.6639412083869654","0","100","0.07078213655105445","100","0","0.21718741985420245","0.21718741985420245","0","0.020129678405539204"
"802","100","0.4","0.35","144","5","periodic","60","0.2","0.5","0.1","1","0.05","500","2000","0.5","0.01","true","false","all","5","8","1.5","0.3","1","mixed","0.8","0.2","0","3000","0","26.945532811225235","103.1091791809134","0.5728287732272966","103.1091791809134","0","0.5728287732272966","0","5608.735850705466","5608.735850705466","0","0","753.6274591581938","753.6274591581938","0","0","0.01852208312806436","1","1","0","1","1","0","100","0.08715074625758601","100","0","0.1919062767689781","0.1919062767689781","0","0.01663493989510636"
"798","100","0.4","0.35","144","5","periodic","60","0.2","0.5","0.1","1","0.05","500","2000","0.5","0.01","true","false","all","5","8","1.5","0.3","1","mixed","0.8","0.15","0.2","3000","74","19.05124881058275","91.15957085218953","0.5064420602899419","90.37355287631932","80.15203952452495","0.5020752937573296","0.4452891084695831","7336.702691829642","7370.629781463945","7200.994333292454","1.0235572256163585","1536.1220774256733","868.4139339407571","4206.954651365338","0.2064234121608417","0.013435119999022138","1","1","1","1","1","1","100","0.08496717489579761","80","20","0.2734686039335561","0.1496702421344343","0.7686620511300433","0.07804661169430657"
"799","100","0.4","0.35","144","5","periodic","60","0.2","0.5","0.1","1","0.05","500","2000","0.5","0.01","true","false","all","5","8","1.5","0.3","1","mixed","0.8","0.15","0.2","3000","12","13.945297518426969","105.5726816834635","0.5865148982414639","96.23983824059046","142.7674162663729","0.5346657680032804","0.7931523125909605","2813.667302814605","2820.972474533069","2784.4466159407475","1.01311781607994","1271.2255335866257","765.8832707434012","3292.5945849595237","0.23260782674002245","0.01062038409045396","1","1","1","1","1","1","100","0.08715371537916891","80","20","0.2902581298433332","0.17137639565120186","0.7657850666118591","0.07246536647010134"
"803","100","0.4","0.35","144","5","periodic","60","0.2","0.5","0.1","1","0.05","500","2000","0.5","0.01","true","false","all","5","8","1.5","0.3","1","mixed","0.8","0.2","0","3000","0","12.474361773094884","85.97382278794282","0.4776323488219046","85.97382278794282","0","0.4776323488219046","0","1580.2126296639506","1580.2126296639506","0","0","835.2528095580914","835.2528095580914","0","0","0.010890400857317628","0.785493101116044","0.785493101116044","0","0.7201417531093003","0.7201417531093003","0","100","0.08935770047490328","100","0","0.20867302457698425","0.20867302457698425","0","0.020893422231420457"
"804","100","0.4","0.35","144","5","periodic","60","0.2","0.5","0.1","1","0.05","500","2000","0.5","0.01","true","false","all","5","8","1.5","0.3","1","mixed","0.8","0.2","0","3000","131","13.269447899258694","93.75578722397749","0.5208654845776527","93.75578722397749","0","0.5208654845776527","0","4247.563452485108","4247.563452485108","0","0","741.7778981051596","741.7778981051596","0","0","0.016718185580675504","1","1","0","1","1","0","100","0.07138465558681241","100","0","0.19705114470566568","0.19705114470566568","0","0.02212169294017935"
"800","100","0.4","0.35","144","5","periodic","60","0.2","0.5","0.1","1","0.05","500","2000","0.5","0.01","true","false","all","5","8","1.5","0.3","1","mixed","0.8","0.15","0.2","3000","102","34.50621509122452","69.77221982299015","0.3876234434610564","77.84982619607541","39.9335765878341","0.4324990344226412","0.22185320326574498","2265.8004203303476","2275.292707216987","2227.831272783791","1.0213038729696478","1402.0144313381038","819.3887321181776","3732.517228217809","0.21952711321024956","0.01918595812934365","1","1","1","1","1","1","100","0.08344735075073112","80","20","0.2697663812015562","0.14212810759805233","0.7803194756155716","0.08213521639628829"
"805","100","0.4","0.35","144","5","periodic","60","0.2","0.5","0.1","1","0.05","500","2000","0.5","0.01","true","false","all","5","8","1.5","0.3","1","mixed","0.8","0.2","0","3000","0","10.5041895735027","85.60060293635324","0.4755589052019624","85.60060293635324","0","0.4755589052019624","0","664.6505628236961","664.6505628236961","0","0","927.9041537227342","927.9041537227342","0","0","0.020269066824158744","0.1480475281144805","0.1480475281144805","0","0.10976704188246403","0.10976704188246403","0","100","0.07924694629806736","100","0","0.21091080950397362","0.21091080950397362","0","0.018424127529486706"
"806","100","0.4","0.35","144","5","periodic","60","0.2","0.5","0.1","1","0.05","500","2000","0.5","0.01","true","false","all","5","8","1.5","0.3","1","mixed","0.8","0.2","0","3000","0","15.443393372323598","93.17579766949956","0.5176433203861086","93.17579766949956","0","0.5176433203861086","0","663.9757461902959","663.9757461902959","0","0","864.1764306065851","864.1764306065851","0","0","0.02124230633587265","0.14538677721137008","0.14538677721137008","0","0.10931716412686386","0.10931716412686386","0","100","0.09863916081889593","100","0","0.21531523131925617","0.21531523131925617","0","0.0170800517165273"
"808","100","0.4","0.35","144","5","periodic","60","0.2","0.5","0.1","1","0.05","500","2000","0.5","0.01","true","false","all","5","8","1.5","0.3","1","mixed","0.8","0.2","0","3000","0","17.683153222697953","77.31263851564881","0.4295146584202712","77.31263851564881","0","0.4295146584202712","0","668.14559290003","668.14559290003","0","0","855.2903053630154","855.2903053630154","0","0","0.023332161932516415","0.1489697833672461","0.1489697833672461","0","0.11209706193335353","0.11209706193335353","0","100","0.07103421547424317","100","0","0.19094515353450173","0.19094515353450173","0","0.023674481027313083"
"809","100","0.4","0.35","144","5","periodic","60","0.2","0.5","0.1","1","0.05","500","2000","0.5","0.01","true","false","all","5","8","1.5","0.3","1","mixed","0.8","0.2","0","3000","1","16.888022517196347","107.20099180678682","0.59556106559326","107.20099180678682","0","0.59556106559326","0","718.2040091538017","718.2040091538017","0","0","796.3324870036939","796.3324870036939","0","0","0.020129012300035276","0.18937390389297526","0.18937390389297526","0","0.14546933943586812","0.14546933943586812","0","100","0.08552680646962262","100","0","0.2063836583472279","0.2063836583472279","0","0.01630529932556942"
"811","100","0.4","0.35","144","5","periodic","60","0.2","0.5","0.1","1","0.05","500","2000","0.5","0.01","true","false","all","5","8","1.5","0.3","1","mixed","0.8","0.2","0","3000","0","12.323176418614224","93.86100368129895","0.5214500204516609","93.86100368129895","0","0.5214500204516609","0","646.215204563671","646.215204563671","0","0","993.8387413472453","993.8387413472453","0","0","0.019076168684560857","0.13976085262497887","0.13976085262497887","0","0.09747680304244735","0.09747680304244735","0","100","0.08104839657915996","100","0","0.21442498525285403","0.21442498525285403","0","0.022643412614222487"
"807","100","0.4","0.35","144","5","periodic","60","0.2","0.5","0.1","1","0.05","500","2000","0.5","0.01","true","false","all","5","8","1.5","0.3","1","mixed","0.8","0.2","0","3000","0","22.93974505567914","91.1287264877909","0.5062707027099494","91.1287264877909","0","0.5062707027099494","0","5500.430271805492","5500.430271805492","0","0","943.6264652861428","943.6264652861428","0","0","0.017821908086038896","1","1","0","1","1","0","100","0.08165149669120397","100","0","0.21857570114470806","0.21857570114470806","0","0.020211606022503374"
"810","100","0.4","0.35","144","5","periodic","60","0.2","0.5","0.1","1","0.05","500","2000","0.5","0.01","true","false","all","5","8","1.5","0.3","1","mixed","0.8","0.2","0","3000","0","9.58837648652272","83.12879184485274","0.461826621360293","83.12879184485274","0","0.461826621360293","0","646.1869976523816","646.1869976523816","0","0","1123.8789409331732","1123.8789409331732","0","0","0.02210810550222231","0.1414931598891385","0.1414931598891385","0","0.09745799843492091","0.09745799843492091","0","100","0.08274271511677447","100","0","0.19353158407382157","0.19353158407382157","0","0.0188768259110337"
"812","100","0.4","0.35","144","5","periodic","60","0.2","0.5","0.1","1","0.05","500","2000","0.5","0.01","true","false","all","5","8","1.5","0.3","1","mixed","0.8","0.2","0","3000","41","18.50478077064048","99.1715218363838","0.5509528990910211","99.1715218363838","0","0.5509528990910211","0","1798.4605992183215","1798.4605992183215","0","0","744.959578469651","744.959578469651","0","0","0.018592483861146647","0.9873076892946897","0.9873076892946897","0","0.8656403994788812","0.8656403994788812","0","100","0.08320454580861791","100","0","0.21730937273058623","0.21730937273058623","0","0.018331594287312097"
"813","100","0.4","0.35","144","5","periodic","60","0.2","0.5","0.1","1","0.05","500","2000","0.5","0.01","true","false","all","5","8","1.5","0.3","1","mixed","0.8","0.2","0","3000","31","18.07306598484172","90.51807383950182","0.5028781879972324","90.51807383950182","0","0.5028781879972324","0","2277.3821677682977","2277.3821677682977","0","0","793.4929321898545","793.4929321898545","0","0","0.015808463024454378","1","1","0","1","1","0","100","0.0803812179205574","100","0","0.204126965365319","0.204126965365319","0","0.017418195677898457"
"814","100","0.4","0.35","144","5","periodic","60","0.2","0.5","0.1","1","0.05","500","2000","0.5","0.01","true","false","all","5","8","1.5","0.3","1","mixed","0.8","0.2","0","3000","0","31.580615623977636","91.67495874149228","0.5093053263416237","91.67495874149228","0","0.5093053263416237","0","15244.9950785037","15244.9950785037","0","0","838.9091373641292","838.9091373641292","0","0","0.010861019299579056","1","1","0","1","1","0","100","0.09314998999645929","100","0","0.19859026164033422","0.19859026164033422","0","0.0205055130207126"
"815","100","0.4","0.35","144","5","periodic","60","0.2","0.5","0.1","1","0.05","500","2000","0.5","0.01","true","false","all","5","8","1.5","0.3","1","mixed","0.8","0.2","0","3000","6","19.427583895406826","93.70132136590313","0.5205628964772396","93.70132136590313","0","0.5205628964772396","0","747.1658935199282","747.1658935199282","0","0","1071.6336230202091","1071.6336230202091","0","0","0.021535753053729456","0.213752031175743","0.213752031175743","0","0.16477726234661888","0.16477726234661888","0","100","0.08289344853073166","100","0","0.19641704770543295","0.19641704770543295","0","0.02192559251133007"
"816","100","0.4","0.35","144","5","periodic","60","0.2","0.5","0.1","1","0.05","500","2000","0.5","0.01","true","false","all","5","8","1.5","0.3","1","mixed","0.8","0.2","0","3000","0","15.277982892903992","100.13040236929393","0.5562800131627441","100.13040236929393","0","0.5562800131627441","0","3329.547929752633","3329.547929752633","0","0","969.4093638424165","969.4093638424165","0","0","0.022367087317442635","1","1","0","1","1","0","100","0.08325601083970013","100","0","0.20046753003305273","0.20046753003305273","0","0.021732250150152198"
"817","100","0.4","0.35","144","5","periodic","60","0.2","0.5","0.1","1","0.05","500","2000","0.5","0.01","true","false","all","5","8","1.5","0.3","1","mixed","0.8","0.2","0","3000","0","19.14844576753498","91.91681063427296","0.5106489479681832","91.91681063427296","0","0.5106489479681832","0","8344.196023274975","8344.196023274975","0","0","770.1598271583955","770.1598271583955","0","0","0.013092427257425987","1","1","0","1","1","0","100","0.08520549367744483","100","0","0.22043142829230894","0.22043142829230894","0","0.02208677638954127"
"818","100","0.4","0.35","144","5","periodic","60","0.2","0.5","0.1","1","0.05","500","2000","0.5","0.01","true","false","all","5","8","1.5","0.3","1","mixed","0.8","0.2","0","3000","16","10.141847830692797","76.74515641863927","0.4263619801035515","76.74515641863927","0","0.4263619801035515","0","769.8290173852525","769.8290173852525","0","0","870.2752394173615","870.2752394173615","0","0","0.020825109461839908","0.24529577515685286","0.24529577515685286","0","0.17988601159016832","0.17988601159016832","0","100","0.0619671609080698","100","0","0.20095489190773988","0.20095489190773988","0","0.022187608649485203"
"819","100","0.4","0.35","144","5","periodic","60","0.2","0.5","0.1","1","0.05","500","2000","0.5","0.01","true","false","all","5","8","1.5","0.3","1","mixed","0.8","0.2","0","3000","131","13.234414933757378","89.82243445299822","0.499013524738879","89.82243445299822","0","0.499013524738879","0","5404.306811393905","5404.306811393905","0","0","972.2839465884192","972.2839465884192","0","0","0.01308043750990695","1","1","0","1","1","0","100","0.07146934064893395","100","0","0.22828305107908745","0.22828305107908745","0","0.021853921524630057"
"820","100","0.4","0.35","144","5","periodic","60","0.2","0.5","0.1","1","0.05","500","2000","0.5","0.01","true","false","all","5","8","1.5","0.3","1","mixed","0.8","0.2","0","3000","71","8.826999567629144","93.22157684173199","0.5178976491207332","93.22157684173199","0","0.5178976491207332","0","1917.4245925223724","1917.4245925223724","0","0","916.6428483347423","916.6428483347423","0","0","0.016804192759976688","1","1","0","0.9439733807054236","0.9439733807054236","0","100","0.07471655754490693","100","0","0.1959517351261655","0.1959517351261655","0","0.01642066137666869"
"821","100","0.4","0.35","144","5","periodic","60","0.2","0.5","0.1","1","0.05","500","2000","0.5","0.01","true","false","all","5","8","1.5","0.3","1","mixed","0.8","0.2","0","3000","41","15.617726532017642","92.5837632783308","0.5143542404351712","92.5837632783308","0","0.5143542404351712","0","3756.860016151207","3756.860016151207","0","0","903.6469712053358","903.6469712053358","0","0","0.01185664121533958","1","1","0","1","1","0","100","0.07504960853104312","100","0","0.2040423663886628","0.2040423663886628","0","0.021100115053154622"
"822","100","0.4","0.35","144","5","periodic","60","0.2","0.5","0.1","1","0.05","500","2000","0.5","0.01","true","false","all","5","8","1.5","0.3","1","mixed","0.8","0.2","0","3000","71","17.604752637788863","89.42205124377571","0.49678917357653174","89.42205124377571","0","0.49678917357653174","0","6196.957599319571","6196.957599319571","0","0","881.2913629808619","881.2913629808619","0","0","0.012297828862193994","1","1","0","1","1","0","100","0.08977600438498165","100","0","0.1942588328359179","0.1942588328359179","0","0.01931994852945363"
"823","100","0.4","0.35","144","5","periodic","60","0.2","0.5","0.1","1","0.05","500","2000","0.5","0.01","true","false","all","5","8","1.5","0.3","1","mixed","0.8","0.2","0","3000","0","21.070789987247025","90.44158634487103","0.5024532574715057","90.44158634487103","0","0.5024532574715057","0","10618.738762095298","10618.738762095298","0","0","860.5440318345563","860.5440318345563","0","0","0.011513417919912117","1","1","0","1","1","0","100","0.07901004894239101","100","0","0.2044690170141835","0.2044690170141835","0","0.020166290653589315"
"824","100","0.4","0.35","144","5","periodic","60","0.2","0.5","0.1","1","0.05","500","2000","0.5","0.01","true","false","all","5","8","1.5","0.3","1","mixed","0.8","0.2","0","3000","41","18.80173872622825","95.36609933567739","0.5298116629759855","95.36609933567739","0","0.5298116629759855","0","5827.901184279347","5827.901184279347","0","0","882.852902491817","882.852902491817","0","0","0.014733977931962405","1","1","0","1","1","0","100","0.07921662771613458","100","0","0.1890363645121634","0.1890363645121634","0","0.019214040956512288"
"825","100","0.4","0.35","144","5","periodic","60","0.2","0.5","0.1","1","0.05","500","2000","0.5","0.01","true","false","all","5","8","1.5","0.3","1","mixed","0.8","0.2","0","3000","86","16.217246052633087","95.8251010352391","0.532361672417995","95.8251010352391","0","0.532361672417995","0","10051.074754022067","10051.074754022067","0","0","862.2373981767829","862.2373981767829","0","0","0.009842800072781932","1","1","0","1","1","0","100","0.07331280973403931","100","0","0.2147590840452467","0.2147590840452467","0","0.017029790284868868"
"827","100","0.4","0.35","144","5","periodic","60","0.2","0.5","0.1","1","0.05","500","2000","0.5","0.01","true","false","all","5","8","1.5","0.3","1","mixed","0.8","0.2","0","3000","6","10.950977484078194","94.73344246398469","0.5262969025776927","94.73344246398469","0","0.5262969025776927","0","3096.3008886360367","3096.3008886360367","0","0","943.0299730423415","943.0299730423415","0","0","0.023966912492215497","1","1","0","1","1","0","100","0.08192397288793105","100","0","0.20306821812025178","0.20306821812025178","0","0.019757666721864745"
"828","100","0.4","0.35","144","5","periodic","60","0.2","0.5","0.1","1","0.05","500","2000","0.5","0.01","true","false","all","5","8","1.5","0.3","1","mixed","0.8","0.2","0","3000","-1","27.70387388724501","92.99472494263362","0.5166373607924091","92.99472494263362","0","0.5166373607924091","0","21785.247069174176","21785.247069174176","0","0","832.6883672349786","832.6883672349786","0","0","0.009097000443365921","1","1","0","1","1","0","100","0.08174487013841877","100","0","0.1966360506005502","0.1966360506005502","0","0.017048418629700562"
"826","100","0.4","0.35","144","5","periodic","60","0.2","0.5","0.1","1","0.05","500","2000","0.5","0.01","true","false","all","5","8","1.5","0.3","1","mixed","0.8","0.2","0","3000","0","13.282064001087988","80.23254107579646","0.44573633930998036","80.23254107579646","0","0.44573633930998036","0","653.597158501484","653.597158501484","0","0","872.5603926065953","872.5603926065953","0","0","0.024972710223736705","0.14795465186239426","0.14795465186239426","0","0.10239810566765588","0.10239810566765588","0","100","0.08721119125933254","100","0","0.21654927750018185","0.21654927750018185","0","0.01873099290041064"
"829","100","0.4","0.35","144","5","periodic","60","0.2","0.5","0.1","1","0.05","500","2000","0.5","0.01","true","false","all","5","8","1.5","0.3","1","mixed","0.8","0.2","0","3000","0","18.923055578203147","97.81724660083131","0.5434291477823961","97.81724660083131","0","0.5434291477823961","0","5113.900537733797","5113.900537733797","0","0","977.6727448849342","977.6727448849342","0","0","0.014777478369584207","1","1","0","1","1","0","100","0.0738058026321726","100","0","0.2246467667650243","0.2246467667650243","0","0.019583234405942833"
"831","100","0.4","0.35","144","5","periodic","60","0.2","0.5","0.1","1","0.05","500","2000","0.5","0.01","true","false","all","5","8","1.5","0.3","1","mixed","0.8","0.2","0","3000","1","9.396967715962631","91.00240734461784","0.5055689296923214","91.00240734461784","0","0.5055689296923214","0","972.4590501036815","972.4590501036815","0","0","922.6061321871266","922.6061321871266","0","0","0.018034063083047336","0.3664763781826626","0.3664763781826626","0","0.3149727000691206","0.3149727000691206","0","100","0.08931839135013463","100","0","0.21540847801294352","0.21540847801294352","0","0.017134289154044267"
"830","100","0.4","0.35","144","5","periodic","60","0.2","0.5","0.1","1","0.05","500","2000","0.5","0.01","true","false","all","5","8","1.5","0.3","1","mixed","0.8","0.2","0","3000","0","10.13559983023191","82.09504906898232","0.45608360593879066","82.09504906898232","0","0.45608360593879066","0","3600.615922970466","3600.615922970466","0","0","879.0506166761578","879.0506166761578","0","0","0.019257878811909546","1","1","0","1","1","0","100","0.10089671964168662","100","0","0.1967172803495348","0.1967172803495348","0","0.01928184055740112"
"833","100","0.4","0.35","144","5","periodic","60","0.2","0.5","0.1","1","0.05","500","2000","0.5","0.01","true","false","all","5","8","1.5","0.3","1","mixed","0.8","0.2","0","3000","6","14.690551504617503","87.01901970302663","0.4834389983501479","87.01901970302663","0","0.4834389983501479","0","941.0839398415333","941.0839398415333","0","0","1022.3710822095351","1022.3710822095351","0","0","0.01753388939396827","0.3442041483299871","0.3442041483299871","0","0.2940559598943559","0.2940559598943559","0","100","0.09751536426072405","100","0","0.23190313730473006","0.23190313730473006","0","0.024069443537296866"
"834","100","0.4","0.35","144","5","periodic","60","0.2","0.5","0.1","1","0.05","500","2000","0.5","0.01","true","false","all","5","8","1.5","0.3","1","mixed","0.8","0.2","0","3000","36","13.985207751864522","85.3460569706277","0.4741447609479317","85.3460569706277","0","0.4741447609479317","0","961.8344937853284","961.8344937853284","0","0","926.6834406613463","926.6834406613463","0","0","0.021526068134306353","0.36051980445640874","0.36051980445640874","0","0.3078896625235528","0.3078896625235528","0","100","0.08785681813368114","100","0","0.18783905358193137","0.18783905358193137","0","0.01771939995401795"
"832","100","0.4","0.35","144","5","periodic","60","0.2","0.5","0.1","1","0.05","500","2000","0.5","0.01","true","false","all","5","8","1.5","0.3","1","mixed","0.8","0.2","0","3000","11","9.977104567440975","93.6532487191735","0.5202958262176306","93.6532487191735","0","0.5202958262176306","0","734.4524625824099","734.4524625824099","0","0","963.18470690327","963.18470690327","0","0","0.0189470204842328","0.20242617781242409","0.20242617781242409","0","0.1563016417216067","0.1563016417216067","0","100","0.0782790569015843","100","0","0.20289589367332028","0.20289589367332028","0","0.024082561277543872"
"835","100","0.4","0.35","144","5","periodic","60","0.2","0.5","0.1","1","0.05","500","2000","0.5","0.01","true","false","all","5","8","1.5","0.3","1","mixed","0.8","0.2","0","3000","61","14.567004986004306","86.31473098114628","0.4795262832285905","86.31473098114628","0","0.4795262832285905","0","4574.06907331337","4574.06907331337","0","0","760.9598358798421","760.9598358798421","0","0","0.016930669973981738","1","1","0","1","1","0","100","0.09907867448121896","100","0","0.20212766047625394","0.20212766047625394","0","0.02083356651398548"
"836","100","0.4","0.35","144","5","periodic","60","0.2","0.5","0.1","1","0.05","500","2000","0.5","0.01","true","false","all","5","8","1.5","0.3","1","mixed","0.8","0.2","0","3000","0","11.038619778944636","77.96211333118447","0.4331228518399137","77.96211333118447","0","0.4331228518399137","0","813.4638121430761","813.4638121430761","0","0","749.7139850954446","749.7139850954446","0","0","0.018009241753914385","0.2519907857050083","0.2519907857050083","0","0.2089758747620509","0.2089758747620509","0","100","0.082733789104487","100","0","0.20290080486254158","0.20290080486254158","0","0.016555766212404018"
"837","100","0.4","0.35","144","5","periodic","60","0.2","0.5","0.1","1","0.05","500","2000","0.5","0.01","true","false","all","5","8","1.5","0.3","1","mixed","0.8","0.2","0","3000","46","25.794379949045776","74.82351464859052","0.41568619249216954","74.82351464859052","0","0.41568619249216954","0","4303.284232918397","4303.284232918397","0","0","691.4740260264869","691.4740260264869","0","0","0.011104998943796351","1","1","0","1","1","0","100","0.08941381225093445","100","0","0.19976332286799117","0.19976332286799117","0","0.020292145946653278"
"838","100","0.4","0.35","144","5","periodic","60","0.2","0.5","0.1","1","0.05","500","2000","0.5","0.01","true","false","all","5","8","1.5","0.3","1","mixed","0.8","0.2","0","3000","1","12.03087945778735","90.87315718370974","0.5048508732428318","90.87315718370974","0","0.5048508732428318","0","1092.3406344212103","1092.3406344212103","0","0","722.1315796155016","722.1315796155016","0","0","0.015007410059405313","0.4412076185909711","0.4412076185909711","0","0.39489375628080725","0.39489375628080725","0","100","0.08193109972679344","100","0","0.21619106666521565","0.21619106666521565","0","0.02325902076216787"
"839","100","0.4","0.35","144","5","periodic","60","0.2","0.5","0.1","1","0.05","500","2000","0.5","0.01","true","false","all","5","8","1.5","0.3","1","mixed","0.8","0.2","0","3000","56","17.355226320632482","93.82907346342006","0.5212726303523336","93.82907346342006","0","0.5212726303523336","0","2089.616772669897","2089.616772669897","0","0","844.9829971720333","844.9829971720333","0","0","0.015918438138535995","1","1","0","0.9990818661292857","0.9990818661292857","0","100","0.09320108303124851","100","0","0.23748913212344422","0.23748913212344422","0","0.020416917976908543"
"841","100","0.4","0.35","144","5","periodic","60","0.2","0.5","0.1","1","0.05","500","2000","0.5","0.01","true","false","all","5","8","1.5","0.3","1","mixed","0.8","0.2","0","3000","21","14.971170562160438","103.22470200279932","0.5734705666822184","103.22470200279932","0","0.5734705666822184","0","1683.2167078101336","1683.2167078101336","0","0","916.9210829538088","916.9210829538088","0","0","0.015234014044282596","0.8767420755462029","0.8767420755462029","0","0.7888111385400899","0.7888111385400899","0","100","0.08246967212943064","100","0","0.22237550973089107","0.22237550973089107","0","0.01940962862239158"
"842","100","0.4","0.35","144","5","periodic","60","0.2","0.5","0.1","1","0.05","500","2000","0.5","0.01","true","false","all","5","8","1.5","0.3","1","mixed","0.8","0.2","0","3000","6","22.49817177176662","84.174563354279","0.46763646307932777","84.174563354279","0","0.46763646307932777","0","5825.798001802115","5825.798001802115","0","0","894.7155946721709","894.7155946721709","0","0","0.01804890888763544","1","1","0","1","1","0","100","0.07032505188790047","100","0","0.20836527895465257","0.20836527895465257","0","0.026016326781700506"
"843","100","0.4","0.35","144","5","periodic","60","0.2","0.5","0.1","1","0.05","500","2000","0.5","0.01","true","false","all","5","8","1.5","0.3","1","mixed","0.8","0.2","0","3000","0","15.428470206072816","89.32748346710963","0.49626379703949797","89.32748346710963","0","0.49626379703949797","0","1163.1919461327975","1163.1919461327975","0","0","1019.6466445656876","1019.6466445656876","0","0","0.015813106606645366","0.5013099612054518","0.5013099612054518","0","0.44212796408853144","0.44212796408853144","0","100","0.09058962574898326","100","0","0.2049086284359896","0.2049086284359896","0","0.01728493760828485"
"840","100","0.4","0.35","144","5","periodic","60","0.2","0.5","0.1","1","0.05","500","2000","0.5","0.01","true","false","all","5","8","1.5","0.3","1","mixed","0.8","0.2","0","3000","0","14.840556996018265","80.61961164733832","0.4478867313741018","80.61961164733832","0","0.4478867313741018","0","2186.7908015974667","2186.7908015974667","0","0","770.8747773855752","770.8747773855752","0","0","0.012622624350561829","1","1","0","1","1","0","100","0.09217582104854595","100","0","0.2008627613242524","0.2008627613242524","0","0.01990347300427773"
"844","100","0.4","0.35","144","5","periodic","60","0.2","0.5","0.1","1","0.05","500","2000","0.5","0.01","true","false","all","5","8","1.5","0.3","1","mixed","0.8","0.2","0","3000","-1","32.01688421811619","92.34746242815228","0.5130414579341793","92.34746242815228","0","0.5130414579341793","0","21811.60292435276","21811.60292435276","0","0","936.4530221170035","936.4530221170035","0","0","0.009970624236456116","1","1","0","1","1","0","100","0.08673543400296453","100","0","0.20546764270025236","0.20546764270025236","0","0.018870949689811543"
"846","100","0.4","0.35","144","5","periodic","60","0.2","0.5","0.1","1","0.05","500","2000","0.5","0.01","true","false","all","5","8","1.5","0.3","1","mixed","0.8","0.2","0","3000","106","20.802066124402543","92.43679448203987","0.5135377471224437","92.43679448203987","0","0.5135377471224437","0","2835.975655674707","2835.975655674707","0","0","830.7302394288193","830.7302394288193","0","0","0.01473331367566555","1","1","0","1","1","0","100","0.08556172214809687","100","0","0.17511978310855628","0.17511978310855628","0","0.015321135215939091"
"845","100","0.4","0.35","144","5","periodic","60","0.2","0.5","0.1","1","0.05","500","2000","0.5","0.01","true","false","all","5","8","1.5","0.3","1","mixed","0.8","0.2","0","3000","6","21.75232161258198","91.57185132083015","0.5087325073379453","91.57185132083015","0","0.5087325073379453","0","1077.6773418872378","1077.6773418872378","0","0","836.779069642876","836.779069642876","0","0","0.01401148980343625","0.4286376851755346","0.4286376851755346","0","0.3851182279248249","0.3851182279248249","0","100","0.07539480827795303","100","0","0.23141598405122513","0.23141598405122513","0","0.017974351919121178"
"847","100","0.4","0.35","144","5","periodic","60","0.2","0.5","0.1","1","0.05","500","2000","0.5","0.01","true","false","all","5","8","1.5","0.3","1","mixed","0.8","0.2","0","3000","0","18.53872217174289","85.10129532049177","0.47278497400273206","85.10129532049177","0","0.47278497400273206","0","3159.662967454961","3159.662967454961","0","0","809.2972824267504","809.2972824267504","0","0","0.022345984233378413","1","1","0","1","1","0","100","0.08261087412275236","100","0","0.18979346375699696","0.18979346375699696","0","0.016550491631800383"
"849","100","0.4","0.35","144","5","periodic","60","0.2","0.5","0.1","1","0.05","500","2000","0.5","0.01","true","false","all","5","8","1.5","0.3","1","mixed","0.8","0.2","0","3000","61","20.5312060844513","82.53924273273279","0.45855134851518214","82.53924273273279","0","0.45855134851518214","0","5543.017841275042","5543.017841275042","0","0","728.1538422821665","728.1538422821665","0","0","0.016144285806726888","1","1","0","1","1","0","100","0.0844880714247214","100","0","0.2014743024075365","0.2014743024075365","0","0.017867300057582063"
"848","100","0.4","0.35","144","5","periodic","60","0.2","0.5","0.1","1","0.05","500","2000","0.5","0.01","true","false","all","5","8","1.5","0.3","1","mixed","0.8","0.2","0","3000","46","22.179722163529334","74.98587706563292","0.41658820592018286","74.98587706563292","0","0.41658820592018286","0","2852.6674020948617","2852.6674020948617","0","0","700.5534581592017","700.5534581592017","0","0","0.012320020314415592","1","1","0","1","1","0","100","0.0856233523505691","100","0","0.199532321321793","0.199532321321793","0","0.023040778204645528"
"850","100","0.4","0.35","144","5","periodic","60","0.2","0.5","0.1","1","0.05","500","2000","0.5","0.01","true","false","all","5","8","1.5","0.3","1","mixed","0.8","0.2","0","3000","6","12.448199727807335","86.84836752385736","0.48249093068809645","86.84836752385736","0","0.48249093068809645","0","3237.077812952678","3237.077812952678","0","0","779.9441853127679","779.9441853127679","0","0","0.020013318414482617","1","1","0","1","1","0","100","0.08387913411538574","100","0","0.1948442913090809","0.1948442913090809","0","0.01819960288359004"
"852","100","0.4","0.35","144","5","periodic","60","0.2","0.5","0.1","1","0.05","500","2000","0.5","0.01","true","false","all","5","8","1.5","0.3","1","mixed","0.8","0.2","0","3000","16","16.640208233321474","85.41511016665116","0.47452838981472867","85.41511016665116","0","0.47452838981472867","0","856.3423061555275","856.3423061555275","0","0","767.4947705927167","767.4947705927167","0","0","0.019124564895765417","0.27621555072737725","0.27621555072737725","0","0.23756153743701805","0.23756153743701805","0","100","0.08442659073601017","100","0","0.21456940830685817","0.21456940830685817","0","0.018822251669121597"
"851","100","0.4","0.35","144","5","periodic","60","0.2","0.5","0.1","1","0.05","500","2000","0.5","0.01","true","false","all","5","8","1.5","0.3","1","mixed","0.8","0.2","0","3000","0","16.27611478277798","83.37497354296893","0.4631942974609385","83.37497354296893","0","0.4631942974609385","0","674.5898574139827","674.5898574139827","0","0","929.8187418501033","929.8187418501033","0","0","0.02203021202437161","0.16455826213037048","0.16455826213037048","0","0.1163932382759885","0.1163932382759885","0","100","0.0818515332293969","100","0","0.20878435148517435","0.20878435148517435","0","0.019078088212799098"
"853","100","0.4","0.35","144","5","periodic","60","0.2","0.5","0.1","1","0.05","500","2000","0.5","0.01","true","false","all","5","8","1.5","0.3","1","mixed","0.8","0.2","0","3000","6","17.39038433050692","104.75534998058328","0.581974166558796","104.75534998058328","0","0.581974166558796","0","3166.881390882407","3166.881390882407","0","0","808.5594681476707","808.5594681476707","0","0","0.0204618909272003","1","1","0","1","1","0","100","0.07695400237115677","100","0","0.22482326268055045","0.22482326268055045","0","0.01766783318883785"
"855","100","0.4","0.35","144","5","periodic","60","0.2","0.5","0.1","1","0.05","500","2000","0.5","0.01","true","false","all","5","8","1.5","0.3","1","mixed","0.8","0.2","0","3000","126","23.75103826717178","90.47453445913094","0.5026363025507274","90.47453445913094","0","0.5026363025507274","0","18112.946701618657","18112.946701618657","0","0","823.5523606826126","823.5523606826126","0","0","0.009865384544302636","1","1","0","1","1","0","100","0.08185219608198839","100","0","0.21311821846226425","0.21311821846226425","0","0.021669809075753384"
"857","100","0.4","0.35","144","5","periodic","60","0.2","0.5","0.1","1","0.05","500","2000","0.5","0.01","true","false","all","5","8","1.5","0.3","1","mixed","0.8","0.2","0","3000","0","11.652697099794281","96.48990377117809","0.5360550209509894","96.48990377117809","0","0.5360550209509894","0","934.1860027119241","934.1860027119241","0","0","768.3737747543157","768.3737747543157","0","0","0.016566949175550683","0.34710219046142404","0.34710219046142404","0","0.2894573351412827","0.2894573351412827","0","100","0.0773062811287147","100","0","0.20246821068385068","0.20246821068385068","0","0.019271163779225033"
"854","100","0.4","0.35","144","5","periodic","60","0.2","0.5","0.1","1","0.05","500","2000","0.5","0.01","true","false","all","5","8","1.5","0.3","1","mixed","0.8","0.2","0","3000","36","21.809752077682433","94.23391999969559","0.5235217777760865","94.23391999969559","0","0.5235217777760865","0","2460.1552536529375","2460.1552536529375","0","0","859.8975452033452","859.8975452033452","0","0","0.011872443676099964","1","1","0","1","1","0","100","0.08430732134109511","100","0","0.2074715647563231","0.2074715647563231","0","0.01828420312159827"
"856","100","0.4","0.35","144","5","periodic","60","0.2","0.5","0.1","1","0.05","500","2000","0.5","0.01","true","false","all","5","8","1.5","0.3","1","mixed","0.8","0.2","0","3000","0","22.98698456516972","85.67526902125142","0.4759737167847301","85.67526902125142","0","0.4759737167847301","0","8297.518288447416","8297.518288447416","0","0","727.989004768293","727.989004768293","0","0","0.01327284749447899","1","1","0","1","1","0","100","0.07372029886822454","100","0","0.20433157526097281","0.20433157526097281","0","0.016070032486837103"
"858","100","0.4","0.35","144","5","periodic","60","0.2","0.5","0.1","1","0.05","500","2000","0.5","0.01","true","false","all","5","8","1.5","0.3","1","mixed","0.8","0.2","0","3000","21","22.39599856945094","74.99077157443732","0.4166153976357629","74.99077157443732","0","0.4166153976357629","0","5686.464445670489","5686.464445670489","0","0","656.8099314060761","656.8099314060761","0","0","0.008964683463091871","1","1","0","1","1","0","100","0.07912373185059442","100","0","0.20665727204324116","0.20665727204324116","0","0.01956576316738706"
"859","100","0.4","0.35","144","5","periodic","60","0.2","0.5","0.1","1","0.05","500","2000","0.5","0.01","true","false","all","5","8","1.5","0.3","1","mixed","0.8","0.2","0","3000","1","13.56841679479055","88.79130858717012","0.49328504770650067","88.79130858717012","0","0.49328504770650067","0","1347.4417465118947","1347.4417465118947","0","0","700.0707642007729","700.0707642007729","0","0","0.015022800338088338","0.6373855106239189","0.6373855106239189","0","0.5649611643412629","0.5649611643412629","0","100","0.09016920708032823","100","0","0.20461906163233887","0.20461906163233887","0","0.020283039751723905"
"860","100","0.4","0.35","144","5","periodic","60","0.2","0.5","0.1","1","0.05","500","2000","0.5","0.01","true","false","all","5","8","1.5","0.3","1","mixed","0.8","0.2","0","3000","31","24.160786272143156","103.12037169201236","0.572890953844513","103.12037169201236","0","0.572890953844513","0","11609.723603170205","11609.723603170205","0","0","789.200137219329","789.200137219329","0","0","0.011474970867915824","1","1","0","1","1","0","100","0.08812430143987691","100","0","0.22574794695268965","0.22574794695268965","0","0.015463021576661694"
"861","100","0.4","0.35","144","5","periodic","60","0.2","0.5","0.1","1","0.05","500","2000","0.5","0.01","true","false","all","5","8","1.5","0.3","1","mixed","0.8","0.2","0","3000","0","11.226863716455043","92.7219654447674","0.5151220302487078","92.7219654447674","0","0.5151220302487078","0","842.304039712996","842.304039712996","0","0","947.5729297552472","947.5729297552472","0","0","0.017261017035182347","0.26988270798502223","0.26988270798502223","0","0.22820269314199718","0.22820269314199718","0","100","0.08526374177069779","100","0","0.20998241573467719","0.20998241573467719","0","0.017928046315323583"
"863","100","0.4","0.35","144","5","periodic","60","0.2","0.5","0.1","1","0.05","500","2000","0.5","0.01","true","false","all","5","8","1.5","0.3","1","mixed","0.8","0.2","0","3000","41","15.106869569329277","84.4151136560746","0.46897285364485886","84.4151136560746","0","0.46897285364485886","0","987.940149809739","987.940149809739","0","0","938.7204694560835","938.7204694560835","0","0","0.022326104323744378","0.37736291787504556","0.37736291787504556","0","0.3252934332064927","0.3252934332064927","0","100","0.07249537039312805","100","0","0.1958319350090205","0.1958319350090205","0","0.017637338673701257"
"864","100","0.4","0.35","144","5","periodic","60","0.2","0.5","0.1","1","0.05","500","2000","0.5","0.01","true","false","all","5","8","1.5","0.3","1","mixed","0.8","0.2","0","3000","146","14.169906535868208","86.5121792614037","0.48062321811890946","86.5121792614037","0","0.48062321811890946","0","2809.1805277259723","2809.1805277259723","0","0","881.1667895006269","881.1667895006269","0","0","0.023533460445809284","1","1","0","1","1","0","100","0.08476412152352195","100","0","0.21688133121509356","0.21688133121509356","0","0.017912466018192165"
"865","100","0.4","0.35","144","5","periodic","60","0.2","0.5","0.1","1","0.05","500","2000","0.5","0.01","true","false","all","5","8","1.5","0.3","1","mixed","0.8","0.2","0","3000","0","14.192278121943716","86.42581108293525","0.48014339490519586","86.42581108293525","0","0.48014339490519586","0","720.3092247753018","720.3092247753018","0","0","925.0995747149411","925.0995747149411","0","0","0.018384155789109347","0.19506439184443963","0.19506439184443963","0","0.1468728165168676","0.1468728165168676","0","100","0.10527504858976093","100","0","0.21580170320317246","0.21580170320317246","0","0.02103326391980966"
"866","100","0.4","0.35","144","5","periodic","60","0.2","0.5","0.1","1","0.05","500","2000","0.5","0.01","true","false","all","5","8","1.5","0.3","1","mixed","0.8","0.2","0","3000","0","11.196835580214128","94.52246325591564","0.525124795866198","94.52246325591564","0","0.525124795866198","0","646.9610867027563","646.9610867027563","0","0","743.0605560807443","743.0605560807443","0","0","0.019698696458356757","0.13728886338116883","0.13728886338116883","0","0.09797405780183753","0.09797405780183753","0","100","0.0848168335292627","100","0","0.2160114715632254","0.2160114715632254","0","0.023215896190935528"
"862","100","0.4","0.35","144","5","periodic","60","0.2","0.5","0.1","1","0.05","500","2000","0.5","0.01","true","false","all","5","8","1.5","0.3","1","mixed","0.8","0.2","0","3000","0","16.21178591923811","82.79558975838695","0.4599754986577053","82.79558975838695","0","0.4599754986577053","0","3683.780624060864","3683.780624060864","0","0","826.1876194491405","826.1876194491405","0","0","0.017882579434599144","1","1","0","1","1","0","100","0.09260418256520311","100","0","0.22328305118012617","0.22328305118012617","0","0.01929890227454312"
"867","100","0.4","0.35","144","5","periodic","60","0.2","0.5","0.1","1","0.05","500","2000","0.5","0.01","true","false","all","5","8","1.5","0.3","1","mixed","0.8","0.2","0","3000","-1","35.95810401146397","86.13543882877529","0.4785302157154183","86.13543882877529","0","0.4785302157154183","0","21686.443764540556","21686.443764540556","0","0","868.7285106496383","868.7285106496383","0","0","0.008823282673704691","1","1","0","1","1","0","100","0.09049069880690566","100","0","0.20864400633690575","0.20864400633690575","0","0.016639212433700236"
"868","100","0.4","0.35","144","5","periodic","60","0.2","0.5","0.1","1","0.05","500","2000","0.5","0.01","true","false","all","5","8","1.5","0.3","1","mixed","0.8","0.2","0","3000","16","21.288628768091257","72.97822095299638","0.4054345608499799","72.97822095299638","0","0.4054345608499799","0","787.7632530680889","787.7632530680889","0","0","993.7490434930428","993.7490434930428","0","0","0.024450896228175534","0.2509821753437115","0.2509821753437115","0","0.19184216871205945","0.19184216871205945","0","100","0.07115118906387692","100","0","0.18936955567261346","0.18936955567261346","0","0.01689066142191312"
"869","100","0.4","0.35","144","5","periodic","60","0.2","0.5","0.1","1","0.05","500","2000","0.5","0.01","true","false","all","5","8","1.5","0.3","1","mixed","0.8","0.2","0","3000","101","16.460764091423002","83.40222912950325","0.4633457173861292","83.40222912950325","0","0.4633457173861292","0","4468.396215081052","4468.396215081052","0","0","973.061193156015","973.061193156015","0","0","0.016090073867639942","1","1","0","1","1","0","100","0.06837149850415991","100","0","0.2150381903599275","0.2150381903599275","0","0.020873380242841296"
"870","100","0.4","0.35","144","5","periodic","60","0.2","0.5","0.1","1","0.05","500","2000","0.5","0.01","true","false","all","5","8","1.5","0.3","1","mixed","0.8","0.2","0","3000","56","17.387257603122876","94.30024153844026","0.5238902307691126","94.30024153844026","0","0.5238902307691126","0","1226.376709583779","1226.376709583779","0","0","853.0378069221841","853.0378069221841","0","0","0.019243796464555762","0.5425767483608983","0.5425767483608983","0","0.48425113972251915","0.48425113972251915","0","100","0.08247584506952257","100","0","0.19075835370332636","0.19075835370332636","0","0.021693462589068728"
"871","100","0.4","0.35","144","5","periodic","60","0.2","0.5","0.1","1","0.05","500","2000","0.5","0.01","true","false","all","5","8","1.5","0.3","1","mixed","0.8","0.2","0","3000","26","18.14854666341131","92.27550773564997","0.5126417096424998","92.27550773564997","0","0.5126417096424998","0","869.8304839187956","869.8304839187956","0","0","768.5643938429613","768.5643938429613","0","0","0.01997183123289492","0.3057691698409074","0.3057691698409074","0","0.24655365594586354","0.24655365594586354","0","100","0.0842647995076351","100","0","0.20148742108209317","0.20148742108209317","0","0.017106659179072968"
"872","100","0.4","0.35","144","5","periodic","60","0.2","0.5","0.1","1","0.05","500","2000","0.5","0.01","true","false","all","5","8","1.5","0.3","1","mixed","0.8","0.2","0","3000","56","19.75822034320157","93.09829655631394","0.5172127586461885","93.09829655631394","0","0.5172127586461885","0","3951.275645027238","3951.275645027238","0","0","942.2267310741596","942.2267310741596","0","0","0.018399684174716047","1","1","0","1","1","0","100","0.08445442195623815","100","0","0.2016670800369315","0.2016670800369315","0","0.018613066346504236"
"873","100","0.4","0.35","144","5","periodic","60","0.2","0.5","0.1","1","0.05","500","2000","0.5","0.01","true","false","all","5","8","1.5","0.3","1","mixed","0.8","0.2","0","3000","0","13.802563731932565","86.12618975413835","0.4784788319674353","86.12618975413835","0","0.4784788319674353","0","649.2398948578154","649.2398948578154","0","0","866.5859486266086","866.5859486266086","0","0","0.022919222842763487","0.14254052352890675","0.14254052352890675","0","0.09949326323854348","0.09949326323854348","0","100","0.08733602163118073","100","0","0.2025681955761959","0.2025681955761959","0","0.017936393560265024"
"874","100","0.4","0.35","144","5","periodic","60","0.2","0.5","0.1","1","0.05","500","2000","0.5","0.01","true","false","all","5","8","1.5","0.3","1","mixed","0.8","0.2","0","3000","0","23.24948096132124","97.38778335916359","0.5410432408842422","97.38778335916359","0","0.5410432408842422","0","756.0193922997248","756.0193922997248","0","0","866.3452336958267","866.3452336958267","0","0","0.01982338820792462","0.2118284081083125","0.2118284081083125","0","0.1706795948664831","0.1706795948664831","0","100","0.07732136165704839","100","0","0.21184599937805917","0.21184599937805917","0","0.014147530521983288"
"875","100","0.4","0.35","144","5","periodic","60","0.2","0.5","0.1","1","0.05","500","2000","0.5","0.01","true","false","all","5","8","1.5","0.3","1","mixed","0.8","0.2","0","3000","101","13.046061023839712","89.87042717230366","0.4992801509572426","89.87042717230366","0","0.4992801509572426","0","3118.062646558646","3118.062646558646","0","0","989.164352487729","989.164352487729","0","0","0.016340205588659895","1","1","0","1","1","0","100","0.06975001345592874","100","0","0.1891403225189736","0.1891403225189736","0","0.0197852757517643"
"876","100","0.4","0.35","144","5","periodic","60","0.2","0.5","0.1","1","0.05","500","2000","0.5","0.01","true","false","all","5","8","1.5","0.3","1","mixed","0.8","0.2","0","3000","121","29.233876324877784","83.60608427251893","0.4644782459584385","83.60608427251893","0","0.4644782459584385","0","4773.874534323623","4773.874534323623","0","0","750.7993934639126","750.7993934639126","0","0","0.017001659865317764","1","1","0","1","1","0","100","0.086021364003731","100","0","0.1980943913672596","0.1980943913672596","0","0.02410852645078505"
"877","100","0.4","0.35","144","5","periodic","60","0.2","0.5","0.1","1","0.05","500","2000","0.5","0.01","true","false","all","5","8","1.5","0.3","1","mixed","0.8","0.2","0","3000","-1","25.159677762047792","83.46584433680039","0.4636991352044466","83.46584433680039","0","0.4636991352044466","0","21809.067727342383","21809.067727342383","0","0","810.0675431051417","810.0675431051417","0","0","0.009483628748023332","1","1","0","1","1","0","100","0.08744600853001329","100","0","0.189322502382165","0.189322502382165","0","0.017412270031177828"
"878","100","0.4","0.35","144","5","periodic","60","0.2","0.5","0.1","1","0.05","500","2000","0.5","0.01","true","false","all","5","8","1.5","0.3","1","mixed","0.8","0.2","0","3000","141","16.21955301400969","86.62467107195776","0.4812481726219876","86.62467107195776","0","0.4812481726219876","0","3636.7773607624254","3636.7773607624254","0","0","873.2784236034491","873.2784236034491","0","0","0.016979121261329277","1","1","0","1","1","0","100","0.08951314284333403","100","0","0.19775421047963057","0.19775421047963057","0","0.016479135699842447"
"879","100","0.4","0.35","144","5","periodic","60","0.2","0.5","0.1","1","0.05","500","2000","0.5","0.01","true","false","all","5","8","1.5","0.3","1","mixed","0.8","0.2","0","3000","76","11.48846806740356","95.10989774285389","0.5283883207936327","95.10989774285389","0","0.5283883207936327","0","1397.7407072549206","1397.7407072549206","0","0","902.870837297025","902.870837297025","0","0","0.024090430444589472","0.6894310532129578","0.6894310532129578","0","0.5984938048366137","0.5984938048366137","0","100","0.08097099393222636","100","0","0.19418230409173357","0.19418230409173357","0","0.017940562412121382"
"882","100","0.4","0.35","144","5","periodic","60","0.2","0.5","0.1","1","0.05","500","2000","0.5","0.01","true","false","all","5","8","1.5","0.3","1","mixed","0.8","0.2","0","3000","66","15.396891268732958","82.51405671889583","0.45841142621608794","82.51405671889583","0","0.45841142621608794","0","1602.126871102263","1602.126871102263","0","0","737.576801074899","737.576801074899","0","0","0.017810291543027823","0.8014170209062833","0.8014170209062833","0","0.734751247401509","0.734751247401509","0","100","0.08994292234775655","100","0","0.19706186044493137","0.19706186044493137","0","0.01565954235470377"
"881","100","0.4","0.35","144","5","periodic","60","0.2","0.5","0.1","1","0.05","500","2000","0.5","0.01","true","false","all","5","8","1.5","0.3","1","mixed","0.8","0.2","0","3000","-1","27.01346854285474","89.48416023089644","0.4971342235049802","89.48416023089644","0","0.4971342235049802","0","21838.540918349405","21838.540918349405","0","0","788.4336263517785","788.4336263517785","0","0","0.010300601521997965","1","1","0","1","1","0","100","0.08095989522279422","100","0","0.20632066258274795","0.20632066258274795","0","0.025672714421076027"
"880","100","0.4","0.35","144","5","periodic","60","0.2","0.5","0.1","1","0.05","500","2000","0.5","0.01","true","false","all","5","8","1.5","0.3","1","mixed","0.8","0.2","0","3000","0","16.132963804632084","88.91020227756555","0.49394556820869745","88.91020227756555","0","0.49394556820869745","0","649.6527149979971","649.6527149979971","0","0","1027.5995847557108","1027.5995847557108","0","0","0.025692550963725358","0.1528739098915211","0.1528739098915211","0","0.09976847666533137","0.09976847666533137","0","100","0.08326986113290526","100","0","0.21585857254646448","0.21585857254646448","0","0.017498371961776914"
"883","100","0.4","0.35","144","5","periodic","60","0.2","0.5","0.1","1","0.05","500","2000","0.5","0.01","true","false","all","5","8","1.5","0.3","1","mixed","0.8","0.2","0","3000","0","13.472552350952427","84.81395681693758","0.4711886489829865","84.81395681693758","0","0.4711886489829865","0","976.7233574119755","976.7233574119755","0","0","790.332398285878","790.332398285878","0","0","0.018196074592470968","0.3634626746906773","0.3634626746906773","0","0.31781557160798335","0.31781557160798335","0","100","0.0764443403470541","100","0","0.24903560252768903","0.24903560252768903","0","0.02093846492553883"
"884","100","0.4","0.35","144","5","periodic","60","0.2","0.5","0.1","1","0.05","500","2000","0.5","0.01","true","false","all","5","8","1.5","0.3","1","mixed","0.8","0.2","0","3000","121","19.282788384304723","91.95035586781951","0.5108353103767751","91.95035586781951","0","0.5108353103767751","0","5254.139358160752","5254.139358160752","0","0","828.0405933649122","828.0405933649122","0","0","0.015495705635519164","1","1","0","1","1","0","100","0.08202353388015755","100","0","0.21546190015891895","0.21546190015891895","0","0.017521674482787897"
"885","100","0.4","0.35","144","5","periodic","60","0.2","0.5","0.1","1","0.05","500","2000","0.5","0.01","true","false","all","5","8","1.5","0.3","1","mixed","0.8","0.2","0","3000","0","17.262221352253036","100.9860983439084","0.5610338796883799","100.9860983439084","0","0.5610338796883799","0","833.418008960083","833.418008960083","0","0","732.8665655757453","732.8665655757453","0","0","0.016640173703378558","0.2671589436004171","0.2671589436004171","0","0.2222786726400555","0.2222786726400555","0","100","0.07908908010056154","100","0","0.21181210816034632","0.21181210816034632","0","0.02447425308674133"
"886","100","0.4","0.35","144","5","periodic","60","0.2","0.5","0.1","1","0.05","500","2000","0.5","0.01","true","false","all","5","8","1.5","0.3","1","mixed","0.8","0.2","0","3000","0","9.160514764677316","92.62292411793524","0.5145718006551958","92.62292411793524","0","0.5145718006551958","0","1393.5548037559035","1393.5548037559035","0","0","833.461946961882","833.461946961882","0","0","0.014334433293858195","0.6470557126432956","0.6470557126432956","0","0.5957032025039356","0.5957032025039356","0","100","0.08822857866963961","100","0","0.20752912607294222","0.20752912607294222","0","0.017424172618686146"
"888","100","0.4","0.35","144","5","periodic","60","0.2","0.5","0.1","1","0.05","500","2000","0.5","0.01","true","false","all","5","8","1.5","0.3","1","mixed","0.8","0.2","0","3000","0","21.41655144424685","94.2565691597931","0.523647606443295","94.2565691597931","0","0.523647606443295","0","883.7868491869622","883.7868491869622","0","0","838.6451643704131","838.6451643704131","0","0","0.015586748448600751","0.2877779661766545","0.2877779661766545","0","0.2558578994579746","0.2558578994579746","0","100","0.0900125828285709","100","0","0.2088861351627723","0.2088861351627723","0","0.016394180912789356"
"887","100","0.4","0.35","144","5","periodic","60","0.2","0.5","0.1","1","0.05","500","2000","0.5","0.01","true","false","all","5","8","1.5","0.3","1","mixed","0.8","0.2","0","3000","0","26.998471855952417","90.19293185911428","0.5010718436617461","90.19293185911428","0","0.5010718436617461","0","9030.286392121667","9030.286392121667","0","0","761.3505922732845","761.3505922732845","0","0","0.01264532303372956","1","1","0","1","1","0","100","0.07999706822059637","100","0","0.19207750291929912","0.19207750291929912","0","0.017689968387510045"
"889","100","0.4","0.35","144","5","periodic","60","0.2","0.5","0.1","1","0.05","500","2000","0.5","0.01","true","false","all","5","8","1.5","0.3","1","mixed","0.8","0.2","0","3000","0","33.13558634388896","94.20806857211454","0.5233781587339696","94.20806857211454","0","0.5233781587339696","0","4602.416932294317","4602.416932294317","0","0","906.1330696458059","906.1330696458059","0","0","0.01510461639966909","1","1","0","1","1","0","100","0.08511721971047562","100","0","0.24305233066102566","0.24305233066102566","0","0.022027448054605256"
"890","100","0.4","0.35","144","5","periodic","60","0.2","0.5","0.1","1","0.05","500","2000","0.5","0.01","true","false","all","5","8","1.5","0.3","1","mixed","0.8","0.2","0","3000","46","22.580669892827117","82.33812428086176","0.45743402378256537","82.33812428086176","0","0.45743402378256537","0","4287.461420755222","4287.461420755222","0","0","854.632356905226","854.632356905226","0","0","0.017635918024453412","1","1","0","1","1","0","100","0.0821082801738578","100","0","0.2119719571572415","0.2119719571572415","0","0.017892930412147314"
"891","100","0.4","0.35","144","5","periodic","60","0.2","0.5","0.1","1","0.05","500","2000","0.5","0.01","true","false","all","5","8","1.5","0.3","1","mixed","0.8","0.2","0","3000","56","13.325570524265316","93.64386717112144","0.5202437065062302","93.64386717112144","0","0.5202437065062302","0","1249.6530225297702","1249.6530225297702","0","0","877.1816390502728","877.1816390502728","0","0","0.019273565765516087","0.5711192364682612","0.5711192364682612","0","0.49976868168651384","0.49976868168651384","0","100","0.08542336977091258","100","0","0.19235722711021835","0.19235722711021835","0","0.019956190350454737"
"892","100","0.4","0.35","144","5","periodic","60","0.2","0.5","0.1","1","0.05","500","2000","0.5","0.01","true","false","all","5","8","1.5","0.3","1","mixed","0.8","0.2","0","3000","76","14.272157879172894","90.77768829969007","0.5043204905538338","90.77768829969007","0","0.5043204905538338","0","12507.529100594746","12507.529100594746","0","0","752.816412717404","752.816412717404","0","0","0.009400914140049066","1","1","0","1","1","0","100","0.07886922292899069","100","0","0.1981187572153277","0.1981187572153277","0","0.02095564155873099"
"894","100","0.4","0.35","144","5","periodic","60","0.2","0.5","0.1","1","0.05","500","2000","0.5","0.01","true","false","all","5","8","1.5","0.3","1","mixed","0.8","0.2","0","3000","0","9.185021750193187","87.89509246547847","0.4883060692526582","87.89509246547847","0","0.4883060692526582","0","674.2217944728768","674.2217944728768","0","0","905.4404798987621","905.4404798987621","0","0","0.0220315327439502","0.15565558083097486","0.15565558083097486","0","0.11614786298191791","0.11614786298191791","0","100","0.08463720582476923","100","0","0.19343701917727527","0.19343701917727527","0","0.017892602424790287"
"893","100","0.4","0.35","144","5","periodic","60","0.2","0.5","0.1","1","0.05","500","2000","0.5","0.01","true","false","all","5","8","1.5","0.3","1","mixed","0.8","0.2","0","3000","31","22.089879381757626","89.78847957033207","0.49882488650184487","89.78847957033207","0","0.49882488650184487","0","5558.591742580448","5558.591742580448","0","0","895.4292668198049","895.4292668198049","0","0","0.01410914425616494","1","1","0","1","1","0","100","0.06600697060403556","100","0","0.20160178765436046","0.20160178765436046","0","0.023138184541465885"
"896","100","0.4","0.35","144","5","periodic","60","0.2","0.5","0.1","1","0.05","500","2000","0.5","0.01","true","false","all","5","8","1.5","0.3","1","mixed","0.8","0.2","0","3000","136","21.833615030432313","92.5454077979347","0.5141411544329706","92.5454077979347","0","0.5141411544329706","0","3697.956119921879","3697.956119921879","0","0","902.4991813153633","902.4991813153633","0","0","0.016572091887906204","1","1","0","1","1","0","100","0.08752412623083058","100","0","0.2017086644079699","0.2017086644079699","0","0.017088337446904654"
"895","100","0.4","0.35","144","5","periodic","60","0.2","0.5","0.1","1","0.05","500","2000","0.5","0.01","true","false","all","5","8","1.5","0.3","1","mixed","0.8","0.2","0","3000","151","28.72824150933215","95.12402095964266","0.5284667831091259","95.12402095964266","0","0.5284667831091259","0","20560.702826884088","20560.702826884088","0","0","723.683881468336","723.683881468336","0","0","0.008585992736446446","1","1","0","1","1","0","100","0.08268766887530389","100","0","0.20636404621588914","0.20636404621588914","0","0.015881167477806536"
"898","100","0.4","0.35","144","5","periodic","60","0.2","0.5","0.1","1","0.05","500","2000","0.5","0.01","true","false","all","5","8","1.5","0.3","1","mixed","0.8","0.2","0","3000","126","18.967695108103058","90.19484064000791","0.501082448000044","90.19484064000791","0","0.501082448000044","0","8311.155035432042","8311.155035432042","0","0","873.9897281982512","873.9897281982512","0","0","0.012780576490097229","1","1","0","1","1","0","100","0.09307163691064402","100","0","0.22520039400038017","0.22520039400038017","0","0.016288274602044163"
"897","100","0.4","0.35","144","5","periodic","60","0.2","0.5","0.1","1","0.05","500","2000","0.5","0.01","true","false","all","5","8","1.5","0.3","1","mixed","0.8","0.2","0","3000","0","20.685218799029755","88.88283080401108","0.4937935044667282","88.88283080401108","0","0.4937935044667282","0","3075.7945582638927","3075.7945582638927","0","0","1066.486808176401","1066.486808176401","0","0","0.022888731628565306","1","1","0","1","1","0","100","0.07541315055432432","100","0","0.21586976237382213","0.21586976237382213","0","0.019018872696402112"
"899","100","0.4","0.35","144","5","periodic","60","0.2","0.5","0.1","1","0.05","500","2000","0.5","0.01","true","false","all","5","8","1.5","0.3","1","mixed","0.8","0.2","0","3000","1","15.164123300208658","90.26475157494637","0.5014708420830354","90.26475157494637","0","0.5014708420830354","0","855.6713020183405","855.6713020183405","0","0","974.4201062224486","974.4201062224486","0","0","0.018753585715270527","0.2909386079544388","0.2909386079544388","0","0.2371142013455603","0.2371142013455603","0","100","0.08248484257404905","100","0","0.21804800201773653","0.21804800201773653","0","0.01897846473854029"
"900","100","0.4","0.35","144","5","periodic","60","0.2","0.5","0.1","1","0.05","500","2000","0.5","0.01","true","false","all","5","8","1.5","0.3","1","mixed","0.8","0.2","0","3000","41","10.168561913546966","93.71753330643202","0.5206529628135113","93.71753330643202","0","0.5206529628135113","0","1347.9848302890625","1347.9848302890625","0","0","854.1423507932443","854.1423507932443","0","0","0.016110950662556744","0.636884768773734","0.636884768773734","0","0.5653232201927083","0.5653232201927083","0","100","0.08814738189104884","100","0","0.20521628782017676","0.20521628782017676","0","0.01769552932049827"
"902","100","0.4","0.35","144","5","periodic","60","0.2","0.5","0.1","1","0.05","500","2000","0.5","0.01","true","false","all","5","8","1.5","0.3","1","mixed","0.8","0.2","0.2","3000","0","19.14196017076823","88.37400837245585","0.49096671318031027","89.11750244776735","66.78783830379896","0.49509723582092974","0.37104354613221646","1801.5636660453724","1811.560659140992","1761.5756936628957","1.028375144853504","1620.2395650270857","892.1386501510185","4532.643224531352","0.19682525315970814","0.0148555929196319","0.9320744686394492","0.9320744686394492","0.901407732544722","0.867709110696915","0.8743737727606616","0.8410504624419305","100","0.07906988621891547","80","20","0.3313865695116941","0.21994956903670135","0.7771345714116653","0.06478647067991204"
"901","100","0.4","0.35","144","5","periodic","60","0.2","0.5","0.1","1","0.05","500","2000","0.5","0.01","true","false","all","5","8","1.5","0.3","1","mixed","0.8","0.2","0.2","3000","80","34.32712106854501","88.61894254359237","0.49232745857551313","85.184066323022","66.41084830741181","0.47324481290567777","0.36894915726339894","7917.698130285875","7952.509559453545","7778.452413615194","1.022376834951601","1359.2350259187817","790.4321404943178","3634.44656761664","0.21748349460882546","0.013585267657472588","1","1","1","1","1","1","100","0.07371602511859109","80","20","0.3103815391655841","0.18590549665304695","0.8082857092157327","0.07913527650414671"
"904","100","0.4","0.35","144","5","periodic","60","0.2","0.5","0.1","1","0.05","500","2000","0.5","0.01","true","false","all","5","8","1.5","0.3","1","mixed","0.8","0.2","0.2","3000","-1","39.78866368295566","77.05212828300193","0.42806737935001077","82.2693164607943","44.85898178653252","0.4570517581155239","0.2492165654807362","21685.61578370603","21733.10884287038","21495.643547048563","1.0110471359139388","1391.6022780833343","822.361916173128","3668.5637257241588","0.2241645443983115","0.009638019909833151","1","1","1","1","1","1","100","0.08175557247272916","80","20","0.326334395106286","0.21291509558683014","0.7800115931841088","0.07311351764165847"
"905","100","0.4","0.35","144","5","periodic","60","0.2","0.5","0.1","1","0.05","500","2000","0.5","0.01","true","false","all","5","8","1.5","0.3","1","mixed","0.8","0.2","0.2","3000","-1","28.732558439957828","77.02574874829607","0.4279208263794226","84.71955040136999","44.77619781461905","0.4706641688964999","0.2487566545256614","21685.783397652856","21757.23963641783","21399.958442592986","1.0166954153104215","1463.2773741518458","746.1523881267899","4331.77731825207","0.17225086455456862","0.011265527244291862","1","1","1","1","1","1","100","0.08820148164181026","80","20","0.32374180388949375","0.20047363217253839","0.8168144907573156","0.07641609943775196"
"906","100","0.4","0.35","144","5","periodic","60","0.2","0.5","0.1","1","0.05","500","2000","0.5","0.01","true","false","all","5","8","1.5","0.3","1","mixed","0.8","0.2","0.2","3000","0","34.48734344763419","77.49706849113687","0.43053926939520487","85.20178454026139","32.933458690541826","0.47334324744589656","0.18296365939189904","10634.892619757755","10691.196194351227","10409.678321383859","1.0270438590200304","1567.7902607777896","851.275989442415","4433.847346119283","0.19199488006448687","0.015596893863470518","1","1","1","1","1","1","100","0.09205548430011312","80","20","0.3386962459898541","0.22087637993789505","0.8099757101976905","0.07185790077881031"
"903","100","0.4","0.35","144","5","periodic","60","0.2","0.5","0.1","1","0.05","500","2000","0.5","0.01","true","false","all","5","8","1.5","0.3","1","mixed","0.8","0.2","0.2","3000","0","16.240224711159087","79.77321607363366","0.44318453374240924","86.44152147960796","44.637918942549184","0.4802306748867109","0.2479884385697177","1830.162632538801","1834.3917714376719","1813.2460769433187","1.0116617897389852","1335.0285872986603","714.7523853679542","3816.1333950214844","0.18729753689963202","0.013461207725274038","0.962265868676458","0.962265868676458","0.9438148977467903","0.8867750883592009","0.8895945142917812","0.8754973846288794","100","0.0905785092610021","80","20","0.32048635547294163","0.209925544399713","0.7627295997658565","0.0676320004608915"
"907","100","0.4","0.35","144","5","periodic","60","0.2","0.5","0.1","1","0.05","500","2000","0.5","0.01","true","false","all","5","8","1.5","0.3","1","mixed","0.8","0.2","0.2","3000","20","25.554161508100535","87.94698304701782","0.4885943502612101","94.16814134045723","42.28956834145686","0.5231563407803179","0.23494204634142699","9590.03364273403","9609.143611617892","9513.593767198585","1.0100435068763125","1392.1013368624","846.2135213693534","3575.652598834582","0.23665988179197306","0.012568117679308433","1","1","1","1","1","1","100","0.09020470619424503","80","20","0.3383277264791608","0.21404371903775926","0.8354637562447659","0.08137718548935934"
"908","100","0.4","0.35","144","5","periodic","60","0.2","0.5","0.1","1","0.05","500","2000","0.5","0.01","true","false","all","5","8","1.5","0.3","1","mixed","0.8","0.2","0.2","3000","21","45.010428095414824","93.0153226900777","0.5167517927226538","91.51407606215149","93.29208160582283","0.5084115336786194","0.5182893422545712","8452.802395520546","8484.253122134158","8326.9994890661","1.0188847895661028","1435.8257895052673","907.6208156830104","3548.6456847942914","0.25576540920163016","0.012274214806855976","1","1","1","1","1","1","100","0.09372030161700544","80","20","0.30722177926141764","0.18242875805228473","0.8063938640979496","0.07967141039604864"
"909","100","0.4","0.35","144","5","periodic","60","0.2","0.5","0.1","1","0.05","500","2000","0.5","0.01","true","false","all","5","8","1.5","0.3","1","mixed","0.8","0.2","0.2","3000","109","25.111248826444992","77.08390662829062","0.4282439257127257","85.9596930345864","39.570088492043546","0.47755385019214663","0.21983382495579748","7760.0905797448095","7788.877128732698","7644.944383793234","1.018827180122408","1484.00501792753","871.9699840460083","3932.145153453616","0.2217542715278846","0.013759740169008383","1","1","1","1","1","1","100","0.0854000790095722","80","20","0.31266842453134897","0.19130952594141837","0.7981040188910712","0.0793066236405643"
"910","100","0.4","0.35","144","5","periodic","60","0.2","0.5","0.1","1","0.05","500","2000","0.5","0.01","true","false","all","5","8","1.5","0.3","1","mixed","0.8","0.2","0.2","3000","54","33.19449727714212","108.97442486059168","0.6054134714477316","101.77917206735505","136.2256511377459","0.5654398448186392","0.7568091729874772","4942.530168454089","4954.793519899808","4893.476762671209","1.012530305180223","1341.853579875112","717.0988444313462","3840.8725216501757","0.18670206844648288","0.014418849347197504","1","1","1","1","1","1","100","0.0774461027323307","80","20","0.33354467192956294","0.2075879892002333","0.8373714028468818","0.07920827854337384"
"911","100","0.4","0.35","144","5","periodic","60","0.2","0.5","0.1","1","0.05","500","2000","0.5","0.01","true","false","all","5","8","1.5","0.3","1","mixed","0.8","0.2","0.2","3000","82","37.76398158051373","78.84711720060122","0.4380395400033401","84.06093203302494","57.54758313053852","0.4670051779612497","0.31970879516965844","12037.525938069173","12104.72862056916","11768.71520806922","1.0285514099508117","1567.4002995841013","899.1695164687671","4240.323432045438","0.2120521066090065","0.011011263024425011","1","1","1","1","1","1","100","0.07803172357563748","80","20","0.3282073492767828","0.20271340791723916","0.8301831147149568","0.07954089365358172"
"913","100","0.4","0.35","144","5","periodic","60","0.2","0.5","0.1","1","0.05","500","2000","0.5","0.01","true","false","all","5","8","1.5","0.3","1","mixed","0.8","0.2","0.2","3000","21","38.07182776268988","107.93147690340051","0.5996193161300029","102.7263920068624","116.78316597864327","0.5707021778159022","0.6487953665480182","8205.61890714043","8235.237131052358","8087.146011492732","1.0183119136651135","1461.7192313159944","801.4195211487765","4102.918071984866","0.19532915527145153","0.01527729828311064","1","1","1","1","1","1","100","0.0807074614402268","80","20","0.3285078455210508","0.20584182892161634","0.8191719119187878","0.08198723034077923"
"912","100","0.4","0.35","144","5","periodic","60","0.2","0.5","0.1","1","0.05","500","2000","0.5","0.01","true","false","all","5","8","1.5","0.3","1","mixed","0.8","0.2","0.2","3000","96","24.607127216455325","66.9575897796324","0.3719866098868467","74.46374680033647","35.681913010764205","0.41368748222409146","0.19823285005980115","2381.802433715907","2385.695002661424","2366.2321579338395","1.0082252473250886","1389.4596380444534","852.8229070297535","3536.006562103253","0.2411825012345242","0.015714171261842935","1","1","1","1","1","1","100","0.08048414071256754","80","20","0.30843947533586236","0.18828219242959976","0.7890686069609132","0.07542857379557966"
"915","100","0.4","0.35","144","5","periodic","60","0.2","0.5","0.1","1","0.05","500","2000","0.5","0.01","true","false","all","5","8","1.5","0.3","1","mixed","0.8","0.2","0.2","3000","56","24.566263302339635","75.49367629516527","0.4194093127509182","82.03004527129205","49.29268363967864","0.4557224737294003","0.27384824244265915","1726.0942974317795","1730.6769276607924","1707.7637765157283","1.0134170495124404","1272.8256284521833","825.4522868259558","3062.3189949570933","0.2695513720762853","0.017516982394051306","0.91516725972667","0.91516725972667","0.8786998537181612","0.8173961982878527","0.8204512851071948","0.8051758510104856","100","0.0720298094662514","80","20","0.3304678659454291","0.21185728485302682","0.8049101903150382","0.07145346580396741"
"914","100","0.4","0.35","144","5","periodic","60","0.2","0.5","0.1","1","0.05","500","2000","0.5","0.01","true","false","all","5","8","1.5","0.3","1","mixed","0.8","0.2","0.2","3000","6","30.37643272556197","88.25361741745218","0.490297874541401","89.51738071403555","61.551727426031164","0.49731878174464195","0.3419540412557287","6125.143780819511","6119.902416045634","6146.10923991502","0.9957360302515956","1328.4779447297658","895.10538087512","3061.968200148347","0.29233007084520135","0.014558965405005342","1","1","1","1","1","1","100","0.09497024039413153","80","20","0.3119179002104127","0.19450166062149601","0.7815828585660798","0.07418021394939521"
"916","100","0.4","0.35","144","5","periodic","60","0.2","0.5","0.1","1","0.05","500","2000","0.5","0.01","true","false","all","5","8","1.5","0.3","1","mixed","0.8","0.2","0.2","3000","1","39.106052166071265","91.56587589187356","0.5086993105104086","93.84577894352121","80.26899708954599","0.5213654385751179","0.44593887271969995","3085.3002226347594","3108.3579750733015","2993.069212880588","1.0385185754130142","1641.954843472178","901.4110814466178","4604.129891574417","0.1957831561390579","0.02403295587529075","1","1","1","1","1","1","100","0.08214067594668306","80","20","0.2834478474846546","0.15717705360949386","0.7885310229852979","0.08074473243699888"
"917","100","0.4","0.35","144","5","periodic","60","0.2","0.5","0.1","1","0.05","500","2000","0.5","0.01","true","false","all","5","8","1.5","0.3","1","mixed","0.8","0.2","0.2","3000","51","46.9433076959608","99.32968727054056","0.5518315959474476","96.37968259331323","101.6225940635023","0.5354426810739624","0.5645699670194573","7160.382342753229","7189.33528244373","7044.570583991222","1.0205498258164223","1644.6789250806469","891.5428918510158","4657.223057999169","0.19143229361104297","0.01534016861112053","1","1","1","1","1","1","100","0.08096970766878421","80","20","0.31577620450827637","0.19441448818518883","0.8012230698006266","0.07475445095653728"
"918","100","0.4","0.35","144","5","periodic","60","0.2","0.5","0.1","1","0.05","500","2000","0.5","0.01","true","false","all","5","8","1.5","0.3","1","mixed","0.8","0.2","0.2","3000","46","31.560013556134464","92.27591712842604","0.5126439840468113","96.1143476448577","52.0427162774191","0.5339685980269873","0.28912620154121726","11189.085342018374","11230.53943301551","11023.268978029846","1.0188029935039022","1311.751297032579","705.783652425276","3735.621875461789","0.1889333760093234","0.012170510564260884","1","1","1","1","1","1","100","0.07671696625044372","80","20","0.32857004701680964","0.21479093540510036","0.7836864934636474","0.06744312752129601"
"919","100","0.4","0.35","144","5","periodic","60","0.2","0.5","0.1","1","0.05","500","2000","0.5","0.01","true","false","all","5","8","1.5","0.3","1","mixed","0.8","0.2","0.2","3000","57","30.208617652149016","71.43369271900312","0.3968538484389062","76.82868542421917","29.906628276816445","0.42682603013455095","0.16614793487120247","2442.0001160135917","2448.6433278378795","2415.4272687164357","1.0137516287704635","1581.2292234370007","879.3450515999514","4388.765910785196","0.20036271459341218","0.014514344187412709","1","1","1","1","1","1","100","0.07504683361348143","80","20","0.32260018624827963","0.20205070013422763","0.804798130704488","0.07742346784478539"
"920","100","0.4","0.35","144","5","periodic","60","0.2","0.5","0.1","1","0.05","500","2000","0.5","0.01","true","false","all","5","8","1.5","0.3","1","mixed","0.8","0.2","0.2","3000","-1","34.2512429594572","78.7547485295421","0.4375263807196783","82.35129698853697","54.33046395313399","0.45750720549187207","0.3018359108507444","21677.33393759741","21787.365894094226","21237.206111610198","1.0259054689017335","1424.935509520305","814.932058733317","3864.9493126682564","0.21085193952277473","0.01044174561309319","1","1","1","1","1","1","100","0.09408030388246158","80","20","0.32621897506010117","0.20890726984157926","0.795465795934189","0.07708618093672036"
"921","100","0.4","0.35","144","5","periodic","60","0.2","0.5","0.1","1","0.05","500","2000","0.5","0.01","true","false","all","5","8","1.5","0.3","1","mixed","0.8","0.2","0.2","3000","141","26.55539023459984","98.53409597962495","0.5474116443312498","101.0131115610482","34.1743302526573","0.5611839531169345","0.18985739029254056","21032.360692596994","21157.21592480711","20532.939763756523","1.0304036425486682","1561.4402650285847","896.7376530843565","4220.250712805494","0.21248445035821892","0.011218418843588651","1","1","1","1","1","1","100","0.0854429646512601","80","20","0.32563698399314966","0.20426795421692207","0.8111131030980602","0.07108555389125619"
"922","100","0.4","0.35","144","5","periodic","60","0.2","0.5","0.1","1","0.05","500","2000","0.5","0.01","true","false","all","5","8","1.5","0.3","1","mixed","0.8","0.2","0.2","3000","71","32.63122379193294","81.35416811445477","0.45196760063585983","87.2018179494997","33.80565713145038","0.4844545441638872","0.18780920628583544","7815.331794772055","7842.415104246655","7706.998556873674","1.0175705946191216","1485.8077425916067","838.7458800822857","4074.05519262889","0.20587494288241673","0.00973567979297374","1","1","1","1","1","1","100","0.07494717138843893","80","20","0.3478782138146984","0.2175542682078416","0.869173996242127","0.08688047463573297"
"923","100","0.4","0.35","144","5","periodic","60","0.2","0.5","0.1","1","0.05","500","2000","0.5","0.01","true","false","all","5","8","1.5","0.3","1","mixed","0.8","0.2","0.2","3000","33","31.220089561850855","99.54616554378836","0.5530342530210465","92.79346195090585","90.62439393936202","0.5155192330605881","0.5034688552186779","9675.845450527218","9668.306084491986","9706.002914668139","0.9961161324071739","1271.3406154811246","796.4329359766889","3170.97133349887","0.25116371364287904","0.011092225806019318","1","1","1","1","1","1","100","0.08800646023256527","80","20","0.32121060200700113","0.20462515851176638","0.7875523759879407","0.07538238754797208"
"924","100","0.4","0.35","144","5","periodic","60","0.2","0.5","0.1","1","0.05","500","2000","0.5","0.01","true","false","all","5","8","1.5","0.3","1","mixed","0.8","0.2","0.2","3000","0","16.815373151339003","90.7857418329531","0.504365232405295","89.98825155350332","75.48753548514684","0.4999347308527962","0.41937519713970467","4619.618542780986","4627.669367569077","4587.415243628622","1.0087749030342004","1334.1755341148519","644.6532077051863","4092.264839753515","0.15752968904720624","0.01548414405929499","1","1","1","1","1","1","100","0.09874051390712382","80","20","0.30366404155588056","0.18677636405885892","0.7712147515439667","0.07179550849459763"
"925","100","0.4","0.35","144","5","periodic","60","0.2","0.5","0.1","1","0.05","500","2000","0.5","0.01","true","false","all","5","8","1.5","0.3","1","mixed","0.8","0.2","0.2","3000","121","28.200234691086237","85.86705747428121","0.47703920819045115","91.48758252503433","27.191552521759046","0.5082643473613018","0.15106418067643915","9302.181182540753","9370.126333423155","9030.40057901116","1.0376202308457503","1721.3901262278405","925.7464464353036","4903.964845397986","0.18877509843979579","0.013928882263360975","1","1","1","1","1","1","100","0.08383084317578574","80","20","0.3282344581287939","0.20595803499695187","0.8173401506561623","0.08112993247677336"
"926","100","0.4","0.35","144","5","periodic","60","0.2","0.5","0.1","1","0.05","500","2000","0.5","0.01","true","false","all","5","8","1.5","0.3","1","mixed","0.8","0.2","0.2","3000","25","19.17966432645032","70.29668911863914","0.3905371617702174","73.69212136768445","50.67814777033821","0.4094006742649136","0.2815452653907678","2596.0499030173","2607.5243520341173","2550.1521069500404","1.0224975776651586","1384.448350121336","780.1683352421933","3801.5684096379073","0.20522275313112226","0.012408020714866241","1","1","1","1","1","1","100","0.09312756671944618","80","20","0.31725615404296365","0.1969152897097372","0.7986196113758688","0.07663504328761282"
"927","100","0.4","0.35","144","5","periodic","60","0.2","0.5","0.1","1","0.05","500","2000","0.5","0.01","true","false","all","5","8","1.5","0.3","1","mixed","0.8","0.2","0.2","3000","71","24.708073993054597","72.85453041161463","0.40474739117563685","80.11851258968724","45.34215547554473","0.4451028477204847","0.2519008637530263","1768.1891043757798","1777.246253456342","1731.9605080535298","1.0261471004634557","1347.9199546773034","785.3947449347377","3598.0207936475626","0.21828521567228876","0.01822806949482647","0.9501096501907905","0.9501096501907905","0.8990391247392521","0.8454594029171871","0.8514975023042284","0.8213070053690199","100","0.08474130784513294","80","20","0.3050789784412688","0.18449170919336055","0.7874280554329021","0.07231291873737673"
"928","100","0.4","0.35","144","5","periodic","60","0.2","0.5","0.1","1","0.05","500","2000","0.5","0.01","true","false","all","5","8","1.5","0.3","1","mixed","0.8","0.2","0.2","3000","76","35.64501198643505","107.12619807585459","0.5951455448658588","103.20273237485785","121.0629685845981","0.5733485131936547","0.6725720476922117","7288.228950522292","7303.767394108196","7226.075176178665","1.0107516481679641","1507.6695999380704","840.6899125897502","4175.588349331354","0.2013344808580979","0.015504127525104883","1","1","1","1","1","1","100","0.07600441227034961","80","20","0.3280404675414676","0.21581284153804464","0.7769509715551597","0.06995509674055328"
"929","100","0.4","0.35","144","5","periodic","60","0.2","0.5","0.1","1","0.05","500","2000","0.5","0.01","true","false","all","5","8","1.5","0.3","1","mixed","0.8","0.2","0.2","3000","66","24.620114792074105","80.30081819256488","0.4461156566253604","87.53571960066049","47.70007757305114","0.4863095533370027","0.2650004309613952","2879.6623660539663","2888.4513105138585","2844.5065882143963","1.015448978913087","1422.474209290019","965.5331857173053","3250.238303580874","0.297065351993899","0.015709460004369902","1","1","1","1","1","1","100","0.0875665596076804","80","20","0.3112947833491669","0.19222704254970174","0.7875657465470279","0.0744135281451751"
"930","100","0.4","0.35","144","5","periodic","60","0.2","0.5","0.1","1","0.05","500","2000","0.5","0.01","true","false","all","5","8","1.5","0.3","1","mixed","0.8","0.2","0.2","3000","41","15.86589316033357","74.6297584800245","0.4146097693334695","80.52222166003519","49.51251138253484","0.44734567588908436","0.2750695076807491","2368.622009087442","2377.1926167434267","2334.3395784635045","1.018357671126893","1451.3719866484892","676.4955346226095","4550.877794752007","0.14865165911568362","0.012742256397790364","1","1","1","1","1","1","100","0.09388587951843384","80","20","0.3208649016281032","0.2044757123665953","0.7864216586741347","0.07343227032274853"
"931","100","0.4","0.35","144","5","periodic","60","0.2","0.5","0.1","1","0.05","500","2000","0.5","0.01","true","false","all","5","8","1.5","0.3","1","mixed","0.8","0.2","0.2","3000","60","22.778160496827482","94.69241039536118","0.5260689466408954","93.37922009465969","74.43344757906148","0.5187734449703316","0.4135191532170082","18763.250012546334","18827.63378432606","18505.714925427477","1.017395645626003","1509.0357741474436","924.5480152492946","3846.986809740037","0.24033043547445174","0.009767947538910082","1","1","1","1","1","1","100","0.09845151767288034","80","20","0.33876655470042877","0.2194063177386429","0.8162075025475721","0.07616225215320652"
"932","100","0.4","0.35","144","5","periodic","60","0.2","0.5","0.1","1","0.05","500","2000","0.5","0.01","true","false","all","5","8","1.5","0.3","1","mixed","0.8","0.2","0.2","3000","46","21.84120963739342","83.8484865135778","0.4658249250754322","79.08938158760506","87.21522490569478","0.43938545326447254","0.4845290272538599","7600.569056510907","7631.817138184885","7475.576729814992","1.0209001143345577","1569.0769760665557","781.3244280406873","4720.087168170032","0.1655317794360999","0.014663848237257415","1","1","1","1","1","1","100","0.06739002806629908","80","20","0.32632330515716457","0.21785191230563847","0.7602088765632689","0.06353292731639117"
"933","100","0.4","0.35","144","5","periodic","60","0.2","0.5","0.1","1","0.05","500","2000","0.5","0.01","true","false","all","5","8","1.5","0.3","1","mixed","0.8","0.2","0.2","3000","0","32.02868100570943","100.10772148186072","0.5561540082325596","103.90329764167022","26.93790225644934","0.5772405424537235","0.14965501253582966","4661.71195291626","4682.108873992455","4580.124268611484","1.0222667769256593","1529.2372327399687","808.2047019591097","4413.367355863406","0.18312654188765054","0.017532764569762715","1","1","1","1","1","1","100","0.06834736583646174","80","20","0.3243238412088381","0.2006739349148075","0.8189234663849607","0.07725439150458613"
"935","100","0.4","0.35","144","5","periodic","60","0.2","0.5","0.1","1","0.05","500","2000","0.5","0.01","true","false","all","5","8","1.5","0.3","1","mixed","0.8","0.2","0.2","3000","21","19.881295991897943","86.86765037640714","0.4825980576467063","90.67386907490807","61.44054691983867","0.5037437170828226","0.3413363717768815","8821.977044684592","8859.71801792157","8671.013151736697","1.021762724018828","1575.1956161229893","851.5477024189955","4469.787270938966","0.19051190824124187","0.01637898356692591","1","1","1","1","1","1","100","0.09236568737518494","80","20","0.3233955365755502","0.2086644403679853","0.7823199214058099","0.07187675706641584"
"934","100","0.4","0.35","144","5","periodic","60","0.2","0.5","0.1","1","0.05","500","2000","0.5","0.01","true","false","all","5","8","1.5","0.3","1","mixed","0.8","0.2","0.2","3000","0","24.97238269044918","85.86965675049792","0.47705364861387733","87.6592348192617","78.88173663385022","0.4869957489958983","0.4382318701880568","3841.8776861864485","3859.860370669262","3769.9469482551926","1.0238500497880176","1424.912970736781","802.025149634968","3916.4642551440347","0.2047829617189937","0.018230098840258613","1","1","1","1","1","1","100","0.08413420436089339","80","20","0.3252094845060254","0.20530772008228534","0.8048165422009854","0.07217594796582526"
"937","100","0.4","0.35","144","5","periodic","60","0.2","0.5","0.1","1","0.05","500","2000","0.5","0.01","true","false","all","5","8","1.5","0.3","1","mixed","0.8","0.2","0.2","3000","0","37.052123108985704","95.25043866038376","0.5291691036687987","91.30353299349319","89.72698165542673","0.507241849963851","0.4984832314190374","17876.530386406637","17941.855366276395","17615.230466927624","1.0185421871125675","1620.418848017291","798.743820196046","4907.118959302271","0.162772459119193","0.011052310687128308","1","1","1","1","1","1","100","0.08026512857919364","80","20","0.3431724244848824","0.22355547604383416","0.8216402182490754","0.07767868544179096"
"936","100","0.4","0.35","144","5","periodic","60","0.2","0.5","0.1","1","0.05","500","2000","0.5","0.01","true","false","all","5","8","1.5","0.3","1","mixed","0.8","0.2","0.2","3000","61","41.69413824374223","73.90483822032488","0.41058243455736043","83.8263722765212","27.089069438227522","0.46570206820289556","0.1504948302123751","20179.72818719541","20270.239700719416","19817.68213309935","1.0228360493714959","1432.9062202800983","791.8812354171282","3997.0061597319814","0.19811859270945625","0.011701801246728927","1","1","1","1","1","1","100","0.08960016511038672","80","20","0.3350740752424028","0.22357944800895618","0.7810525841761894","0.06697115060015191"
"939","100","0.4","0.35","144","5","periodic","60","0.2","0.5","0.1","1","0.05","500","2000","0.5","0.01","true","false","all","5","8","1.5","0.3","1","mixed","0.8","0.2","0.2","3000","41","21.537212258332346","69.57361676079938","0.38652009311555213","73.8865548716674","54.13777365495163","0.41048086039815224","0.3007654091941757","1442.7871564624045","1444.170363570244","1437.254328031053","1.0048119775354336","1417.1007966624966","781.3731114092795","3960.011537675369","0.1973158673845597","0.01442944700996085","0.6900019969263388","0.6900019969263388","0.6708029495768553","0.6285247709749366","0.6294469090468288","0.6248362186873685","100","0.0859838315083205","80","20","0.31330275841730704","0.19979304596037056","0.7673416082450535","0.06995829571506755"
"938","100","0.4","0.35","144","5","periodic","60","0.2","0.5","0.1","1","0.05","500","2000","0.5","0.01","true","false","all","5","8","1.5","0.3","1","mixed","0.8","0.2","0.2","3000","0","20.91224234064508","69.94517408495578","0.38858430047197656","78.5659759714666","35.38040951060346","0.43647764428592556","0.19655783061446364","3303.4448596990273","3312.428513963322","3267.5102426418553","1.0137469412445206","1424.7773879888605","851.290318965204","3718.7256640834894","0.22891990317737293","0.02050286285441172","1","1","1","1","1","1","100","0.09417897913346329","80","20","0.33279469822942587","0.2195194965292797","0.7858955050300103","0.06776235205639736"
"940","100","0.4","0.35","144","5","periodic","60","0.2","0.5","0.1","1","0.05","500","2000","0.5","0.01","true","false","all","5","8","1.5","0.3","1","mixed","0.8","0.2","0.2","3000","0","32.10424289901084","76.72795991308351","0.42626644396157504","79.60467427352614","36.80567240630639","0.44224819040847857","0.2044759578128133","19793.826808279977","19882.009218343686","19441.097168025128","1.0226793810301884","1654.1529220451976","882.6222272572483","4740.275701196993","0.18619639086274506","0.01241281648780923","1","1","1","1","1","1","100","0.08210648130075428","80","20","0.3318210907807673","0.21689563302327985","0.7915229218107172","0.07081051168845078"
"941","100","0.4","0.35","144","5","periodic","60","0.2","0.5","0.1","1","0.05","500","2000","0.5","0.01","true","false","all","5","8","1.5","0.3","1","mixed","0.8","0.2","0.2","3000","36","23.56000861589473","77.26781949200652","0.42926566384448067","85.47884811013814","38.081491218113584","0.47488248950076745","0.21156384010063103","3966.609372752462","3970.385413792263","3951.5052085932703","1.0047779780621147","1397.9172883006574","892.0313383295294","3421.4610881851704","0.26071649372540007","0.011869469081264405","1","1","1","1","1","1","100","0.08791827618464632","80","20","0.3217219624902654","0.19561349991760982","0.8261558127808873","0.08133523668604767"
"942","100","0.4","0.35","144","5","periodic","60","0.2","0.5","0.1","1","0.05","500","2000","0.5","0.01","true","false","all","5","8","1.5","0.3","1","mixed","0.8","0.2","0.2","3000","0","13.341140047792507","93.24923851875627","0.5180513251042015","96.68775828719814","54.66628887076875","0.5371542127066563","0.30370160483760417","723.9070548411852","729.2437659261109","702.5602105014812","1.0379804535266566","1623.1988257116295","972.0324810203263","4227.864204476841","0.22991099855833863","0.023010676238638395","0.20598496213306453","0.20598496213306453","0.17403599537637904","0.14927136989412315","0.1528291772840738","0.13504014033432085","100","0.09376480996137194","80","20","0.35293085502497673","0.22778296866545947","0.8535224004630461","0.07825571278502443"
"944","100","0.4","0.35","144","5","periodic","60","0.2","0.5","0.1","1","0.05","500","2000","0.5","0.01","true","false","all","5","8","1.5","0.3","1","mixed","0.8","0.2","0.2","3000","56","34.290332801095275","91.04545645319563","0.5058080914066424","99.79197226189288","34.25191658322799","0.5543998458994049","0.1902884254623777","11043.05359732387","11078.883912441257","10899.732336854317","1.0164363279803847","1581.6207068306664","753.180334596191","4895.38219576857","0.15385526695897586","0.011591980693297588","1","1","1","1","1","1","100","0.07937869598342831","80","20","0.32247961762752686","0.206070786117894","0.788114943666058","0.07428954471122431"
"945","100","0.4","0.35","144","5","periodic","60","0.2","0.5","0.1","1","0.05","500","2000","0.5","0.01","true","false","all","5","8","1.5","0.3","1","mixed","0.8","0.2","0.2","3000","-1","43.33553354948589","104.79379384773016","0.5821877435985009","101.30456033415693","85.67331101925132","0.5628031129675385","0.47596283899584063","21661.44135548871","21756.56371255457","21280.95192722523","1.0223491781267966","1591.2296972950278","842.7054654822368","4585.326624546189","0.18378308340589364","0.011587004290338099","1","1","1","1","1","1","100","0.08349498688786512","80","20","0.3326499838180858","0.2116072574641672","0.8168208892337612","0.07647418119802558"
"943","100","0.4","0.35","144","5","periodic","60","0.2","0.5","0.1","1","0.05","500","2000","0.5","0.01","true","false","all","5","8","1.5","0.3","1","mixed","0.8","0.2","0.2","3000","91","33.3537202234773","62.539742199807854","0.34744301222115476","69.98819914784572","32.122755477824214","0.38882332859914287","0.17845975265457897","2301.0193220109127","2308.775468489664","2269.994736095906","1.0170840626971918","1365.3958735438146","737.9655938400241","3875.1169923589755","0.1904369843014179","0.0153360345930591","1","1","1","1","1","1","100","0.07903203574869787","80","20","0.31355370807888966","0.20483731358295007","0.7484192860626474","0.06806525195501363"
"946","100","0.4","0.35","144","5","periodic","60","0.2","0.5","0.1","1","0.05","500","2000","0.5","0.01","true","false","all","5","8","1.5","0.3","1","mixed","0.8","0.2","0.2","3000","116","18.51953124385048","92.41529785764156","0.513418321431342","97.95209605431654","53.00105446073515","0.5441783114128697","0.2944503025596397","2627.0379069738433","2635.0480468504065","2594.9973474675858","1.0154338112992316","1598.4338298842717","1019.3132932852875","3914.9159762802055","0.2603665824403714","0.01802996053719297","1","1","1","1","1","1","100","0.0935739946886208","80","20","0.3360737956978793","0.2295912917152212","0.762003811628513","0.06676216113647336"
"947","100","0.4","0.35","144","5","periodic","60","0.2","0.5","0.1","1","0.05","500","2000","0.5","0.01","true","false","all","5","8","1.5","0.3","1","mixed","0.8","0.2","0.2","3000","131","11.529091059847275","83.60148235492929","0.46445267974960713","87.3054021934295","59.80283617939197","0.48503001218571945","0.3322379787743998","3330.37192430525","3344.6328222188263","3273.3283326509454","1.02178348223019","1635.6938301317825","851.4936436694741","4772.494575981019","0.17841689081321663","0.01568480021555141","1","1","1","1","1","1","100","0.08496150314377841","80","20","0.3419070011448049","0.2220532351856012","0.821322064981619","0.07256428511354329"
"948","100","0.4","0.35","144","5","periodic","60","0.2","0.5","0.1","1","0.05","500","2000","0.5","0.01","true","false","all","5","8","1.5","0.3","1","mixed","0.8","0.2","0.2","3000","61","12.134034374135183","89.41002524482734","0.496722362471263","92.3355100568971","32.19304682348318","0.5129750558716506","0.1788502601304621","1487.49984320348","1493.8466092254862","1462.1127791154545","1.0217040918890192","1310.712572549775","668.5812980209549","3879.2376706650552","0.17234863000965178","0.019704186432729198","0.7411908947354464","0.7411908947354464","0.7075828256721495","0.6583332288023196","0.6625644061503239","0.6414085194103031","100","0.08177758974798162","80","20","0.32956371894130215","0.20481704503074022","0.8285504145835505","0.07847557395804532"
"949","100","0.4","0.35","144","5","periodic","60","0.2","0.5","0.1","1","0.05","500","2000","0.5","0.01","true","false","all","5","8","1.5","0.3","1","mixed","0.8","0.2","0.2","3000","46","35.73154797035555","68.38602761435399","0.37992237563529996","70.85788892218088","40.29932697102173","0.3936549384565604","0.2238851498390096","2827.444654923594","2843.970240175634","2761.342313915434","1.0299231014727175","1612.6105536762836","812.7804801325312","4811.930847851296","0.16890942655492813","0.015185137712707908","1","1","1","1","1","1","100","0.08091481815672531","80","20","0.3329434534093252","0.21092905461520634","0.8210010485858008","0.07636129654970313"
"951","100","0.4","0.35","144","5","periodic","60","0.2","0.5","0.1","1","0.05","500","2000","0.5","0.01","true","false","all","5","8","1.5","0.3","1","mixed","0.8","0.2","0.2","3000","0","42.48002569035516","96.52716170623451","0.5362620094790806","95.39298932751265","77.2108819210043","0.5299610518195147","0.42894934400557944","12872.04316167329","12895.946477832356","12776.42989703699","1.0093544583078788","1658.0283131701","1057.6093725617477","4059.704075603514","0.26051390763119214","0.012774338340980407","1","1","1","1","1","1","100","0.08191346386280468","80","20","0.33634573121915634","0.2195391868648529","0.8035719086363702","0.06876024601259345"
"950","100","0.4","0.35","144","5","periodic","60","0.2","0.5","0.1","1","0.05","500","2000","0.5","0.01","true","false","all","5","8","1.5","0.3","1","mixed","0.8","0.2","0.2","3000","11","26.614343562081487","94.98234776488796","0.5276797098049332","88.86125871646752","93.52665188838618","0.4936736595359307","0.5195925104910344","6494.908922974107","6499.609675351134","6476.105913465976","1.0036293047394862","1609.839464643437","966.0993663342537","4184.7998578801735","0.23085915674438834","0.01683517228948017","1","1","1","1","1","1","100","0.07319135607828434","80","20","0.3212948186688894","0.2052216333499719","0.7855875599445594","0.07781966340342117"
"952","100","0.4","0.35","144","5","periodic","60","0.2","0.5","0.1","1","0.05","500","2000","0.5","0.01","true","false","all","5","8","1.5","0.3","1","mixed","0.8","0.2","0.2","3000","18","32.67264487020299","83.76153329971439","0.4653418516650799","92.88043676092737","34.42935279980795","0.5160024264495965","0.19127418222115528","7683.267453739188","7727.420353255662","7506.65585567328","1.0294091672546224","1767.195540993283","948.2049474617479","5043.157915119427","0.18801809568941358","0.015103790537188022","1","1","1","1","1","1","100","0.09691006535753138","80","20","0.3402592587114321","0.22773203384852675","0.7903681581630534","0.069631317703337"
"953","100","0.4","0.35","144","5","periodic","60","0.2","0.5","0.1","1","0.05","500","2000","0.5","0.01","true","false","all","5","8","1.5","0.3","1","mixed","0.8","0.2","0.2","3000","151","34.886379213352754","113.85069160821517","0.632503842267862","107.3814708912651","105.66891195902326","0.596563727173695","0.5870495108834626","19771.783852362285","19854.712157926973","19440.070630103542","1.0213292192046537","1437.1533549005035","818.9854389989562","3909.8250185066936","0.20946856575994724","0.011377841435547653","1","1","1","1","1","1","100","0.0770105068688584","80","20","0.32451740517312566","0.20585281584254383","0.7991757624954531","0.0772297688488069"
"955","100","0.4","0.35","144","5","periodic","60","0.2","0.5","0.1","1","0.05","500","2000","0.5","0.01","true","false","all","5","8","1.5","0.3","1","mixed","0.8","0.2","0.2","3000","21","34.525320741776184","91.06134908736652","0.5058963838187029","97.46254111946544","30.16914478438389","0.541458561774808","0.16760635991324382","3424.55858153299","3434.4608356927174","3384.9495648940842","1.0146268858219112","1465.6416817366958","744.96447255343","4348.35051846976","0.17132116405730616","0.02134589138933496","1","1","1","1","1","1","100","0.08677743677938798","80","20","0.34323501753455843","0.22906635529954755","0.799909666474602","0.07052424017362198"
"954","100","0.4","0.35","144","5","periodic","60","0.2","0.5","0.1","1","0.05","500","2000","0.5","0.01","true","false","all","5","8","1.5","0.3","1","mixed","0.8","0.2","0.2","3000","56","25.20986561667185","91.52820799856826","0.5084900444364904","100.80279345869894","55.66594633569882","0.5600155192149942","0.309255257420549","5539.701951048433","5561.634193058676","5451.972983007467","1.0201140413558538","1738.0075830061387","926.1294597421478","4985.5200760621055","0.18576386126473413","0.014303112481922842","1","1","1","1","1","1","100","0.07867152531504597","80","20","0.3538867119251297","0.23891674132141918","0.8137665943399714","0.07032825522536687"
"956","100","0.4","0.35","144","5","periodic","60","0.2","0.5","0.1","1","0.05","500","2000","0.5","0.01","true","false","all","5","8","1.5","0.3","1","mixed","0.8","0.2","0.2","3000","0","19.975293865172475","76.33618010350222","0.4240898894639012","75.5604524344422","60.71724231815615","0.41978029130245664","0.33731801287864527","3247.56068529051","3266.0953198289917","3173.422147136576","1.0292029135726666","1240.5979005089098","718.814039048165","3327.733346351889","0.21600710280352922","0.021324985339683522","1","1","1","1","1","1","100","0.09368266788074808","80","20","0.33166891219370753","0.21498935581058504","0.7983871377261973","0.0696109760014718"
"957","100","0.4","0.35","144","5","periodic","60","0.2","0.5","0.1","1","0.05","500","2000","0.5","0.01","true","false","all","5","8","1.5","0.3","1","mixed","0.8","0.2","0.2","3000","56","35.9713160059936","82.75077249087968","0.45972651383822044","90.18418546890815","47.63248224656025","0.5010232526050453","0.2646249013697792","11057.515106780194","11100.169712356266","10886.8966844759","1.019589882595697","1512.1862400325438","827.4542387426505","4251.114245192116","0.1946440841194698","0.013205975798878722","1","1","1","1","1","1","100","0.07601837450655057","80","20","0.326289438143109","0.20897314372797865","0.7955546158036315","0.07253577419532971"
"958","100","0.4","0.35","144","5","periodic","60","0.2","0.5","0.1","1","0.05","500","2000","0.5","0.01","true","false","all","5","8","1.5","0.3","1","mixed","0.8","0.2","0.2","3000","111","28.01546864172211","77.56305704235432","0.430905872457524","82.92778089037327","54.21370699743346","0.46070989383540706","0.30118726109685257","8437.693080818748","8457.217941938508","8359.593636339685","1.0116781161675665","1438.6816007503453","773.5489126592245","4099.21235311483","0.18870671876060174","0.012292802388851776","1","1","1","1","1","1","100","0.0853889481022329","80","20","0.3309556107762306","0.21656870255542135","0.7885032436594674","0.07164925861100521"
"959","100","0.4","0.35","144","5","periodic","60","0.2","0.5","0.1","1","0.05","500","2000","0.5","0.01","true","false","all","5","8","1.5","0.3","1","mixed","0.8","0.2","0.2","3000","16","31.507019942782065","75.04980524813507","0.4169433624896393","84.92460960956632","34.62409763331711","0.47180338671981287","0.19235609796287284","8083.386191092993","8108.267549489692","7983.860757506191","1.0155822847820255","1351.712527006424","746.932400243006","3770.8330340600965","0.19808153622722877","0.014168725127434278","1","1","1","1","1","1","100","0.07819700825043265","80","20","0.33041993744391723","0.2090316901379809","0.815972926667663","0.07299693290774267"
"960","100","0.4","0.35","144","5","periodic","60","0.2","0.5","0.1","1","0.05","500","2000","0.5","0.01","true","false","all","5","8","1.5","0.3","1","mixed","0.8","0.2","0.2","3000","116","29.196730481315498","77.6019280629862","0.4311218225721456","87.78504346999537","35.24793733348706","0.4876946859444187","0.1958218740749281","6574.983218703946","6602.768699677625","6463.841294809217","1.0214930098887136","1504.9007738774162","924.6871747119458","3825.755170539299","0.24170056197861636","0.013610401699695185","1","1","1","1","1","1","100","0.085075180991772","80","20","0.31499368098067104","0.20282505670990753","0.7636681780637253","0.06718314257285847"
"961","100","0.4","0.35","144","5","periodic","60","0.2","0.5","0.1","1","0.05","500","2000","0.5","0.01","true","false","all","5","8","1.5","0.3","1","mixed","0.8","0.2","0.2","3000","0","24.407526231288173","101.16947633688123","0.5620526463160068","90.80784747863574","142.61599176986311","0.5044880415479763","0.7923110653881285","1988.9729264225766","1994.1025985397323","1968.4542379539591","1.0130296961398668","1319.331059939236","810.3028454361074","3355.4439179517512","0.24148901464302724","0.012541984827173502","1","1","1","0.9840680503819266","0.9860311233315228","0.9762157585835416","100","0.07870717187590633","80","20","0.3153014055401006","0.19267315665400242","0.8058144010844934","0.07647647046019844"
"962","100","0.4","0.35","144","5","periodic","60","0.2","0.5","0.1","1","0.05","500","2000","0.5","0.01","true","false","all","5","8","1.5","0.3","1","mixed","0.8","0.2","0.2","3000","71","39.669101886699195","78.71623066623584","0.43731239259019916","75.4777579461917","60.05952940746537","0.4193208774788428","0.3336640522636965","16132.85119652611","16200.568064964822","15861.98372277125","1.021345649328054","1470.0215243271205","749.7147058246487","4351.248798337006","0.17229874469857495","0.010719757553705467","1","1","1","1","1","1","100","0.08208773487373985","80","20","0.306302835056732","0.18683753479057733","0.7841640361213509","0.075488478309998"
"963","100","0.4","0.35","144","5","periodic","60","0.2","0.5","0.1","1","0.05","500","2000","0.5","0.01","true","false","all","5","8","1.5","0.3","1","mixed","0.8","0.2","0.2","3000","53","18.457044514459767","73.87203851733848","0.41040021398521376","78.27865166436428","56.918054456608466","0.4348813981353571","0.3162114136478248","4197.889772333841","4204.47171986323","4171.561982216292","1.0078890683603012","1347.1769125078033","695.2392623458841","3954.92751315548","0.17579064598106375","0.012001447456226666","1","1","1","1","1","1","100","0.08820115547636434","80","20","0.3148817362908153","0.20141717819147958","0.7687399686881581","0.06694331793700974"
"964","100","0.4","0.35","144","5","periodic","60","0.2","0.5","0.1","1","0.05","500","2000","0.5","0.01","true","false","all","5","8","1.5","0.3","1","mixed","0.8","0.2","0.2","3000","0","42.0371952760332","84.59182548885015","0.4699545860491675","88.45707746961314","47.04208095646844","0.49142820816451743","0.26134489420260243","17932.69153140845","18001.21603238116","17658.593527517667","1.019402593096079","1641.5997621470153","931.519532234049","4481.92068179888","0.20783936137401052","0.011133917326810794","1","1","1","1","1","1","100","0.08724852024070295","80","20","0.31507957833046085","0.19538939506121444","0.7938403114074463","0.07623875758567371"
"965","100","0.4","0.35","144","5","periodic","60","0.2","0.5","0.1","1","0.05","500","2000","0.5","0.01","true","false","all","5","8","1.5","0.3","1","mixed","0.8","0.2","0.2","3000","116","44.37040679605189","69.15685440118008","0.3842047466732227","77.00360658364443","33.976255530952955","0.42779781435358016","0.18875697517196086","13576.785059571184","13624.287468641744","13386.775423288977","1.017742289524","1267.3201808897852","669.0608807874024","3660.3573812993172","0.1827856712040248","0.013043638602570962","1","1","1","1","1","1","100","0.08721427344755024","80","20","0.3207405786312648","0.2073264967837043","0.7743969060215069","0.0656038367640979"
"966","100","0.4","0.35","144","5","periodic","60","0.2","0.5","0.1","1","0.05","500","2000","0.5","0.01","true","false","all","5","8","1.5","0.3","1","mixed","0.8","0.2","0.2","3000","0","40.48470677676765","95.0700288556286","0.5281668269757145","95.11970989220548","58.866776690713706","0.5284428327344749","0.3270376482817428","8671.750977881084","8709.613631090457","8520.300365043573","1.0222190835928255","1491.6334432208107","911.4506181165965","3812.3647436376677","0.2390774963591003","0.015362743134817336","1","1","1","1","1","1","100","0.07226687423251918","80","20","0.32783141149045386","0.20971015265431764","0.8003164468349985","0.07618690099625278"
"967","100","0.4","0.35","144","5","periodic","60","0.2","0.5","0.1","1","0.05","500","2000","0.5","0.01","true","false","all","5","8","1.5","0.3","1","mixed","0.8","0.2","0.2","3000","4","35.7009593996292","84.71321697730747","0.4706289832072637","89.7630784707474","64.41743439699927","0.49868376928193003","0.3578746355388848","7138.7543944902045","7164.272469888133","7036.682092898505","1.0181321786752866","1804.4688340217708","1114.4630086950094","4564.492135328816","0.24415925707685027","0.014617001391496576","1","1","1","1","1","1","100","0.08586732527743741","80","20","0.33787859181202995","0.22954324841996385","0.7712199653802945","0.06856700924572885"
"968","100","0.4","0.35","144","5","periodic","60","0.2","0.5","0.1","1","0.05","500","2000","0.5","0.01","true","false","all","5","8","1.5","0.3","1","mixed","0.8","0.2","0.2","3000","51","34.45698690003647","70.16978049531818","0.38983211386287875","77.7111990637247","39.538790709998594","0.43172888368735945","0.2196599483888811","7616.046685966518","7647.384808656532","7490.694195206486","1.0209180363483965","1641.569573447269","897.2331396794389","4618.915308518591","0.19425191408569156","0.01653911739419134","1","1","1","1","1","1","100","0.09377928630323171","80","20","0.32282079473808883","0.19840545935526827","0.8204821362693707","0.07962950082582283"
"970","100","0.4","0.35","144","5","periodic","60","0.2","0.5","0.1","1","0.05","500","2000","0.5","0.01","true","false","all","5","8","1.5","0.3","1","mixed","0.8","0.2","0.2","3000","105","10.842111049263849","81.82796976281661","0.4545998320156478","89.50493074732088","47.37547559619257","0.4972496152628938","0.2631970866455143","2222.2883702414147","2236.7838718986377","2164.306363612524","1.0334876381202978","1545.9341428716632","914.0024474720079","4073.6609244702863","0.224368808405638","0.02048673066806006","1","1","1","1","1","1","100","0.08310306848294398","80","20","0.3327360165314676","0.21514358762047384","0.8031057321754431","0.0739957328399757"
"969","100","0.4","0.35","144","5","periodic","60","0.2","0.5","0.1","1","0.05","500","2000","0.5","0.01","true","false","all","5","8","1.5","0.3","1","mixed","0.8","0.2","0.2","3000","33","37.07917557675735","104.67737991064864","0.5815409995036036","98.36307026155393","128.68295022090643","0.5464615014530774","0.7149052790050358","13123.016093938373","13170.476677401244","12933.173760086906","1.0183483900948334","1439.3632765252505","783.0033349603308","4064.803042784927","0.19263007991252398","0.012695233645464876","1","1","1","1","1","1","100","0.08819829353009631","80","20","0.3220184852725439","0.21193864425410447","0.7623378493463017","0.06901917125542284"
"971","100","0.4","0.35","144","5","periodic","60","0.2","0.5","0.1","1","0.05","500","2000","0.5","0.01","true","false","all","5","8","1.5","0.3","1","mixed","0.8","0.2","0.2","3000","21","26.10779892153414","75.52546835999595","0.41958593533331084","80.51232484922355","45.38481762643944","0.44729069360679746","0.25213787570244134","3284.5347078892955","3306.762563390621","3195.623285884003","1.0347785917062102","1620.8790541495039","788.6477777301322","4949.8041598269865","0.15932908702345483","0.023984177320852673","1","1","1","1","1","1","100","0.08278092970708728","80","20","0.32388828352177845","0.21311531179880044","0.7669801704136903","0.06829821766216113"
"972","100","0.4","0.35","144","5","periodic","60","0.2","0.5","0.1","1","0.05","500","2000","0.5","0.01","true","false","all","5","8","1.5","0.3","1","mixed","0.8","0.2","0.2","3000","0","28.338454260600486","77.22592996122154","0.42903294422900856","82.07778537041963","39.621302538541116","0.4559876965023313","0.22011834743633954","6092.68924132359","6113.399203837083","6009.849391269611","1.0172300178966045","1452.0252413592589","878.0732003345445","3747.8334054581146","0.2342882154408926","0.01685644710176959","1","1","1","1","1","1","100","0.08063956045858539","80","20","0.32689589494849847","0.2077637208505108","0.803424591340449","0.07291381530653768"
"973","100","0.4","0.35","144","5","periodic","60","0.2","0.5","0.1","1","0.05","500","2000","0.5","0.01","true","false","all","5","8","1.5","0.3","1","mixed","0.8","0.2","0.2","3000","0","15.260548341538879","93.21722330757505","0.5178734628198615","83.98270166977377","75.8785103657143","0.46657056483207654","0.42154727980952394","972.1664800881885","972.4834459356941","970.8986166981655","1.0016323323674288","1431.0305564313117","875.0858353652906","3654.8094406953924","0.2394340524628804","0.015932867383727567","0.36671497322895935","0.36671497322895935","0.3518127112980019","0.3147776533921256","0.3149889639571294","0.31393241113211034","100","0.09811860058960213","80","20","0.3262646826054021","0.20180582360639635","0.8241001186014254","0.08132978212446954"
"974","100","0.4","0.35","144","5","periodic","60","0.2","0.5","0.1","1","0.05","500","2000","0.5","0.01","true","false","all","5","8","1.5","0.3","1","mixed","0.8","0.2","0.2","3000","11","24.21355258524389","81.20538563768041","0.4511410313204467","88.73745736283358","43.08006088506637","0.49298587423796436","0.23933367158370208","3806.0706812511053","3830.11878843078","3709.878252532408","1.0324109115484563","1593.0804926563694","1026.2169991166277","3860.534466815339","0.2658225196375937","0.020669533550765173","1","1","1","1","1","1","100","0.08519081232755552","80","20","0.33808298571439765","0.22843958481072152","0.7766565893291022","0.0654185487185989"
"975","100","0.4","0.35","144","5","periodic","60","0.2","0.5","0.1","1","0.05","500","2000","0.5","0.01","true","false","all","5","8","1.5","0.3","1","mixed","0.8","0.2","0.2","3000","81","41.52973174295953","66.290235069275","0.36827908371819446","71.19408586473273","38.25162659283611","0.39552269924851513","0.2125090366268673","12823.070034627792","12904.405661148225","12497.727528546058","1.0325401663361018","1452.1796284520763","853.0571464690189","3848.6695563843014","0.221649880295371","0.013459732983245543","1","1","1","1","1","1","100","0.09041403231913145","80","20","0.31762132029158874","0.18758520421510405","0.8377657845975278","0.08432121298799425"
"976","100","0.4","0.35","144","5","periodic","60","0.2","0.5","0.1","1","0.05","500","2000","0.5","0.01","true","false","all","5","8","1.5","0.3","1","mixed","0.8","0.2","0.2","3000","0","28.267248647277953","90.23144290687014","0.5012857939270563","93.32170706601391","56.45597864151947","0.5184539281445217","0.3136443257862193","5518.810454434059","5553.868533940597","5378.578136407899","1.0325904715125636","1648.4898687165717","890.5835934149876","4680.114969922907","0.1902909648883387","0.018447398287696037","1","1","1","1","1","1","100","0.08507364717426714","80","20","0.31945936182874757","0.20337380402574504","0.7838015930407577","0.06908098468631059"
"977","100","0.4","0.35","144","5","periodic","60","0.2","0.5","0.1","1","0.05","500","2000","0.5","0.01","true","false","all","5","8","1.5","0.3","1","mixed","0.8","0.2","0.2","3000","0","23.8753350282674","73.91762690304398","0.4106534827946888","82.33984108679104","30.939594710801906","0.45744356159328353","0.1718866372822328","3748.4220221800524","3774.1437369737323","3645.5351630053324","1.035278379776311","1755.9865414864448","757.2345719631728","5750.994419579535","0.13167019765923116","0.018480101811598537","1","1","1","1","1","1","100","0.0668725028780247","80","20","0.32462841232546064","0.1990109095860401","0.8270984232831431","0.07792743197523204"
"978","100","0.4","0.35","144","5","periodic","60","0.2","0.5","0.1","1","0.05","500","2000","0.5","0.01","true","false","all","5","8","1.5","0.3","1","mixed","0.8","0.2","0.2","3000","31","23.10754806277248","72.636627268969","0.40353681816093884","80.81328151925186","39.97696349832684","0.44896267510695476","0.22209424165737132","2481.408937271076","2489.0205543037414","2450.9624691404156","1.015527812295173","1405.6085321795413","790.052705216053","3867.8318400334947","0.2042624234690645","0.013084669681650452","1","1","1","1","1","1","100","0.06573168044893335","80","20","0.3272562203587711","0.20892064150428524","0.8005985357767145","0.07299652886893747"
"979","100","0.4","0.35","144","5","periodic","60","0.2","0.5","0.1","1","0.05","500","2000","0.5","0.01","true","false","all","5","8","1.5","0.3","1","mixed","0.8","0.2","0.2","3000","146","22.106944650226268","88.31824922880845","0.49065694016004696","89.31942273853699","83.95368185491677","0.49621901521409434","0.46640934363842645","12873.008443420413","12930.836260652655","12641.697174491444","1.0228718566953685","1549.946535806316","767.0598381826593","4681.493326300945","0.16384939264427983","0.012896480247770015","1","1","1","1","1","1","100","0.06977211799074882","80","20","0.3158321626930736","0.19682329307056431","0.7918676411831103","0.06997490229538156"
"980","100","0.4","0.35","144","5","periodic","60","0.2","0.5","0.1","1","0.05","500","2000","0.5","0.01","true","false","all","5","8","1.5","0.3","1","mixed","0.8","0.2","0.2","3000","0","32.72534507117906","93.12401943932147","0.517355663551786","88.63955675196304","70.46282541427493","0.4924419819553502","0.3914601411904163","5602.003091789383","5619.968477083587","5530.14155061256","1.0162431514001806","1604.3899393115532","926.7301153682772","4315.029235084658","0.2147679806739701","0.018305312311346578","1","1","1","1","1","1","100","0.08278004098356691","80","20","0.3364769278767592","0.2223067357734227","0.7931576962901052","0.07084528327745351"
"981","100","0.4","0.35","144","5","periodic","60","0.2","0.5","0.1","1","0.05","500","2000","0.5","0.01","true","false","all","5","8","1.5","0.3","1","mixed","0.8","0.2","0.2","3000","151","29.242977580239057","77.31897956581781","0.4295498864767656","85.67583694956264","46.63305753882807","0.47597687194201466","0.25907254188237816","7132.044874824098","7160.5864208585945","7017.878690686119","1.020334881302789","1494.382617038231","919.4252424369076","3794.2121154435235","0.24232310014893083","0.013781018947536916","1","1","1","1","1","1","100","0.0807112120893915","80","20","0.29539167598803256","0.1771158965059267","0.7684947939164559","0.07524925939605295"
"982","100","0.4","0.35","144","5","periodic","60","0.2","0.5","0.1","1","0.05","500","2000","0.5","0.01","true","false","all","5","8","1.5","0.3","1","mixed","0.8","0.2","0.2","3000","46","33.07903426069254","69.52285982191239","0.3862381101217355","77.39623298240541","36.93806877461992","0.4299790721244745","0.2052114931923329","4727.611800356415","4750.70040800228","4635.257369772959","1.0249054214297002","1617.0823734061084","841.2869117174916","4720.264220160573","0.17822877544106483","0.011325408697986594","1","1","1","1","1","1","100","0.07954924759811335","80","20","0.3262937393569335","0.21204709970624713","0.7832802979596789","0.0696692263194836"
"983","100","0.4","0.35","144","5","periodic","60","0.2","0.5","0.1","1","0.05","500","2000","0.5","0.01","true","false","all","5","8","1.5","0.3","1","mixed","0.8","0.2","0.2","3000","6","32.93021937931408","98.11495175517736","0.5450830653065408","97.84826068961817","75.30322146471738","0.5436014482756565","0.418351230359541","15636.328106959108","15712.210823024998","15332.797242695588","1.024745229087938","1445.398308830679","824.0083346150952","3930.9582056930158","0.20962022272883085","0.011489925483775254","1","1","1","1","1","1","100","0.08811906757802826","80","20","0.32065081454021344","0.2003635131321741","0.8018000201723708","0.07791098436773057"
"984","100","0.4","0.35","144","5","periodic","60","0.2","0.5","0.1","1","0.05","500","2000","0.5","0.01","true","false","all","5","8","1.5","0.3","1","mixed","0.8","0.2","0.2","3000","58","18.84238974687841","79.78249372773729","0.44323607626520717","85.23105726811923","27.10919265098608","0.4735058737117735","0.15060662583881157","6039.727308079547","6073.878615250747","5903.122079394731","1.0289264788292374","1527.3332940764938","696.2664285363837","4851.600756236931","0.14351272157778136","0.01761544819749372","1","1","1","1","1","1","100","0.08519421520043706","80","20","0.3453398560540167","0.23287105646154402","0.7952150544239077","0.0693132146116382"
"986","100","0.4","0.35","144","5","periodic","60","0.2","0.5","0.1","1","0.05","500","2000","0.5","0.01","true","false","all","5","8","1.5","0.3","1","mixed","0.8","0.2","0.2","3000","0","44.95233772566945","88.76497932691078","0.4931387740383932","92.3166333215591","53.345120473011285","0.5128701851197728","0.2963617804056182","19846.41861476654","19909.221296658165","19595.207887200042","1.0160250103630306","1540.5627265262945","955.0967775513278","3882.426522426157","0.24600511356348378","0.009910742644963833","1","1","1","1","1","1","100","0.07780363724834381","80","20","0.34506518567586236","0.21964780424231342","0.8467347114100582","0.07949879981485075"
"987","100","0.4","0.35","144","5","periodic","60","0.2","0.5","0.1","1","0.05","500","2000","0.5","0.01","true","false","all","5","8","1.5","0.3","1","mixed","0.8","0.2","0.2","3000","0","33.11027486795419","93.83495264182312","0.5213052924545729","93.11586684719033","70.5534425517001","0.5173103713732796","0.39196356973166724","5477.588365670115","5501.880016664572","5380.421761692294","1.0225741141404636","1360.5410689488137","834.9760255389874","3462.8012425881216","0.24112733219274232","0.016680013983703113","1","1","1","1","1","1","100","0.07252250026465766","80","20","0.33651055350119896","0.23379673717178737","0.7473658188188451","0.06033770068348235"
"985","100","0.4","0.35","144","5","periodic","60","0.2","0.5","0.1","1","0.05","500","2000","0.5","0.01","true","false","all","5","8","1.5","0.3","1","mixed","0.8","0.2","0.2","3000","26","32.60782851264551","85.92188948302163","0.4773438304612313","91.92821150618872","56.43260326593285","0.5107122861454929","0.31351446258851584","5897.37522528606","5931.874967613334","5759.3762559769575","1.0299509363461643","1758.900286771568","825.1719238234689","5493.813738563965","0.1502002002782063","0.017441254061813627","1","1","1","1","1","1","100","0.07731051561949512","80","20","0.31129905891582343","0.1973668692467215","0.7670278175922307","0.06990470760847431"
"988","100","0.4","0.35","144","5","periodic","60","0.2","0.5","0.1","1","0.05","500","2000","0.5","0.01","true","false","all","5","8","1.5","0.3","1","mixed","0.8","0.2","0.2","3000","39","26.895775716817326","88.08702296679536","0.4893723498155298","96.72598280149225","40.22532652265251","0.5373665711194013","0.22347403623695838","6620.1830647306415","6629.945279459149","6581.134205816619","1.007416817848721","1314.6867948994231","753.6932657866192","3558.6609113506406","0.2117912564758988","0.015371058203493604","1","1","1","1","1","1","100","0.06782344800517776","80","20","0.32980484494777657","0.21105517722138734","0.804803515853334","0.07386911456958543"
"989","100","0.4","0.35","144","5","periodic","60","0.2","0.5","0.1","1","0.05","500","2000","0.5","0.01","true","false","all","5","8","1.5","0.3","1","mixed","0.8","0.2","0.2","3000","31","18.867532537100843","82.52583522607947","0.45847686236710816","87.8562063364698","60.97344331776337","0.48809003520260996","0.33874135176535203","7453.0299833891495","7468.336426457414","7391.804211116066","1.0103536583431494","1230.4863907884421","768.573607310684","3078.1375246994744","0.24968787168978812","0.011168101375860218","1","1","1","1","1","1","100","0.08631788191974496","80","20","0.3141107654014183","0.19431186427664332","0.793306369900518","0.07625576721655562"
"990","100","0.4","0.35","144","5","periodic","60","0.2","0.5","0.1","1","0.05","500","2000","0.5","0.01","true","false","all","5","8","1.5","0.3","1","mixed","0.8","0.2","0.2","3000","0","14.463197401904722","87.87384304463114","0.48818801691461744","93.44226972890577","56.785009246595905","0.5191237207161432","0.3154722735921995","806.750687919097","808.9998495000334","797.7540415953505","1.0140968360150124","1739.9918940353443","893.5294246190181","5125.84177170065","0.1743185733028516","0.018217243937639793","0.25200893572251787","0.25200893572251787","0.2315008411920694","0.2045004586127314","0.20599989966668905","0.1985026943969004","100","0.08385460046102705","80","20","0.31813937786418134","0.20318021346492676","0.7779760354611989","0.06911082373763952"
"991","100","0.4","0.35","144","5","periodic","60","0.2","0.5","0.1","1","0.05","500","2000","0.5","0.01","true","false","all","5","8","1.5","0.3","1","mixed","0.8","0.2","0.2","3000","86","31.66642806531806","68.50074188560365","0.3805596771422425","80.15205744585069","19.832160614438315","0.4452892080325038","0.11017867008021286","10838.568196593398","10868.253949015696","10719.825186904183","1.0138461924073954","1604.3466334325617","924.0597002135091","4325.494366308771","0.21363100306198535","0.009794936429820211","1","1","1","1","1","1","100","0.0852957384267033","80","20","0.3288093134180473","0.2022197114013128","0.835167721484986","0.08240643180790519"
"994","100","0.4","0.35","144","5","periodic","60","0.2","0.5","0.1","1","0.05","500","2000","0.5","0.01","true","false","all","5","8","1.5","0.3","1","mixed","0.8","0.2","0.2","3000","0","17.502439352739373","85.612221187967","0.47562345104426107","93.43983490296957","41.62854150352549","0.5191101939053865","0.23126967501958606","4070.0114464260337","4082.7942590003304","4018.88019612886","1.0159034506510134","1577.037669237303","857.2305654910142","4456.266084222461","0.19236521098371198","0.018511865493521018","1","1","1","1","1","1","100","0.07875901923801734","80","20","0.32884696100036576","0.22292467621745074","0.7525361001320255","0.06615685520103495"
"992","100","0.4","0.35","144","5","periodic","60","0.2","0.5","0.1","1","0.05","500","2000","0.5","0.01","true","false","all","5","8","1.5","0.3","1","mixed","0.8","0.2","0.2","3000","26","22.98741143937508","78.2715761723453","0.4348420898463628","90.4238758458338","27.53795306255073","0.5023548658101878","0.15298862812528183","879.4243422752429","883.4512861129346","863.3165669244767","1.023322521494273","1730.2809974864783","1009.2547385120431","4614.3860333842185","0.2187191819692316","0.020762184884942636","0.32129402161416404","0.32129402161416404","0.2761448261669868","0.2529495615168288","0.2556341907419567","0.24221104461631776","100","0.08984887035683928","80","20","0.32293542607567177","0.20635372843191718","0.7892622166506903","0.07107980819031659"
"995","100","0.4","0.35","144","5","periodic","60","0.2","0.5","0.1","1","0.05","500","2000","0.5","0.01","true","false","all","5","8","1.5","0.3","1","mixed","0.8","0.2","0.2","3000","36","26.279585862547464","93.66058378974003","0.5203365766096668","91.93494413337409","64.93825491208457","0.510749689629856","0.3607680828449143","11603.670932918629","11633.643539028533","11483.780508479016","1.0130499734333014","1342.3501474500345","866.3480147596189","3246.358678211699","0.26686762019681026","0.011422818516169109","1","1","1","1","1","1","100","0.08286977141173622","80","20","0.3494343963146087","0.230900913668183","0.823568326900312","0.076359607752873"
"993","100","0.4","0.35","144","5","periodic","60","0.2","0.5","0.1","1","0.05","500","2000","0.5","0.01","true","false","all","5","8","1.5","0.3","1","mixed","0.8","0.2","0.2","3000","41","38.52529631275803","71.60570477479123","0.3978094709710624","80.2656586750658","37.165476321299536","0.44592032597258774","0.2064748684516641","8229.941840417483","8260.582722006573","8107.378314061098","1.0188969111851816","1584.8232896865916","787.847806982403","4772.725220503346","0.16507294482361054","0.014662254839798106","1","1","1","1","1","1","100","0.0808342245670262","80","20","0.3072109223615334","0.19452416413445647","0.757957955269841","0.0700646494864489"
"996","100","0.4","0.35","144","5","periodic","60","0.2","0.5","0.1","1","0.05","500","2000","0.5","0.01","true","false","all","5","8","1.5","0.3","1","mixed","0.8","0.2","0.2","3000","0","9.076912108299751","102.44162008005878","0.5691201115558822","102.77478351978898","82.94746267232127","0.5709710195543832","0.46081923706845146","669.1466359353503","672.8975433240291","654.1430063806341","1.0286703928047232","1414.27861516389","796.0420438182383","3887.2249005464982","0.2047841491513198","0.025595184796734838","0.1565379238345825","0.1565379238345825","0.13912308209127325","0.1127644239569002","0.11526502888268624","0.10276200425375608","100","0.08722146588609284","80","20","0.32118467104311554","0.2005670924181747","0.8036549855428792","0.07847604777949188"
"1001","100","0.4","0.35","144","5","periodic","60","0.2","0.5","0.1","1","0.05","500","2000","0.5","0.01","true","false","all","5","8","1.5","0.3","1","mixed","0.8","0.25","0","3000","11","13.149256209521425","95.33856835052546","0.5296587130584748","95.33856835052546","0","0.5296587130584748","0","1114.8391430431923","1114.8391430431923","0","0","988.2680558908261","988.2680558908261","0","0","0.016393489144693296","0.4572525935915575","0.4572525935915575","0","0.4098927620287951","0.4098927620287951","0","100","0.07971688596972513","100","0","0.2238598475807504","0.2238598475807504","0","0.019017140953585667"
"1003","100","0.4","0.35","144","5","periodic","60","0.2","0.5","0.1","1","0.05","500","2000","0.5","0.01","true","false","all","5","8","1.5","0.3","1","mixed","0.8","0.25","0","3000","131","25.042086002747354","100.03505422810011","0.5557503012672228","100.03505422810011","0","0.5557503012672228","0","9799.107681853407","9799.107681853407","0","0","1049.6337792273168","1049.6337792273168","0","0","0.01418246265377232","1","1","0","1","1","0","100","0.07388197187132954","100","0","0.2788567475285289","0.2788567475285289","0","0.020173584605067886"
"1002","100","0.4","0.35","144","5","periodic","60","0.2","0.5","0.1","1","0.05","500","2000","0.5","0.01","true","false","all","5","8","1.5","0.3","1","mixed","0.8","0.25","0","3000","0","13.086728135688418","75.06836968247332","0.41704649823596285","75.06836968247332","0","0.41704649823596285","0","804.9240225177456","804.9240225177456","0","0","864.8750754544562","864.8750754544562","0","0","0.016849289277425905","0.24096643590322553","0.24096643590322553","0","0.20328268167849697","0.20328268167849697","0","100","0.08091362852347399","100","0","0.26982614844416025","0.26982614844416025","0","0.018746307064225986"
"997","100","0.4","0.35","144","5","periodic","60","0.2","0.5","0.1","1","0.05","500","2000","0.5","0.01","true","false","all","5","8","1.5","0.3","1","mixed","0.8","0.2","0.2","3000","-1","40.67782402653488","107.29826862502905","0.5961014923612725","100.39857855459563","126.8181933743349","0.5577698808588646","0.704545518746305","21681.64156230537","21723.949386852157","21512.41026411813","1.0098333529407841","1268.2179432715582","910.3766141319618","2699.5832598299403","0.33722857437977716","0.010517219391597443","1","1","1","1","1","1","100","0.06808751199572582","80","20","0.336705094553889","0.21215090467996828","0.8349218540495714","0.0792008551553324"
"1004","100","0.4","0.35","144","5","periodic","60","0.2","0.5","0.1","1","0.05","500","2000","0.5","0.01","true","false","all","5","8","1.5","0.3","1","mixed","0.8","0.25","0","3000","141","16.38059886373449","102.73911052432454","0.5707728362462474","102.73911052432454","0","0.5707728362462474","0","7772.117288306293","7772.117288306293","0","0","894.8188840488735","894.8188840488735","0","0","0.013623319948880663","1","1","0","1","1","0","100","0.07352531128790668","100","0","0.2763243645283494","0.2763243645283494","0","0.019903767714676723"
"998","100","0.4","0.35","144","5","periodic","60","0.2","0.5","0.1","1","0.05","500","2000","0.5","0.01","true","false","all","5","8","1.5","0.3","1","mixed","0.8","0.2","0.2","3000","153","39.630776722386116","84.28734625400843","0.46826303474449127","92.1599937257457","29.638797988689852","0.5119999651430316","0.16465998882605473","17719.30958102669","17789.650638815856","17437.945349869995","1.020168963825115","1529.8233092841824","652.5489906905199","5038.920583658832","0.12950174146556898","0.012810250957406843","1","1","1","1","1","1","100","0.0798505534949151","80","20","0.3291157880251353","0.21251010282405058","0.795538528829474","0.06957018838693749"
"999","100","0.4","0.35","144","5","periodic","60","0.2","0.5","0.1","1","0.05","500","2000","0.5","0.01","true","false","all","5","8","1.5","0.3","1","mixed","0.8","0.2","0.2","3000","6","35.35557070631279","89.27517020867646","0.49597316782598033","99.78763073754776","39.23365906025951","0.5543757263197098","0.21796477255699728","4652.529968780763","4678.320578631651","4549.367529377211","1.0283452696274222","1624.8400404329511","926.4179450332689","4418.528422031681","0.20966662575122547","0.01585892058277283","1","1","1","1","1","1","100","0.092768565257661","80","20","0.3247028348161197","0.19427756322133868","0.8464039211952435","0.08226837774630305"
"1005","100","0.4","0.35","144","5","periodic","60","0.2","0.5","0.1","1","0.05","500","2000","0.5","0.01","true","false","all","5","8","1.5","0.3","1","mixed","0.8","0.25","0","3000","0","12.44414359944686","94.76249779648307","0.5264583210915726","94.76249779648307","0","0.5264583210915726","0","649.8903268861878","649.8903268861878","0","0","1148.0248179322398","1148.0248179322398","0","0","0.02328233281549874","0.15287124730102217","0.15287124730102217","0","0.099926884590792","0.099926884590792","0","100","0.08821293464323114","100","0","0.26954615017604433","0.26954615017604433","0","0.020684921969028252"
"1000","100","0.4","0.35","144","5","periodic","60","0.2","0.5","0.1","1","0.05","500","2000","0.5","0.01","true","false","all","5","8","1.5","0.3","1","mixed","0.8","0.2","0.2","3000","-1","44.85566199587131","96.90235906471959","0.5383464392484422","90.3645178457296","72.00000000000003","0.5020250991429422","0.40000000000000013","21649.58876338818","21752.22785379514","21239.032401760385","1.0241628451959148","1565.589329524588","705.4869947875826","5005.998668472608","0.14092832250050025","0.010297350252289617","1","1","1","1","1","1","100","0.08654184910756595","80","20","0.32104686500978713","0.19738355176842545","0.8157001179752339","0.07794052561141335"
"1006","100","0.4","0.35","144","5","periodic","60","0.2","0.5","0.1","1","0.05","500","2000","0.5","0.01","true","false","all","5","8","1.5","0.3","1","mixed","0.8","0.25","0","3000","151","29.357510750669036","77.19393668510439","0.4288552038061355","77.19393668510439","0","0.4288552038061355","0","20896.722706060915","20896.722706060915","0","0","864.4655692835979","864.4655692835979","0","0","0.009283556932733639","1","1","0","1","1","0","100","0.08087901775540685","100","0","0.2732436801661053","0.2732436801661053","0","0.02494109285382247"
"1007","100","0.4","0.35","144","5","periodic","60","0.2","0.5","0.1","1","0.05","500","2000","0.5","0.01","true","false","all","5","8","1.5","0.3","1","mixed","0.8","0.25","0","3000","0","14.066034822685182","88.48506692605493","0.4915837051447496","88.48506692605493","0","0.4915837051447496","0","1457.5031565724507","1457.5031565724507","0","0","895.0666767071883","895.0666767071883","0","0","0.012986448657271943","0.6885749804727919","0.6885749804727919","0","0.6383354377149671","0.6383354377149671","0","100","0.0740923961303291","100","0","0.24718601505210627","0.24718601505210627","0","0.024697799790191693"
"1008","100","0.4","0.35","144","5","periodic","60","0.2","0.5","0.1","1","0.05","500","2000","0.5","0.01","true","false","all","5","8","1.5","0.3","1","mixed","0.8","0.25","0","3000","0","20.814374124597222","97.00149379900442","0.5388971877722468","97.00149379900442","0","0.5388971877722468","0","8018.122325445737","8018.122325445737","0","0","1107.6835970415148","1107.6835970415148","0","0","0.014329480263768568","1","1","0","1","1","0","100","0.08934496162163746","100","0","0.2679727775419552","0.2679727775419552","0","0.018190155736785323"
"1010","100","0.4","0.35","144","5","periodic","60","0.2","0.5","0.1","1","0.05","500","2000","0.5","0.01","true","false","all","5","8","1.5","0.3","1","mixed","0.8","0.25","0","3000","0","16.04072357451696","95.77426688315686","0.5320792604619825","95.77426688315686","0","0.5320792604619825","0","728.8780581409479","728.8780581409479","0","0","904.5727473757694","904.5727473757694","0","0","0.020720647830874128","0.19213713649994088","0.19213713649994088","0","0.1525853720939655","0.1525853720939655","0","100","0.0821047337272668","100","0","0.240381812668154","0.240381812668154","0","0.014411452206576908"
"1011","100","0.4","0.35","144","5","periodic","60","0.2","0.5","0.1","1","0.05","500","2000","0.5","0.01","true","false","all","5","8","1.5","0.3","1","mixed","0.8","0.25","0","3000","0","15.43607345017115","101.4714000531622","0.5637300002953456","101.4714000531622","0","0.5637300002953456","0","1244.4293356364083","1244.4293356364083","0","0","887.6090662467057","887.6090662467057","0","0","0.016623695815604744","0.556790198030531","0.556790198030531","0","0.49628622375760534","0.49628622375760534","0","100","0.09523943618968043","100","0","0.26040005944213346","0.26040005944213346","0","0.02212543553987118"
"1009","100","0.4","0.35","144","5","periodic","60","0.2","0.5","0.1","1","0.05","500","2000","0.5","0.01","true","false","all","5","8","1.5","0.3","1","mixed","0.8","0.25","0","3000","0","16.7255868645543","95.1579846024621","0.5286554700136783","95.1579846024621","0","0.5286554700136783","0","3207.012920756236","3207.012920756236","0","0","726.4490678483015","726.4490678483015","0","0","0.011737645471708413","1","1","0","1","1","0","100","0.08093220868677037","100","0","0.2177268818041126","0.2177268818041126","0","0.01681308531267001"
"1012","100","0.4","0.35","144","5","periodic","60","0.2","0.5","0.1","1","0.05","500","2000","0.5","0.01","true","false","all","5","8","1.5","0.3","1","mixed","0.8","0.25","0","3000","21","19.638230806539895","88.59652030338106","0.4922028905743392","88.59652030338106","0","0.4922028905743392","0","3270.1212592138218","3270.1212592138218","0","0","798.5444345544249","798.5444345544249","0","0","0.02051000126070024","1","1","0","1","1","0","100","0.08784713522712656","100","0","0.22644051051993713","0.22644051051993713","0","0.016708986968707224"
"1014","100","0.4","0.35","144","5","periodic","60","0.2","0.5","0.1","1","0.05","500","2000","0.5","0.01","true","false","all","5","8","1.5","0.3","1","mixed","0.8","0.25","0","3000","76","27.362687839801268","77.17991276674782","0.42877729314859897","77.17991276674782","0","0.42877729314859897","0","7147.595916690593","7147.595916690593","0","0","800.2466263059855","800.2466263059855","0","0","0.008813610494901924","1","1","0","1","1","0","100","0.08877342278810083","100","0","0.2439838052930887","0.2439838052930887","0","0.01639046365782392"
"1013","100","0.4","0.35","144","5","periodic","60","0.2","0.5","0.1","1","0.05","500","2000","0.5","0.01","true","false","all","5","8","1.5","0.3","1","mixed","0.8","0.25","0","3000","0","24.635628226491747","97.41009860039895","0.5411672144466608","97.41009860039895","0","0.5411672144466608","0","8391.621591320998","8391.621591320998","0","0","995.7730583492922","995.7730583492922","0","0","0.014487011918476567","1","1","0","1","1","0","100","0.08494939368161204","100","0","0.2615562503143205","0.2615562503143205","0","0.023976563528156636"
"1015","100","0.4","0.35","144","5","periodic","60","0.2","0.5","0.1","1","0.05","500","2000","0.5","0.01","true","false","all","5","8","1.5","0.3","1","mixed","0.8","0.25","0","3000","0","26.845949767641258","83.68642581243142","0.46492458784684126","83.68642581243142","0","0.46492458784684126","0","19847.705075097856","19847.705075097856","0","0","792.9939681444421","792.9939681444421","0","0","0.009378060858714399","1","1","0","1","1","0","100","0.10238231790870657","100","0","0.26019274848537244","0.26019274848537244","0","0.021013552378307803"
"1016","100","0.4","0.35","144","5","periodic","60","0.2","0.5","0.1","1","0.05","500","2000","0.5","0.01","true","false","all","5","8","1.5","0.3","1","mixed","0.8","0.25","0","3000","0","19.29688438300525","91.75801523608423","0.5097667513115791","91.75801523608423","0","0.5097667513115791","0","8413.016868555342","8413.016868555342","0","0","894.4367326071333","894.4367326071333","0","0","0.013276404855890878","1","1","0","1","1","0","100","0.09857822121845541","100","0","0.23564021795133333","0.23564021795133333","0","0.019104972361808987"
"1018","100","0.4","0.35","144","5","periodic","60","0.2","0.5","0.1","1","0.05","500","2000","0.5","0.01","true","false","all","5","8","1.5","0.3","1","mixed","0.8","0.25","0","3000","36","15.257896484975007","85.95596513252526","0.4775331396251404","85.95596513252526","0","0.4775331396251404","0","1016.2913801929508","1016.2913801929508","0","0","963.0799846873902","963.0799846873902","0","0","0.019979747763390066","0.39408916004856276","0.39408916004856276","0","0.3441942534619671","0.3441942534619671","0","100","0.10698320205537952","100","0","0.25002516018858445","0.25002516018858445","0","0.02528870409133128"
"1017","100","0.4","0.35","144","5","periodic","60","0.2","0.5","0.1","1","0.05","500","2000","0.5","0.01","true","false","all","5","8","1.5","0.3","1","mixed","0.8","0.25","0","3000","0","12.110081058975396","81.49691384337092","0.4527606324631718","81.49691384337092","0","0.4527606324631718","0","721.3313913056397","721.3313913056397","0","0","790.8730468724818","790.8730468724818","0","0","0.022222296185351098","0.18694531144576088","0.18694531144576088","0","0.14755426087042667","0.14755426087042667","0","100","0.08126619526923709","100","0","0.24230966868174883","0.24230966868174883","0","0.019994938195001845"
"1019","100","0.4","0.35","144","5","periodic","60","0.2","0.5","0.1","1","0.05","500","2000","0.5","0.01","true","false","all","5","8","1.5","0.3","1","mixed","0.8","0.25","0","3000","0","15.662345814837607","87.67195099317364","0.4870663944065202","87.67195099317364","0","0.4870663944065202","0","3652.067253016688","3652.067253016688","0","0","817.3185970628332","817.3185970628332","0","0","0.018238865502587576","1","1","0","1","1","0","100","0.08268299584834457","100","0","0.27618142505630083","0.27618142505630083","0","0.021964808952679698"
"1021","100","0.4","0.35","144","5","periodic","60","0.2","0.5","0.1","1","0.05","500","2000","0.5","0.01","true","false","all","5","8","1.5","0.3","1","mixed","0.8","0.25","0","3000","0","14.130454049367472","72.99737284364423","0.40554096024246794","72.99737284364423","0","0.40554096024246794","0","1290.2259986446163","1290.2259986446163","0","0","769.8240450235899","769.8240450235899","0","0","0.015886931708465335","0.5775240423002292","0.5775240423002292","0","0.5268173324297443","0.5268173324297443","0","100","0.0722186653770729","100","0","0.25064908054784063","0.25064908054784063","0","0.01625991773191085"
"1022","100","0.4","0.35","144","5","periodic","60","0.2","0.5","0.1","1","0.05","500","2000","0.5","0.01","true","false","all","5","8","1.5","0.3","1","mixed","0.8","0.25","0","3000","0","18.230436720599656","69.98298084661162","0.38879433803673125","69.98298084661162","0","0.38879433803673125","0","1366.6164929915574","1366.6164929915574","0","0","873.6229025499964","873.6229025499964","0","0","0.015772593995400985","0.6492780145046148","0.6492780145046148","0","0.5777443286610381","0.5777443286610381","0","100","0.075321611363246","100","0","0.25826504040538767","0.25826504040538767","0","0.02296527561444528"
"1020","100","0.4","0.35","144","5","periodic","60","0.2","0.5","0.1","1","0.05","500","2000","0.5","0.01","true","false","all","5","8","1.5","0.3","1","mixed","0.8","0.25","0","3000","0","23.673162915771798","84.71573891726248","0.4706429939847916","84.71573891726248","0","0.4706429939847916","0","12708.918202756136","12708.918202756136","0","0","974.0545228324819","974.0545228324819","0","0","0.011878910668043918","1","1","0","1","1","0","100","0.08832798840410834","100","0","0.26094738874473405","0.26094738874473405","0","0.020391020794116282"
"1023","100","0.4","0.35","144","5","periodic","60","0.2","0.5","0.1","1","0.05","500","2000","0.5","0.01","true","false","all","5","8","1.5","0.3","1","mixed","0.8","0.25","0","3000","0","16.29545932267027","88.97597486856839","0.4943109714920466","88.97597486856839","0","0.4943109714920466","0","8018.844379921756","8018.844379921756","0","0","849.1213429843114","849.1213429843114","0","0","0.014370299482154403","1","1","0","1","1","0","100","0.0779976186407208","100","0","0.2588405160262617","0.2588405160262617","0","0.01662883084116657"
"1025","100","0.4","0.35","144","5","periodic","60","0.2","0.5","0.1","1","0.05","500","2000","0.5","0.01","true","false","all","5","8","1.5","0.3","1","mixed","0.8","0.25","0","3000","0","34.433959476417925","97.19268653911381","0.5399593696617434","97.19268653911381","0","0.5399593696617434","0","5287.498062764285","5287.498062764285","0","0","882.9856658441686","882.9856658441686","0","0","0.013131049642186365","1","1","0","1","1","0","100","0.09571700468001554","100","0","0.2793611953567087","0.2793611953567087","0","0.023489034129120238"
"1026","100","0.4","0.35","144","5","periodic","60","0.2","0.5","0.1","1","0.05","500","2000","0.5","0.01","true","false","all","5","8","1.5","0.3","1","mixed","0.8","0.25","0","3000","116","15.173789759192502","89.46065893216651","0.4970036607342584","89.46065893216651","0","0.4970036607342584","0","2826.624326079309","2826.624326079309","0","0","748.2930757443793","748.2930757443793","0","0","0.01668279254380889","1","1","0","1","1","0","100","0.0882926793335997","100","0","0.25031720319695483","0.25031720319695483","0","0.022802677173623217"
"1024","100","0.4","0.35","144","5","periodic","60","0.2","0.5","0.1","1","0.05","500","2000","0.5","0.01","true","false","all","5","8","1.5","0.3","1","mixed","0.8","0.25","0","3000","0","26.824378267703963","87.68897427249108","0.487160968180506","87.68897427249108","0","0.487160968180506","0","3184.824040860364","3184.824040860364","0","0","713.8690396082005","713.8690396082005","0","0","0.02068715901357976","1","1","0","1","1","0","100","0.08321515076828963","100","0","0.25104413292518485","0.25104413292518485","0","0.018248669609232732"
"1027","100","0.4","0.35","144","5","periodic","60","0.2","0.5","0.1","1","0.05","500","2000","0.5","0.01","true","false","all","5","8","1.5","0.3","1","mixed","0.8","0.25","0","3000","0","14.788525772685702","77.75897331872267","0.4319942962151259","77.75897331872267","0","0.4319942962151259","0","3708.2124945531955","3708.2124945531955","0","0","978.8588569334132","978.8588569334132","0","0","0.01753707418395911","1","1","0","1","1","0","100","0.0867438431206427","100","0","0.2812325792605595","0.2812325792605595","0","0.020051151191080988"
"1029","100","0.4","0.35","144","5","periodic","60","0.2","0.5","0.1","1","0.05","500","2000","0.5","0.01","true","false","all","5","8","1.5","0.3","1","mixed","0.8","0.25","0","3000","0","27.403259183609876","88.14597840066058","0.4896998800036699","88.14597840066058","0","0.4896998800036699","0","673.5753159960583","673.5753159960583","0","0","918.3774910336604","918.3774910336604","0","0","0.01985612622650401","0.15082222418879876","0.15082222418879876","0","0.11571687733070543","0.11571687733070543","0","100","0.0867630464376568","100","0","0.24956461976561653","0.24956461976561653","0","0.0203400919217482"
"1028","100","0.4","0.35","144","5","periodic","60","0.2","0.5","0.1","1","0.05","500","2000","0.5","0.01","true","false","all","5","8","1.5","0.3","1","mixed","0.8","0.25","0","3000","0","10.079796285683628","93.77388988080455","0.5209660548933586","93.77388988080455","0","0.5209660548933586","0","787.8728512547355","787.8728512547355","0","0","932.0640147264032","932.0640147264032","0","0","0.01768245435518545","0.2286174561980509","0.2286174561980509","0","0.19191523416982378","0.19191523416982378","0","100","0.08640929886070395","100","0","0.25595488543338585","0.25595488543338585","0","0.017094481580194297"
"1030","100","0.4","0.35","144","5","periodic","60","0.2","0.5","0.1","1","0.05","500","2000","0.5","0.01","true","false","all","5","8","1.5","0.3","1","mixed","0.8","0.25","0","3000","26","14.748539506685248","80.57603851896255","0.44764465843868084","80.57603851896255","0","0.44764465843868084","0","5708.609628921378","5708.609628921378","0","0","730.7017083946096","730.7017083946096","0","0","0.015986551221378598","1","1","0","1","1","0","100","0.08670185970827932","100","0","0.24708831045982219","0.24708831045982219","0","0.018644713520562992"
"1031","100","0.4","0.35","144","5","periodic","60","0.2","0.5","0.1","1","0.05","500","2000","0.5","0.01","true","false","all","5","8","1.5","0.3","1","mixed","0.8","0.25","0","3000","56","13.088253022727713","86.41231990570213","0.4800684439205674","86.41231990570213","0","0.4800684439205674","0","1283.3691737250208","1283.3691737250208","0","0","876.3881792522587","876.3881792522587","0","0","0.01890854083511284","0.6085877497098854","0.6085877497098854","0","0.5222461158166809","0.5222461158166809","0","100","0.08010912306215717","100","0","0.2439460106521865","0.2439460106521865","0","0.02108580496128736"
"1032","100","0.4","0.35","144","5","periodic","60","0.2","0.5","0.1","1","0.05","500","2000","0.5","0.01","true","false","all","5","8","1.5","0.3","1","mixed","0.8","0.25","0","3000","0","14.23728552891825","80.8592787396369","0.44921821522020505","80.8592787396369","0","0.44921821522020505","0","3097.997258792927","3097.997258792927","0","0","833.6237577784976","833.6237577784976","0","0","0.019570719760738653","1","1","0","1","1","0","100","0.0884858182874356","100","0","0.23089824187256527","0.23089824187256527","0","0.018811980942765923"
"1034","100","0.4","0.35","144","5","periodic","60","0.2","0.5","0.1","1","0.05","500","2000","0.5","0.01","true","false","all","5","8","1.5","0.3","1","mixed","0.8","0.25","0","3000","0","16.01801565783998","89.8939252685153","0.49941069593619614","89.8939252685153","0","0.49941069593619614","0","3054.9391123381424","3054.9391123381424","0","0","941.8710329333933","941.8710329333933","0","0","0.019995527444084837","1","1","0","1","1","0","100","0.08107817879317367","100","0","0.25345270799874536","0.25345270799874536","0","0.02280762243428369"
"1033","100","0.4","0.35","144","5","periodic","60","0.2","0.5","0.1","1","0.05","500","2000","0.5","0.01","true","false","all","5","8","1.5","0.3","1","mixed","0.8","0.25","0","3000","66","28.973114672952065","87.49811442570163","0.4861006356983424","87.49811442570163","0","0.4861006356983424","0","4001.6788623143407","4001.6788623143407","0","0","843.3684800386071","843.3684800386071","0","0","0.018287449206362494","1","1","0","1","1","0","100","0.0880900766820442","100","0","0.24004809784510228","0.24004809784510228","0","0.021341239361445243"
"1035","100","0.4","0.35","144","5","periodic","60","0.2","0.5","0.1","1","0.05","500","2000","0.5","0.01","true","false","all","5","8","1.5","0.3","1","mixed","0.8","0.25","0","3000","0","17.992281957241076","91.64175262175364","0.5091208478986313","91.64175262175364","0","0.5091208478986313","0","3243.6304704789377","3243.6304704789377","0","0","951.3709517011761","951.3709517011761","0","0","0.021610880229693263","1","1","0","1","1","0","100","0.09397510089160582","100","0","0.23616997134445963","0.23616997134445963","0","0.01689785982789498"
"1036","100","0.4","0.35","144","5","periodic","60","0.2","0.5","0.1","1","0.05","500","2000","0.5","0.01","true","false","all","5","8","1.5","0.3","1","mixed","0.8","0.25","0","3000","0","15.915233499753441","95.69794407647194","0.5316552448692886","95.69794407647194","0","0.5316552448692886","0","3713.550880448184","3713.550880448184","0","0","996.6106479126711","996.6106479126711","0","0","0.017054717123767826","1","1","0","1","1","0","100","0.09538510951525037","100","0","0.2646926134216338","0.2646926134216338","0","0.021487112889268068"
"1037","100","0.4","0.35","144","5","periodic","60","0.2","0.5","0.1","1","0.05","500","2000","0.5","0.01","true","false","all","5","8","1.5","0.3","1","mixed","0.8","0.25","0","3000","11","16.172164849161675","94.36915804333283","0.5242731002407379","94.36915804333283","0","0.5242731002407379","0","843.7931315278358","843.7931315278358","0","0","884.810615491552","884.810615491552","0","0","0.020589450164807843","0.28257746589644905","0.28257746589644905","0","0.22919542101855728","0.22919542101855728","0","100","0.08800793989529397","100","0","0.23855276391283897","0.23855276391283897","0","0.02585631407558935"
"1038","100","0.4","0.35","144","5","periodic","60","0.2","0.5","0.1","1","0.05","500","2000","0.5","0.01","true","false","all","5","8","1.5","0.3","1","mixed","0.8","0.25","0","3000","91","19.94156187291169","96.32840320118572","0.5351577955621429","96.32840320118572","0","0.5351577955621429","0","3427.781213188606","3427.781213188606","0","0","865.3009562794657","865.3009562794657","0","0","0.015046986848499255","1","1","0","1","1","0","100","0.08185294281752514","100","0","0.27379131327134837","0.27379131327134837","0","0.019481200944155126"
"1039","100","0.4","0.35","144","5","periodic","60","0.2","0.5","0.1","1","0.05","500","2000","0.5","0.01","true","false","all","5","8","1.5","0.3","1","mixed","0.8","0.25","0","3000","0","22.087966067401354","90.3263865081938","0.5018132583788545","90.3263865081938","0","0.5018132583788545","0","3151.949198717869","3151.949198717869","0","0","795.4606547021762","795.4606547021762","0","0","0.018818751149105584","1","1","0","1","1","0","100","0.08558137282001967","100","0","0.2551504537280871","0.2551504537280871","0","0.020948428301946608"
"1040","100","0.4","0.35","144","5","periodic","60","0.2","0.5","0.1","1","0.05","500","2000","0.5","0.01","true","false","all","5","8","1.5","0.3","1","mixed","0.8","0.25","0","3000","1","18.700019002681216","93.57637861030935","0.5198687700572742","93.57637861030935","0","0.5198687700572742","0","3322.4732016116827","3322.4732016116827","0","0","868.5619523307844","868.5619523307844","0","0","0.01887496832967206","1","1","0","1","1","0","100","0.08760348374478744","100","0","0.2760547220746402","0.2760547220746402","0","0.019061668262173967"
"1041","100","0.4","0.35","144","5","periodic","60","0.2","0.5","0.1","1","0.05","500","2000","0.5","0.01","true","false","all","5","8","1.5","0.3","1","mixed","0.8","0.25","0","3000","0","9.753146421164132","94.76783492161032","0.526487971786724","94.76783492161032","0","0.526487971786724","0","680.1799388979838","680.1799388979838","0","0","878.977079779965","878.977079779965","0","0","0.020775977142603264","0.16481364639733995","0.16481364639733995","0","0.12011995926532258","0.12011995926532258","0","100","0.07436645404706578","100","0","0.2525467480319378","0.2525467480319378","0","0.022296552030655798"
"1042","100","0.4","0.35","144","5","periodic","60","0.2","0.5","0.1","1","0.05","500","2000","0.5","0.01","true","false","all","5","8","1.5","0.3","1","mixed","0.8","0.25","0","3000","0","22.622244160351812","90.45281402762332","0.5025156334867962","90.45281402762332","0","0.5025156334867962","0","2276.0185121150103","2276.0185121150103","0","0","882.9497932015678","882.9497932015678","0","0","0.012807757255975272","1","1","0","1","1","0","100","0.07548967319245165","100","0","0.24051256374671767","0.24051256374671767","0","0.01724204852335979"
"1043","100","0.4","0.35","144","5","periodic","60","0.2","0.5","0.1","1","0.05","500","2000","0.5","0.01","true","false","all","5","8","1.5","0.3","1","mixed","0.8","0.25","0","3000","1","13.632719348843224","81.4054948477934","0.45225274915440783","81.4054948477934","0","0.45225274915440783","0","2488.1166538883554","2488.1166538883554","0","0","949.0764905474466","949.0764905474466","0","0","0.009801727381086422","1","1","0","1","1","0","100","0.08382187121860946","100","0","0.26686385819642827","0.26686385819642827","0","0.01806470595580728"
"1045","100","0.4","0.35","144","5","periodic","60","0.2","0.5","0.1","1","0.05","500","2000","0.5","0.01","true","false","all","5","8","1.5","0.3","1","mixed","0.8","0.25","0","3000","0","16.740034532917974","82.5763708678345","0.4587576159324139","82.5763708678345","0","0.4587576159324139","0","3075.5945540395423","3075.5945540395423","0","0","925.1406570928474","925.1406570928474","0","0","0.02122199138729597","1","1","0","1","1","0","100","0.08072640602117107","100","0","0.2331055767848728","0.2331055767848728","0","0.01987748026406087"
"1044","100","0.4","0.35","144","5","periodic","60","0.2","0.5","0.1","1","0.05","500","2000","0.5","0.01","true","false","all","5","8","1.5","0.3","1","mixed","0.8","0.25","0","3000","0","14.012537757495636","85.93076877147061","0.4773931598415034","85.93076877147061","0","0.4773931598415034","0","4707.061695622765","4707.061695622765","0","0","905.565610696593","905.565610696593","0","0","0.014957915770432484","1","1","0","1","1","0","100","0.07840549943988397","100","0","0.22649175827706564","0.22649175827706564","0","0.02195578978207877"
"1046","100","0.4","0.35","144","5","periodic","60","0.2","0.5","0.1","1","0.05","500","2000","0.5","0.01","true","false","all","5","8","1.5","0.3","1","mixed","0.8","0.25","0","3000","0","14.026907230409023","93.31736252531091","0.5184297918072829","93.31736252531091","0","0.5184297918072829","0","1077.4482697852418","1077.4482697852418","0","0","931.3092365035222","931.3092365035222","0","0","0.015269745074862673","0.43833522892300564","0.43833522892300564","0","0.38496551319016187","0.38496551319016187","0","100","0.0885118831791173","100","0","0.2479319139130567","0.2479319139130567","0","0.022905661091431585"
"1047","100","0.4","0.35","144","5","periodic","60","0.2","0.5","0.1","1","0.05","500","2000","0.5","0.01","true","false","all","5","8","1.5","0.3","1","mixed","0.8","0.25","0","3000","0","24.628617502674444","100.95293720986659","0.5608496511659256","100.95293720986659","0","0.5608496511659256","0","5472.095386064857","5472.095386064857","0","0","1079.3536033671182","1079.3536033671182","0","0","0.01726667314240915","1","1","0","1","1","0","100","0.06696372939224789","100","0","0.2721830522568666","0.2721830522568666","0","0.019245119975454323"
"1049","100","0.4","0.35","144","5","periodic","60","0.2","0.5","0.1","1","0.05","500","2000","0.5","0.01","true","false","all","5","8","1.5","0.3","1","mixed","0.8","0.25","0","3000","0","20.11981552878551","85.4472873384271","0.47470715188015056","85.4472873384271","0","0.47470715188015056","0","3226.0057138255797","3226.0057138255797","0","0","955.2865551063514","955.2865551063514","0","0","0.023328589979702663","1","1","0","1","1","0","100","0.077776305318378","100","0","0.24655784337956357","0.24655784337956357","0","0.021720709202071087"
"1048","100","0.4","0.35","144","5","periodic","60","0.2","0.5","0.1","1","0.05","500","2000","0.5","0.01","true","false","all","5","8","1.5","0.3","1","mixed","0.8","0.25","0","3000","96","15.621011108380756","88.75258001301867","0.49306988896121484","88.75258001301867","0","0.49306988896121484","0","2000.2184017770423","2000.2184017770423","0","0","759.6862346010527","759.6862346010527","0","0","0.018886359989425783","1","1","0","0.9822765562565979","0.9822765562565979","0","100","0.07534961839071715","100","0","0.25303757888799205","0.25303757888799205","0","0.016878335988006397"
"1050","100","0.4","0.35","144","5","periodic","60","0.2","0.5","0.1","1","0.05","500","2000","0.5","0.01","true","false","all","5","8","1.5","0.3","1","mixed","0.8","0.25","0","3000","0","10.230880090408704","96.01211641761563","0.5334006467645312","96.01211641761563","0","0.5334006467645312","0","900.4583216482102","900.4583216482102","0","0","668.6322775633112","668.6322775633112","0","0","0.020214206279770774","0.31885721978338016","0.31885721978338016","0","0.26697221443214003","0.26697221443214003","0","100","0.07776434757870708","100","0","0.2833224934967764","0.2833224934967764","0","0.021143817158359387"
"1051","100","0.4","0.35","144","5","periodic","60","0.2","0.5","0.1","1","0.05","500","2000","0.5","0.01","true","false","all","5","8","1.5","0.3","1","mixed","0.8","0.25","0","3000","0","12.589079646618458","97.17520371431544","0.539862242857308","97.17520371431544","0","0.539862242857308","0","918.4795816404253","918.4795816404253","0","0","855.6530969188383","855.6530969188383","0","0","0.017264719535887263","0.3202246245494895","0.3202246245494895","0","0.2789863877602834","0.2789863877602834","0","100","0.07021908786814522","100","0","0.2734784077574991","0.2734784077574991","0","0.021578588189323407"
"1053","100","0.4","0.35","144","5","periodic","60","0.2","0.5","0.1","1","0.05","500","2000","0.5","0.01","true","false","all","5","8","1.5","0.3","1","mixed","0.8","0.25","0","3000","0","14.793642768875316","93.74614681045703","0.5208119267247613","93.74614681045703","0","0.5208119267247613","0","5339.317166238125","5339.317166238125","0","0","820.5148652240276","820.5148652240276","0","0","0.013656544187344855","1","1","0","1","1","0","100","0.08662326537269809","100","0","0.2473297775444921","0.2473297775444921","0","0.020967489250878983"
"1052","100","0.4","0.35","144","5","periodic","60","0.2","0.5","0.1","1","0.05","500","2000","0.5","0.01","true","false","all","5","8","1.5","0.3","1","mixed","0.8","0.25","0","3000","121","30.878509256064902","78.57796755431052","0.436544264190614","78.57796755431052","0","0.436544264190614","0","21099.507320541496","21099.507320541496","0","0","731.0512374665022","731.0512374665022","0","0","0.009109232147025415","1","1","0","1","1","0","100","0.08512122837080183","100","0","0.23619308297331112","0.23619308297331112","0","0.022364907219781634"
"1054","100","0.4","0.35","144","5","periodic","60","0.2","0.5","0.1","1","0.05","500","2000","0.5","0.01","true","false","all","5","8","1.5","0.3","1","mixed","0.8","0.25","0","3000","51","16.730057718763263","84.99010395108436","0.4721672441726909","84.99010395108436","0","0.4721672441726909","0","1212.5853631842963","1212.5853631842963","0","0","742.5926404239837","742.5926404239837","0","0","0.018052744183797875","0.5366691315924887","0.5366691315924887","0","0.47505690878953066","0.47505690878953066","0","100","0.09213111230042202","100","0","0.23651103994740438","0.23651103994740438","0","0.01780765456663091"
"1055","100","0.4","0.35","144","5","periodic","60","0.2","0.5","0.1","1","0.05","500","2000","0.5","0.01","true","false","all","5","8","1.5","0.3","1","mixed","0.8","0.25","0","3000","0","13.221192224707352","90.9305589460018","0.5051697719222322","90.9305589460018","0","0.5051697719222322","0","1914.457249673055","1914.457249673055","0","0","897.6908328325579","897.6908328325579","0","0","0.012166479864385682","1","1","0","0.9428300625660176","0.9428300625660176","0","100","0.08464418815728177","100","0","0.23423944237306316","0.23423944237306316","0","0.018555840513212254"
"1057","100","0.4","0.35","144","5","periodic","60","0.2","0.5","0.1","1","0.05","500","2000","0.5","0.01","true","false","all","5","8","1.5","0.3","1","mixed","0.8","0.25","0","3000","0","16.259575026143395","88.4272289769038","0.49126238320502114","88.4272289769038","0","0.49126238320502114","0","963.525909257385","963.525909257385","0","0","1002.5948282451602","1002.5948282451602","0","0","0.014908682362630543","0.34671612895989634","0.34671612895989634","0","0.3090172728382568","0.3090172728382568","0","100","0.08751683642980031","100","0","0.24826655775516077","0.24826655775516077","0","0.020043309267878"
"1056","100","0.4","0.35","144","5","periodic","60","0.2","0.5","0.1","1","0.05","500","2000","0.5","0.01","true","false","all","5","8","1.5","0.3","1","mixed","0.8","0.25","0","3000","1","28.263583647230888","96.10926544187004","0.5339403635659447","96.10926544187004","0","0.5339403635659447","0","3281.9040524757506","3281.9040524757506","0","0","853.5193530160309","853.5193530160309","0","0","0.020674714021599927","1","1","0","1","1","0","100","0.07676835436586592","100","0","0.2746910074048132","0.2746910074048132","0","0.023530323089120595"
"1058","100","0.4","0.35","144","5","periodic","60","0.2","0.5","0.1","1","0.05","500","2000","0.5","0.01","true","false","all","5","8","1.5","0.3","1","mixed","0.8","0.25","0","3000","0","29.84185919394939","80.12201403471563","0.44512230019286464","80.12201403471563","0","0.44512230019286464","0","14099.873942372284","14099.873942372284","0","0","798.4458782218712","798.4458782218712","0","0","0.011473292323573192","1","1","0","1","1","0","100","0.08175310728610972","100","0","0.23847038978693688","0.23847038978693688","0","0.018010006145978308"
"1059","100","0.4","0.35","144","5","periodic","60","0.2","0.5","0.1","1","0.05","500","2000","0.5","0.01","true","false","all","5","8","1.5","0.3","1","mixed","0.8","0.25","0","3000","151","11.179782197898277","91.85096045434857","0.5102831136352698","91.85096045434857","0","0.5102831136352698","0","3240.0963360320666","3240.0963360320666","0","0","974.0472383051524","974.0472383051524","0","0","0.02266633236445048","1","1","0","1","1","0","100","0.09547566866344287","100","0","0.27152403582199897","0.27152403582199897","0","0.019124628786111077"
"1060","100","0.4","0.35","144","5","periodic","60","0.2","0.5","0.1","1","0.05","500","2000","0.5","0.01","true","false","all","5","8","1.5","0.3","1","mixed","0.8","0.25","0","3000","116","13.803382009062659","84.13816184465837","0.4674342324703243","84.13816184465837","0","0.4674342324703243","0","2773.145188421575","2773.145188421575","0","0","835.8160238154996","835.8160238154996","0","0","0.01841711061347784","1","1","0","1","1","0","100","0.09411294318750069","100","0","0.2708927684472781","0.2708927684472781","0","0.017990123284522354"
"1061","100","0.4","0.35","144","5","periodic","60","0.2","0.5","0.1","1","0.05","500","2000","0.5","0.01","true","false","all","5","8","1.5","0.3","1","mixed","0.8","0.25","0","3000","0","21.830545666539393","105.32878887398645","0.5851599381888136","105.32878887398645","0","0.5851599381888136","0","1222.276710454726","1222.276710454726","0","0","815.2428052721081","815.2428052721081","0","0","0.01678200530635876","0.5541051765888438","0.5541051765888438","0","0.4815178069698174","0.4815178069698174","0","100","0.080304675140182","100","0","0.27337520961672185","0.27337520961672185","0","0.021631737013040657"
"1062","100","0.4","0.35","144","5","periodic","60","0.2","0.5","0.1","1","0.05","500","2000","0.5","0.01","true","false","all","5","8","1.5","0.3","1","mixed","0.8","0.25","0","3000","-1","29.122586579221135","93.47334817404267","0.5192963787446815","93.47334817404267","0","0.5192963787446815","0","21706.175597494363","21706.175597494363","0","0","841.7124298346463","841.7124298346463","0","0","0.009978849691599123","1","1","0","1","1","0","100","0.0918206753276654","100","0","0.23730956089016098","0.23730956089016098","0","0.017483490549649986"
"1063","100","0.4","0.35","144","5","periodic","60","0.2","0.5","0.1","1","0.05","500","2000","0.5","0.01","true","false","all","5","8","1.5","0.3","1","mixed","0.8","0.25","0","3000","0","11.177838180226175","81.13392360170859","0.45074402000949215","81.13392360170859","0","0.45074402000949215","0","1050.3939579141374","1050.3939579141374","0","0","856.6837925652356","856.6837925652356","0","0","0.015089294735275427","0.4147044858553404","0.4147044858553404","0","0.3669293052760918","0.3669293052760918","0","100","0.09533415823529795","100","0","0.2644619875398495","0.2644619875398495","0","0.02193705912989174"
"1066","100","0.4","0.35","144","5","periodic","60","0.2","0.5","0.1","1","0.05","500","2000","0.5","0.01","true","false","all","5","8","1.5","0.3","1","mixed","0.8","0.25","0","3000","0","11.017888965838068","90.06023607670524","0.5003346448705847","90.06023607670524","0","0.5003346448705847","0","1549.8205783940928","1549.8205783940928","0","0","805.4967933346975","805.4967933346975","0","0","0.014326393257344971","0.7678266652863032","0.7678266652863032","0","0.6998803855960627","0.6998803855960627","0","100","0.0772470143788814","100","0","0.25522870124481983","0.25522870124481983","0","0.019165085906948418"
"1064","100","0.4","0.35","144","5","periodic","60","0.2","0.5","0.1","1","0.05","500","2000","0.5","0.01","true","false","all","5","8","1.5","0.3","1","mixed","0.8","0.25","0","3000","106","12.867401479104174","78.4309758739333","0.4357276437440739","78.4309758739333","0","0.4357276437440739","0","4467.515017328864","4467.515017328864","0","0","828.9153335300302","828.9153335300302","0","0","0.018061908900799173","1","1","0","1","1","0","100","0.09301022849302229","100","0","0.2339254889089905","0.2339254889089905","0","0.021136749301933995"
"1067","100","0.4","0.35","144","5","periodic","60","0.2","0.5","0.1","1","0.05","500","2000","0.5","0.01","true","false","all","5","8","1.5","0.3","1","mixed","0.8","0.25","0","3000","0","13.247939906627963","87.60110580230919","0.48667281001282886","87.60110580230919","0","0.48667281001282886","0","780.7999987672553","780.7999987672553","0","0","939.9657869784628","939.9657869784628","0","0","0.01923651418047667","0.23000372386275195","0.23000372386275195","0","0.18719999917817023","0.18719999917817023","0","100","0.08494279196344295","100","0","0.26554502213217274","0.26554502213217274","0","0.0210993649148435"
"1065","100","0.4","0.35","144","5","periodic","60","0.2","0.5","0.1","1","0.05","500","2000","0.5","0.01","true","false","all","5","8","1.5","0.3","1","mixed","0.8","0.25","0","3000","0","11.09649274164812","83.5636044568789","0.4642422469826606","83.5636044568789","0","0.4642422469826606","0","753.673491747029","753.673491747029","0","0","859.808612058015","859.808612058015","0","0","0.017364652670686098","0.2076107006940562","0.2076107006940562","0","0.169115661164686","0.169115661164686","0","100","0.09612408374977405","100","0","0.25705286165766916","0.25705286165766916","0","0.023547026961732016"
"1068","100","0.4","0.35","144","5","periodic","60","0.2","0.5","0.1","1","0.05","500","2000","0.5","0.01","true","false","all","5","8","1.5","0.3","1","mixed","0.8","0.25","0","3000","36","14.065156954006326","82.85282146706167","0.4602934525947871","82.85282146706167","0","0.4602934525947871","0","1439.2200099409204","1439.2200099409204","0","0","930.9298628086733","930.9298628086733","0","0","0.017375533838449142","0.682576720014305","0.682576720014305","0","0.6261466732939466","0.6261466732939466","0","100","0.07790086535316992","100","0","0.22131704496048285","0.22131704496048285","0","0.015670930313604933"
"1070","100","0.4","0.35","144","5","periodic","60","0.2","0.5","0.1","1","0.05","500","2000","0.5","0.01","true","false","all","5","8","1.5","0.3","1","mixed","0.8","0.25","0","3000","0","23.988306651572202","87.20377503553573","0.4844654168640874","87.20377503553573","0","0.4844654168640874","0","5487.433781137416","5487.433781137416","0","0","956.7689777228287","956.7689777228287","0","0","0.020092802193945047","1","1","0","1","1","0","100","0.0794822394775176","100","0","0.26892582707683427","0.26892582707683427","0","0.026058764222201134"
"1069","100","0.4","0.35","144","5","periodic","60","0.2","0.5","0.1","1","0.05","500","2000","0.5","0.01","true","false","all","5","8","1.5","0.3","1","mixed","0.8","0.25","0","3000","0","8.814154139829142","88.7501770059839","0.4930565389221328","88.7501770059839","0","0.4930565389221328","0","659.6005336430793","659.6005336430793","0","0","1049.8248872815423","1049.8248872815423","0","0","0.021026079847493495","0.14883075465351422","0.14883075465351422","0","0.10640035576205296","0.10640035576205296","0","100","0.08655290748585452","100","0","0.25420675726958597","0.25420675726958597","0","0.020104503268525333"
"1071","100","0.4","0.35","144","5","periodic","60","0.2","0.5","0.1","1","0.05","500","2000","0.5","0.01","true","false","all","5","8","1.5","0.3","1","mixed","0.8","0.25","0","3000","106","18.00037717316674","81.22880265235156","0.45127112584639756","81.22880265235156","0","0.45127112584639756","0","4606.234053794633","4606.234053794633","0","0","877.2397079928699","877.2397079928699","0","0","0.013674509568532889","1","1","0","1","1","0","100","0.07292343725530827","100","0","0.26106238647977753","0.26106238647977753","0","0.022091320262273523"
"1073","100","0.4","0.35","144","5","periodic","60","0.2","0.5","0.1","1","0.05","500","2000","0.5","0.01","true","false","all","5","8","1.5","0.3","1","mixed","0.8","0.25","0","3000","6","34.01587494468478","78.39035267118254","0.43550195928434743","78.39035267118254","0","0.43550195928434743","0","16170.723869585032","16170.723869585032","0","0","752.769403976367","752.769403976367","0","0","0.010961165423526209","1","1","0","1","1","0","100","0.06608273089716772","100","0","0.2694430346193918","0.2694430346193918","0","0.02786707330265158"
"1074","100","0.4","0.35","144","5","periodic","60","0.2","0.5","0.1","1","0.05","500","2000","0.5","0.01","true","false","all","5","8","1.5","0.3","1","mixed","0.8","0.25","0","3000","61","10.508397598928227","90.32273790277115","0.5017929883487287","90.32273790277115","0","0.5017929883487287","0","2050.203072951501","2050.203072951501","0","0","923.9222891589125","923.9222891589125","0","0","0.01761403221624036","1","1","0","0.9948374935382215","0.9948374935382215","0","100","0.08369203401354791","100","0","0.2530031037658126","0.2530031037658126","0","0.016659657319284458"
"1072","100","0.4","0.35","144","5","periodic","60","0.2","0.5","0.1","1","0.05","500","2000","0.5","0.01","true","false","all","5","8","1.5","0.3","1","mixed","0.8","0.25","0","3000","0","14.408989919134115","100.1695923683167","0.5564977353795372","100.1695923683167","0","0.5564977353795372","0","679.6583576321558","679.6583576321558","0","0","887.6199787032232","887.6199787032232","0","0","0.021662913634976633","0.15939468581365462","0.15939468581365462","0","0.11977223842143728","0.11977223842143728","0","100","0.08382147847612734","100","0","0.24337310835835224","0.24337310835835224","0","0.02356843111188581"
"1075","100","0.4","0.35","144","5","periodic","60","0.2","0.5","0.1","1","0.05","500","2000","0.5","0.01","true","false","all","5","8","1.5","0.3","1","mixed","0.8","0.25","0","3000","0","18.818471364596917","102.41046851687334","0.568947047315963","102.41046851687334","0","0.568947047315963","0","4085.070708754119","4085.070708754119","0","0","871.1331007829732","871.1331007829732","0","0","0.02108972103368978","1","1","0","1","1","0","100","0.06777506448838184","100","0","0.2114970980047744","0.2114970980047744","0","0.0192917167255087"
"1076","100","0.4","0.35","144","5","periodic","60","0.2","0.5","0.1","1","0.05","500","2000","0.5","0.01","true","false","all","5","8","1.5","0.3","1","mixed","0.8","0.25","0","3000","131","24.375994022682534","94.86761548987579","0.5270423082770878","94.86761548987579","0","0.5270423082770878","0","8798.256640227606","8798.256640227606","0","0","821.6844020226198","821.6844020226198","0","0","0.014283609702514966","1","1","0","1","1","0","100","0.08206929563755798","100","0","0.2454731862301022","0.2454731862301022","0","0.016222420691997037"
"1077","100","0.4","0.35","144","5","periodic","60","0.2","0.5","0.1","1","0.05","500","2000","0.5","0.01","true","false","all","5","8","1.5","0.3","1","mixed","0.8","0.25","0","3000","0","13.969991654310263","80.74274184576775","0.4485707880320431","80.74274184576775","0","0.4485707880320431","0","1559.4778993263171","1559.4778993263171","0","0","1042.6363744794705","1042.6363744794705","0","0","0.013232343543172265","0.7674675288221812","0.7674675288221812","0","0.7063185995508781","0.7063185995508781","0","100","0.07844567782840732","100","0","0.2660564332212555","0.2660564332212555","0","0.022484615871424092"
"1078","100","0.4","0.35","144","5","periodic","60","0.2","0.5","0.1","1","0.05","500","2000","0.5","0.01","true","false","all","5","8","1.5","0.3","1","mixed","0.8","0.25","0","3000","0","9.822706218997666","86.31202283699204","0.47951123798328915","86.31202283699204","0","0.47951123798328915","0","883.3353873052483","883.3353873052483","0","0","961.1900810957625","961.1900810957625","0","0","0.01874069277506818","0.31501132761275136","0.31501132761275136","0","0.2555569248701655","0.2555569248701655","0","100","0.09104114304792355","100","0","0.2631357683080606","0.2631357683080606","0","0.021757961914934273"
"1080","100","0.4","0.35","144","5","periodic","60","0.2","0.5","0.1","1","0.05","500","2000","0.5","0.01","true","false","all","5","8","1.5","0.3","1","mixed","0.8","0.25","0","3000","0","23.909933572137746","92.85374322997222","0.5158541290554013","92.85374322997222","0","0.5158541290554013","0","3398.8203648428985","3398.8203648428985","0","0","885.7291523860342","885.7291523860342","0","0","0.01984506882821213","1","1","0","1","1","0","100","0.0774193612058119","100","0","0.22937123946292912","0.22937123946292912","0","0.020000820498326827"
"1081","100","0.4","0.35","144","5","periodic","60","0.2","0.5","0.1","1","0.05","500","2000","0.5","0.01","true","false","all","5","8","1.5","0.3","1","mixed","0.8","0.25","0","3000","0","26.712063051141214","87.69312368975442","0.48718402049863563","87.69312368975442","0","0.48718402049863563","0","7869.98876740904","7869.98876740904","0","0","1024.2594090093182","1024.2594090093182","0","0","0.014747580383461134","1","1","0","1","1","0","100","0.08371087081983618","100","0","0.23308366456700724","0.23308366456700724","0","0.023257684355518237"
"1079","100","0.4","0.35","144","5","periodic","60","0.2","0.5","0.1","1","0.05","500","2000","0.5","0.01","true","false","all","5","8","1.5","0.3","1","mixed","0.8","0.25","0","3000","0","21.37527251623237","86.77293041593592","0.48207183564408845","86.77293041593592","0","0.48207183564408845","0","6465.454463199429","6465.454463199429","0","0","803.7132293454824","803.7132293454824","0","0","0.013038548024445706","1","1","0","1","1","0","100","0.07487467697799398","100","0","0.2238498657534426","0.2238498657534426","0","0.015692891647356152"
"1082","100","0.4","0.35","144","5","periodic","60","0.2","0.5","0.1","1","0.05","500","2000","0.5","0.01","true","false","all","5","8","1.5","0.3","1","mixed","0.8","0.25","0","3000","0","14.320601866549168","93.0529803720965","0.5169610020672027","93.0529803720965","0","0.5169610020672027","0","1202.34942731502","1202.34942731502","0","0","880.7366525621038","880.7366525621038","0","0","0.015533409508317053","0.5330819754120835","0.5330819754120835","0","0.46823295154334654","0.46823295154334654","0","100","0.07850299447148328","100","0","0.24592784952482247","0.24592784952482247","0","0.01765232357501827"
"1083","100","0.4","0.35","144","5","periodic","60","0.2","0.5","0.1","1","0.05","500","2000","0.5","0.01","true","false","all","5","8","1.5","0.3","1","mixed","0.8","0.25","0","3000","141","14.246798894411157","92.18170892362592","0.5121206051312551","92.18170892362592","0","0.5121206051312551","0","2915.3243984149776","2915.3243984149776","0","0","779.5994608396009","779.5994608396009","0","0","0.021939293201696852","1","1","0","1","1","0","100","0.09141929266961023","100","0","0.24069645230097783","0.24069645230097783","0","0.01755927183274662"
"1085","100","0.4","0.35","144","5","periodic","60","0.2","0.5","0.1","1","0.05","500","2000","0.5","0.01","true","false","all","5","8","1.5","0.3","1","mixed","0.8","0.25","0","3000","0","13.043276733668506","77.56914143980008","0.430939674665556","77.56914143980008","0","0.430939674665556","0","761.2407618604626","761.2407618604626","0","0","957.0824407260495","957.0824407260495","0","0","0.019112933283670364","0.21917596469490605","0.21917596469490605","0","0.17416050790697526","0.17416050790697526","0","100","0.08457473248974112","100","0","0.2688103505097461","0.2688103505097461","0","0.024433152081489773"
"1084","100","0.4","0.35","144","5","periodic","60","0.2","0.5","0.1","1","0.05","500","2000","0.5","0.01","true","false","all","5","8","1.5","0.3","1","mixed","0.8","0.25","0","3000","0","9.284317796758131","83.13194964825517","0.46184416471252876","83.13194964825517","0","0.46184416471252876","0","651.551746778641","651.551746778641","0","0","1083.1097337342646","1083.1097337342646","0","0","0.02560199671720409","0.14436417229254303","0.14436417229254303","0","0.1010344978524275","0.1010344978524275","0","100","0.08042304988979643","100","0","0.25516156843003485","0.25516156843003485","0","0.02131819170568357"
"1086","100","0.4","0.35","144","5","periodic","60","0.2","0.5","0.1","1","0.05","500","2000","0.5","0.01","true","false","all","5","8","1.5","0.3","1","mixed","0.8","0.25","0","3000","0","15.342691498722488","96.46805982348886","0.5359336656860492","96.46805982348886","0","0.5359336656860492","0","1217.9025497922992","1217.9025497922992","0","0","929.8744329741634","929.8744329741634","0","0","0.015863640303614313","0.527858931642682","0.527858931642682","0","0.4786016998615333","0.4786016998615333","0","100","0.07695719746512801","100","0","0.26418990337271314","0.26418990337271314","0","0.021001556814133498"
"1087","100","0.4","0.35","144","5","periodic","60","0.2","0.5","0.1","1","0.05","500","2000","0.5","0.01","true","false","all","5","8","1.5","0.3","1","mixed","0.8","0.25","0","3000","0","17.38748066868537","87.46747067416817","0.4859303926342676","87.46747067416817","0","0.4859303926342676","0","3574.86808947172","3574.86808947172","0","0","971.952788328781","971.952788328781","0","0","0.019755929398407535","1","1","0","1","1","0","100","0.082275816553259","100","0","0.24659107717369977","0.24659107717369977","0","0.021117725868055374"
"1090","100","0.4","0.35","144","5","periodic","60","0.2","0.5","0.1","1","0.05","500","2000","0.5","0.01","true","false","all","5","8","1.5","0.3","1","mixed","0.8","0.25","0","3000","11","13.045428414673054","101.21849936363361","0.5623249964646312","101.21849936363361","0","0.5623249964646312","0","3319.552705871661","3319.552705871661","0","0","941.1520886190295","941.1520886190295","0","0","0.021008754537387597","1","1","0","1","1","0","100","0.08548052323421765","100","0","0.23883568013756562","0.23883568013756562","0","0.019364179600800363"
"1088","100","0.4","0.35","144","5","periodic","60","0.2","0.5","0.1","1","0.05","500","2000","0.5","0.01","true","false","all","5","8","1.5","0.3","1","mixed","0.8","0.25","0","3000","136","18.264049995516586","82.50542641988808","0.45836348011048933","82.50542641988808","0","0.45836348011048933","0","5160.097989742265","5160.097989742265","0","0","871.5549816792247","871.5549816792247","0","0","0.01689866954967112","1","1","0","1","1","0","100","0.09205322040937078","100","0","0.246870746249341","0.246870746249341","0","0.023735421634783874"
"1089","100","0.4","0.35","144","5","periodic","60","0.2","0.5","0.1","1","0.05","500","2000","0.5","0.01","true","false","all","5","8","1.5","0.3","1","mixed","0.8","0.25","0","3000","0","31.174035935924664","95.66677608001223","0.5314820893334012","95.66677608001223","0","0.5314820893334012","0","6164.378820944292","6164.378820944292","0","0","827.1814742244117","827.1814742244117","0","0","0.017259007012085714","1","1","0","1","1","0","100","0.08009536041867336","100","0","0.2538219645552328","0.2538219645552328","0","0.023005925171146687"
"1091","100","0.4","0.35","144","5","periodic","60","0.2","0.5","0.1","1","0.05","500","2000","0.5","0.01","true","false","all","5","8","1.5","0.3","1","mixed","0.8","0.25","0","3000","0","16.35116924787654","84.79241187607548","0.471068954867086","84.79241187607548","0","0.471068954867086","0","1026.5002070822584","1026.5002070822584","0","0","897.5081499368405","897.5081499368405","0","0","0.01773330618516944","0.4035790029421364","0.4035790029421364","0","0.3510001380548387","0.3510001380548387","0","100","0.09178167482964421","100","0","0.25697140091055565","0.25697140091055565","0","0.027544141495729882"
"1092","100","0.4","0.35","144","5","periodic","60","0.2","0.5","0.1","1","0.05","500","2000","0.5","0.01","true","false","all","5","8","1.5","0.3","1","mixed","0.8","0.25","0","3000","131","16.727109477122013","84.34254271103424","0.468569681727968","84.34254271103424","0","0.468569681727968","0","5093.375016527977","5093.375016527977","0","0","738.5601756447937","738.5601756447937","0","0","0.01239900830620111","1","1","0","1","1","0","100","0.08848334121876325","100","0","0.24027689733837032","0.24027689733837032","0","0.020834142277528587"
"1094","100","0.4","0.35","144","5","periodic","60","0.2","0.5","0.1","1","0.05","500","2000","0.5","0.01","true","false","all","5","8","1.5","0.3","1","mixed","0.8","0.25","0","3000","0","13.504625301449494","81.6233855608736","0.45346325311596447","81.6233855608736","0","0.45346325311596447","0","760.4658697766056","760.4658697766056","0","0","913.8677614246934","913.8677614246934","0","0","0.01598231155536567","0.20822896220840956","0.20822896220840956","0","0.17364391318440378","0.17364391318440378","0","100","0.08191841730960474","100","0","0.2555214545393398","0.2555214545393398","0","0.026881527227717396"
"1093","100","0.4","0.35","144","5","periodic","60","0.2","0.5","0.1","1","0.05","500","2000","0.5","0.01","true","false","all","5","8","1.5","0.3","1","mixed","0.8","0.25","0","3000","76","23.39166780493423","97.76181251129408","0.5431211806183005","97.76181251129408","0","0.5431211806183005","0","9529.112493577362","9529.112493577362","0","0","859.7064061585277","859.7064061585277","0","0","0.011299334035155484","1","1","0","1","1","0","100","0.09477936739645096","100","0","0.23291310636564344","0.23291310636564344","0","0.019933764004997207"
"1096","100","0.4","0.35","144","5","periodic","60","0.2","0.5","0.1","1","0.05","500","2000","0.5","0.01","true","false","all","5","8","1.5","0.3","1","mixed","0.8","0.25","0","3000","51","12.880230688292329","97.07706851802412","0.5393170473223562","97.07706851802412","0","0.5393170473223562","0","3539.8647383862403","3539.8647383862403","0","0","864.105183405955","864.105183405955","0","0","0.020302275218062826","1","1","0","1","1","0","100","0.08719328891907244","100","0","0.23851643917625487","0.23851643917625487","0","0.019215480387526563"
"1095","100","0.4","0.35","144","5","periodic","60","0.2","0.5","0.1","1","0.05","500","2000","0.5","0.01","true","false","all","5","8","1.5","0.3","1","mixed","0.8","0.25","0","3000","126","14.878327657879836","87.14755455987846","0.4841530808882136","87.14755455987846","0","0.4841530808882136","0","4461.7731135210715","4461.7731135210715","0","0","968.8267953528265","968.8267953528265","0","0","0.01639714134712844","1","1","0","1","1","0","100","0.08240714600391985","100","0","0.2396980619214046","0.2396980619214046","0","0.02505035362261419"
"1099","100","0.4","0.35","144","5","periodic","60","0.2","0.5","0.1","1","0.05","500","2000","0.5","0.01","true","false","all","5","8","1.5","0.3","1","mixed","0.8","0.25","0","3000","0","14.279522972216938","100.68277191146777","0.5593487328414876","100.68277191146777","0","0.5593487328414876","0","3632.1144944975463","3632.1144944975463","0","0","977.9077134291471","977.9077134291471","0","0","0.017498622956946486","1","1","0","1","1","0","100","0.08564539251944502","100","0","0.2584540677933076","0.2584540677933076","0","0.014707477364839405"
"1098","100","0.4","0.35","144","5","periodic","60","0.2","0.5","0.1","1","0.05","500","2000","0.5","0.01","true","false","all","5","8","1.5","0.3","1","mixed","0.8","0.25","0","3000","131","23.00700804074401","89.9663313866635","0.49981295214813054","89.9663313866635","0","0.49981295214813054","0","17642.333522569665","17642.333522569665","0","0","791.2423648151589","791.2423648151589","0","0","0.008255788677152376","1","1","0","1","1","0","100","0.08040280422594055","100","0","0.25064516960808303","0.25064516960808303","0","0.02295970878473767"
"1100","100","0.4","0.35","144","5","periodic","60","0.2","0.5","0.1","1","0.05","500","2000","0.5","0.01","true","false","all","5","8","1.5","0.3","1","mixed","0.8","0.25","0","3000","0","27.717097814818274","78.60321910042454","0.4366845505579141","78.60321910042454","0","0.4366845505579141","0","8065.029026403758","8065.029026403758","0","0","922.1067079429974","922.1067079429974","0","0","0.015583688758701975","1","1","0","1","1","0","100","0.08465205357448038","100","0","0.26793215539474896","0.26793215539474896","0","0.022759059837002334"
"1097","100","0.4","0.35","144","5","periodic","60","0.2","0.5","0.1","1","0.05","500","2000","0.5","0.01","true","false","all","5","8","1.5","0.3","1","mixed","0.8","0.25","0","3000","0","13.060246902870347","86.0791312539613","0.4782173958553405","86.0791312539613","0","0.4782173958553405","0","1919.8935296488596","1919.8935296488596","0","0","942.8846950684764","942.8846950684764","0","0","0.012078515909882848","1","1","0","0.9460028433834756","0.9460028433834756","0","100","0.08886188159888506","100","0","0.26191235891701176","0.26191235891701176","0","0.020639243384556617"
"1102","100","0.4","0.35","144","5","periodic","60","0.2","0.5","0.1","1","0.05","500","2000","0.5","0.01","true","false","all","5","8","1.5","0.3","1","mixed","0.8","0.25","0.2","3000","46","30.53541994896939","73.86379335425335","0.4103544075236297","81.6595733415313","36.987004755419875","0.4536642963418406","0.20548335975233264","7242.8618494925695","7274.475464275066","7116.407390362563","1.0222117797986903","1557.7081232174817","916.3672724337454","4123.071526352422","0.22225354728309368","0.012693639988457184","1","1","1","1","1","1","100","0.08940165038578161","80","20","0.3615891972233043","0.24432886586890906","0.8306305226408848","0.07391358645239786"
"1101","100","0.4","0.35","144","5","periodic","60","0.2","0.5","0.1","1","0.05","500","2000","0.5","0.01","true","false","all","5","8","1.5","0.3","1","mixed","0.8","0.25","0.2","3000","3","36.00956844093818","90.02578553028657","0.5001432529460365","86.34849515874889","62.15358942516733","0.4797138619930494","0.34529771902870743","10928.596031373285","10976.062588105418","10738.72980444477","1.0221006383420146","1419.6993106754082","833.494886083818","3764.517009041769","0.2214081870481383","0.01446090141238665","1","1","1","1","1","1","100","0.08470782440923756","80","20","0.34489399688937666","0.2393530149279357","0.7670579247351403","0.0620231062466381"
"1105","100","0.4","0.35","144","5","periodic","60","0.2","0.5","0.1","1","0.05","500","2000","0.5","0.01","true","false","all","5","8","1.5","0.3","1","mixed","0.8","0.25","0.2","3000","51","27.494040165125725","95.8196195179015","0.5323312195438972","90.80604742163683","115.3095642360114","0.5044780412313158","0.6406086902000633","10541.571249773868","10569.831459943573","10428.530409095025","1.013549469129928","1560.4120920224937","914.5018940404594","4144.052883950632","0.2206781427867883","0.012842514525541748","1","1","1","1","1","1","100","0.08804050085671793","80","20","0.3659959476116839","0.25925280872682477","0.7929685031511198","0.06569875635500666"
"1103","100","0.4","0.35","144","5","periodic","60","0.2","0.5","0.1","1","0.05","500","2000","0.5","0.01","true","false","all","5","8","1.5","0.3","1","mixed","0.8","0.25","0.2","3000","151","27.979738953519544","91.51661737957309","0.5084256521087394","95.79856474475015","31.44047222359405","0.5322142485819453","0.17466929013107804","17584.919284030006","17657.656765454856","17293.969358330658","1.0210297242691135","1452.9681113399627","809.7717020091138","4025.7537486633564","0.20114784772366584","0.01045049765545425","1","1","1","1","1","1","100","0.08034118755636949","80","20","0.38781601530369353","0.2765684507206131","0.8328062736360156","0.06633752339337377"
"1104","100","0.4","0.35","144","5","periodic","60","0.2","0.5","0.1","1","0.05","500","2000","0.5","0.01","true","false","all","5","8","1.5","0.3","1","mixed","0.8","0.25","0.2","3000","82","23.279887965024983","63.474192054985","0.3526344003054722","71.7149909299309","24.47172400589696","0.39841661627739394","0.1359540222549831","10342.333607988745","10405.060243228954","10091.4270670279","1.0310791698852784","1573.6643969060588","805.3185426719608","4647.047813842445","0.1732968058286617","0.011796556478812503","1","1","1","1","1","1","100","0.08604841425703831","80","20","0.3700466716289097","0.267324235466078","0.7809364162802368","0.0646564889213445"
"1106","100","0.4","0.35","144","5","periodic","60","0.2","0.5","0.1","1","0.05","500","2000","0.5","0.01","true","false","all","5","8","1.5","0.3","1","mixed","0.8","0.25","0.2","3000","2","22.65344535313517","74.53765843812882","0.414098102434049","79.86978143621934","31.326596821728593","0.44372100797899633","0.1740366490096033","1433.4941500395355","1436.5433073786498","1421.297520683078","1.0107266680436091","1631.8617254785868","976.9632730046976","4251.455535374145","0.22979501134985303","0.015708706592041155","0.6833621174465215","0.6833621174465215","0.6723014514343346","0.6223294333596903","0.6243622049190997","0.614198347122052","100","0.09597629691396167","80","20","0.3582975421421265","0.2441021768309294","0.8150790033869153","0.07273351811694323"
"1107","100","0.4","0.35","144","5","periodic","60","0.2","0.5","0.1","1","0.05","500","2000","0.5","0.01","true","false","all","5","8","1.5","0.3","1","mixed","0.8","0.25","0.2","3000","20","23.089117397508943","88.21140276871101","0.4900633487150612","88.42940029435997","59.76058680079111","0.4912744460797776","0.33200326000439506","2049.4789453517915","2056.097323334584","2023.0054334206186","1.01635778597886","1686.538693648109","940.7764583607056","4669.587634797724","0.2014688516283639","0.013287696549836525","1","1","1","0.9971658316932848","0.9985191808601769","0.9917524350257155","100","0.0943352431772807","80","20","0.3424291608657177","0.2412468248954706","0.7471585047467068","0.059175431083119574"
"1108","100","0.4","0.35","144","5","periodic","60","0.2","0.5","0.1","1","0.05","500","2000","0.5","0.01","true","false","all","5","8","1.5","0.3","1","mixed","0.8","0.25","0.2","3000","36","28.34820444966668","62.12355683943127","0.3451308713301737","70.10569777759993","28.63530736836298","0.38947609876444406","0.1590850409353499","2801.7682810326933","2813.6934514300747","2754.06759944317","1.021650104739245","1481.8358290176939","876.0606356945913","3904.936602310104","0.2243469548715148","0.012079919510683101","1","1","1","1","1","1","100","0.07455490217798366","80","20","0.39046675285093935","0.2917361236105324","0.7853892698125681","0.05116350688357851"
"1109","100","0.4","0.35","144","5","periodic","60","0.2","0.5","0.1","1","0.05","500","2000","0.5","0.01","true","false","all","5","8","1.5","0.3","1","mixed","0.8","0.25","0.2","3000","16","28.64226458309963","85.16143845832381","0.4731191025462434","86.73314990537799","32.37914988703653","0.48185083280765545","0.17988416603909185","12598.225568238187","12649.152955320345","12394.516019909559","1.0205443225860338","1531.9886992625206","805.1519364199457","4439.335750632821","0.18136765985883646","0.01214731544538572","1","1","1","1","1","1","100","0.07436629964694061","80","20","0.35364054798053446","0.25620043313979746","0.7434010073434824","0.054722762747647855"
"1110","100","0.4","0.35","144","5","periodic","60","0.2","0.5","0.1","1","0.05","500","2000","0.5","0.01","true","false","all","5","8","1.5","0.3","1","mixed","0.8","0.25","0.2","3000","0","25.78514442081736","96.62000011551149","0.5367777784195082","96.027454696293","98.4297129820336","0.5334858594238501","0.5468317387890755","2684.2563969558264","2692.239052113253","2652.3257763261126","1.0150484062491099","1462.754752442797","960.2674266238215","3472.704055718703","0.2765186469150728","0.012481042417557875","1","1","1","1","1","1","100","0.08489347939480123","80","20","0.371015874673623","0.26269973353572323","0.8042804392252221","0.06526258981016941"
"1111","100","0.4","0.35","144","5","periodic","60","0.2","0.5","0.1","1","0.05","500","2000","0.5","0.01","true","false","all","5","8","1.5","0.3","1","mixed","0.8","0.25","0.2","3000","20","26.94523441783454","84.07888884617209","0.4671049380342894","91.05048097394736","52.37945157658335","0.5058360054108186","0.2909969532032408","10945.909078827355","10987.305289845768","10780.324234753705","1.0191998914489782","1450.116002704567","730.1577665035245","4329.948947508741","0.1686296479138916","0.012208564409829537","1","1","1","1","1","1","100","0.07027464798112151","80","20","0.3803891721466939","0.2727646296617077","0.8108873420866383","0.061070276140867435"
"1113","100","0.4","0.35","144","5","periodic","60","0.2","0.5","0.1","1","0.05","500","2000","0.5","0.01","true","false","all","5","8","1.5","0.3","1","mixed","0.8","0.25","0.2","3000","0","23.303103979200543","86.93656972159741","0.4829809428977634","88.9582596662881","42.85398865981683","0.49421255370160055","0.23807771477676015","8405.134930039343","8462.010945092643","8177.63086982614","1.03477536217926","1388.9036154621554","701.295777038791","4139.334969155613","0.16942233046238564","0.014799782081939217","1","1","1","1","1","1","100","0.08003125127246284","80","20","0.3545984061450101","0.24412838997663572","0.7964784708185079","0.06763382327244698"
"1112","100","0.4","0.35","144","5","periodic","60","0.2","0.5","0.1","1","0.05","500","2000","0.5","0.01","true","false","all","5","8","1.5","0.3","1","mixed","0.8","0.25","0.2","3000","97","27.02343315849477","86.34989025443221","0.4797216125246234","86.10085026516018","58.06599905837744","0.47833805702866766","0.3225888836576525","12023.05875096719","12063.526050529097","11861.189552719547","1.0170587019885504","1523.198133880813","832.3562791363504","4286.565552858665","0.19417789577048702","0.011681107638387811","1","1","1","1","1","1","100","0.08901703307960881","80","20","0.3495608421172183","0.23642224806249823","0.8021152183360988","0.06915854378655524"
"1114","100","0.4","0.35","144","5","periodic","60","0.2","0.5","0.1","1","0.05","500","2000","0.5","0.01","true","false","all","5","8","1.5","0.3","1","mixed","0.8","0.25","0.2","3000","106","25.211047581879043","95.06451480902142","0.5281361933834523","94.10407385957838","79.46759022034652","0.522800410330991","0.44148661233525843","9604.917002720227","9639.326722034606","9467.27812546268","1.0181729737197847","1689.467485534639","880.2507933533452","4926.334254259814","0.1786827178022258","0.010336296370319298","1","1","1","1","1","1","100","0.08201996703899721","80","20","0.36111227812418145","0.2540676978536924","0.7892905992061366","0.0658811442020609"
"1115","100","0.4","0.35","144","5","periodic","60","0.2","0.5","0.1","1","0.05","500","2000","0.5","0.01","true","false","all","5","8","1.5","0.3","1","mixed","0.8","0.25","0.2","3000","2","33.067449927288365","91.76922535216517","0.5098290297342509","93.89478253552768","68.65414539018799","0.5216376807529316","0.38141191883437775","8520.059018336246","8532.28672921356","8471.14817482699","1.0072172689138232","1425.8287525550302","813.3526288904031","3875.7332472135363","0.2098577422672636","0.016988518139948727","1","1","1","1","1","1","100","0.07447594901097165","80","20","0.3285305499418101","0.2140292367180953","0.786535802836669","0.06858762924925203"
"1116","100","0.4","0.35","144","5","periodic","60","0.2","0.5","0.1","1","0.05","500","2000","0.5","0.01","true","false","all","5","8","1.5","0.3","1","mixed","0.8","0.25","0.2","3000","27","39.979262178332846","72.78957606908558","0.4043865337171421","78.39149019719122","36.020717473302895","0.4355082788732845","0.20011509707390499","11914.191834541405","11988.14052331513","11618.397079446479","1.03182396343836","1654.1177188853874","911.6827901833055","4623.857433693714","0.1971693122586218","0.014280899658346558","1","1","1","1","1","1","100","0.07873453238397121","80","20","0.3567261664420656","0.250713196075964","0.7807780479064717","0.06202326116050652"
"1117","100","0.4","0.35","144","5","periodic","60","0.2","0.5","0.1","1","0.05","500","2000","0.5","0.01","true","false","all","5","8","1.5","0.3","1","mixed","0.8","0.25","0.2","3000","21","14.902046918841535","95.3499688364299","0.5297220490912772","96.95119544706836","71.81316330403752","0.5386177524837131","0.398962018355764","1216.1723729767718","1223.4874595348472","1186.9120267444705","1.0308156223597282","1909.0297354474526","898.355937860314","5951.724925796004","0.15094043307792235","0.01758244905318329","0.5286008424692973","0.5286008424692973","0.512725551159863","0.47744824865118135","0.48232497302323163","0.45794135116298024","100","0.0825238233424866","80","20","0.3584196100698452","0.2502321429929576","0.7911694783773953","0.06727210905932894"
"1118","100","0.4","0.35","144","5","periodic","60","0.2","0.5","0.1","1","0.05","500","2000","0.5","0.01","true","false","all","5","8","1.5","0.3","1","mixed","0.8","0.25","0.2","3000","-1","44.411304119373554","78.74236020849544","0.43745755671386355","84.67097322701932","56.948553745899915","0.4703942957056629","0.3163808541438884","21608.418969713945","21754.21799334256","21025.22287519945","1.034672408586118","1645.2748740156364","843.8117133474841","4851.127516688241","0.17394135908501865","0.012117514653633199","1","1","1","1","1","1","100","0.0750880602394722","80","20","0.35108626476592214","0.24302199116091935","0.7833433591859325","0.06575005130949817"
"1119","100","0.4","0.35","144","5","periodic","60","0.2","0.5","0.1","1","0.05","500","2000","0.5","0.01","true","false","all","5","8","1.5","0.3","1","mixed","0.8","0.25","0.2","3000","66","31.30918008278475","107.56827192713719","0.5976015107063177","98.22089093551287","131.442129914496","0.5456716163084049","0.7302340550805334","5460.065511792215","5483.091164201176","5367.962902156372","1.0214472909264245","1373.3531339999238","806.4945968276468","3640.7872826890343","0.2215165386514922","0.015545103739260213","1","1","1","1","1","1","100","0.079441675198261","80","20","0.3796951803029829","0.2659579588432329","0.834644066141983","0.07036522629314108"
"1121","100","0.4","0.35","144","5","periodic","60","0.2","0.5","0.1","1","0.05","500","2000","0.5","0.01","true","false","all","5","8","1.5","0.3","1","mixed","0.8","0.25","0.2","3000","13","34.57370922797715","108.73793417828352","0.6040996343237973","102.29188167222176","104.11471219064094","0.5682882315123431","0.578415067725783","10286.856748345605","10303.647275265936","10219.694640664286","1.0082147889495248","1274.3664368301768","691.4959524789517","3605.8483742350777","0.1917706682898561","0.012328721780540342","1","1","1","1","1","1","100","0.08969070762532912","80","20","0.3616412547042904","0.25595653422936454","0.7843801366039937","0.07097905315542288"
"1120","100","0.4","0.35","144","5","periodic","60","0.2","0.5","0.1","1","0.05","500","2000","0.5","0.01","true","false","all","5","8","1.5","0.3","1","mixed","0.8","0.25","0.2","3000","0","35.85346438764974","73.3576492844514","0.40754249602472997","81.33285291246295","32.58603582069686","0.4518491828470164","0.18103353233720476","15640.58466488716","15702.671776154288","15392.236219818622","1.0201683206976753","1728.1763381746562","919.627441346243","4962.371925488314","0.185320136248302","0.010835385476582138","1","1","1","1","1","1","100","0.07974605001387707","80","20","0.37433394681965937","0.2671420691936194","0.8031014573238184","0.0653819849332374"
"1122","100","0.4","0.35","144","5","periodic","60","0.2","0.5","0.1","1","0.05","500","2000","0.5","0.01","true","false","all","5","8","1.5","0.3","1","mixed","0.8","0.25","0.2","3000","0","27.889912883573288","100.37567374834431","0.5576426319352462","98.660213071789","24.429443896414746","0.5481122948432723","0.1357191327578597","8143.935080931265","8172.175465397617","8030.973543065843","1.0175821675385408","1343.8657150822467","697.6204801103274","3928.846654969926","0.17756368251935953","0.012970535883013667","1","1","1","1","1","1","100","0.08046158564123977","80","20","0.34513050387941263","0.230516148908645","0.8035879237624837","0.07032013956001364"
"1123","100","0.4","0.35","144","5","periodic","60","0.2","0.5","0.1","1","0.05","500","2000","0.5","0.01","true","false","all","5","8","1.5","0.3","1","mixed","0.8","0.25","0.2","3000","0","33.43096406629762","90.8406249147036","0.50467013841502","93.52740111360521","68.37067682523984","0.5195966728533623","0.37983709347355465","8997.020979653093","9013.366403593298","8931.639283892258","1.0091502933675827","1519.8496258769633","846.2701072291391","4214.16770046826","0.20081547944451886","0.012023006437785533","1","1","1","1","1","1","100","0.07990368839068787","80","20","0.3459648484805534","0.23596932908795187","0.7859469260509597","0.06594734364991746"
"1124","100","0.4","0.35","144","5","periodic","60","0.2","0.5","0.1","1","0.05","500","2000","0.5","0.01","true","false","all","5","8","1.5","0.3","1","mixed","0.8","0.25","0.2","3000","116","20.885488109881265","73.78822910098452","0.40993460611658067","86.88259594245292","15.742177878180588","0.4826810885691829","0.08745654376766993","3289.166728077662","3309.0852200271934","3209.492760279526","1.0310305918057263","1606.927579748646","637.1762697753725","5485.932819641741","0.11614729722792765","0.016467814487715726","1","1","1","1","1","1","100","0.08513214433467264","80","20","0.36283026906533034","0.25928627578758495","0.7770062421763113","0.05892832638640296"
"1125","100","0.4","0.35","144","5","periodic","60","0.2","0.5","0.1","1","0.05","500","2000","0.5","0.01","true","false","all","5","8","1.5","0.3","1","mixed","0.8","0.25","0.2","3000","21","37.026134913172925","108.35831404978559","0.60199063360992","104.02594169909753","108","0.5779218983283196","0.6","4060.351601814247","4073.609872871891","4007.3185175836757","1.0165425720459544","1547.2282270399974","907.0341653703329","4108.004473718656","0.22079678130176572","0.011879440383039563","1","1","1","1","1","1","100","0.08118334160628887","80","20","0.3719678600001542","0.249275732465354","0.8627363701393543","0.07873024059967627"
"1126","100","0.4","0.35","144","5","periodic","60","0.2","0.5","0.1","1","0.05","500","2000","0.5","0.01","true","false","all","5","8","1.5","0.3","1","mixed","0.8","0.25","0.2","3000","0","24.62879488035945","97.31293190619323","0.5406273994788513","92.37760581426006","111.59671649660928","0.5132089211903337","0.619981758314496","4272.460756196085","4295.580166926249","4179.9831132754225","1.0276549092468092","1668.2625777000067","862.6763954886928","4890.607306545259","0.1763945337287958","0.016685139835130425","1","1","1","1","1","1","100","0.0857215892454446","80","20","0.3460329091876858","0.239019001895839","0.7740885383550717","0.059746850976557846"
"1127","100","0.4","0.35","144","5","periodic","60","0.2","0.5","0.1","1","0.05","500","2000","0.5","0.01","true","false","all","5","8","1.5","0.3","1","mixed","0.8","0.25","0.2","3000","151","35.30629965457962","70.41512313249817","0.3911951285138787","77.02328119806353","36.54692536596455","0.4279071177670196","0.2030384742553586","9090.672937738575","9137.651738732613","8902.757733762428","1.026384409415005","1619.4318631411165","839.4627401474879","4739.308355115627","0.17712768979072002","0.013403689792074625","1","1","1","1","1","1","100","0.08172942399191413","80","20","0.3787142171025786","0.27401379933797615","0.7975158881609883","0.058910687077840994"
"1128","100","0.4","0.35","144","5","periodic","60","0.2","0.5","0.1","1","0.05","500","2000","0.5","0.01","true","false","all","5","8","1.5","0.3","1","mixed","0.8","0.25","0.2","3000","16","30.216714418163207","87.59895458093412","0.48666085878296733","95.71399191650306","29.829182209734967","0.5317443995361282","0.16571767894297204","5357.576927826359","5392.888485118643","5216.3306986572115","1.0338471229415889","1914.6752446778182","957.3435405973647","5744.002060999631","0.16666838389517538","0.01639104167100003","1","1","1","1","1","1","100","0.08615507422358538","80","20","0.37302306057090234","0.26545165547731453","0.8033086809452541","0.06961426275441573"
"1129","100","0.4","0.35","144","5","periodic","60","0.2","0.5","0.1","1","0.05","500","2000","0.5","0.01","true","false","all","5","8","1.5","0.3","1","mixed","0.8","0.25","0.2","3000","116","24.846891721504377","104.98406802201582","0.5832448223445323","99.37862789592239","96.4147389631124","0.5521034883106799","0.5356374386839577","5605.5306224005735","5621.364475544088","5542.195209826502","1.0142848208553201","1319.9452428176917","906.883599799871","2972.1918148889695","0.3051228373811229","0.014353043840491742","1","1","1","1","1","1","100","0.07555535793787233","80","20","0.36264122164421403","0.2422460804013426","0.8442217866156992","0.0767407017624402"
"1130","100","0.4","0.35","144","5","periodic","60","0.2","0.5","0.1","1","0.05","500","2000","0.5","0.01","true","false","all","5","8","1.5","0.3","1","mixed","0.8","0.25","0.2","3000","51","38.641516552516634","90.06955458272482","0.5003864143484712","92.33272544098715","41.32776452700595","0.512959585783262","0.2295986918166997","10067.553356348188","10117.527715891738","9867.655918173974","1.025322305498873","1646.0938215865217","814.1495870958797","4973.87075954909","0.16368531199425193","0.012491900332133099","1","1","1","1","1","1","100","0.08094492743845343","80","20","0.37808227069101785","0.2687884746846424","0.81525745471652","0.06817061928968365"
"1131","100","0.4","0.35","144","5","periodic","60","0.2","0.5","0.1","1","0.05","500","2000","0.5","0.01","true","false","all","5","8","1.5","0.3","1","mixed","0.8","0.25","0.2","3000","127","33.978912398521615","102.34515236331589","0.5685841797961994","92.86617169607574","135.20830831640257","0.5159231760893097","0.7511572684244587","15242.805237721095","15278.094079677601","15101.649869895093","1.0116837704027453","1437.6403140778516","830.6461379541512","3865.617018572653","0.21488060870056402","0.010200320682559827","1","1","1","1","1","1","100","0.07188165925236817","80","20","0.3718498148678501","0.2639550588599017","0.8034288388996433","0.06340057127293978"
"1132","100","0.4","0.35","144","5","periodic","60","0.2","0.5","0.1","1","0.05","500","2000","0.5","0.01","true","false","all","5","8","1.5","0.3","1","mixed","0.8","0.25","0.2","3000","0","22.432487875898303","98.78764956215369","0.5488202753452983","92.48289153411393","104.57383259228229","0.5137938418561885","0.5809657366237905","3514.774500910021","3530.444115162846","3452.096043898718","1.0226957970658437","1343.611136186976","719.6141477797679","3839.5990898158075","0.187419084895733","0.020602676673723064","1","1","1","1","1","1","100","0.07413168391805691","80","20","0.34763343080422593","0.2398006155634321","0.778964691767401","0.06537979195436959"
"1134","100","0.4","0.35","144","5","periodic","60","0.2","0.5","0.1","1","0.05","500","2000","0.5","0.01","true","false","all","5","8","1.5","0.3","1","mixed","0.8","0.25","0.2","3000","61","23.014164123185452","70.9509176150047","0.3941717645278039","77.05299587112104","32.848056101828234","0.4280721992840058","0.1824892005657124","2814.5104868235558","2823.227796542197","2779.6412479489886","1.0156806381490313","1414.4800483342697","806.041082086708","3848.235913324518","0.20945729426197343","0.014790568379515978","1","1","1","1","1","1","100","0.07514643874666027","80","20","0.35961072486852896","0.24390154069280742","0.8224474615714159","0.07137403740921319"
"1133","100","0.4","0.35","144","5","periodic","60","0.2","0.5","0.1","1","0.05","500","2000","0.5","0.01","true","false","all","5","8","1.5","0.3","1","mixed","0.8","0.25","0.2","3000","96","27.07552590274487","87.34823856032637","0.48526799200181314","94.40092463881365","33.00760431717654","0.5244495813267425","0.1833755795398697","8683.89579495714","8715.022924325182","8559.387277484946","1.0181830359808155","1550.1189191948881","852.4152730894384","4340.93350361669","0.19636681197241107","0.0115577254696273","1","1","1","1","1","1","100","0.07919997956116934","80","20","0.37200204911793044","0.26732374231241235","0.7907152763400017","0.06083586446309762"
"1135","100","0.4","0.35","144","5","periodic","60","0.2","0.5","0.1","1","0.05","500","2000","0.5","0.01","true","false","all","5","8","1.5","0.3","1","mixed","0.8","0.25","0.2","3000","0","39.3997885399433","83.53305296004352","0.4640725164446862","85.3491960731464","75.70437639262994","0.4741622004063689","0.4205798688479441","1777.5042024187608","1787.241096022021","1738.5566280057155","1.0280028083250596","1801.6661076886944","907.8070096906392","5377.1024996809165","0.168828288050025","0.013752746186402431","0.9215136693208583","0.9215136693208583","0.8832393804991198","0.8516694682791739","0.8581607306813478","0.825704418670477","100","0.0647575161731097","80","20","0.36012210694770547","0.25299275705385116","0.7886395065231233","0.06346030791125937"
"1136","100","0.4","0.35","144","5","periodic","60","0.2","0.5","0.1","1","0.05","500","2000","0.5","0.01","true","false","all","5","8","1.5","0.3","1","mixed","0.8","0.25","0.2","3000","49","20.79464812083208","69.1790401786427","0.3843280009924594","74.94488448415142","45.72670358712241","0.41636046935639676","0.25403724215068","1242.5646658526496","1249.2276825777421","1215.9125989522786","1.0273992420624396","1416.7189848081343","843.1553021056163","3710.9737156182055","0.22720594828173205","0.02108088078760173","0.5544860692170756","0.5544860692170756","0.5294095866924252","0.49504311056843275","0.4994851217184945","0.4772750659681856","100","0.08528849528806126","80","20","0.35285927978736514","0.23830829794347905","0.8110632071629087","0.07244918592089214"
"1137","100","0.4","0.35","144","5","periodic","60","0.2","0.5","0.1","1","0.05","500","2000","0.5","0.01","true","false","all","5","8","1.5","0.3","1","mixed","0.8","0.25","0.2","3000","112","39.0953923341891","88.97515634920963","0.4943064241622757","92.61410603142924","60.00049265968196","0.514522811285718","0.3333360703315664","11650.506231565378","11715.499656403546","11390.532532212703","1.0285295813230706","1729.88796268559","951.5838814655832","4843.1042875656185","0.19648221986644354","0.012916929802918142","1","1","1","1","1","1","100","0.09139038450587694","80","20","0.3599666808854831","0.25193311831314574","0.7921009311748328","0.06792475097969695"
"1138","100","0.4","0.35","144","5","periodic","60","0.2","0.5","0.1","1","0.05","500","2000","0.5","0.01","true","false","all","5","8","1.5","0.3","1","mixed","0.8","0.25","0.2","3000","91","32.596022120942536","96.93620120009656","0.5385344511116475","90.85437974476642","119.7234800137129","0.5047465541375912","0.6651304445206272","13662.399025813907","13712.921525723601","13460.309026175168","1.0187672139664248","1512.630657683932","967.2355583284725","3694.2110551057644","0.26182466131480425","0.01123279221028195","1","1","1","1","1","1","100","0.08812556547252645","80","20","0.3713673005909438","0.2679473104277664","0.7850472612436541","0.060828760340052544"
"1139","100","0.4","0.35","144","5","periodic","60","0.2","0.5","0.1","1","0.05","500","2000","0.5","0.01","true","false","all","5","8","1.5","0.3","1","mixed","0.8","0.25","0.2","3000","86","36.425049995984935","65.61016801329215","0.36450093340717865","73.13589796139192","30.037933141147853","0.4063105442299551","0.1668774063397103","4008.1878957758354","4025.898923847953","3937.343783487354","1.0224910866894545","1651.735430021184","937.7104391642084","4507.835393449085","0.2080178971323834","0.014825717281932826","1","1","1","1","1","1","100","0.08617817231873405","80","20","0.37012889410340255","0.2710433492806557","0.7664710733943909","0.06335902541327519"
"1140","100","0.4","0.35","144","5","periodic","60","0.2","0.5","0.1","1","0.05","500","2000","0.5","0.01","true","false","all","5","8","1.5","0.3","1","mixed","0.8","0.25","0.2","3000","66","35.57836204153675","109.6309049870055","0.6090605832611417","102.74392004200502","136.4088008506168","0.5707995557889167","0.7578266713923156","3153.6534557445884","3163.184086868855","3115.530931247514","1.0152953562885219","1604.7804516415047","922.0957628047239","4335.519206988627","0.21268404515850245","0.013960662726906437","1","1","1","1","1","1","100","0.08773450322265668","80","20","0.36383667953782406","0.2470484419476484","0.8309896298985265","0.06988855692239967"
"1142","100","0.4","0.35","144","5","periodic","60","0.2","0.5","0.1","1","0.05","500","2000","0.5","0.01","true","false","all","5","8","1.5","0.3","1","mixed","0.8","0.25","0.2","3000","51","39.75816720180933","70.8606831594473","0.39367046199692945","77.47561464933743","40.03276989316585","0.43042008138520793","0.2224042771842547","10794.91045011179","10846.31205137809","10589.304045046565","1.0242705285671487","1734.3329828470742","973.4958847154276","4777.681375373662","0.2037590639118939","0.014625979772113773","1","1","1","1","1","1","100","0.09541816078455319","80","20","0.35007279586681117","0.23665488144852626","0.803744453539951","0.07025077876564033"
"1141","100","0.4","0.35","144","5","periodic","60","0.2","0.5","0.1","1","0.05","500","2000","0.5","0.01","true","false","all","5","8","1.5","0.3","1","mixed","0.8","0.25","0.2","3000","0","14.590766098590535","107.35624022515927","0.5964235568064404","95.71081144694502","144","0.5317267302608056","0.8","645.2067460495771","649.5599028860812","627.7941187035606","1.0346702581850695","1988.6981295579817","1009.4123381215134","5905.841295303857","0.1709176199712929","0.025230976088716606","0.14259585309961018","0.14259585309961018","0.11267978829495905","0.09680449736638476","0.09970660192405419","0.08519607913570704","100","0.08941951156739712","80","20","0.3683165488868512","0.25862092022173416","0.8070990635473201","0.06850169148843437"
"1143","100","0.4","0.35","144","5","periodic","60","0.2","0.5","0.1","1","0.05","500","2000","0.5","0.01","true","false","all","5","8","1.5","0.3","1","mixed","0.8","0.25","0.2","3000","104","22.242839271839514","78.45131891720725","0.43584066065115135","81.03782198068325","66.58452228367574","0.4502101221149069","0.36991401268708746","2936.092650422479","2943.083272586858","2908.1301617649665","1.0120191012360595","1595.6925392081387","896.0846207476919","4394.124213049924","0.20392792222087122","0.017231405345855544","1","1","1","1","1","1","100","0.08771019770206148","80","20","0.37127543085477216","0.2672143035737931","0.7875199399786872","0.06177950298105652"
"1144","100","0.4","0.35","144","5","periodic","60","0.2","0.5","0.1","1","0.05","500","2000","0.5","0.01","true","false","all","5","8","1.5","0.3","1","mixed","0.8","0.25","0.2","3000","-1","46.293902610164174","68.76015530765294","0.3820008628202941","78.08043877520981","25.821421568231397","0.4337802154178323","0.14345234204572999","21703.42925536024","21846.267637405912","21132.07572717756","1.0337965810575744","1416.1763950192696","703.2490498395093","4267.885775738307","0.16477691456441423","0.011518425999761384","1","1","1","1","1","1","100","0.08865559367846135","80","20","0.3741828059252709","0.26961100018741513","0.792470028876693","0.0634829588188717"
"1145","100","0.4","0.35","144","5","periodic","60","0.2","0.5","0.1","1","0.05","500","2000","0.5","0.01","true","false","all","5","8","1.5","0.3","1","mixed","0.8","0.25","0.2","3000","50","33.712902415657155","84.2151598215823","0.46786199900879055","90.06603841150378","52.182574760471525","0.50036688006391","0.2899031931137307","10815.951671067876","10857.169023942863","10651.08225956791","1.0193489036468406","1540.3044503652065","761.8176557523511","4654.251628816628","0.16368209467566922","0.011617570757948226","1","1","1","1","1","1","100","0.07957428355736146","80","20","0.34019244279785577","0.23159996473375086","0.774562355054276","0.06515894095588651"
"1146","100","0.4","0.35","144","5","periodic","60","0.2","0.5","0.1","1","0.05","500","2000","0.5","0.01","true","false","all","5","8","1.5","0.3","1","mixed","0.8","0.25","0.2","3000","13","33.3072294209975","81.52994431340008","0.45294413507444486","84.12376718998155","53.74363170099091","0.46735426216656417","0.2985757316721717","6910.058303512825","6932.689548538039","6819.53332341198","1.0165929572831005","1515.4331481876507","892.489377801721","4007.2082297313673","0.2227209884377661","0.015620535502869126","1","1","1","1","1","1","100","0.09173459210587989","80","20","0.3832848178379411","0.2766685753368087","0.8097497878424713","0.06001750886071332"
"1147","100","0.4","0.35","144","5","periodic","60","0.2","0.5","0.1","1","0.05","500","2000","0.5","0.01","true","false","all","5","8","1.5","0.3","1","mixed","0.8","0.25","0.2","3000","119","26.120308974781707","79.44512992404617","0.4413618329113676","85.32756461512551","47.58447964125876","0.4740420256395862","0.26435822022921535","5512.217510801203","5539.784438430546","5401.949800283836","1.0255157199238445","1848.2732786521594","934.7799247650439","5502.2466942006195","0.16989058773942353","0.01586618114810623","1","1","1","1","1","1","100","0.09014133842411501","80","20","0.36677711076608915","0.26432155884521463","0.7765993184495865","0.06190687442666305"
"1148","100","0.4","0.35","144","5","periodic","60","0.2","0.5","0.1","1","0.05","500","2000","0.5","0.01","true","false","all","5","8","1.5","0.3","1","mixed","0.8","0.25","0.2","3000","0","25.280750147883523","92.26018327267175","0.5125565737370653","93.8004677683757","68.22237991785993","0.5211137098243094","0.3790132217658885","4723.7473875182095","4734.953570415058","4678.92265593081","1.011975174330618","1519.6579934946521","826.0760511857716","4293.985762730176","0.19237978345334356","0.013048557124135662","1","1","1","1","1","1","100","0.0864590267174936","80","20","0.3778681857414446","0.2636156258627501","0.8348784252562226","0.07425101714139463"
"1149","100","0.4","0.35","144","5","periodic","60","0.2","0.5","0.1","1","0.05","500","2000","0.5","0.01","true","false","all","5","8","1.5","0.3","1","mixed","0.8","0.25","0.2","3000","25","20.61087286108163","102.96664996682239","0.5720369442601244","97.37608125407245","87.87723165778232","0.5409782291892914","0.4882068425432351","1692.8278331633824","1702.077821226628","1655.8278809104027","1.0279316110384595","1291.4296042540052","659.3506458156232","3819.7454380075314","0.17261638413253955","0.012241697231898163","0.8613693025952461","0.8613693025952461","0.8373043559434674","0.7952185554422553","0.8013852141510857","0.7705519206069352","100","0.09399871132269884","80","20","0.38250332726658387","0.2708309451619814","0.8291928556849939","0.07088958119419049"
"1150","100","0.4","0.35","144","5","periodic","60","0.2","0.5","0.1","1","0.05","500","2000","0.5","0.01","true","false","all","5","8","1.5","0.3","1","mixed","0.8","0.25","0.2","3000","66","37.9085450854779","88.47829387809522","0.491546077100529","90.26094768304623","65.93716932250737","0.5014497093502568","0.3663176073472632","20310.978620568836","20370.547055417734","20072.704881173282","1.0148381683488907","1514.1132749348199","925.5885358390618","3868.212231317849","0.23928070139102112","0.011282986793400118","1","1","1","1","1","1","100","0.0847724964686279","80","20","0.3743254642053698","0.2735504515759613","0.777425514723004","0.05714691831616745"
"1151","100","0.4","0.35","144","5","periodic","60","0.2","0.5","0.1","1","0.05","500","2000","0.5","0.01","true","false","all","5","8","1.5","0.3","1","mixed","0.8","0.25","0.2","3000","46","29.820667510110084","68.02556678195224","0.3779198154552902","74.1270503434484","44.58160644514656","0.4118169463524911","0.24767559136192535","3364.962178687556","3368.464765929171","3350.9518297210934","1.0052262572242152","1514.8009628626066","929.816118284409","3854.740341175397","0.24121368392893802","0.010980206785111024","1","1","1","1","1","1","100","0.09076542347745808","80","20","0.33435525180588876","0.22083145076063831","0.7884504559868905","0.07112535313777231"
"1152","100","0.4","0.35","144","5","periodic","60","0.2","0.5","0.1","1","0.05","500","2000","0.5","0.01","true","false","all","5","8","1.5","0.3","1","mixed","0.8","0.25","0.2","3000","-1","45.18045783133063","82.9601263919669","0.46088959106648275","90.20623850541911","45.777720679130255","0.5011457694745506","0.25432067043961254","21687.22367749297","21769.8314020042","21356.792779448057","1.0193399180682983","1581.5880395215977","803.18223442285","4695.21125991659","0.17106413108174354","0.011113655096362418","1","1","1","1","1","1","100","0.0852102066962612","80","20","0.3396088075077377","0.2218920748146762","0.8104757382799826","0.07352596933254574"
"1153","100","0.4","0.35","144","5","periodic","60","0.2","0.5","0.1","1","0.05","500","2000","0.5","0.01","true","false","all","5","8","1.5","0.3","1","mixed","0.8","0.25","0.2","3000","96","41.64594102345852","110.55967978164256","0.6142204432313475","103.50377332396684","136.71874168021424","0.5750209629109269","0.759548564890079","11992.974437915422","12013.421004125052","11911.188173076884","1.0085829246891798","1252.1050721384722","721.9623787817995","3372.6758455651625","0.21406219033208618","0.01038901350156718","1","1","1","1","1","1","100","0.0649113563109763","80","20","0.36299019507409974","0.2586247758435446","0.7804518719963206","0.06322379703913598"
"1154","100","0.4","0.35","144","5","periodic","60","0.2","0.5","0.1","1","0.05","500","2000","0.5","0.01","true","false","all","5","8","1.5","0.3","1","mixed","0.8","0.25","0.2","3000","136","39.219777300240764","63.013488122623336","0.35007493401457407","70.44072749937888","32.29135092904228","0.39133737499654936","0.1793963940502349","5015.170113519553","5032.884559830575","4944.312328275459","1.0179139636969516","1664.9964322593994","999.6913713162849","4326.216676031857","0.2310775086358442","0.018516873694748304","1","1","1","1","1","1","100","0.06495189427556007","80","20","0.3589113660917335","0.24747115126334435","0.8046722254052904","0.06983904622541862"
"1155","100","0.4","0.35","144","5","periodic","60","0.2","0.5","0.1","1","0.05","500","2000","0.5","0.01","true","false","all","5","8","1.5","0.3","1","mixed","0.8","0.25","0.2","3000","76","28.899926690526556","108.58280304540423","0.6032377946966901","98.94935755543513","108","0.5497186530857507","0.6","11166.545818755392","11233.79540116568","10897.547489114231","1.0308553747884401","1710.6198586599849","1012.9600294095941","4501.259175661549","0.2250392589892849","0.014290620946378896","1","1","1","1","1","1","100","0.08985899902191448","80","20","0.3610652554515137","0.25631887004922554","0.7800507970606653","0.06257608471492095"
"1156","100","0.4","0.35","144","5","periodic","60","0.2","0.5","0.1","1","0.05","500","2000","0.5","0.01","true","false","all","5","8","1.5","0.3","1","mixed","0.8","0.25","0.2","3000","0","13.341364940228559","102.61804277291944","0.5701002376273302","101.39613397344804","77.971732005696","0.5633118554080447","0.43317628892053334","955.3531886222314","957.0601845457384","948.5252049282024","1.0089981579542553","1453.8907829061138","946.1829342963368","3484.722177345217","0.27152320504849314","0.01801470976505204","0.34781999428711075","0.34781999428711075","0.33545578414131066","0.3035687924148209","0.30470678969715903","0.2990168032854682","100","0.08166451528895183","80","20","0.3608315960411889","0.2529056699656538","0.7925353003433292","0.06480669344057528"
"1157","100","0.4","0.35","144","5","periodic","60","0.2","0.5","0.1","1","0.05","500","2000","0.5","0.01","true","false","all","5","8","1.5","0.3","1","mixed","0.8","0.25","0.2","3000","31","35.33467635861008","87.58164044245297","0.48656466912473867","92.77362870168244","67.20716404657038","0.5154090483426802","0.3733731335920577","6678.436792335594","6694.64336152635","6613.610515572573","1.012252436965101","1381.7993701451999","788.725306916518","3754.095623059928","0.2100972873657479","0.01102655489441684","1","1","1","1","1","1","100","0.0728746260030526","80","20","0.3476752674829604","0.2401030001257948","0.7779643369116224","0.06498364716544974"
"1159","100","0.4","0.35","144","5","periodic","60","0.2","0.5","0.1","1","0.05","500","2000","0.5","0.01","true","false","all","5","8","1.5","0.3","1","mixed","0.8","0.25","0.2","3000","-1","34.476560598353","75.4970194564401","0.41942788586911167","80.48871688716861","38.05048378419563","0.4471595382620478","0.2113915765788646","21791.479556419843","21844.433712499365","21579.66293210182","1.0122694585745207","1319.6412064716758","860.1555242806892","3157.5839352356206","0.27240939335995956","0.009519459277313125","1","1","1","1","1","1","100","0.08727412270075688","80","20","0.3632008339176768","0.25949475237626835","0.7780251600833114","0.0591563070398184"
"1158","100","0.4","0.35","144","5","periodic","60","0.2","0.5","0.1","1","0.05","500","2000","0.5","0.01","true","false","all","5","8","1.5","0.3","1","mixed","0.8","0.25","0.2","3000","136","20.801158778522606","106.77555271041237","0.5931975150578465","97.7303512779919","142.38605462449897","0.5429463959888439","0.791033636802772","9799.564904190169","9842.803799179603","9626.60932423243","1.0224580085952961","1656.8789171700096","935.1025633969987","4543.9843322620545","0.2057891258026175","0.012220466572950617","1","1","1","1","1","1","100","0.0764770759882391","80","20","0.36432772651029877","0.2612118808992366","0.7767911089545473","0.05636814667269103"
"1160","100","0.4","0.35","144","5","periodic","60","0.2","0.5","0.1","1","0.05","500","2000","0.5","0.01","true","false","all","5","8","1.5","0.3","1","mixed","0.8","0.25","0.2","3000","131","30.56280450611378","66.79147710908421","0.3710637617171345","73.71703779211192","40.52262973801457","0.40953909884506623","0.2251257207667476","17055.437159187215","17133.349145144362","16743.78921535868","1.023265936089803","1709.812233463596","1011.8123843523805","4501.8116299084595","0.22475671297089675","0.01104191066036564","1","1","1","1","1","1","100","0.09682472978582306","80","20","0.36103706179860373","0.2555679368623702","0.7829135615435374","0.06216442513575518"
"1161","100","0.4","0.35","144","5","periodic","60","0.2","0.5","0.1","1","0.05","500","2000","0.5","0.01","true","false","all","5","8","1.5","0.3","1","mixed","0.8","0.25","0.2","3000","73","38.10733848402349","74.5800014595013","0.4143333414416739","81.33747291728022","40.010757612218114","0.4518748495404457","0.22228198673454508","12244.23836954873","12304.51285334364","12003.1404343691","1.0251077974653706","1433.0275082284859","812.3592520349459","3915.7005330026486","0.2074620480264384","0.01163522418511409","1","1","1","1","1","1","100","0.08701981621464717","80","20","0.35420437022988416","0.2459022348893191","0.7874129115921442","0.061569690534398654"
"1162","100","0.4","0.35","144","5","periodic","60","0.2","0.5","0.1","1","0.05","500","2000","0.5","0.01","true","false","all","5","8","1.5","0.3","1","mixed","0.8","0.25","0.2","3000","61","28.743621669208906","78.9139095095382","0.43841060838632334","82.58613413969549","32.56793940539217","0.4588118563316416","0.18093299669662316","9895.519204321892","9941.019073120657","9713.51972912684","1.023420896887833","1299.4648390507414","774.0895068362898","3400.9661679085525","0.22760870547333936","0.010174301746710412","1","1","1","1","1","1","100","0.0908940997215315","80","20","0.37855470065939917","0.27332620085601717","0.7994686998729276","0.0691296461090444"
"1163","100","0.4","0.35","144","5","periodic","60","0.2","0.5","0.1","1","0.05","500","2000","0.5","0.01","true","false","all","5","8","1.5","0.3","1","mixed","0.8","0.25","0.2","3000","0","15.631416875696573","80.71670667567452","0.44842614819819177","87.41127097871619","29.423795251732436","0.48561817210397884","0.1634655291762913","6091.642386906081","6109.435861414156","6020.46848887378","1.0147774832979848","1456.588052181847","775.3221065690261","4181.65183463313","0.18541048782389785","0.016640694251706556","1","1","1","1","1","1","100","0.09468772850875037","80","20","0.37398076428166205","0.26565323158070925","0.8072908950854731","0.06527103261077725"
"1164","100","0.4","0.35","144","5","periodic","60","0.2","0.5","0.1","1","0.05","500","2000","0.5","0.01","true","false","all","5","8","1.5","0.3","1","mixed","0.8","0.25","0.2","3000","27","25.23258850614971","73.29575637937927","0.4071986465521071","83.39766241846658","31.402389664229297","0.46332034676925876","0.17445772035682944","6862.487731552468","6891.491127096064","6746.474149378079","1.0214952246917532","1503.3237104832715","808.5741900370466","4282.321792268177","0.18881677493198767","0.015358450930177181","1","1","1","1","1","1","100","0.08760914401582381","80","20","0.37287079806798545","0.2623639628240358","0.8148981390437842","0.07203775571259823"
"1166","100","0.4","0.35","144","5","periodic","60","0.2","0.5","0.1","1","0.05","500","2000","0.5","0.01","true","false","all","5","8","1.5","0.3","1","mixed","0.8","0.25","0.2","3000","46","25.286862816185078","88.16956003269136","0.4898308890705076","87.73296224503059","86.16806044071703","0.48740534580572553","0.47871144689287237","6430.120115357371","6459.985209425964","6310.659739083018","1.023662418275881","1444.011986550768","719.2614240426873","4343.014236583089","0.16561341613482103","0.013765033398616788","1","1","1","1","1","1","100","0.07766947500293872","80","20","0.352290301841021","0.2446064408518478","0.7830257457977134","0.06304420612427304"
"1165","100","0.4","0.35","144","5","periodic","60","0.2","0.5","0.1","1","0.05","500","2000","0.5","0.01","true","false","all","5","8","1.5","0.3","1","mixed","0.8","0.25","0.2","3000","71","11.451471935450414","91.47761300987179","0.5082089611659544","101.75739591331566","36.166109282494986","0.565318866185087","0.20092282934719435","2549.0405496099725","2555.1019163096953","2524.7950828110797","1.0120036804986456","1313.6737768503217","784.2674188247546","3431.2992089525933","0.22856281864855282","0.015163953599564461","1","1","1","1","1","1","100","0.09788349387061103","80","20","0.3502255064389074","0.23399482681666556","0.8151482249278749","0.07326438733574772"
"1167","100","0.4","0.35","144","5","periodic","60","0.2","0.5","0.1","1","0.05","500","2000","0.5","0.01","true","false","all","5","8","1.5","0.3","1","mixed","0.8","0.25","0.2","3000","91","36.33957203177205","106.00018955893749","0.5888899419940972","93.61461709175711","143.01501403097367","0.5200812060653173","0.7945278557276315","12527.66893170271","12588.41814091985","12284.672094834135","1.024725612840203","1641.0487987626093","910.5200453713602","4563.163812327605","0.19953700608151445","0.01144977512833334","1","1","1","1","1","1","100","0.07639145134799442","80","20","0.38656384259919285","0.2789942863676952","0.8168420675251834","0.06548388386391374"
"1168","100","0.4","0.35","144","5","periodic","60","0.2","0.5","0.1","1","0.05","500","2000","0.5","0.01","true","false","all","5","8","1.5","0.3","1","mixed","0.8","0.25","0.2","3000","79","24.22879080642973","103.4239569778421","0.5745775387657894","95.55962831060165","107.25084289322551","0.530886823947787","0.5958380160734751","2267.023643569143","2271.2342123938224","2250.181368270426","1.0093560654355518","1371.2556036879928","865.2882857002463","3395.124875638978","0.2548619910592817","0.01468508203897323","1","1","1","1","1","1","100","0.08622223630398348","80","20","0.3875684837775786","0.286979245954021","0.7899254350718092","0.05933120322609894"
"1169","100","0.4","0.35","144","5","periodic","60","0.2","0.5","0.1","1","0.05","500","2000","0.5","0.01","true","false","all","5","8","1.5","0.3","1","mixed","0.8","0.25","0.2","3000","0","37.395800817949294","101.10552585411267","0.5616973658561815","101.55232081041746","66.83747158544398","0.5641795600578747","0.3713192865857999","7910.442000968169","7941.566305022592","7785.944784750475","1.019987493435211","1546.1442819124093","870.5253078795573","4248.620178043817","0.20489600656191667","0.013812204387877669","1","1","1","1","1","1","100","0.0953117726489636","80","20","0.33733572993495625","0.2300383913812638","0.7665250841497264","0.06574526204902965"
"1170","100","0.4","0.35","144","5","periodic","60","0.2","0.5","0.1","1","0.05","500","2000","0.5","0.01","true","false","all","5","8","1.5","0.3","1","mixed","0.8","0.25","0.2","3000","0","29.417946356375452","72.5394969736853","0.4029972054093628","76.86062501831772","48.70666228308962","0.42700347232398733","0.27059256823938677","4206.240076179497","4214.404620798113","4173.581897705018","1.0097812200871261","1630.997969406105","970.0573122320511","4274.76059810232","0.22692669916127828","0.01784551775947807","1","1","1","1","1","1","100","0.07208849558137453","80","20","0.33816715389419294","0.23093721333312614","0.7670869161384609","0.06568024449284053"
"1171","100","0.4","0.35","144","5","periodic","60","0.2","0.5","0.1","1","0.05","500","2000","0.5","0.01","true","false","all","5","8","1.5","0.3","1","mixed","0.8","0.25","0.2","3000","86","31.374991971714593","110.52839785389247","0.614046654743847","100.99484265283331","123.48524669980466","0.5610824591824073","0.6860291483322482","4255.900561404083","4265.6838624807915","4216.7673570972565","1.0116004752553407","1551.272897902132","874.2678275723983","4259.2931792210675","0.20526124659309858","0.0179879312658906","1","1","1","1","1","1","100","0.07985251567081678","80","20","0.3682031300353769","0.26062169767585985","0.7985288594734454","0.06447657889116078"
"1172","100","0.4","0.35","144","5","periodic","60","0.2","0.5","0.1","1","0.05","500","2000","0.5","0.01","true","false","all","5","8","1.5","0.3","1","mixed","0.8","0.25","0.2","3000","126","32.57722961537472","86.52052949808132","0.48066960832267397","94.51032200700637","35.95662306215657","0.5250573444833687","0.19975901701198093","16834.09335241709","16886.02159308371","16626.38038975061","1.0156162193602372","1482.811451754478","911.8806222856299","3766.534769629868","0.2421006782250516","0.011596005568149659","1","1","1","1","1","1","100","0.08181036392805331","80","20","0.37385000264194446","0.26895628179391873","0.7934248860340487","0.06184440036886365"
"1174","100","0.4","0.35","144","5","periodic","60","0.2","0.5","0.1","1","0.05","500","2000","0.5","0.01","true","false","all","5","8","1.5","0.3","1","mixed","0.8","0.25","0.2","3000","0","30.248933675035005","105.53232958770857","0.5862907199317143","99.66635148041559","123.77731347188953","0.5537019526689755","0.6876517415104973","6535.285820645661","6543.91455598414","6500.770879291736","1.0066367016302387","1443.2710111160484","965.3114105090414","3355.1094135440762","0.28771383926027083","0.014426797473949815","1","1","1","1","1","1","100","0.08241462519326878","80","20","0.36492042719569295","0.2508144855173701","0.8213441939089845","0.06953056595763567"
"1173","100","0.4","0.35","144","5","periodic","60","0.2","0.5","0.1","1","0.05","500","2000","0.5","0.01","true","false","all","5","8","1.5","0.3","1","mixed","0.8","0.25","0.2","3000","58","11.321884471855782","81.84997791768683","0.4547220995427046","86.87561364265311","58.73726848681033","0.48264229801473946","0.3263181582600574","1192.381653317431","1198.2261398559026","1169.0037071635436","1.0249977245694664","1747.7741833676023","979.4189799501031","4821.194997037597","0.2031485929426026","0.023172606359019188","0.535360877946501","0.535360877946501","0.5132499897705375","0.4615877688782873","0.4654840932372684","0.44600247144236216","100","0.07746926802780232","80","20","0.33828930044099065","0.23010598497167645","0.7710225623182468","0.06256848500607165"
"1175","100","0.4","0.35","144","5","periodic","60","0.2","0.5","0.1","1","0.05","500","2000","0.5","0.01","true","false","all","5","8","1.5","0.3","1","mixed","0.8","0.25","0.2","3000","-1","40.83538135604336","97.59674778224694","0.5422041543458163","97.9174608924798","44.35333016645228","0.5439858938471099","0.24640738981362378","21683.81468571754","21753.829139973885","21403.756868692082","1.016355646040526","1471.0054959365582","806.87131476668","4127.542220616071","0.19548469080135725","0.009592621838230064","1","1","1","1","1","1","100","0.08406139980197683","80","20","0.37169365985300346","0.2596184585001623","0.8199944652643676","0.0749971072305533"
"1177","100","0.4","0.35","144","5","periodic","60","0.2","0.5","0.1","1","0.05","500","2000","0.5","0.01","true","false","all","5","8","1.5","0.3","1","mixed","0.8","0.25","0.2","3000","81","24.091087810072963","90.20692534441758","0.5011495852467643","89.10370710777885","71.6858416994039","0.4950205950432158","0.3982546761077994","9396.731197780646","9413.065749726798","9331.392989996022","1.0087524724141763","1263.9273439301512","835.4486551112419","2977.842099205787","0.28055505539869374","0.0101752819358214","1","1","1","1","1","1","100","0.09016567968378485","80","20","0.3482647696839843","0.2349050823985661","0.8017035188256569","0.06474915337862323"
"1176","100","0.4","0.35","144","5","periodic","60","0.2","0.5","0.1","1","0.05","500","2000","0.5","0.01","true","false","all","5","8","1.5","0.3","1","mixed","0.8","0.25","0.2","3000","0","19.702825297479066","62.889226407027564","0.34938459115015313","68.39522066348235","40.69986829230985","0.37997344813045747","0.2261103794017214","1227.877963107964","1231.2990624206288","1214.1935658573027","1.0140879486140648","1537.3826493399583","793.5264777197835","4512.807335820651","0.17583876701784376","0.01537469388472923","0.5353911615512883","0.5353911615512883","0.5124978264814525","0.48525197540530923","0.4875327082804196","0.47612904390486843","100","0.08161723495978818","80","20","0.3308922736727907","0.21446863520007226","0.7965868275636647","0.0732766821865562"
"1178","100","0.4","0.35","144","5","periodic","60","0.2","0.5","0.1","1","0.05","500","2000","0.5","0.01","true","false","all","5","8","1.5","0.3","1","mixed","0.8","0.25","0.2","3000","0","26.59706070973465","94.09378152162725","0.5227432306757069","95.45630943033665","40.264102328614726","0.5303128301685369","0.22368945738119292","17906.81106167823","17956.71873784456","17707.180357012905","1.0140924967047515","1426.6195641762422","947.8650727915086","3341.637529715178","0.2836528690986719","0.01065184805548669","1","1","1","1","1","1","100","0.0849526006872788","80","20","0.3331566598673888","0.22273859855176462","0.774828905129886","0.06722381499723074"
"1179","100","0.4","0.35","144","5","periodic","60","0.2","0.5","0.1","1","0.05","500","2000","0.5","0.01","true","false","all","5","8","1.5","0.3","1","mixed","0.8","0.25","0.2","3000","-1","49.16987995107146","80.23323328050203","0.445740184891678","86.41770687264163","41.03151945356164","0.4800983715146757","0.22795288585312024","21681.13291733007","21798.605547392137","21211.24239708178","1.0276911243252382","1555.2318822211155","887.9068634089914","4224.531957469612","0.21017875408399692","0.011942128616525771","1","1","1","1","1","1","100","0.08541039814395902","80","20","0.3487172481074223","0.23912927359991584","0.7870691461374484","0.06569864813714907"
"1180","100","0.4","0.35","144","5","periodic","60","0.2","0.5","0.1","1","0.05","500","2000","0.5","0.01","true","false","all","5","8","1.5","0.3","1","mixed","0.8","0.25","0.2","3000","7","29.512796931505463","75.87423987919973","0.421523554884443","81.51241175277524","45.55501162157931","0.4528467319598624","0.2530833978976628","16088.150908514068","16152.67324492164","15830.061562883755","1.0203796858752783","1453.5260539760918","840.7163127188787","3904.765019004945","0.2153052254430202","0.012446728393508355","1","1","1","1","1","1","100","0.07428308791142992","80","20","0.360583734073386","0.25802115240458556","0.7708340607485888","0.06265944811035305"
"1182","100","0.4","0.35","144","5","periodic","60","0.2","0.5","0.1","1","0.05","500","2000","0.5","0.01","true","false","all","5","8","1.5","0.3","1","mixed","0.8","0.25","0.2","3000","91","41.27067669159967","65.20486066246926","0.362249225902607","73.1834595170809","32.69143287206162","0.4065747750948939","0.18161907151145343","6623.4500343397485","6643.535136169565","6543.109627020475","1.0153482846648896","1507.066991482694","842.4365718435023","4165.588670039459","0.20223709986121172","0.010898968878165771","1","1","1","1","1","1","100","0.08285577541966223","80","20","0.36270767737754334","0.2499288630568537","0.8138229346603024","0.07087376113948385"
"1181","100","0.4","0.35","144","5","periodic","60","0.2","0.5","0.1","1","0.05","500","2000","0.5","0.01","true","false","all","5","8","1.5","0.3","1","mixed","0.8","0.25","0.2","3000","126","29.041063396693062","73.95442712670817","0.41085792848171204","80.75509930063672","46.47377839503058","0.4486394405590929","0.2581876577501699","2647.078410603214","2658.14793705049","2602.800304814111","1.0212646479770302","1499.7919844136677","933.3787081203875","3765.4450895867894","0.2478800476208284","0.019725571147098497","1","1","1","1","1","1","100","0.08314575092155178","80","20","0.354822399875135","0.25425366782041336","0.757097328094021","0.06087749140670711"
"1183","100","0.4","0.35","144","5","periodic","60","0.2","0.5","0.1","1","0.05","500","2000","0.5","0.01","true","false","all","5","8","1.5","0.3","1","mixed","0.8","0.25","0.2","3000","71","29.591656066932558","75.2959465024061","0.4183108139022561","80.02263899875518","42.48141617655534","0.44457021665975105","0.23600786764752968","8019.820981159968","8048.75882596631","7904.069601934588","1.0183056616804478","1285.9237033924949","730.5088646173803","3507.583058492952","0.20826559269882164","0.009779416038420363","1","1","1","1","1","1","100","0.07944292222972861","80","20","0.38289994359914786","0.2777364172419331","0.8035540490280075","0.06357848256115411"
"1185","100","0.4","0.35","144","5","periodic","60","0.2","0.5","0.1","1","0.05","500","2000","0.5","0.01","true","false","all","5","8","1.5","0.3","1","mixed","0.8","0.25","0.2","3000","0","14.53329543187128","79.56442776866999","0.44202459871483324","87.14503903837735","48.975210186441764","0.48413910576876307","0.2720845010357876","1085.0067213608568","1087.7928408804573","1073.8622432824532","1.0129724251738497","1311.8289666399658","822.8573392380962","3267.7154762474447","0.251814255316697","0.015117344838818214","0.4416267481058952","0.4416267481058952","0.4189688183695119","0.39000448090723777","0.3918618939203048","0.38257482885496874","100","0.09061740324376581","80","20","0.35188958536237136","0.240254502736757","0.7984299158648295","0.06583424143260688"
"1184","100","0.4","0.35","144","5","periodic","60","0.2","0.5","0.1","1","0.05","500","2000","0.5","0.01","true","false","all","5","8","1.5","0.3","1","mixed","0.8","0.25","0.2","3000","126","23.896537624903686","69.24148868668526","0.38467493714825146","75.79484144376465","42.68137862134722","0.4210824524653592","0.23711877011859567","5987.926457699131","6000.003977607734","5939.616378064714","1.0101669191576126","1471.4134977895635","765.172193471117","4296.378715063348","0.17809700778666923","0.01561862421830229","1","1","1","1","1","1","100","0.0761803099555259","80","20","0.337758039588947","0.22323894935577124","0.7958344005216496","0.07591442149548461"
"1186","100","0.4","0.35","144","5","periodic","60","0.2","0.5","0.1","1","0.05","500","2000","0.5","0.01","true","false","all","5","8","1.5","0.3","1","mixed","0.8","0.25","0.2","3000","24","20.635412123884763","95.28796195763206","0.5293775664312892","95.25243320095498","87.30417042450682","0.5291801844497499","0.4850231690250379","817.137158698282","821.4376911237339","799.9350289964742","1.026880510726271","1520.1096986318246","1035.481892563745","3458.62092290414","0.29939155393019196","0.02084985087829927","0.2780154575064296","0.2780154575064296","0.22139332942005444","0.21142477246552122","0.21429179408248916","0.19995668599764946","100","0.08041736071773752","80","20","0.37830485568844957","0.267465316719974","0.8216630115623517","0.07201260528440286"
"1187","100","0.4","0.35","144","5","periodic","60","0.2","0.5","0.1","1","0.05","500","2000","0.5","0.01","true","false","all","5","8","1.5","0.3","1","mixed","0.8","0.25","0.2","3000","75","23.187437736172186","74.70309439565379","0.4150171910869655","81.0716732910553","44.99653599069926","0.45039818495030726","0.24998075550388477","7484.749464228163","7500.3002224494685","7422.54643134294","1.010475352606512","1348.805188058701","842.9328091988882","3372.29470349795","0.24995822824278874","0.010048124339592901","1","1","1","1","1","1","100","0.08333808112563983","80","20","0.3625299479792682","0.2502144575499601","0.8117919096965007","0.06762607131948957"
"1188","100","0.4","0.35","144","5","periodic","60","0.2","0.5","0.1","1","0.05","500","2000","0.5","0.01","true","false","all","5","8","1.5","0.3","1","mixed","0.8","0.25","0.2","3000","96","29.148631594170368","72.40812113232784","0.40226733962404354","81.88185534445276","33.69653238237187","0.4548991963580709","0.1872029576798437","2290.0462208696745","2298.3202409388855","2256.9501405928268","1.0183300905066484","1506.5069581172866","896.954158960337","3944.718154745083","0.22738105075552606","0.016126651850554508","1","1","1","1","1","1","100","0.0896895126381243","80","20","0.375328761273231","0.26297707510538504","0.8247355059446149","0.06952205469222562"
"1190","100","0.4","0.35","144","5","periodic","60","0.2","0.5","0.1","1","0.05","500","2000","0.5","0.01","true","false","all","5","8","1.5","0.3","1","mixed","0.8","0.25","0.2","3000","61","33.89974056207902","90.29961142066581","0.5016645078925879","92.51104543347671","65.46806385816072","0.5139502524082039","0.36371146587867065","3973.2843642886005","3981.0216262532585","3942.3353164299674","1.0098130439747384","1387.7505347192139","812.8638030402465","3687.2974614350846","0.22044974986202556","0.020153920557668403","1","1","1","1","1","1","100","0.09409091556231824","80","20","0.3614557911637844","0.2487675873558345","0.8122086063955838","0.0666346382276791"
"1189","100","0.4","0.35","144","5","periodic","60","0.2","0.5","0.1","1","0.05","500","2000","0.5","0.01","true","false","all","5","8","1.5","0.3","1","mixed","0.8","0.25","0.2","3000","0","36.575597539009124","66.65481145063738","0.3703045080590966","73.95620737788474","34.30095666087605","0.4108678187660263","0.19056087033820027","4364.152911415778","4380.547910302949","4298.572915867086","1.0190702812399142","1456.5812951978014","763.9867658220533","4226.959412700797","0.1807414482207927","0.0156320556725964","1","1","1","1","1","1","100","0.09430027555454107","80","20","0.35480382993608367","0.23253015629147225","0.8438985245145287","0.07956915613172612"
"1191","100","0.4","0.35","144","5","periodic","60","0.2","0.5","0.1","1","0.05","500","2000","0.5","0.01","true","false","all","5","8","1.5","0.3","1","mixed","0.8","0.25","0.2","3000","11","38.298662849154454","67.42837931801515","0.37460210732230637","73.34511434702121","44.079399959559225","0.40747285748345113","0.24488555533088457","3484.3536371652153","3497.308151045406","3432.5355816444508","1.018870181491294","1393.0771609955743","795.1439479824977","3784.8100130478865","0.21008820660516395","0.012216143851965677","1","1","1","1","1","1","100","0.0755977483744289","80","20","0.34333971300526855","0.22125706566016365","0.8316703023856883","0.0778555260070077"
"1192","100","0.4","0.35","144","5","periodic","60","0.2","0.5","0.1","1","0.05","500","2000","0.5","0.01","true","false","all","5","8","1.5","0.3","1","mixed","0.8","0.25","0.2","3000","0","37.54375417361497","98.65556236462292","0.5480864575812384","99.93167237370702","58.24693059237261","0.5551759576317057","0.3235940588465145","19788.494160734917","19890.046346438357","19382.285417921164","1.0261971649663009","1719.1650405178195","959.5414830053875","4757.659270567546","0.20168352301759576","0.011031597809619598","1","1","1","1","1","1","100","0.07821085142429851","80","20","0.3633326250831788","0.2488330348921261","0.8213309858473898","0.07024774031805835"
"1193","100","0.4","0.35","144","5","periodic","60","0.2","0.5","0.1","1","0.05","500","2000","0.5","0.01","true","false","all","5","8","1.5","0.3","1","mixed","0.8","0.25","0.2","3000","-1","46.24435773299145","66.25123156585072","0.36806239758805953","76.87274912217345","22.89958082280132","0.4270708284565191","0.12721989346000734","21707.400736783497","21794.459508708518","21359.165649083458","1.0203797220723243","1498.7720542157151","845.7890781527309","4110.70395846765","0.2057528556417904","0.009836331613042981","1","1","1","1","1","1","100","0.08533217627019621","80","20","0.3522842832366949","0.25019788390567077","0.7606298805607918","0.058995360807551724"
"1194","100","0.4","0.35","144","5","periodic","60","0.2","0.5","0.1","1","0.05","500","2000","0.5","0.01","true","false","all","5","8","1.5","0.3","1","mixed","0.8","0.25","0.2","3000","140","36.48454887911757","74.50119188233847","0.41389551045743594","77.759410897062","58.004062479441686","0.4319967272059","0.32224479155245384","21403.067943594207","21472.619535432772","21124.861576239957","1.0164620230971808","1478.1017202127014","871.2331513393334","3905.575995706179","0.22307417709888974","0.009953642319995959","1","1","1","1","1","1","100","0.07641211650810964","80","20","0.3523581950348103","0.22952540118798317","0.8436893704221184","0.08022015354721065"
"1195","100","0.4","0.35","144","5","periodic","60","0.2","0.5","0.1","1","0.05","500","2000","0.5","0.01","true","false","all","5","8","1.5","0.3","1","mixed","0.8","0.25","0.2","3000","128","48.62531816917554","116.75014849569529","0.648611936087196","113.93524534886994","115.92515586296929","0.6329735852714997","0.6440286436831627","7033.9769620902125","7054.665679679793","6951.222091731896","1.0148813527438492","1479.3746650238543","904.5989168725915","3778.477657628904","0.23940830113052766","0.011832599862875659","1","1","1","1","1","1","100","0.09007170897134306","80","20","0.39322905136648933","0.2910381127415974","0.8019928058660566","0.06395005165489777"
"1196","100","0.4","0.35","144","5","periodic","60","0.2","0.5","0.1","1","0.05","500","2000","0.5","0.01","true","false","all","5","8","1.5","0.3","1","mixed","0.8","0.25","0.2","3000","96","17.120305350597818","93.24656211916395","0.5180364562175775","96.96275152172132","33.44848891299931","0.5386819528984518","0.18582493840555173","2380.1976839548333","2391.711538541467","2334.1422656083023","1.0246639948992826","1542.6444763549528","872.9246613840081","4221.523736238731","0.20677952225888976","0.016952265471839922","1","1","1","1","1","1","100","0.0812172101600763","80","20","0.36479777798630075","0.25424268850295195","0.8070181359196958","0.06892746962622301"
"1201","100","0.4","0.35","144","5","periodic","60","0.2","0.5","0.1","1","0.05","500","2000","0.5","0.01","true","false","all","5","8","1.5","0.3","1","mixed","0.8","0.5","0","3000","-1","36.77946651142558","92.34965880121564","0.5130536600067536","92.34965880121564","0","0.5130536600067536","0","21801.29494738561","21801.29494738561","0","0","1109.0438491387845","1109.0438491387845","0","0","0.008758925101883364","1","1","0","1","1","0","100","0.08923521724433454","100","0","0.5132423503751455","0.5132423503751455","0","0.024502970982752448"
"1202","100","0.4","0.35","144","5","periodic","60","0.2","0.5","0.1","1","0.05","500","2000","0.5","0.01","true","false","all","5","8","1.5","0.3","1","mixed","0.8","0.5","0","3000","1","20.813695933151806","82.4336764231169","0.45796486901731615","82.4336764231169","0","0.45796486901731615","0","3172.1726528820595","3172.1726528820595","0","0","1066.2540347195852","1066.2540347195852","0","0","0.020033502684871918","1","1","0","1","1","0","100","0.0974702265328501","100","0","0.4662917692325157","0.4662917692325157","0","0.021264765501984896"
"1198","100","0.4","0.35","144","5","periodic","60","0.2","0.5","0.1","1","0.05","500","2000","0.5","0.01","true","false","all","5","8","1.5","0.3","1","mixed","0.8","0.25","0.2","3000","0","21.815825070811442","108.93629290528713","0.6052016272515952","103.73141189535893","127.58722541772299","0.5762856216408829","0.7088179189873499","1962.0992870797813","1967.5474134576966","1940.3067815681147","1.014039342720622","1388.4228414654617","707.5442122191564","4111.937358450686","0.17207076629342133","0.013362125587608631","1","1","1","0.9716720669161302","0.9748116617485152","0.9591136875865887","100","0.07734403119940368","80","20","0.35049294688761884","0.23206778028002054","0.8241936133180128","0.07523144597311238"
"1197","100","0.4","0.35","144","5","periodic","60","0.2","0.5","0.1","1","0.05","500","2000","0.5","0.01","true","false","all","5","8","1.5","0.3","1","mixed","0.8","0.25","0.2","3000","-1","33.92660419556893","94.03553870234131","0.5224196594574517","88.1259505953477","92.17296229688517","0.48958861441859836","0.5120720127604732","21692.45330875349","21765.286042890697","21401.122372204663","1.017016101508723","1544.444904922122","952.213825346503","3913.3692232245985","0.24332327747032342","0.00998426935993213","1","1","1","1","1","1","100","0.07969378823185005","80","20","0.3722629079881619","0.2595774125058791","0.8230048899172934","0.06774081354539532"
"1203","100","0.4","0.35","144","5","periodic","60","0.2","0.5","0.1","1","0.05","500","2000","0.5","0.01","true","false","all","5","8","1.5","0.3","1","mixed","0.8","0.5","0","3000","21","10.637859660228884","100.99838411813839","0.5611021339896577","100.99838411813839","0","0.5611021339896577","0","3223.422864040293","3223.422864040293","0","0","1081.848778952064","1081.848778952064","0","0","0.0209363327143246","1","1","0","1","1","0","100","0.07812096580458987","100","0","0.5126816065372033","0.5126816065372033","0","0.021761256243365338"
"1200","100","0.4","0.35","144","5","periodic","60","0.2","0.5","0.1","1","0.05","500","2000","0.5","0.01","true","false","all","5","8","1.5","0.3","1","mixed","0.8","0.25","0.2","3000","0","35.796401052931714","76.4766347455873","0.42487019303104057","84.6291907478859","43.8852735866056","0.47016217082158834","0.24380707548114222","3096.602329992803","3114.5709057513022","3024.7280269588014","1.0297027957527916","1722.5526596180412","777.8872147243071","5501.214439192974","0.14140281629131016","0.02190763280439345","1","1","1","1","1","1","100","0.08540656579803552","80","20","0.36710808575154097","0.2554612212244225","0.8136955438600155","0.06821747886182826"
"1199","100","0.4","0.35","144","5","periodic","60","0.2","0.5","0.1","1","0.05","500","2000","0.5","0.01","true","false","all","5","8","1.5","0.3","1","mixed","0.8","0.25","0.2","3000","-1","41.59591311453225","100.72952336012686","0.5596084631118159","96.76086567614558","103.77875915837691","0.5375603648674755","0.5765486619909829","21671.99923848914","21771.242041195048","21275.02802766556","1.023323777194757","1569.614522354449","847.5087978668423","4458.037420304872","0.19010804934178493","0.01226586236577032","1","1","1","1","1","1","100","0.08872330190927227","80","20","0.35580751473618044","0.2371838226515898","0.8303022830745437","0.07504977161326071"
"1205","100","0.4","0.35","144","5","periodic","60","0.2","0.5","0.1","1","0.05","500","2000","0.5","0.01","true","false","all","5","8","1.5","0.3","1","mixed","0.8","0.5","0","3000","0","7.653237351534088","73.85810263293357","0.4103227924051865","73.85810263293357","0","0.4103227924051865","0","898.724380985431","898.724380985431","0","0","979.938148201229","979.938148201229","0","0","0.015525441513403848","0.3127202409664946","0.3127202409664946","0","0.26581625399028763","0.26581625399028763","0","100","0.08086752444068214","100","0","0.48387132979046094","0.48387132979046094","0","0.020772312391964757"
"1204","100","0.4","0.35","144","5","periodic","60","0.2","0.5","0.1","1","0.05","500","2000","0.5","0.01","true","false","all","5","8","1.5","0.3","1","mixed","0.8","0.5","0","3000","0","18.418960614413947","83.79120115001574","0.46550667305564297","83.79120115001574","0","0.46550667305564297","0","3577.492484539753","3577.492484539753","0","0","1183.9105862056213","1183.9105862056213","0","0","0.018934490211832244","1","1","0","1","1","0","100","0.08945427787289637","100","0","0.4995188096020034","0.4995188096020034","0","0.017522120234366077"
"1206","100","0.4","0.35","144","5","periodic","60","0.2","0.5","0.1","1","0.05","500","2000","0.5","0.01","true","false","all","5","8","1.5","0.3","1","mixed","0.8","0.5","0","3000","71","12.658045305399824","88.22928954375855","0.49016271968754754","88.22928954375855","0","0.49016271968754754","0","1558.0658255727574","1558.0658255727574","0","0","878.6145459245564","878.6145459245564","0","0","0.018338666707207185","0.7943634563523442","0.7943634563523442","0","0.7053772170485046","0.7053772170485046","0","100","0.09352233111432805","100","0","0.4839466468569047","0.4839466468569047","0","0.022158754499736394"
"1207","100","0.4","0.35","144","5","periodic","60","0.2","0.5","0.1","1","0.05","500","2000","0.5","0.01","true","false","all","5","8","1.5","0.3","1","mixed","0.8","0.5","0","3000","-1","35.84054423092239","91.33403733399719","0.5074113185222066","91.33403733399719","0","0.5074113185222066","0","21824.90825182098","21824.90825182098","0","0","1066.8741692342512","1066.8741692342512","0","0","0.009754788565914607","1","1","0","1","1","0","100","0.07741191346398031","100","0","0.5019512085833138","0.5019512085833138","0","0.02505422285475196"
"1209","100","0.4","0.35","144","5","periodic","60","0.2","0.5","0.1","1","0.05","500","2000","0.5","0.01","true","false","all","5","8","1.5","0.3","1","mixed","0.8","0.5","0","3000","41","21.55180560082853","105.31371043802272","0.5850761691001263","105.31371043802272","0","0.5850761691001263","0","7215.647130155096","7215.647130155096","0","0","1054.8510031690425","1054.8510031690425","0","0","0.013666289666923293","1","1","0","1","1","0","100","0.08344242331618625","100","0","0.48634415648049356","0.48634415648049356","0","0.02084443122678655"
"1208","100","0.4","0.35","144","5","periodic","60","0.2","0.5","0.1","1","0.05","500","2000","0.5","0.01","true","false","all","5","8","1.5","0.3","1","mixed","0.8","0.5","0","3000","0","15.139875529904145","90.77863657757267","0.5043257587642926","90.77863657757267","0","0.5043257587642926","0","5713.3293536037645","5713.3293536037645","0","0","919.9163206742755","919.9163206742755","0","0","0.01152746649472558","1","1","0","1","1","0","100","0.07367468745852152","100","0","0.499135824012123","0.499135824012123","0","0.025092074222403102"
"1210","100","0.4","0.35","144","5","periodic","60","0.2","0.5","0.1","1","0.05","500","2000","0.5","0.01","true","false","all","5","8","1.5","0.3","1","mixed","0.8","0.5","0","3000","-1","46.53192333462799","76.21518356762898","0.4234176864868277","76.21518356762898","0","0.4234176864868277","0","21802.870268592043","21802.870268592043","0","0","964.5520780028476","964.5520780028476","0","0","0.00975443956958233","1","1","0","1","1","0","100","0.09266716053224276","100","0","0.5084638736843151","0.5084638736843151","0","0.022235511118586057"
"1213","100","0.4","0.35","144","5","periodic","60","0.2","0.5","0.1","1","0.05","500","2000","0.5","0.01","true","false","all","5","8","1.5","0.3","1","mixed","0.8","0.5","0","3000","0","13.604555742657453","85.48015070279331","0.4748897261266295","85.48015070279331","0","0.4748897261266295","0","3104.722156210002","3104.722156210002","0","0","1160.9829222421731","1160.9829222421731","0","0","0.022867216092120612","1","1","0","1","1","0","100","0.0877603014004107","100","0","0.5072205186780089","0.5072205186780089","0","0.020235527634584333"
"1211","100","0.4","0.35","144","5","periodic","60","0.2","0.5","0.1","1","0.05","500","2000","0.5","0.01","true","false","all","5","8","1.5","0.3","1","mixed","0.8","0.5","0","3000","0","13.929192699595916","79.76124149860715","0.4431180083255953","79.76124149860715","0","0.4431180083255953","0","663.8265617363277","663.8265617363277","0","0","893.2282410361695","893.2282410361695","0","0","0.02002623466057063","0.15171292759146363","0.15171292759146363","0","0.1092177078242183","0.1092177078242183","0","100","0.0769976495865191","100","0","0.5076667225689744","0.5076667225689744","0","0.023494282495958925"
"1212","100","0.4","0.35","144","5","periodic","60","0.2","0.5","0.1","1","0.05","500","2000","0.5","0.01","true","false","all","5","8","1.5","0.3","1","mixed","0.8","0.5","0","3000","96","28.20392546905562","106.26458686152714","0.5903588158973729","106.26458686152714","0","0.5903588158973729","0","4246.197239618684","4246.197239618684","0","0","955.5666590978051","955.5666590978051","0","0","0.013722653182970834","1","1","0","1","1","0","100","0.08866579101437563","100","0","0.48139100526388473","0.48139100526388473","0","0.022783401152183656"
"1214","100","0.4","0.35","144","5","periodic","60","0.2","0.5","0.1","1","0.05","500","2000","0.5","0.01","true","false","all","5","8","1.5","0.3","1","mixed","0.8","0.5","0","3000","0","28.392328987369822","94.33170104395326","0.5240650057997404","94.33170104395326","0","0.5240650057997404","0","17942.999158418657","17942.999158418657","0","0","1047.6905727892402","1047.6905727892402","0","0","0.00904967950849822","1","1","0","1","1","0","100","0.0845401044937277","100","0","0.49618922356569617","0.49618922356569617","0","0.020868832687827906"
"1215","100","0.4","0.35","144","5","periodic","60","0.2","0.5","0.1","1","0.05","500","2000","0.5","0.01","true","false","all","5","8","1.5","0.3","1","mixed","0.8","0.5","0","3000","0","22.868743019865448","68.26335037383765","0.3792408354102092","68.26335037383765","0","0.3792408354102092","0","2914.367605684315","2914.367605684315","0","0","928.788481682211","928.788481682211","0","0","0.010981229778028068","1","1","0","1","1","0","100","0.0880210785435863","100","0","0.5089685025007025","0.5089685025007025","0","0.02474341756640388"
"1216","100","0.4","0.35","144","5","periodic","60","0.2","0.5","0.1","1","0.05","500","2000","0.5","0.01","true","false","all","5","8","1.5","0.3","1","mixed","0.8","0.5","0","3000","0","25.82865956098746","92.53121311906507","0.514062295105917","92.53121311906507","0","0.514062295105917","0","10862.022509474255","10862.022509474255","0","0","892.958204050897","892.958204050897","0","0","0.011937131266914536","1","1","0","1","1","0","100","0.08367295659060953","100","0","0.5018364413483782","0.5018364413483782","0","0.019417819748759647"
"1217","100","0.4","0.35","144","5","periodic","60","0.2","0.5","0.1","1","0.05","500","2000","0.5","0.01","true","false","all","5","8","1.5","0.3","1","mixed","0.8","0.5","0","3000","0","31.506403921197588","98.04772865112338","0.5447096036173521","98.04772865112338","0","0.5447096036173521","0","17955.051136154707","17955.051136154707","0","0","889.8947671372871","889.8947671372871","0","0","0.008877824076920282","1","1","0","1","1","0","100","0.0935496211991147","100","0","0.5179150667937162","0.5179150667937162","0","0.022338577805224143"
"1218","100","0.4","0.35","144","5","periodic","60","0.2","0.5","0.1","1","0.05","500","2000","0.5","0.01","true","false","all","5","8","1.5","0.3","1","mixed","0.8","0.5","0","3000","61","18.313952002795133","88.20610216331679","0.49003390090731547","88.20610216331679","0","0.49003390090731547","0","4750.497091876872","4750.497091876872","0","0","994.4462269177845","994.4462269177845","0","0","0.016461754778494653","1","1","0","1","1","0","100","0.08126639238767167","100","0","0.4925081782402853","0.4925081782402853","0","0.02733159016933786"
"1221","100","0.4","0.35","144","5","periodic","60","0.2","0.5","0.1","1","0.05","500","2000","0.5","0.01","true","false","all","5","8","1.5","0.3","1","mixed","0.8","0.5","0","3000","1","13.846407388980936","100.10108556392686","0.5561171420218158","100.10108556392686","0","0.5561171420218158","0","752.0383663549023","752.0383663549023","0","0","992.7894714494162","992.7894714494162","0","0","0.02198602430460639","0.22773351495140043","0.22773351495140043","0","0.16802557756993505","0.16802557756993505","0","100","0.08766119909713586","100","0","0.4792721927182945","0.4792721927182945","0","0.021937076728347285"
"1219","100","0.4","0.35","144","5","periodic","60","0.2","0.5","0.1","1","0.05","500","2000","0.5","0.01","true","false","all","5","8","1.5","0.3","1","mixed","0.8","0.5","0","3000","141","33.98014464703333","86.93712572804833","0.4829840318224907","86.93712572804833","0","0.4829840318224907","0","20862.84510021179","20862.84510021179","0","0","1109.2480894032424","1109.2480894032424","0","0","0.009634556666337168","1","1","0","1","1","0","100","0.08551582046011093","100","0","0.48857734620330406","0.48857734620330406","0","0.022383010284935993"
"1220","100","0.4","0.35","144","5","periodic","60","0.2","0.5","0.1","1","0.05","500","2000","0.5","0.01","true","false","all","5","8","1.5","0.3","1","mixed","0.8","0.5","0","3000","0","25.50302505864029","92.81916443270042","0.5156620246261134","92.81916443270042","0","0.5156620246261134","0","3043.5543191253523","3043.5543191253523","0","0","1002.8081463424123","1002.8081463424123","0","0","0.023155606721946054","1","1","0","1","1","0","100","0.0733565441747354","100","0","0.5181576496741845","0.5181576496741845","0","0.021412531767716396"
"1222","100","0.4","0.35","144","5","periodic","60","0.2","0.5","0.1","1","0.05","500","2000","0.5","0.01","true","false","all","5","8","1.5","0.3","1","mixed","0.8","0.5","0","3000","126","31.677095833119992","85.18365921476378","0.4732425511931321","85.18365921476378","0","0.4732425511931321","0","16658.907568336675","16658.907568336675","0","0","953.2045042516835","953.2045042516835","0","0","0.009213390791130704","1","1","0","1","1","0","100","0.08196112668341185","100","0","0.5096837252415948","0.5096837252415948","0","0.022133793777436954"
"1223","100","0.4","0.35","144","5","periodic","60","0.2","0.5","0.1","1","0.05","500","2000","0.5","0.01","true","false","all","5","8","1.5","0.3","1","mixed","0.8","0.5","0","3000","0","9.908880499132138","83.31475031614771","0.46285972397859837","83.31475031614771","0","0.46285972397859837","0","678.9499698224804","678.9499698224804","0","0","1104.932379396647","1104.932379396647","0","0","0.020329529653172473","0.1588219245367339","0.1588219245367339","0","0.11929997988165333","0.11929997988165333","0","100","0.0815499558294424","100","0","0.4938724134658638","0.4938724134658638","0","0.0271061956400224"
"1224","100","0.4","0.35","144","5","periodic","60","0.2","0.5","0.1","1","0.05","500","2000","0.5","0.01","true","false","all","5","8","1.5","0.3","1","mixed","0.8","0.5","0","3000","0","12.13945654981444","80.29212003085654","0.4460673335047585","80.29212003085654","0","0.4460673335047585","0","801.1503787511293","801.1503787511293","0","0","1008.5664923838563","1008.5664923838563","0","0","0.018489140913493296","0.2388267223628299","0.2388267223628299","0","0.20076691916742","0.20076691916742","0","100","0.0890537800737654","100","0","0.49320911266824424","0.49320911266824424","0","0.024268876836236207"
"1225","100","0.4","0.35","144","5","periodic","60","0.2","0.5","0.1","1","0.05","500","2000","0.5","0.01","true","false","all","5","8","1.5","0.3","1","mixed","0.8","0.5","0","3000","0","8.361934386999351","93.9863407931572","0.5221463377397622","93.9863407931572","0","0.5221463377397622","0","670.709740645693","670.709740645693","0","0","1116.7530051848426","1116.7530051848426","0","0","0.023244506549233046","0.17044720300401264","0.17044720300401264","0","0.11380649376379531","0.11380649376379531","0","100","0.06571199242303342","100","0","0.5158026420603989","0.5158026420603989","0","0.03181399573711152"
"1226","100","0.4","0.35","144","5","periodic","60","0.2","0.5","0.1","1","0.05","500","2000","0.5","0.01","true","false","all","5","8","1.5","0.3","1","mixed","0.8","0.5","0","3000","-1","32.27590863461707","77.38904812553287","0.42993915625296036","77.38904812553287","0","0.42993915625296036","0","21794.779518419517","21794.779518419517","0","0","1057.059539163407","1057.059539163407","0","0","0.00874823326747265","1","1","0","1","1","0","100","0.09596319075823921","100","0","0.5041734074336275","0.5041734074336275","0","0.026336889493985962"
"1228","100","0.4","0.35","144","5","periodic","60","0.2","0.5","0.1","1","0.05","500","2000","0.5","0.01","true","false","all","5","8","1.5","0.3","1","mixed","0.8","0.5","0","3000","31","18.112049359528697","88.16545858449756","0.48980810324720864","88.16545858449756","0","0.48980810324720864","0","1032.4503721240185","1032.4503721240185","0","0","1280.831427840325","1280.831427840325","0","0","0.01916255807936973","0.4112108440729018","0.4112108440729018","0","0.3549669147493454","0.3549669147493454","0","100","0.07532816432858812","100","0","0.5008016124798128","0.5008016124798128","0","0.024553067008304345"
"1227","100","0.4","0.35","144","5","periodic","60","0.2","0.5","0.1","1","0.05","500","2000","0.5","0.01","true","false","all","5","8","1.5","0.3","1","mixed","0.8","0.5","0","3000","0","27.87931460061293","81.69206420189002","0.45384480112161124","81.69206420189002","0","0.45384480112161124","0","13995.340070319444","13995.340070319444","0","0","914.9479865607609","914.9479865607609","0","0","0.010028014437158506","1","1","0","1","1","0","100","0.07257837021692083","100","0","0.47464621041589317","0.47464621041589317","0","0.020012368662578908"
"1229","100","0.4","0.35","144","5","periodic","60","0.2","0.5","0.1","1","0.05","500","2000","0.5","0.01","true","false","all","5","8","1.5","0.3","1","mixed","0.8","0.5","0","3000","0","10.262407863262865","101.27773355712151","0.5626540753173417","101.27773355712151","0","0.5626540753173417","0","761.8713058267598","761.8713058267598","0","0","1130.4055752218865","1130.4055752218865","0","0","0.01819919353896915","0.20838502917738688","0.20838502917738688","0","0.1745808705511731","0.1745808705511731","0","100","0.09418220422522038","100","0","0.5018800739381314","0.5018800739381314","0","0.023602416457763502"
"1230","100","0.4","0.35","144","5","periodic","60","0.2","0.5","0.1","1","0.05","500","2000","0.5","0.01","true","false","all","5","8","1.5","0.3","1","mixed","0.8","0.5","0","3000","146","35.76165966446631","81.04559151862343","0.4502532862145746","81.04559151862343","0","0.4502532862145746","0","13451.972699816159","13451.972699816159","0","0","1094.180069012227","1094.180069012227","0","0","0.011068843578920129","1","1","0","1","1","0","100","0.08232933524807423","100","0","0.48258061385829415","0.48258061385829415","0","0.0202904718131878"
"1231","100","0.4","0.35","144","5","periodic","60","0.2","0.5","0.1","1","0.05","500","2000","0.5","0.01","true","false","all","5","8","1.5","0.3","1","mixed","0.8","0.5","0","3000","146","25.03933141791765","86.65053539036917","0.48139186327982875","86.65053539036917","0","0.48139186327982875","0","5239.279063758101","5239.279063758101","0","0","1011.477337456363","1011.477337456363","0","0","0.017434362806655335","1","1","0","1","1","0","100","0.07544165387943269","100","0","0.5203160120098522","0.5203160120098522","0","0.019291864465747793"
"1233","100","0.4","0.35","144","5","periodic","60","0.2","0.5","0.1","1","0.05","500","2000","0.5","0.01","true","false","all","5","8","1.5","0.3","1","mixed","0.8","0.5","0","3000","0","25.960549812751722","83.01778918357009","0.4612099399087227","83.01778918357009","0","0.4612099399087227","0","5556.656456670163","5556.656456670163","0","0","1188.562681112067","1188.562681112067","0","0","0.018176778093138113","1","1","0","1","1","0","100","0.09333001278693238","100","0","0.5194949455282772","0.5194949455282772","0","0.017517987565076554"
"1232","100","0.4","0.35","144","5","periodic","60","0.2","0.5","0.1","1","0.05","500","2000","0.5","0.01","true","false","all","5","8","1.5","0.3","1","mixed","0.8","0.5","0","3000","0","10.497884964736414","80.66579383406844","0.448143299078158","80.66579383406844","0","0.448143299078158","0","891.6000010080375","891.6000010080375","0","0","955.6679115343032","955.6679115343032","0","0","0.01569478302063798","0.3080785681921095","0.3080785681921095","0","0.2610666673386916","0.2610666673386916","0","100","0.07683642409358976","100","0","0.5193035348677298","0.5193035348677298","0","0.021513304512646707"
"1234","100","0.4","0.35","144","5","periodic","60","0.2","0.5","0.1","1","0.05","500","2000","0.5","0.01","true","false","all","5","8","1.5","0.3","1","mixed","0.8","0.5","0","3000","1","28.540578557306233","75.15769011769714","0.41754272287609523","75.15769011769714","0","0.41754272287609523","0","17992.580202392634","17992.580202392634","0","0","1012.1323031273279","1012.1323031273279","0","0","0.008962275613937365","1","1","0","1","1","0","100","0.09718244488623647","100","0","0.4985421002964263","0.4985421002964263","0","0.02168918256405293"
"1235","100","0.4","0.35","144","5","periodic","60","0.2","0.5","0.1","1","0.05","500","2000","0.5","0.01","true","false","all","5","8","1.5","0.3","1","mixed","0.8","0.5","0","3000","6","28.086472473898894","84.02033487902172","0.4667796382167873","84.02033487902172","0","0.4667796382167873","0","3282.5933053983954","3282.5933053983954","0","0","996.3815759880338","996.3815759880338","0","0","0.008931092299498955","1","1","0","1","1","0","100","0.08356313817236002","100","0","0.5124579549697477","0.5124579549697477","0","0.02383352296111348"
"1237","100","0.4","0.35","144","5","periodic","60","0.2","0.5","0.1","1","0.05","500","2000","0.5","0.01","true","false","all","5","8","1.5","0.3","1","mixed","0.8","0.5","0","3000","0","16.01763871762438","88.80285714818109","0.4933492063787838","88.80285714818109","0","0.4933492063787838","0","780.2067388066469","780.2067388066469","0","0","1016.4325667865494","1016.4325667865494","0","0","0.01831659889481485","0.2258718254202876","0.2258718254202876","0","0.18680449253776454","0.18680449253776454","0","100","0.08697990439934661","100","0","0.4851950735740159","0.4851950735740159","0","0.02577107526795923"
"1236","100","0.4","0.35","144","5","periodic","60","0.2","0.5","0.1","1","0.05","500","2000","0.5","0.01","true","false","all","5","8","1.5","0.3","1","mixed","0.8","0.5","0","3000","1","32.30189357191068","84.89365406476685","0.47163141147092696","84.89365406476685","0","0.47163141147092696","0","19885.152086791844","19885.152086791844","0","0","915.2949568507189","915.2949568507189","0","0","0.010058701311062235","1","1","0","1","1","0","100","0.08751593640699219","100","0","0.4889526877430941","0.4889526877430941","0","0.01865864030045568"
"1238","100","0.4","0.35","144","5","periodic","60","0.2","0.5","0.1","1","0.05","500","2000","0.5","0.01","true","false","all","5","8","1.5","0.3","1","mixed","0.8","0.5","0","3000","151","15.012873164366397","98.75593024504778","0.5486440569169321","98.75593024504778","0","0.5486440569169321","0","4228.068071773775","4228.068071773775","0","0","1007.4517286694391","1007.4517286694391","0","0","0.018176666118968177","1","1","0","1","1","0","100","0.09468439138102795","100","0","0.5100494449002384","0.5100494449002384","0","0.02748841211588257"
"1239","100","0.4","0.35","144","5","periodic","60","0.2","0.5","0.1","1","0.05","500","2000","0.5","0.01","true","false","all","5","8","1.5","0.3","1","mixed","0.8","0.5","0","3000","-1","20.522523476734733","79.16207861173346","0.43978932562074147","79.16207861173346","0","0.43978932562074147","0","21789.70420485486","21789.70420485486","0","0","929.5973839404868","929.5973839404868","0","0","0.009692050738542068","1","1","0","1","1","0","100","0.08414574788406935","100","0","0.5111421950865944","0.5111421950865944","0","0.02216715551408986"
"1240","100","0.4","0.35","144","5","periodic","60","0.2","0.5","0.1","1","0.05","500","2000","0.5","0.01","true","false","all","5","8","1.5","0.3","1","mixed","0.8","0.5","0","3000","0","27.430669440974114","82.94221241238694","0.4607900689577052","82.94221241238694","0","0.4607900689577052","0","14098.925537271523","14098.925537271523","0","0","841.9753718197085","841.9753718197085","0","0","0.01153021910652785","1","1","0","1","1","0","100","0.08792004364315954","100","0","0.5040859542938902","0.5040859542938902","0","0.019985442678758104"
"1241","100","0.4","0.35","144","5","periodic","60","0.2","0.5","0.1","1","0.05","500","2000","0.5","0.01","true","false","all","5","8","1.5","0.3","1","mixed","0.8","0.5","0","3000","0","8.75960271855898","89.30152298439893","0.4961195721355496","89.30152298439893","0","0.4961195721355496","0","920.9702667915142","920.9702667915142","0","0","1042.1652277140615","1042.1652277140615","0","0","0.01579232773844441","0.320108353655185","0.320108353655185","0","0.280646844527676","0.280646844527676","0","100","0.08554596658818751","100","0","0.49502185185311903","0.49502185185311903","0","0.02400999271220408"
"1242","100","0.4","0.35","144","5","periodic","60","0.2","0.5","0.1","1","0.05","500","2000","0.5","0.01","true","false","all","5","8","1.5","0.3","1","mixed","0.8","0.5","0","3000","126","25.926407589757176","81.65518222651242","0.45363990125840237","81.65518222651242","0","0.45363990125840237","0","18173.61249631059","18173.61249631059","0","0","1030.229165024782","1030.229165024782","0","0","0.008746735351410573","1","1","0","1","1","0","100","0.07241373557353616","100","0","0.4927021958369702","0.4927021958369702","0","0.02422071614079587"
"1244","100","0.4","0.35","144","5","periodic","60","0.2","0.5","0.1","1","0.05","500","2000","0.5","0.01","true","false","all","5","8","1.5","0.3","1","mixed","0.8","0.5","0","3000","51","9.393142423134819","92.91334691743933","0.5161852606524407","92.91334691743933","0","0.5161852606524407","0","1664.8713759295551","1664.8713759295551","0","0","1081.1394511273152","1081.1394511273152","0","0","0.01777526414038233","0.8645195689928922","0.8645195689928922","0","0.7765809172863698","0.7765809172863698","0","100","0.08654459544635364","100","0","0.48210271345567207","0.48210271345567207","0","0.025200999548950803"
"1243","100","0.4","0.35","144","5","periodic","60","0.2","0.5","0.1","1","0.05","500","2000","0.5","0.01","true","false","all","5","8","1.5","0.3","1","mixed","0.8","0.5","0","3000","0","24.788985873753234","81.08524034006746","0.4504735574448192","81.08524034006746","0","0.4504735574448192","0","8051.747666256104","8051.747666256104","0","0","1133.2315877623605","1133.2315877623605","0","0","0.012719303172614715","1","1","0","1","1","0","100","0.09415205795321478","100","0","0.4921965857856547","0.4921965857856547","0","0.025003424100547872"
"1246","100","0.4","0.35","144","5","periodic","60","0.2","0.5","0.1","1","0.05","500","2000","0.5","0.01","true","false","all","5","8","1.5","0.3","1","mixed","0.8","0.5","0","3000","61","29.845405968680026","85.9193921197039","0.4773299562205772","85.9193921197039","0","0.4773299562205772","0","10541.533261575945","10541.533261575945","0","0","947.4661611708804","947.4661611708804","0","0","0.011584243634850111","1","1","0","1","1","0","100","0.07915324018819979","100","0","0.499923412214735","0.499923412214735","0","0.023647605084593258"
"1245","100","0.4","0.35","144","5","periodic","60","0.2","0.5","0.1","1","0.05","500","2000","0.5","0.01","true","false","all","5","8","1.5","0.3","1","mixed","0.8","0.5","0","3000","31","11.30535926190312","89.54176796530784","0.4974542664739324","89.54176796530784","0","0.4974542664739324","0","1064.7766016288497","1064.7766016288497","0","0","1002.145816294445","1002.145816294445","0","0","0.018669636922781452","0.44299026311017103","0.44299026311017103","0","0.3765177344192328","0.3765177344192328","0","100","0.07054503643770145","100","0","0.5014966052773959","0.5014966052773959","0","0.0255303345645939"
"1247","100","0.4","0.35","144","5","periodic","60","0.2","0.5","0.1","1","0.05","500","2000","0.5","0.01","true","false","all","5","8","1.5","0.3","1","mixed","0.8","0.5","0","3000","6","12.154828931320651","92.94240100899424","0.5163466722721902","92.94240100899424","0","0.5163466722721902","0","805.9442385795337","805.9442385795337","0","0","916.1284713581517","916.1284713581517","0","0","0.01773089371998071","0.2719155767664737","0.2719155767664737","0","0.203962825719689","0.203962825719689","0","100","0.1026051442210173","100","0","0.4938983363017945","0.4938983363017945","0","0.02124887018411039"
"1248","100","0.4","0.35","144","5","periodic","60","0.2","0.5","0.1","1","0.05","500","2000","0.5","0.01","true","false","all","5","8","1.5","0.3","1","mixed","0.8","0.5","0","3000","46","27.323257100773233","98.96532010719321","0.5498073339288512","98.96532010719321","0","0.5498073339288512","0","1852.7838967426378","1852.7838967426378","0","0","942.5160772570052","942.5160772570052","0","0","0.019354357000114453","1","1","0","0.9013754934365221","0.9013754934365221","0","100","0.07920679653412947","100","0","0.49131626464592526","0.49131626464592526","0","0.024548905167891127"
"1249","100","0.4","0.35","144","5","periodic","60","0.2","0.5","0.1","1","0.05","500","2000","0.5","0.01","true","false","all","5","8","1.5","0.3","1","mixed","0.8","0.5","0","3000","0","16.238750883526407","88.4988185855749","0.49166010325319387","88.4988185855749","0","0.49166010325319387","0","3076.499373359069","3076.499373359069","0","0","932.1182542837112","932.1182542837112","0","0","0.020303743970449872","1","1","0","1","1","0","100","0.07932939910611438","100","0","0.4869458014391151","0.4869458014391151","0","0.027205395425101066"
"1250","100","0.4","0.35","144","5","periodic","60","0.2","0.5","0.1","1","0.05","500","2000","0.5","0.01","true","false","all","5","8","1.5","0.3","1","mixed","0.8","0.5","0","3000","36","17.478627371486013","84.89729906846496","0.471651661491472","84.89729906846496","0","0.471651661491472","0","3507.253916244565","3507.253916244565","0","0","1111.2545926947407","1111.2545926947407","0","0","0.01969082379279219","1","1","0","1","1","0","100","0.08673539555256825","100","0","0.517291677078289","0.517291677078289","0","0.02127421852480823"
"1251","100","0.4","0.35","144","5","periodic","60","0.2","0.5","0.1","1","0.05","500","2000","0.5","0.01","true","false","all","5","8","1.5","0.3","1","mixed","0.8","0.5","0","3000","0","28.491239128316195","97.46245812341802","0.5414581006856557","97.46245812341802","0","0.5414581006856557","0","8625.718903537114","8625.718903537114","0","0","1008.8182073289149","1008.8182073289149","0","0","0.012047145859779507","1","1","0","1","1","0","100","0.09005940583737634","100","0","0.4951651118736356","0.4951651118736356","0","0.026404987262003205"
"1252","100","0.4","0.35","144","5","periodic","60","0.2","0.5","0.1","1","0.05","500","2000","0.5","0.01","true","false","all","5","8","1.5","0.3","1","mixed","0.8","0.5","0","3000","0","24.02256487687984","79.278492658068","0.4404360703226","79.278492658068","0","0.4404360703226","0","3168.810972228388","3168.810972228388","0","0","1113.516696334336","1113.516696334336","0","0","0.018990374549300304","1","1","0","1","1","0","100","0.07882618777637856","100","0","0.48450116897176765","0.48450116897176765","0","0.026332104174687412"
"1254","100","0.4","0.35","144","5","periodic","60","0.2","0.5","0.1","1","0.05","500","2000","0.5","0.01","true","false","all","5","8","1.5","0.3","1","mixed","0.8","0.5","0","3000","0","10.158652236048667","91.23232213761713","0.506846234097873","91.23232213761713","0","0.506846234097873","0","906.8803850693403","906.8803850693403","0","0","987.2520619630282","987.2520619630282","0","0","0.016994313594385968","0.31560447275256037","0.31560447275256037","0","0.271253590046227","0.271253590046227","0","100","0.07929135149173229","100","0","0.500219515512618","0.500219515512618","0","0.021648686735579483"
"1255","100","0.4","0.35","144","5","periodic","60","0.2","0.5","0.1","1","0.05","500","2000","0.5","0.01","true","false","all","5","8","1.5","0.3","1","mixed","0.8","0.5","0","3000","61","21.609930942288074","86.92184986146164","0.4828991658970091","86.92184986146164","0","0.4828991658970091","0","13976.585615904809","13976.585615904809","0","0","1014.3499270950083","1014.3499270950083","0","0","0.01205776707984385","1","1","0","1","1","0","100","0.09800106517843173","100","0","0.4970567532048179","0.4970567532048179","0","0.026817743324173925"
"1253","100","0.4","0.35","144","5","periodic","60","0.2","0.5","0.1","1","0.05","500","2000","0.5","0.01","true","false","all","5","8","1.5","0.3","1","mixed","0.8","0.5","0","3000","0","13.754357924334599","100.79191808708349","0.5599551004837972","100.79191808708349","0","0.5599551004837972","0","3323.5337201776706","3323.5337201776706","0","0","940.3397216476508","940.3397216476508","0","0","0.01986967570788667","1","1","0","1","1","0","100","0.0676321572655793","100","0","0.5011737863359328","0.5011737863359328","0","0.022319729247311643"
"1256","100","0.4","0.35","144","5","periodic","60","0.2","0.5","0.1","1","0.05","500","2000","0.5","0.01","true","false","all","5","8","1.5","0.3","1","mixed","0.8","0.5","0","3000","56","20.416373855836966","80.5621918454603","0.4475677324747795","80.5621918454603","0","0.4475677324747795","0","15670.78507383548","15670.78507383548","0","0","946.8404292913451","946.8404292913451","0","0","0.009824771634917795","1","1","0","1","1","0","100","0.07910604607731016","100","0","0.5037701638218952","0.5037701638218952","0","0.021976438391519727"
"1257","100","0.4","0.35","144","5","periodic","60","0.2","0.5","0.1","1","0.05","500","2000","0.5","0.01","true","false","all","5","8","1.5","0.3","1","mixed","0.8","0.5","0","3000","81","20.241224177143266","92.31551538302692","0.5128639743501495","92.31551538302692","0","0.5128639743501495","0","4120.276428626413","4120.276428626413","0","0","1042.2280446816608","1042.2280446816608","0","0","0.014073620422100142","1","1","0","1","1","0","100","0.08540842794916288","100","0","0.5050233339193863","0.5050233339193863","0","0.022351757534529094"
"1259","100","0.4","0.35","144","5","periodic","60","0.2","0.5","0.1","1","0.05","500","2000","0.5","0.01","true","false","all","5","8","1.5","0.3","1","mixed","0.8","0.5","0","3000","41","21.47492958436547","80.78989559702399","0.4488327533167999","80.78989559702399","0","0.4488327533167999","0","5820.656200552169","5820.656200552169","0","0","1112.1850551706723","1112.1850551706723","0","0","0.009541176628558246","1","1","0","1","1","0","100","0.061751311463464666","100","0","0.4997597711553916","0.4997597711553916","0","0.016286187815193136"
"1258","100","0.4","0.35","144","5","periodic","60","0.2","0.5","0.1","1","0.05","500","2000","0.5","0.01","true","false","all","5","8","1.5","0.3","1","mixed","0.8","0.5","0","3000","0","22.70393901496793","91.28061146958908","0.5071145081643837","91.28061146958908","0","0.5071145081643837","0","6503.866184936056","6503.866184936056","0","0","976.290128615267","976.290128615267","0","0","0.012633816599280312","1","1","0","1","1","0","100","0.07407260118939656","100","0","0.5292860513848189","0.5292860513848189","0","0.023714594801196635"
"1260","100","0.4","0.35","144","5","periodic","60","0.2","0.5","0.1","1","0.05","500","2000","0.5","0.01","true","false","all","5","8","1.5","0.3","1","mixed","0.8","0.5","0","3000","1","18.718130206021215","94.31254142789055","0.5239585634882808","94.31254142789055","0","0.5239585634882808","0","4466.000947511949","4466.000947511949","0","0","1007.9222367718212","1007.9222367718212","0","0","0.0156630930560806","1","1","0","1","1","0","100","0.07406314798857391","100","0","0.5172553959223667","0.5172553959223667","0","0.022264466737100138"
"1262","100","0.4","0.35","144","5","periodic","60","0.2","0.5","0.1","1","0.05","500","2000","0.5","0.01","true","false","all","5","8","1.5","0.3","1","mixed","0.8","0.5","0","3000","0","20.24168601049176","76.23570067414211","0.4235316704119006","76.23570067414211","0","0.4235316704119006","0","722.1898052984856","722.1898052984856","0","0","1080.0264446234596","1080.0264446234596","0","0","0.020837106663940563","0.19004592488199848","0.19004592488199848","0","0.1481265368656571","0.1481265368656571","0","100","0.08016894309197697","100","0","0.5036551327726689","0.5036551327726689","0","0.02144790839411025"
"1261","100","0.4","0.35","144","5","periodic","60","0.2","0.5","0.1","1","0.05","500","2000","0.5","0.01","true","false","all","5","8","1.5","0.3","1","mixed","0.8","0.5","0","3000","56","13.399479527667808","88.9405695904951","0.49411427550275056","88.9405695904951","0","0.49411427550275056","0","1144.1908487247624","1144.1908487247624","0","0","913.4679312748973","913.4679312748973","0","0","0.02179190388366159","0.49782855369832957","0.49782855369832957","0","0.42946056581650843","0.42946056581650843","0","100","0.07192282901355612","100","0","0.5013136430540946","0.5013136430540946","0","0.021029139870326858"
"1263","100","0.4","0.35","144","5","periodic","60","0.2","0.5","0.1","1","0.05","500","2000","0.5","0.01","true","false","all","5","8","1.5","0.3","1","mixed","0.8","0.5","0","3000","21","15.777140504313095","90.2691589488812","0.5014953274937844","90.2691589488812","0","0.5014953274937844","0","2055.7896891783557","2055.7896891783557","0","0","1030.910859945491","1030.910859945491","0","0","0.013352442192217762","1","1","0","0.9979555987652928","0.9979555987652928","0","100","0.0835952215111046","100","0","0.5007690710875048","0.5007690710875048","0","0.024369040614630015"
"1264","100","0.4","0.35","144","5","periodic","60","0.2","0.5","0.1","1","0.05","500","2000","0.5","0.01","true","false","all","5","8","1.5","0.3","1","mixed","0.8","0.5","0","3000","-1","29.250858197904293","84.07319100110972","0.46707328333949844","84.07319100110972","0","0.46707328333949844","0","21791.08683674487","21791.08683674487","0","0","972.4298313715024","972.4298313715024","0","0","0.009086833349831291","1","1","0","1","1","0","100","0.08836072065822576","100","0","0.5031358735389531","0.5031358735389531","0","0.01915030288280325"
"1265","100","0.4","0.35","144","5","periodic","60","0.2","0.5","0.1","1","0.05","500","2000","0.5","0.01","true","false","all","5","8","1.5","0.3","1","mixed","0.8","0.5","0","3000","71","31.22551089964753","103.86799590844956","0.5770444217136087","103.86799590844956","0","0.5770444217136087","0","13024.46319737716","13024.46319737716","0","0","940.4763474516228","940.4763474516228","0","0","0.010347930254686721","1","1","0","1","1","0","100","0.0860510397667157","100","0","0.5167897598353409","0.5167897598353409","0","0.023780862255435777"
"1266","100","0.4","0.35","144","5","periodic","60","0.2","0.5","0.1","1","0.05","500","2000","0.5","0.01","true","false","all","5","8","1.5","0.3","1","mixed","0.8","0.5","0","3000","46","22.332636556237773","98.51551913289562","0.5473084396271979","98.51551913289562","0","0.5473084396271979","0","1836.763034364611","1836.763034364611","0","0","1095.7304175853728","1095.7304175853728","0","0","0.012387066162950156","0.9761403301566736","0.9761403301566736","0","0.8911753562430743","0.8911753562430743","0","100","0.07464274088290435","100","0","0.5007281838762133","0.5007281838762133","0","0.02177064953312224"
"1267","100","0.4","0.35","144","5","periodic","60","0.2","0.5","0.1","1","0.05","500","2000","0.5","0.01","true","false","all","5","8","1.5","0.3","1","mixed","0.8","0.5","0","3000","0","26.176611785062633","98.25863993580546","0.545881332976697","98.25863993580546","0","0.545881332976697","0","5819.4235165360415","5819.4235165360415","0","0","944.6268376844685","944.6268376844685","0","0","0.016237587434402956","1","1","0","1","1","0","100","0.07412355962805783","100","0","0.49237227652156235","0.49237227652156235","0","0.02142322031113004"
"1268","100","0.4","0.35","144","5","periodic","60","0.2","0.5","0.1","1","0.05","500","2000","0.5","0.01","true","false","all","5","8","1.5","0.3","1","mixed","0.8","0.5","0","3000","0","22.871009097825308","93.25892537119195","0.5181051409510664","93.25892537119195","0","0.5181051409510664","0","2134.801608235205","2134.801608235205","0","0","1029.7862456074627","1029.7862456074627","0","0","0.012597815315928296","1","1","0","1","1","0","100","0.08947023100418991","100","0","0.537034166159927","0.537034166159927","0","0.022075991599070234"
"1269","100","0.4","0.35","144","5","periodic","60","0.2","0.5","0.1","1","0.05","500","2000","0.5","0.01","true","false","all","5","8","1.5","0.3","1","mixed","0.8","0.5","0","3000","-1","26.088701389033915","88.15997849147706","0.4897776582859837","88.15997849147706","0","0.4897776582859837","0","21833.66311168966","21833.66311168966","0","0","966.2366673795723","966.2366673795723","0","0","0.010978872385301264","1","1","0","1","1","0","100","0.08606671733532172","100","0","0.5141162140829751","0.5141162140829751","0","0.02350362777172179"
"1270","100","0.4","0.35","144","5","periodic","60","0.2","0.5","0.1","1","0.05","500","2000","0.5","0.01","true","false","all","5","8","1.5","0.3","1","mixed","0.8","0.5","0","3000","-1","26.940107146016146","89.93552555051112","0.49964180861395063","89.93552555051112","0","0.49964180861395063","0","21792.847217872957","21792.847217872957","0","0","884.2458957583204","884.2458957583204","0","0","0.009286394340251025","1","1","0","1","1","0","100","0.07841661824095537","100","0","0.5030988331144899","0.5030988331144899","0","0.02289726637110893"
"1271","100","0.4","0.35","144","5","periodic","60","0.2","0.5","0.1","1","0.05","500","2000","0.5","0.01","true","false","all","5","8","1.5","0.3","1","mixed","0.8","0.5","0","3000","151","27.0188168843778","104.47747399059816","0.5804304110588786","104.47747399059816","0","0.5804304110588786","0","5294.80887087275","5294.80887087275","0","0","1058.5228050401365","1058.5228050401365","0","0","0.018063130202695454","1","1","0","1","1","0","100","0.08043293930975957","100","0","0.5067801850902852","0.5067801850902852","0","0.01850248675760025"
"1272","100","0.4","0.35","144","5","periodic","60","0.2","0.5","0.1","1","0.05","500","2000","0.5","0.01","true","false","all","5","8","1.5","0.3","1","mixed","0.8","0.5","0","3000","0","16.64882968300354","76.28898675754361","0.42382770420857563","76.28898675754361","0","0.42382770420857563","0","2922.8478929090306","2922.8478929090306","0","0","919.0989130290576","919.0989130290576","0","0","0.010901244023278522","1","1","0","1","1","0","100","0.09942855413694397","100","0","0.4792926269943406","0.4792926269943406","0","0.025548032960088164"
"1273","100","0.4","0.35","144","5","periodic","60","0.2","0.5","0.1","1","0.05","500","2000","0.5","0.01","true","false","all","5","8","1.5","0.3","1","mixed","0.8","0.5","0","3000","-1","50.26862237425948","72.40510877424768","0.402250604301376","72.40510877424768","0","0.402250604301376","0","21883.28724636568","21883.28724636568","0","0","1147.101811524342","1147.101811524342","0","0","0.009651973849004403","1","1","0","1","1","0","100","0.07481990416982338","100","0","0.5037210315362192","0.5037210315362192","0","0.024368201340879733"
"1274","100","0.4","0.35","144","5","periodic","60","0.2","0.5","0.1","1","0.05","500","2000","0.5","0.01","true","false","all","5","8","1.5","0.3","1","mixed","0.8","0.5","0","3000","146","30.492691050159607","81.10893196884578","0.45060517760469876","81.10893196884578","0","0.45060517760469876","0","12544.684844980804","12544.684844980804","0","0","920.6258664990673","920.6258664990673","0","0","0.010595911553828108","1","1","0","1","1","0","100","0.09455598158250167","100","0","0.4741020505206233","0.4741020505206233","0","0.016982978882768295"
"1275","100","0.4","0.35","144","5","periodic","60","0.2","0.5","0.1","1","0.05","500","2000","0.5","0.01","true","false","all","5","8","1.5","0.3","1","mixed","0.8","0.5","0","3000","16","18.27648304732176","81.65972331219211","0.4536651295121784","81.65972331219211","0","0.4536651295121784","0","832.4893122305521","832.4893122305521","0","0","980.1384888689402","980.1384888689402","0","0","0.017690320814863547","0.2623308487555186","0.2623308487555186","0","0.22165954148703473","0.22165954148703473","0","100","0.07389414114395707","100","0","0.4833603512004757","0.4833603512004757","0","0.018428731701318868"
"1276","100","0.4","0.35","144","5","periodic","60","0.2","0.5","0.1","1","0.05","500","2000","0.5","0.01","true","false","all","5","8","1.5","0.3","1","mixed","0.8","0.5","0","3000","0","16.93168859160602","79.6025713404923","0.44223650744717946","79.6025713404923","0","0.44223650744717946","0","909.4632096618769","909.4632096618769","0","0","1185.1924813499227","1185.1924813499227","0","0","0.015370712574282575","0.32022999854373346","0.32022999854373346","0","0.2729754731079176","0.2729754731079176","0","100","0.08468457284671312","100","0","0.4963514262561313","0.4963514262561313","0","0.02828364753942225"
"1277","100","0.4","0.35","144","5","periodic","60","0.2","0.5","0.1","1","0.05","500","2000","0.5","0.01","true","false","all","5","8","1.5","0.3","1","mixed","0.8","0.5","0","3000","0","12.80561174648399","94.16138921235884","0.5231188289575491","94.16138921235884","0","0.5231188289575491","0","786.7498748785994","786.7498748785994","0","0","1054.0546732872324","1054.0546732872324","0","0","0.0182541731938084","0.2359600532096581","0.2359600532096581","0","0.19116658325239955","0.19116658325239955","0","100","0.08408003209681147","100","0","0.4879659339200373","0.4879659339200373","0","0.021211466720706725"
"1278","100","0.4","0.35","144","5","periodic","60","0.2","0.5","0.1","1","0.05","500","2000","0.5","0.01","true","false","all","5","8","1.5","0.3","1","mixed","0.8","0.5","0","3000","0","16.682148832359886","93.78190144759577","0.5210105635977543","93.78190144759577","0","0.5210105635977543","0","3136.3028673398453","3136.3028673398453","0","0","1185.3060355088141","1185.3060355088141","0","0","0.022987510357988628","1","1","0","1","1","0","100","0.09115486925891896","100","0","0.5159280803347679","0.5159280803347679","0","0.01900179861037717"
"1279","100","0.4","0.35","144","5","periodic","60","0.2","0.5","0.1","1","0.05","500","2000","0.5","0.01","true","false","all","5","8","1.5","0.3","1","mixed","0.8","0.5","0","3000","36","17.168307612313384","94.506457910851","0.5250358772825056","94.506457910851","0","0.5250358772825056","0","6613.476133710937","6613.476133710937","0","0","824.3641833418482","824.3641833418482","0","0","0.008332362487128542","1","1","0","1","1","0","100","0.08770044355678731","100","0","0.4757255130275598","0.4757255130275598","0","0.01943333705248569"
"1281","100","0.4","0.35","144","5","periodic","60","0.2","0.5","0.1","1","0.05","500","2000","0.5","0.01","true","false","all","5","8","1.5","0.3","1","mixed","0.8","0.5","0","3000","0","25.542072482840837","99.74250450510667","0.5541250250283704","99.74250450510667","0","0.5541250250283704","0","10906.881363865088","10906.881363865088","0","0","978.0410198597128","978.0410198597128","0","0","0.011609108954610203","1","1","0","1","1","0","100","0.07794391103224965","100","0","0.5144103701597416","0.5144103701597416","0","0.019598741224284927"
"1280","100","0.4","0.35","144","5","periodic","60","0.2","0.5","0.1","1","0.05","500","2000","0.5","0.01","true","false","all","5","8","1.5","0.3","1","mixed","0.8","0.5","0","3000","16","25.22351747687445","68.27328992242634","0.3792960551245908","68.27328992242634","0","0.3792960551245908","0","2655.589955318432","2655.589955318432","0","0","1088.2207878268937","1088.2207878268937","0","0","0.010474504557106634","1","1","0","1","1","0","100","0.09437682053968804","100","0","0.5050962330147736","0.5050962330147736","0","0.021755071016110537"
"1283","100","0.4","0.35","144","5","periodic","60","0.2","0.5","0.1","1","0.05","500","2000","0.5","0.01","true","false","all","5","8","1.5","0.3","1","mixed","0.8","0.5","0","3000","0","11.968545796478963","86.28933446441859","0.47938519146899217","86.28933446441859","0","0.47938519146899217","0","669.5999747496686","669.5999747496686","0","0","1019.4772860843325","1019.4772860843325","0","0","0.022454322956138473","0.16416891887538235","0.16416891887538235","0","0.1130666498331123","0.1130666498331123","0","100","0.09589520300884359","100","0","0.4700107576664185","0.4700107576664185","0","0.01689183267849679"
"1282","100","0.4","0.35","144","5","periodic","60","0.2","0.5","0.1","1","0.05","500","2000","0.5","0.01","true","false","all","5","8","1.5","0.3","1","mixed","0.8","0.5","0","3000","0","19.424185917370295","88.61999560277381","0.49233330890429894","88.61999560277381","0","0.49233330890429894","0","3428.9403448350126","3428.9403448350126","0","0","1006.0104119712892","1006.0104119712892","0","0","0.02038041890602571","1","1","0","1","1","0","100","0.06991396294850888","100","0","0.4984444982086946","0.4984444982086946","0","0.02071049068941978"
"1285","100","0.4","0.35","144","5","periodic","60","0.2","0.5","0.1","1","0.05","500","2000","0.5","0.01","true","false","all","5","8","1.5","0.3","1","mixed","0.8","0.5","0","3000","-1","32.27355126782898","106.31340545123294","0.5906300302846275","106.31340545123294","0","0.5906300302846275","0","21810.95773938593","21810.95773938593","0","0","971.9850547753372","971.9850547753372","0","0","0.009125329743114419","1","1","0","1","1","0","100","0.08295288348876109","100","0","0.4846185133718246","0.4846185133718246","0","0.02337342541243137"
"1284","100","0.4","0.35","144","5","periodic","60","0.2","0.5","0.1","1","0.05","500","2000","0.5","0.01","true","false","all","5","8","1.5","0.3","1","mixed","0.8","0.5","0","3000","71","14.805358664418236","91.10170668419966","0.5061205926899981","91.10170668419966","0","0.5061205926899981","0","7307.752445160778","7307.752445160778","0","0","979.562227789903","979.562227789903","0","0","0.016801646946883686","1","1","0","1","1","0","100","0.08533051731314964","100","0","0.5178001541425783","0.5178001541425783","0","0.017422680355622645"
"1286","100","0.4","0.35","144","5","periodic","60","0.2","0.5","0.1","1","0.05","500","2000","0.5","0.01","true","false","all","5","8","1.5","0.3","1","mixed","0.8","0.5","0","3000","71","19.043099434443377","100.3101836839146","0.55727879824397","100.3101836839146","0","0.55727879824397","0","3425.4807868960406","3425.4807868960406","0","0","950.0931355213855","950.0931355213855","0","0","0.015270229102304356","1","1","0","1","1","0","100","0.07424635940426187","100","0","0.5100236202810627","0.5100236202810627","0","0.023200294015408057"
"1287","100","0.4","0.35","144","5","periodic","60","0.2","0.5","0.1","1","0.05","500","2000","0.5","0.01","true","false","all","5","8","1.5","0.3","1","mixed","0.8","0.5","0","3000","101","28.591253720886087","87.71027562858615","0.48727930904770084","87.71027562858615","0","0.48727930904770084","0","14304.974050288061","14304.974050288061","0","0","987.1625053790164","987.1625053790164","0","0","0.009775840533696067","1","1","0","1","1","0","100","0.06577982438295359","100","0","0.49886396608579375","0.49886396608579375","0","0.02359020482241103"
"1288","100","0.4","0.35","144","5","periodic","60","0.2","0.5","0.1","1","0.05","500","2000","0.5","0.01","true","false","all","5","8","1.5","0.3","1","mixed","0.8","0.5","0","3000","71","32.07370048449093","71.58793731847334","0.3977107628804074","71.58793731847334","0","0.3977107628804074","0","4422.304099267101","4422.304099267101","0","0","927.4299366474717","927.4299366474717","0","0","0.011112639635408206","1","1","0","1","1","0","100","0.0798519120385463","100","0","0.48416845044156065","0.48416845044156065","0","0.022538377120079372"
"1289","100","0.4","0.35","144","5","periodic","60","0.2","0.5","0.1","1","0.05","500","2000","0.5","0.01","true","false","all","5","8","1.5","0.3","1","mixed","0.8","0.5","0","3000","0","21.788737169722182","94.52815222844224","0.5251564012691236","94.52815222844224","0","0.5251564012691236","0","15144.501792060993","15144.501792060993","0","0","890.1392458803846","890.1392458803846","0","0","0.010716528565503758","1","1","0","1","1","0","100","0.07678381359801478","100","0","0.5039083205060719","0.5039083205060719","0","0.024875575353578896"
"1291","100","0.4","0.35","144","5","periodic","60","0.2","0.5","0.1","1","0.05","500","2000","0.5","0.01","true","false","all","5","8","1.5","0.3","1","mixed","0.8","0.5","0","3000","21","30.270163735683965","81.89140071126997","0.45495222617372205","81.89140071126997","0","0.45495222617372205","0","14631.7578415279","14631.7578415279","0","0","1036.3786240193213","1036.3786240193213","0","0","0.009368597953823832","1","1","0","1","1","0","100","0.07990134546408229","100","0","0.5204066383337915","0.5204066383337915","0","0.019543717355506873"
"1290","100","0.4","0.35","144","5","periodic","60","0.2","0.5","0.1","1","0.05","500","2000","0.5","0.01","true","false","all","5","8","1.5","0.3","1","mixed","0.8","0.5","0","3000","51","23.02233815186959","88.77185084277471","0.49317694912652615","88.77185084277471","0","0.49317694912652615","0","17077.074672428877","17077.074672428877","0","0","1041.5236538292202","1041.5236538292202","0","0","0.009905734730107252","1","1","0","1","1","0","100","0.08344873807233198","100","0","0.49798480453248045","0.49798480453248045","0","0.02025097528119833"
"1293","100","0.4","0.35","144","5","periodic","60","0.2","0.5","0.1","1","0.05","500","2000","0.5","0.01","true","false","all","5","8","1.5","0.3","1","mixed","0.8","0.5","0","3000","0","34.542816485182826","88.83600212166803","0.49353334512037794","88.83600212166803","0","0.49353334512037794","0","10724.888651131942","10724.888651131942","0","0","916.2118031946322","916.2118031946322","0","0","0.013397251679702737","1","1","0","1","1","0","100","0.08007446248351388","100","0","0.48875719394928924","0.48875719394928924","0","0.025938174887388418"
"1292","100","0.4","0.35","144","5","periodic","60","0.2","0.5","0.1","1","0.05","500","2000","0.5","0.01","true","false","all","5","8","1.5","0.3","1","mixed","0.8","0.5","0","3000","0","17.134628448844936","84.18359020493773","0.4676866122496541","84.18359020493773","0","0.4676866122496541","0","790.8681849472404","790.8681849472404","0","0","978.0507157343775","978.0507157343775","0","0","0.01738599672086405","0.2298428213897345","0.2298428213897345","0","0.19391212329816013","0.19391212329816013","0","100","0.0753202518123089","100","0","0.48353818852330427","0.48353818852330427","0","0.02019805222156183"
"1294","100","0.4","0.35","144","5","periodic","60","0.2","0.5","0.1","1","0.05","500","2000","0.5","0.01","true","false","all","5","8","1.5","0.3","1","mixed","0.8","0.5","0","3000","0","19.93777250138183","84.99957244444494","0.472219846913583","84.99957244444494","0","0.472219846913583","0","1811.2041707864482","1811.2041707864482","0","0","1022.7468949489328","1022.7468949489328","0","0","0.012094650286313957","0.9433209154722545","0.9433209154722545","0","0.8741361138576318","0.8741361138576318","0","100","0.09180039839137599","100","0","0.5111805763910876","0.5111805763910876","0","0.019550323622344438"
"1295","100","0.4","0.35","144","5","periodic","60","0.2","0.5","0.1","1","0.05","500","2000","0.5","0.01","true","false","all","5","8","1.5","0.3","1","mixed","0.8","0.5","0","3000","46","27.959997769464806","96.65015104467581","0.5369452835815323","96.65015104467581","0","0.5369452835815323","0","8354.293669003833","8354.293669003833","0","0","1001.2242349425155","1001.2242349425155","0","0","0.012842690497750331","1","1","0","1","1","0","100","0.09102449991640917","100","0","0.4726410539895496","0.4726410539895496","0","0.021730000495269613"
"1296","100","0.4","0.35","144","5","periodic","60","0.2","0.5","0.1","1","0.05","500","2000","0.5","0.01","true","false","all","5","8","1.5","0.3","1","mixed","0.8","0.5","0","3000","31","25.10018024897643","79.85306050074853","0.44362811389304735","79.85306050074853","0","0.44362811389304735","0","7154.380436614639","7154.380436614639","0","0","1129.2356023256882","1129.2356023256882","0","0","0.012997448879120244","1","1","0","1","1","0","100","0.08837916264625593","100","0","0.49546983140655726","0.49546983140655726","0","0.024672283860338505"
"1297","100","0.4","0.35","144","5","periodic","60","0.2","0.5","0.1","1","0.05","500","2000","0.5","0.01","true","false","all","5","8","1.5","0.3","1","mixed","0.8","0.5","0","3000","126","24.60993947596421","97.79944224959016","0.5433302347199453","97.79944224959016","0","0.5433302347199453","0","13836.191584166572","13836.191584166572","0","0","1004.9594200884452","1004.9594200884452","0","0","0.01038892285505888","1","1","0","1","1","0","100","0.09056231532332998","100","0","0.5081482021617911","0.5081482021617911","0","0.027051044709538376"
"1298","100","0.4","0.35","144","5","periodic","60","0.2","0.5","0.1","1","0.05","500","2000","0.5","0.01","true","false","all","5","8","1.5","0.3","1","mixed","0.8","0.5","0","3000","-1","38.00976277882684","94.04402551656288","0.5224668084253493","94.04402551656288","0","0.5224668084253493","0","21778.88238264955","21778.88238264955","0","0","993.4548907945821","993.4548907945821","0","0","0.010944927066815602","1","1","0","1","1","0","100","0.07178908889232673","100","0","0.5124061666217827","0.5124061666217827","0","0.02196471305803879"
"1300","100","0.4","0.35","144","5","periodic","60","0.2","0.5","0.1","1","0.05","500","2000","0.5","0.01","true","false","all","5","8","1.5","0.3","1","mixed","0.8","0.5","0","3000","0","15.980266523281017","95.52616344032593","0.5307009080018107","95.52616344032593","0","0.5307009080018107","0","687.9943346986153","687.9943346986153","0","0","1069.29133395697","1069.29133395697","0","0","0.01936063617267747","0.17241620638750102","0.17241620638750102","0","0.12532955646574337","0.12532955646574337","0","100","0.07698210020827818","100","0","0.509715450700686","0.509715450700686","0","0.02249049001207007"
"1299","100","0.4","0.35","144","5","periodic","60","0.2","0.5","0.1","1","0.05","500","2000","0.5","0.01","true","false","all","5","8","1.5","0.3","1","mixed","0.8","0.5","0","3000","-1","33.807017800853714","87.05132418091266","0.483618467671737","87.05132418091266","0","0.483618467671737","0","21740.3896591427","21740.3896591427","0","0","857.6337193805688","857.6337193805688","0","0","0.009075215865825381","1","1","0","1","1","0","100","0.08184700303533711","100","0","0.5159316424938882","0.5159316424938882","0","0.01997215051721888"
"1301","100","0.4","0.35","144","5","periodic","60","0.2","0.5","0.1","1","0.05","500","2000","0.5","0.01","true","false","all","5","8","1.5","0.3","1","mixed","0.8","0.5","0.2","3000","103","29.93370184655099","75.81383716934995","0.4211879842741664","86.49556248630195","30.998511879298746","0.4805309027016775","0.17221395488499303","2128.789463966698","2144.570875842545","2065.6638164633137","1.0381993714322446","1732.6974865716263","946.1407850068715","4878.924292830644","0.19392405543106753","0.019922823738231177","1","1","1","0.9992895635540856","0.9999880171994754","0.9964957489725261","100","0.09250934542152414","80","20","0.524002553681509","0.46623983877016206","0.7550534133268968","0.03190553620222918"
"1302","100","0.4","0.35","144","5","periodic","60","0.2","0.5","0.1","1","0.05","500","2000","0.5","0.01","true","false","all","5","8","1.5","0.3","1","mixed","0.8","0.5","0.2","3000","0","16.34119603512606","69.9894351859663","0.38883019547759057","79.82027026014339","26.562928461563036","0.4434459458896855","0.1475718247864613","1878.8058806258423","1884.3909235791148","1856.465708812751","1.015042138744498","1604.5227343273086","1037.910051712878","3870.97346478503","0.2681263669603888","0.011001463152207513","0.9642188998768879","0.9642188998768879","0.9590410855817515","0.9192039204172285","0.9229272823860766","0.9043104725418338","100","0.08355947129620107","80","20","0.5728917884476432","0.5141467724159886","0.80787185257426","0.032180065720998186"
"1303","100","0.4","0.35","144","5","periodic","60","0.2","0.5","0.1","1","0.05","500","2000","0.5","0.01","true","false","all","5","8","1.5","0.3","1","mixed","0.8","0.5","0.2","3000","36","28.986489175122642","78.81537932848366","0.4378632184915759","84.06442174802757","47.8213682348683","0.46702456526681985","0.2656742679714906","20019.793166905656","20083.624876149643","19764.46632992965","1.0161480983545044","1246.3158572319978","845.3484924647855","2850.1853163008454","0.2965942206038494","0.012621087241710294","1","1","1","1","1","1","100","0.07186984885538586","80","20","0.5731730783888912","0.5059243344976402","0.842168053953894","0.03421902056288129"
"1304","100","0.4","0.35","144","5","periodic","60","0.2","0.5","0.1","1","0.05","500","2000","0.5","0.01","true","false","all","5","8","1.5","0.3","1","mixed","0.8","0.5","0.2","3000","108","45.95900100313156","68.01482662474697","0.37786014791526096","76.50216382778055","34.250974776379095","0.4250120212654475","0.1902831932021061","3789.227649232321","3813.0819844056255","3693.8103085391012","1.0322896050159374","1682.749042207273","1014.3826747901006","4356.21451187596","0.2328587520253375","0.01880399893979301","1","1","1","1","1","1","100","0.09649390795315646","80","20","0.5485313674466252","0.48412816732498865","0.8061441679331709","0.03918797979875153"
"1305","100","0.4","0.35","144","5","periodic","60","0.2","0.5","0.1","1","0.05","500","2000","0.5","0.01","true","false","all","5","8","1.5","0.3","1","mixed","0.8","0.5","0.2","3000","96","19.819290119309315","89.31670242820884","0.496203902378938","93.62946466947412","29.844243236179466","0.5201636926081895","0.16580135131210813","4928.5896120484","4941.55567252013","4876.725370161485","1.0132938185847638","1572.6119326761248","1067.0569304556955","3594.8319415578435","0.2968308248627833","0.017552746236372707","1","1","1","1","1","1","100","0.06940954162372663","80","20","0.5650200646226806","0.5146742601973202","0.7664032823241226","0.03054160003697357"
"1306","100","0.4","0.35","144","5","periodic","60","0.2","0.5","0.1","1","0.05","500","2000","0.5","0.01","true","false","all","5","8","1.5","0.3","1","mixed","0.8","0.5","0.2","3000","0","36.17342371087438","78.72763092568135","0.4373757273648964","84.51479282760961","35.56213067253795","0.4695266268200534","0.1975673926252108","4251.210534855483","4271.253176140546","4171.039969715234","1.0240259520774033","1658.590651103411","1106.5908267254242","3866.5899486153553","0.2861929610926806","0.01803533627515108","1","1","1","1","1","1","100","0.07684780129626594","80","20","0.5443666970904734","0.4820284484467539","0.79371969166535","0.03705980776982431"
"1307","100","0.4","0.35","144","5","periodic","60","0.2","0.5","0.1","1","0.05","500","2000","0.5","0.01","true","false","all","5","8","1.5","0.3","1","mixed","0.8","0.5","0.2","3000","36","22.97120103567383","64.13529635685398","0.35630720198252214","68.39001000753828","46.715870570255284","0.37994450004187935","0.259532614279196","4133.2426702597595","4146.907362472943","4078.5839014070284","1.0167517605908125","1711.0547461481456","1049.1828626065046","4358.542280314709","0.24071875299802017","0.010393369346321402","1","1","1","1","1","1","100","0.08839697097025073","80","20","0.5782751023453193","0.5226490556044088","0.8007792893089617","0.028479049584043906"
"1308","100","0.4","0.35","144","5","periodic","60","0.2","0.5","0.1","1","0.05","500","2000","0.5","0.01","true","false","all","5","8","1.5","0.3","1","mixed","0.8","0.5","0.2","3000","-1","48.44393728694752","55.364511927116965","0.3075806218173165","63.710074964672984","16.714908596431947","0.3539448609148499","0.09286060331351081","21701.19749857247","21802.8701296788","21294.506974147196","1.0238729713793695","1699.129719740934","995.8125323238785","4512.398469409156","0.2206836428730258","0.010947886265782802","1","1","1","1","1","1","100","0.07831571453362784","80","20","0.5584527307921658","0.4948009252043728","0.8130599531433385","0.04041186133409097"
"1309","100","0.4","0.35","144","5","periodic","60","0.2","0.5","0.1","1","0.05","500","2000","0.5","0.01","true","false","all","5","8","1.5","0.3","1","mixed","0.8","0.5","0.2","3000","26","42.71235653832694","102.76281704881734","0.5709045391600963","103.29643380716166","63.85520864472759","0.5738690767064537","0.3547511591373755","4369.971704579666","4387.305922167865","4300.6348342268675","1.0201530916438708","1563.912259637789","987.9956822229045","3867.578569297323","0.25545587879353865","0.016020301286899796","1","1","1","1","1","1","100","0.08843562125219455","80","20","0.5521474605683088","0.48406026152991","0.8244962567219041","0.03787477896945198"
"1310","100","0.4","0.35","144","5","periodic","60","0.2","0.5","0.1","1","0.05","500","2000","0.5","0.01","true","false","all","5","8","1.5","0.3","1","mixed","0.8","0.5","0.2","3000","36","26.008048722715245","122.5428377392452","0.6807935429958066","112.15815439678397","142.60058995729932","0.623100857759911","0.792225499762774","3450.9010001939023","3467.3976140360514","3384.9145448253075","1.024367843890428","1738.318939689886","974.605358231983","4793.173265521498","0.2033319690824792","0.013050539589888777","1","1","1","1","1","1","100","0.09049949482706257","80","20","0.5497240574980198","0.4948444858673885","0.7692423440205434","0.03792509233011118"
"1311","100","0.4","0.35","144","5","periodic","60","0.2","0.5","0.1","1","0.05","500","2000","0.5","0.01","true","false","all","5","8","1.5","0.3","1","mixed","0.8","0.5","0.2","3000","12","22.88121691242101","64.10474334644393","0.3561374630357996","72.10062307976901","31.766523420002194","0.40055901710982783","0.17648068566667885","2440.7431859256644","2451.4807591974954","2397.7928928383367","1.022390535279136","1434.1186424549471","977.3653055119881","3261.1319902267815","0.2997012412993506","0.010825215200770844","1","1","1","1","1","1","100","0.07612384886990153","80","20","0.5643409317353923","0.502681855425432","0.8109772369752338","0.03648442188985424"
"1312","100","0.4","0.35","144","5","periodic","60","0.2","0.5","0.1","1","0.05","500","2000","0.5","0.01","true","false","all","5","8","1.5","0.3","1","mixed","0.8","0.5","0.2","3000","0","22.637759904106943","65.32257952238392","0.36290321956879956","74.04174252576658","30.9776952953356","0.41134301403203655","0.1720983071963089","749.802129885125","751.4230838256635","743.3183141229711","1.0109034979344689","1611.1990163252653","1011.9264350348612","4008.2893414868804","0.2524584302238734","0.01884014340302098","0.20743086776521757","0.20743086776521757","0.19253295652197971","0.16653475325675007","0.16761538921710906","0.162212209415314","100","0.08254791574809991","80","20","0.5468707814639105","0.47788608787232584","0.8228095558302491","0.03824240200712758"
"1313","100","0.4","0.35","144","5","periodic","60","0.2","0.5","0.1","1","0.05","500","2000","0.5","0.01","true","false","all","5","8","1.5","0.3","1","mixed","0.8","0.5","0.2","3000","141","23.71694922121702","77.78352147677907","0.4321306748709948","86.46389226806167","39.1728941475748","0.48035495704478703","0.2176271897087489","5618.082133029792","5628.8392094708815","5575.053827265429","1.0096475090415113","1689.6033906618911","1071.1782695900586","4163.303874949221","0.2572904360970105","0.012900887909632175","1","1","1","1","1","1","100","0.07484723946035371","80","20","0.5625353933841872","0.49971999589237714","0.8137969833514266","0.033680554198072005"
"1314","100","0.4","0.35","144","5","periodic","60","0.2","0.5","0.1","1","0.05","500","2000","0.5","0.01","true","false","all","5","8","1.5","0.3","1","mixed","0.8","0.5","0.2","3000","98","29.91339231401632","89.61731870152434","0.49787399278624633","89.2370794797823","62.87739362230208","0.4957615526654572","0.3493188534572338","5871.373295291448","5894.363201539129","5779.413670300727","1.0198894797631644","1491.834476273083","903.1243382579332","3846.675028333682","0.23478051345791795","0.01506350520476607","1","1","1","1","1","1","100","0.07811206886915537","80","20","0.544945410347339","0.4818659125208125","0.797263401653444","0.03474232912279655"
"1315","100","0.4","0.35","144","5","periodic","60","0.2","0.5","0.1","1","0.05","500","2000","0.5","0.01","true","false","all","5","8","1.5","0.3","1","mixed","0.8","0.5","0.2","3000","-1","51.038388849359116","70.05866376352903","0.38921479868627235","78.11257562115256","34.35679421352038","0.43395875345084756","0.19087107896400213","21755.018704161674","21850.66070422809","21372.450703895967","1.022375066245676","1699.5569466465674","1089.827944541714","4138.4729550659795","0.2633405984223327","0.011008505510243793","1","1","1","1","1","1","100","0.08229599819522698","80","20","0.5842414585267734","0.5315979633024691","0.7948154394239906","0.037511217739085015"
"1316","100","0.4","0.35","144","5","periodic","60","0.2","0.5","0.1","1","0.05","500","2000","0.5","0.01","true","false","all","5","8","1.5","0.3","1","mixed","0.8","0.5","0.2","3000","0","31.581169645671096","67.62013528251508","0.37566741823619487","74.75835168023629","38.083835987816386","0.4153241760013127","0.21157686659897992","4120.696609017814","4130.7660433405845","4080.418871726729","1.0123387262917325","1662.6671122297325","1037.7769938121896","4162.227585899906","0.24933211180661896","0.018037032683241527","1","1","1","1","1","1","100","0.08545510288618391","80","20","0.5401276675725688","0.47647225490504563","0.7947493182426609","0.03535987141286391"
"1317","100","0.4","0.35","144","5","periodic","60","0.2","0.5","0.1","1","0.05","500","2000","0.5","0.01","true","false","all","5","8","1.5","0.3","1","mixed","0.8","0.5","0.2","3000","-1","40.52368931597369","77.93398433357429","0.43296657963096824","81.42132447656914","40.473032893605826","0.4523406915364952","0.2248501827422546","21693.319220378045","21775.35724110502","21365.167137470205","1.019199012158225","1624.5442380183645","911.6071399519358","4476.292630284081","0.20365226656195667","0.01074984203804008","1","1","1","1","1","1","100","0.08164302349294991","80","20","0.5676513479569543","0.5017059805761894","0.8314328174800147","0.03716489876158509"
"1318","100","0.4","0.35","144","5","periodic","60","0.2","0.5","0.1","1","0.05","500","2000","0.5","0.01","true","false","all","5","8","1.5","0.3","1","mixed","0.8","0.5","0.2","3000","151","38.57420617927474","74.48081673096743","0.4137823151720413","80.81775593692964","49.13815655706834","0.44898753298294247","0.27298975865037967","15850.695727997394","15875.689984556293","15750.718701761807","1.0079343225639923","1521.9137670393588","1042.753743152117","3438.5538625883246","0.3032535725257473","0.01029170948012248","1","1","1","1","1","1","100","0.1030436224209412","80","20","0.5741393927755803","0.5147552980638952","0.8116757716223223","0.03215978111547085"
"1319","100","0.4","0.35","144","5","periodic","60","0.2","0.5","0.1","1","0.05","500","2000","0.5","0.01","true","false","all","5","8","1.5","0.3","1","mixed","0.8","0.5","0.2","3000","-1","40.461359121909794","70.37009364426711","0.3909449646903729","78.43073779028728","35.38068096150948","0.4357263210571516","0.19655933867505268","21683.519783762255","21767.74352630914","21346.624813574726","1.019727648582019","1751.608529929742","1096.7821626391492","4370.913999092114","0.2509274176675549","0.011091157801965013","1","1","1","1","1","1","100","0.09113761379891873","80","20","0.5814242108992215","0.5271548143333229","0.7985017971628151","0.03511851940514152"
"1320","100","0.4","0.35","144","5","periodic","60","0.2","0.5","0.1","1","0.05","500","2000","0.5","0.01","true","false","all","5","8","1.5","0.3","1","mixed","0.8","0.5","0.2","3000","91","43.9528292024675","79.53247690129625","0.4418470938960903","87.02756097097671","37.037118075412224","0.4834864498387595","0.20576176708562346","9553.39194329945","9597.15179395166","9378.352540690628","1.023330244017988","1462.6635151803337","877.3546334685913","3803.8990420273026","0.23064614065072606","0.012563654591706053","1","1","1","1","1","1","100","0.08525670351788732","80","20","0.5504327609529923","0.4859245017877516","0.8084657976139542","0.03424150002071594"
"1321","100","0.4","0.35","144","5","periodic","60","0.2","0.5","0.1","1","0.05","500","2000","0.5","0.01","true","false","all","5","8","1.5","0.3","1","mixed","0.8","0.5","0.2","3000","0","11.911036338294608","63.941669235972014","0.3552314957554001","68.8813238466569","41.65203002488625","0.3826740213703161","0.23140016680492362","805.6256215176213","805.4392530735367","806.3710952939584","0.998844400269479","1497.0443749511228","951.4286457108722","3679.5072919121253","0.2585750129649681","0.01824129796191265","0.2534706238575182","0.23935699858397297","0.2534706238575182","0.20375041434508087","0.20362616871569128","0.20424739686263904","100","0.08320815965420575","80","20","0.585450415611405","0.5324608750972231","0.7974085776681327","0.02776298980509195"
"1322","100","0.4","0.35","144","5","periodic","60","0.2","0.5","0.1","1","0.05","500","2000","0.5","0.01","true","false","all","5","8","1.5","0.3","1","mixed","0.8","0.5","0.2","3000","101","31.539979741159797","68.57127377135151","0.38095152095195284","77.4671321627351","33.615911759540026","0.4303729564596394","0.18675506533077793","10540.546871550532","10558.659704403315","10468.095540139388","1.008651446093195","1527.2605353282486","1071.646758988193","3349.715640688469","0.31992171095691496","0.012209266837116317","1","1","1","1","1","1","100","0.07848275059098575","80","20","0.5607026352835591","0.5037583887642415","0.7884796213608299","0.03364907326672355"
"1324","100","0.4","0.35","144","5","periodic","60","0.2","0.5","0.1","1","0.05","500","2000","0.5","0.01","true","false","all","5","8","1.5","0.3","1","mixed","0.8","0.5","0.2","3000","81","45.375401913467584","109.36970078115395","0.6076094487841887","104.30593213072768","107.28707347353831","0.5794774007262649","0.5960392970752129","6718.639164783469","6736.038761767493","6649.040776847369","1.0130842910789566","1546.2206231675993","967.5639251870218","3860.8474150899165","0.250609211181294","0.014236499011172299","1","1","1","1","1","1","100","0.07823993426601747","80","20","0.5369568333733867","0.4738515810459534","0.789377842683121","0.038277912442364594"
"1323","100","0.4","0.35","144","5","periodic","60","0.2","0.5","0.1","1","0.05","500","2000","0.5","0.01","true","false","all","5","8","1.5","0.3","1","mixed","0.8","0.5","0.2","3000","121","31.311243807945445","74.73280330708299","0.4151822405949055","80.55172194238591","45.84082888281976","0.4475095663465884","0.2546712715712209","4082.5405471498843","4090.6466574686806","4050.116105874703","1.0100072567142424","1535.4529545874184","846.8439802591005","4289.888851900689","0.19740464368532437","0.013585345095936674","1","1","1","1","1","1","100","0.07981145498595206","80","20","0.5210429009874442","0.4554745595324142","0.7833162668075636","0.03509569851641594"
"1325","100","0.4","0.35","144","5","periodic","60","0.2","0.5","0.1","1","0.05","500","2000","0.5","0.01","true","false","all","5","8","1.5","0.3","1","mixed","0.8","0.5","0.2","3000","-1","50.31880218841342","62.945712615672186","0.34969840342040104","69.00631084010911","35.7322357662712","0.3833683935561617","0.1985124209237289","21709.155065052764","21769.972128225745","21465.886812360888","1.0141659796552058","1718.097552625583","1037.8624211265449","4439.038078621739","0.2338034508252715","0.010790256350837746","1","1","1","1","1","1","100","0.0839307125277128","80","20","0.5628845714123882","0.4987351942852234","0.8194820799210472","0.04062534348224546"
"1326","100","0.4","0.35","144","5","periodic","60","0.2","0.5","0.1","1","0.05","500","2000","0.5","0.01","true","false","all","5","8","1.5","0.3","1","mixed","0.8","0.5","0.2","3000","126","26.2620568586419","74.26594982680729","0.4125886101489294","80.55684030549752","42.93057056055344","0.4475380016972084","0.23850316978085245","3858.3184302913014","3869.744486942597","3812.614203686121","1.014984543466591","1562.700459337952","1072.612864112792","3523.0508402385944","0.3044556870601818","0.01543094749670404","1","1","1","1","1","1","100","0.0869381780863332","80","20","0.5785272148585934","0.522126506421466","0.8041300486071028","0.038635268353076534"
"1327","100","0.4","0.35","144","5","periodic","60","0.2","0.5","0.1","1","0.05","500","2000","0.5","0.01","true","false","all","5","8","1.5","0.3","1","mixed","0.8","0.5","0.2","3000","14","49.816833936187905","102.48062857349753","0.5693368254083195","105.14750951181217","41.98161487620857","0.5841528306211787","0.23323119375671425","11880.687097059053","11940.25396039951","11642.419643697227","1.025581822835558","1827.296626263242","1137.274210353875","4587.386289900708","0.24791332983176595","0.013961664723597833","1","1","1","1","1","1","100","0.07836783747435674","80","20","0.555542493143916","0.49703319243659977","0.7895796959731815","0.03642956179961303"
"1328","100","0.4","0.35","144","5","periodic","60","0.2","0.5","0.1","1","0.05","500","2000","0.5","0.01","true","false","all","5","8","1.5","0.3","1","mixed","0.8","0.5","0.2","3000","0","38.07874030066356","92.51316115727104","0.5139620064292836","88.80031311608478","108.76194426077173","0.4933350728671377","0.604233023670954","12852.665874039845","12914.388242118053","12605.776401727015","1.0244817796664043","1686.17951245359","893.0967608049992","4858.510519047952","0.18382110264114557","0.013198555416845892","1","1","1","1","1","1","100","0.09118682338424557","80","20","0.5758990658015462","0.5196393421664793","0.8009379603418141","0.0323917906429437"
"1329","100","0.4","0.35","144","5","periodic","60","0.2","0.5","0.1","1","0.05","500","2000","0.5","0.01","true","false","all","5","8","1.5","0.3","1","mixed","0.8","0.5","0.2","3000","-1","26.548049353717587","76.1004929440088","0.4227805163556045","83.22879050578383","49.23719092138854","0.46238216947657684","0.27353994956326966","21769.201013802387","21847.73091061934","21455.081426534547","1.0183010018129874","1425.669380052671","836.7850822848106","3781.206571124107","0.22130107587220355","0.010368454997213172","1","1","1","1","1","1","100","0.07546749166632184","80","20","0.579570946754782","0.5242941058993709","0.8006783101764274","0.03461120459786475"
"1330","100","0.4","0.35","144","5","periodic","60","0.2","0.5","0.1","1","0.05","500","2000","0.5","0.01","true","false","all","5","8","1.5","0.3","1","mixed","0.8","0.5","0.2","3000","93","48.262354234390905","70.28102520335665","0.39045014001864803","76.53826321526863","31.401795908631573","0.42521257341815905","0.17445442171461986","18269.410776991434","18364.997830839537","17887.062561599017","1.026719606284968","1623.3914946694242","916.3235276348469","4451.6633628077325","0.2058384592353603","0.011326532775183695","1","1","1","1","1","1","100","0.07407974013427665","80","20","0.5750034500328208","0.5192002537791544","0.7982162350474856","0.02931073913524777"
"1331","100","0.4","0.35","144","5","periodic","60","0.2","0.5","0.1","1","0.05","500","2000","0.5","0.01","true","false","all","5","8","1.5","0.3","1","mixed","0.8","0.5","0.2","3000","-1","40.081789251970115","77.2455143337002","0.42914174629833446","85.05637818422886","43.11659701769891","0.472535434356827","0.23953665009832725","21655.220280711306","21727.593758165713","21365.726370893695","1.0169368165158652","1499.2990508829052","1005.3849644575182","3474.9553965844525","0.2893231278438034","0.009841161383406849","1","1","1","1","1","1","100","0.09229675790506961","80","20","0.5501516968746464","0.4843085259592101","0.8135243805363913","0.037644573990458195"
"1332","100","0.4","0.35","144","5","periodic","60","0.2","0.5","0.1","1","0.05","500","2000","0.5","0.01","true","false","all","5","8","1.5","0.3","1","mixed","0.8","0.5","0.2","3000","123","43.755523845497976","78.45356781996979","0.43585315455538776","86.81495347602882","44.98416521871769","0.482305297089049","0.24991202899287607","11674.077934595633","11732.0421059684","11442.221249104558","1.025329072961819","1721.9288098272166","984.1406813221736","4673.081323847395","0.21059780755365085","0.011922811826794222","1","1","1","1","1","1","100","0.09894111520227447","80","20","0.5535918976683416","0.49151075135879224","0.801916482906539","0.03232455023213235"
"1333","100","0.4","0.35","144","5","periodic","60","0.2","0.5","0.1","1","0.05","500","2000","0.5","0.01","true","false","all","5","8","1.5","0.3","1","mixed","0.8","0.5","0.2","3000","61","21.799009191607595","64.3579668156062","0.35754426008670115","72.85301169571679","30.377787295163863","0.4047389538650933","0.16876548497313257","3560.531226726631","3573.500922833971","3508.652442297279","1.0184824463531739","1736.0388424693865","1056.0712590802245","4455.90917602603","0.23700466444921447","0.012325895542758314","1","1","1","1","1","1","100","0.08146217691419776","80","20","0.5695040570197247","0.512805047034313","0.7963000969613729","0.026616918124340246"
"1334","100","0.4","0.35","144","5","periodic","60","0.2","0.5","0.1","1","0.05","500","2000","0.5","0.01","true","false","all","5","8","1.5","0.3","1","mixed","0.8","0.5","0.2","3000","151","43.85581822676603","111.69088397907127","0.6205049109948404","104.69420048481302","138.01142149095446","0.5816344471378502","0.7667301193941914","17716.779683444045","17767.924379943735","17512.20089744527","1.0146025895885977","1347.5262832852904","809.818477276174","3498.3575073217544","0.23148534007210392","0.011283486952294641","1","1","1","1","1","1","100","0.08612138032038683","80","20","0.5579170812247567","0.49486192233174486","0.810137716796803","0.042657158162619294"
"1335","100","0.4","0.35","144","5","periodic","60","0.2","0.5","0.1","1","0.05","500","2000","0.5","0.01","true","false","all","5","8","1.5","0.3","1","mixed","0.8","0.5","0.2","3000","0","13.510761351086742","96.86588363013934","0.5381437979452185","98.74128795264157","63.9350411650502","0.5485627108480087","0.3551946731391678","864.3902672028763","867.7740264271227","850.8552303058899","1.0198844592107057","1658.2667350164588","932.4457405837477","4561.5507127473","0.2044142001924955","0.01665278638375889","0.2887896507467744","0.2887896507467744","0.2583098554370207","0.24292684480191754","0.2451826842847485","0.2339034868705933","100","0.08176438574199071","80","20","0.5503277368768181","0.4950586942951013","0.7714039072036858","0.03257506231575481"
"1336","100","0.4","0.35","144","5","periodic","60","0.2","0.5","0.1","1","0.05","500","2000","0.5","0.01","true","false","all","5","8","1.5","0.3","1","mixed","0.8","0.5","0.2","3000","-1","45.41924166644966","97.83044230803871","0.5435024572668817","90.48531997404548","122.25807028570391","0.5026962220780304","0.679211501587244","21773.13965922983","21807.768626186757","21634.623791402122","1.008003135920184","1471.6528971500693","1020.406135071053","3276.639945466137","0.3114184506243909","0.010728301877426905","1","1","1","1","1","1","100","0.09360969907576645","80","20","0.5684705765764303","0.5056191949813418","0.8198761029567846","0.042086012381636964"
"1337","100","0.4","0.35","144","5","periodic","60","0.2","0.5","0.1","1","0.05","500","2000","0.5","0.01","true","false","all","5","8","1.5","0.3","1","mixed","0.8","0.5","0.2","3000","106","37.641944124399814","89.30318066854608","0.49612878149192263","94.22381255932842","57.694677540603394","0.5234656253296024","0.3205259863366855","9324.698747898861","9369.343336529786","9146.120393375159","1.0244062983597197","1733.3206587906834","1165.4537932224473","4004.7881210636237","0.29101509442974405","0.014251276902533583","1","1","1","1","1","1","100","0.07975556252639027","80","20","0.5367664666825825","0.4678507073437338","0.8124295040379776","0.04006383859890579"
"1338","100","0.4","0.35","144","5","periodic","60","0.2","0.5","0.1","1","0.05","500","2000","0.5","0.01","true","false","all","5","8","1.5","0.3","1","mixed","0.8","0.5","0.2","3000","-1","46.46223596790536","88.54829919610178","0.4919349955338988","90.17252426294104","23.46399851034617","0.5009584681274503","0.13035554727970095","21594.35260337824","21673.60258440383","21277.352679275886","1.018623083007591","1667.481961952938","993.9640545843304","4361.553591427366","0.22789220257157156","0.00987137989052611","1","1","1","1","1","1","100","0.07130282676230129","80","20","0.5418623866763435","0.4738120186070963","0.814063858953331","0.04128315122230852"
"1339","100","0.4","0.35","144","5","periodic","60","0.2","0.5","0.1","1","0.05","500","2000","0.5","0.01","true","false","all","5","8","1.5","0.3","1","mixed","0.8","0.5","0.2","3000","71","23.62202901332607","74.1429559583368","0.4119053108796489","83.35078495493842","36.18245747340359","0.46305991641632455","0.20101365263001994","10369.847195408034","10421.004185786132","10165.219233895674","1.0251627580286262","1660.6112400701534","951.133613917882","4498.52174467924","0.2114324811351336","0.011609668388216088","1","1","1","1","1","1","100","0.0698693080021441","80","20","0.5618802003675007","0.4941863122115218","0.8326557529914183","0.03801471316807798"
"1340","100","0.4","0.35","144","5","periodic","60","0.2","0.5","0.1","1","0.05","500","2000","0.5","0.01","true","false","all","5","8","1.5","0.3","1","mixed","0.8","0.5","0.2","3000","68","33.67172791210392","96.963561997763","0.5386864555431278","98.12886545722886","87.21134658385574","0.5451603636512714","0.48450748102142077","13341.520387914441","13401.362542003602","13102.151771557788","1.0228367657208293","1621.0953095124278","951.1158984583562","4301.012953728714","0.22113765029091517","0.011932851485394025","1","1","1","1","1","1","100","0.07355469835265628","80","20","0.5575232050093517","0.4935706035087316","0.8133336110118311","0.04167239528664995"
"1341","100","0.4","0.35","144","5","periodic","60","0.2","0.5","0.1","1","0.05","500","2000","0.5","0.01","true","false","all","5","8","1.5","0.3","1","mixed","0.8","0.5","0.2","3000","130","35.80605068858601","72.10785790363872","0.40059921057577064","74.71509041613754","46.440783290639374","0.41508383564520857","0.2580043516146632","19859.73500459457","20003.682864779377","19283.943563855337","1.0373232424447185","1842.5390380887638","1079.515896694826","4894.631603664517","0.22055100038307546","0.01184012286452818","1","1","1","1","1","1","100","0.08605385148076562","80","20","0.5610656594912536","0.492005853586347","0.8373048831108811","0.035951429115050074"
"1343","100","0.4","0.35","144","5","periodic","60","0.2","0.5","0.1","1","0.05","500","2000","0.5","0.01","true","false","all","5","8","1.5","0.3","1","mixed","0.8","0.5","0.2","3000","92","26.58975143713573","62.897876975412125","0.34943264986340067","70.9641038387066","31.80005718043252","0.3942450213261478","0.17666698433573622","3100.0338610441436","3122.4983838318544","3010.175769893293","1.0373143040555883","1701.2299387205117","1048.243285422085","4313.176551914218","0.24303277939245646","0.015865776892006522","1","1","1","1","1","1","100","0.08634768653765995","80","20","0.5395877197564815","0.4684776175635522","0.8240281285281978","0.03824160743769378"
"1342","100","0.4","0.35","144","5","periodic","60","0.2","0.5","0.1","1","0.05","500","2000","0.5","0.01","true","false","all","5","8","1.5","0.3","1","mixed","0.8","0.5","0.2","3000","0","32.98724234266173","61.33010987977059","0.34072283266539216","65.05185997103885","41.84102805252779","0.36139922206132696","0.2324501558473766","3881.9302936267113","3896.9242506403693","3821.9544655720733","1.0196155620752727","1635.7244113642923","1080.347523600386","3857.2319624199145","0.2800836283962056","0.011990331415218547","1","1","1","1","1","1","100","0.08540682112218623","80","20","0.5612586989591732","0.49229108202937627","0.8371291666783616","0.03538789903927363"
"1345","100","0.4","0.35","144","5","periodic","60","0.2","0.5","0.1","1","0.05","500","2000","0.5","0.01","true","false","all","5","8","1.5","0.3","1","mixed","0.8","0.5","0.2","3000","31","48.9402790652524","64.16195422494587","0.3564553012496993","74.06303125837898","22.94353834119186","0.41146128476877214","0.12746410189551033","3420.425357209993","3429.8283916384994","3382.8132194959567","1.0138982465456812","1674.5490363833367","1126.9084269271348","3865.1114742081445","0.2915591010626692","0.012434009930660794","1","1","1","1","1","1","100","0.07156688022290565","80","20","0.5322415578322739","0.47115923160717194","0.7765708627326815","0.03683573680099427"
"1344","100","0.4","0.35","144","5","periodic","60","0.2","0.5","0.1","1","0.05","500","2000","0.5","0.01","true","false","all","5","8","1.5","0.3","1","mixed","0.8","0.5","0.2","3000","-1","46.31657236886599","98.81829591934127","0.5489905328852293","97.93261876218598","86.29891900173855","0.5440701042343665","0.47943843889854754","21709.411084663225","21813.605177875237","21292.634711815146","1.0244671677841268","1676.3482173053326","1015.694634336206","4318.962549181841","0.23517097515203345","0.011125183866243393","1","1","1","1","1","1","100","0.0855603906605937","80","20","0.5623698173188151","0.5078738663696076","0.7803536211156459","0.029001596185038555"
"1346","100","0.4","0.35","144","5","periodic","60","0.2","0.5","0.1","1","0.05","500","2000","0.5","0.01","true","false","all","5","8","1.5","0.3","1","mixed","0.8","0.5","0.2","3000","96","41.55688702147491","68.00668448824443","0.3778149138235802","77.53337216777336","33.95169609903802","0.4307409564876298","0.18862053388354455","14149.956266331503","14209.373304228091","13912.288114745175","1.0213541573487146","1698.2006078023512","1030.2642918264214","4369.945871706066","0.23576133940171606","0.011287616323842453","1","1","1","1","1","1","100","0.08482485456997166","80","20","0.5377512506823261","0.47356574049921","0.7944932914147895","0.03423178233250726"
"1347","100","0.4","0.35","144","5","periodic","60","0.2","0.5","0.1","1","0.05","500","2000","0.5","0.01","true","false","all","5","8","1.5","0.3","1","mixed","0.8","0.5","0.2","3000","-1","48.84904731379323","77.75413006442007","0.43196738924677813","86.09022234389923","29.8566755067871","0.47827901302166237","0.16587041948215056","21719.94751234067","21816.642030191266","21333.16944093831","1.0226629517283623","1571.5672412923764","965.1280574408478","3997.3239766984952","0.2414435414959722","0.01092133891763436","1","1","1","1","1","1","100","0.08282047269675409","80","20","0.5726034280818603","0.5131723767115758","0.8103276335629996","0.0385196229615184"
"1348","100","0.4","0.35","144","5","periodic","60","0.2","0.5","0.1","1","0.05","500","2000","0.5","0.01","true","false","all","5","8","1.5","0.3","1","mixed","0.8","0.5","0.2","3000","0","25.701983411242338","72.31779301135924","0.40176551672977356","75.2947988963447","60.4097694714176","0.4183044383130261","0.33560983039676445","2451.8079599238363","2455.7510199907783","2436.035719656064","1.0080931901677936","1400.1423846369335","991.1800643226883","3035.9916658939137","0.32647654321898356","0.010334513465205752","1","1","1","1","1","1","100","0.09636971270350857","80","20","0.5744146821672648","0.5144837873279646","0.8141382615244656","0.032698082064540474"
"1349","100","0.4","0.35","144","5","periodic","60","0.2","0.5","0.1","1","0.05","500","2000","0.5","0.01","true","false","all","5","8","1.5","0.3","1","mixed","0.8","0.5","0.2","3000","121","49.01250564656176","67.54289467878647","0.37523830377103595","75.33139652908133","37.19036919641978","0.4185077584948963","0.2066131622023321","8832.714072997847","8866.400276037228","8697.96926084031","1.01936440681105","1701.542374433461","988.1612559169095","4555.066848499664","0.21693671877557352","0.011387244395846485","1","1","1","1","1","1","100","0.07410306949866866","80","20","0.5495334960393335","0.48720073352563437","0.7988645460941307","0.035789723138542576"
"1350","100","0.4","0.35","144","5","periodic","60","0.2","0.5","0.1","1","0.05","500","2000","0.5","0.01","true","false","all","5","8","1.5","0.3","1","mixed","0.8","0.5","0.2","3000","46","40.98235712005403","69.82055207727021","0.3878919559848345","73.62096277704931","40.542229868569","0.40900534876138506","0.2252346103809389","4300.585022633041","4315.074197140518","4242.628324603122","1.0170757056698274","1660.8878265852507","1027.304399699224","4195.221534129358","0.24487488714047653","0.011112303990786776","1","1","1","1","1","1","100","0.07671699732543535","80","20","0.5528123629117118","0.4988083378194526","0.768828463280749","0.026643297457693633"
"1351","100","0.4","0.35","144","5","periodic","60","0.2","0.5","0.1","1","0.05","500","2000","0.5","0.01","true","false","all","5","8","1.5","0.3","1","mixed","0.8","0.5","0.2","3000","-1","58.315930268496444","67.76973374597371","0.3764985208109651","77.33674351625147","26.747984336360037","0.429648575090286","0.14859991297977798","21743.02337314069","21836.727119252722","21368.20838869255","1.021925971613423","1675.6504558482193","997.3998967587847","4388.652692205955","0.22726790354819404","0.01122452913139238","1","1","1","1","1","1","100","0.07365748597278327","80","20","0.5675738477414003","0.5023910485038864","0.8283050446914555","0.03434153380633345"
"1352","100","0.4","0.35","144","5","periodic","60","0.2","0.5","0.1","1","0.05","500","2000","0.5","0.01","true","false","all","5","8","1.5","0.3","1","mixed","0.8","0.5","0.2","3000","-1","22.784852722881652","72.19882937873992","0.4011046076596662","76.9675567302175","50.04630681396515","0.4275975373900972","0.27803503785536193","21674.88250663281","21739.912988888507","21414.76057761006","1.0151835650975436","1474.8571133335354","850.6802588405401","3971.564531305519","0.21419273239428072","0.010119434011235828","1","1","1","1","1","1","100","0.08377739657375216","80","20","0.5318857197709831","0.4650343711180291","0.7992911143827988","0.040603535459469146"
"1353","100","0.4","0.35","144","5","periodic","60","0.2","0.5","0.1","1","0.05","500","2000","0.5","0.01","true","false","all","5","8","1.5","0.3","1","mixed","0.8","0.5","0.2","3000","26","30.3574554515244","109.84539594835566","0.610252199713087","102.50145745750669","136.9407726739742","0.5694525414305928","0.7607820704109678","3701.018740460643","3714.92003407624","3645.4135659982603","1.0190668265258798","1805.9768502983725","960.7625805669086","5186.833929224229","0.1852310279597877","0.012600922002649062","1","1","1","1","1","1","100","0.08264933087531051","80","20","0.5485418385406678","0.4971816591137208","0.7539825562484567","0.03011891115245247"
"1354","100","0.4","0.35","144","5","periodic","60","0.2","0.5","0.1","1","0.05","500","2000","0.5","0.01","true","false","all","5","8","1.5","0.3","1","mixed","0.8","0.5","0.2","3000","26","32.061585197787466","76.01751649088297","0.4223195360604609","74.58191431219839","73.80722814789293","0.41434396840110216","0.41004015637718294","12459.50941946691","12525.113727496175","12197.092187349856","1.0268934214079752","1553.8789944739246","1092.1820700949388","3400.666691989867","0.3211670442938525","0.014872190915639294","1","1","1","1","1","1","100","0.08930761800213584","80","20","0.5832854999070826","0.5247884259934223","0.8172737955617253","0.03571396661289967"
"1355","100","0.4","0.35","144","5","periodic","60","0.2","0.5","0.1","1","0.05","500","2000","0.5","0.01","true","false","all","5","8","1.5","0.3","1","mixed","0.8","0.5","0.2","3000","41","25.311964105517077","56.643572068276434","0.31468651149042465","63.17273334160642","25.398044129598865","0.3509596296755912","0.14110024516443814","3123.8619432759947","3138.742526675771","3064.3396096768874","1.0242802451673199","1614.8489004005453","1022.9074435570507","3982.614727774526","0.25684318305342285","0.011349032645646018","1","1","1","1","1","1","100","0.08641511873452225","80","20","0.5529154370445416","0.49979169369097753","0.765410410458798","0.033058148690706605"
"1356","100","0.4","0.35","144","5","periodic","60","0.2","0.5","0.1","1","0.05","500","2000","0.5","0.01","true","false","all","5","8","1.5","0.3","1","mixed","0.8","0.5","0.2","3000","11","31.944133953607746","86.39435649554497","0.47996864719747206","92.94070377349468","25.156720786315457","0.5163372431860815","0.13975955992397476","17602.144231594935","17684.030139194307","17274.600601197464","1.0237012448188505","1601.4949230026612","916.1473278435478","4342.885303639113","0.21095360890048462","0.012025809399788034","1","1","1","1","1","1","100","0.09585184320558417","80","20","0.569170263638505","0.5097570101481708","0.8068232775998417","0.036061449122818875"
"1357","100","0.4","0.35","144","5","periodic","60","0.2","0.5","0.1","1","0.05","500","2000","0.5","0.01","true","false","all","5","8","1.5","0.3","1","mixed","0.8","0.5","0.2","3000","16","43.23172975376862","104.19693738511734","0.578871874361763","94.9832940571043","125.83329790244761","0.5276849669839128","0.69907387723582","9416.672466596045","9442.553563292977","9313.148079808332","1.013894923862019","1582.8725273812681","880.1371934461122","4393.813863121892","0.2003128081581401","0.01245462408688236","1","1","1","1","1","1","100","0.07882113747225886","80","20","0.557691081454284","0.4970166563341949","0.8003887819346399","0.037544956403697635"
"1358","100","0.4","0.35","144","5","periodic","60","0.2","0.5","0.1","1","0.05","500","2000","0.5","0.01","true","false","all","5","8","1.5","0.3","1","mixed","0.8","0.5","0.2","3000","26","37.951212414643194","100.2399066097461","0.556888370054145","98.6002147415583","92.98152726288004","0.547778970786435","0.5165640403493336","4884.3526748020895","4903.260578137333","4808.721061461119","1.019660012603744","1483.4770165732916","980.6879545883182","3494.6332645131843","0.28062685848809127","0.016198097928800115","1","1","1","1","1","1","100","0.08260260695902372","80","20","0.5563918955845416","0.48699790808845156","0.8339678455689011","0.03678031001801548"
"1360","100","0.4","0.35","144","5","periodic","60","0.2","0.5","0.1","1","0.05","500","2000","0.5","0.01","true","false","all","5","8","1.5","0.3","1","mixed","0.8","0.5","0.2","3000","71","26.162348777311095","103.26168732659426","0.5736760407033015","106.6180474859862","34.771015076472246","0.5923224860332567","0.19317230598040136","6527.303252082808","6566.356559312853","6371.090023162628","1.0306488427318272","1674.5693927876189","923.3071846032295","4679.618225525177","0.1973039551745933","0.014619767548516238","1","1","1","1","1","1","100","0.08221765046949331","80","20","0.5568749307283007","0.5062513684778137","0.7593691797302478","0.02803046476072349"
"1361","100","0.4","0.35","144","5","periodic","60","0.2","0.5","0.1","1","0.05","500","2000","0.5","0.01","true","false","all","5","8","1.5","0.3","1","mixed","0.8","0.5","0.2","3000","146","26.729096432111362","82.34205701817477","0.4574558723231932","84.40902706951773","52.61029027710905","0.4689390392750985","0.29227939042838363","11551.875259401193","11610.661047422518","11316.732107315893","1.0259729520253118","1683.568492409247","990.14780002317","4457.251261953559","0.22214314200209576","0.012744090050289092","1","1","1","1","1","1","100","0.08583322921238604","80","20","0.5719643754585475","0.5171566468251285","0.7911952899922229","0.028503006812729385"
"1359","100","0.4","0.35","144","5","periodic","60","0.2","0.5","0.1","1","0.05","500","2000","0.5","0.01","true","false","all","5","8","1.5","0.3","1","mixed","0.8","0.5","0.2","3000","-1","39.76861671577087","92.38329366038124","0.5132405203354513","93.60331267791074","85.40059515943236","0.5200184037661708","0.4744477508857353","21729.152332268393","21803.843100100356","21430.389260940563","1.0174263675107598","1425.8301065498242","1049.7754826914818","2930.0486019831933","0.35827920464559704","0.010776293505743162","1","1","1","1","1","1","100","0.09061330638092457","80","20","0.5534958358993693","0.5072174239380993","0.7386094837444508","0.030574646891628827"
"1362","100","0.4","0.35","144","5","periodic","60","0.2","0.5","0.1","1","0.05","500","2000","0.5","0.01","true","false","all","5","8","1.5","0.3","1","mixed","0.8","0.5","0.2","3000","-1","52.51127194819922","74.96823191549201","0.41649017730828897","78.2144931770435","52.53423930605417","0.43452496209468605","0.2918568850336343","21640.994154141183","21736.48878689284","21259.01562313458","1.0224597964563633","1653.9529233444607","884.5463291034606","4731.579300308457","0.18694526139418108","0.012384917466983891","1","1","1","1","1","1","100","0.08119386067749221","80","20","0.5666125200782614","0.5074909396178733","0.8030988419198142","0.0364223787622636"
"1363","100","0.4","0.35","144","5","periodic","60","0.2","0.5","0.1","1","0.05","500","2000","0.5","0.01","true","false","all","5","8","1.5","0.3","1","mixed","0.8","0.5","0.2","3000","36","53.69468651410433","115.03597449298843","0.639088747183269","106.31582866081996","133.3742182181694","0.5906434925601108","0.74096787898983","9722.960221691634","9758.690982224889","9580.037179558625","1.0186485500335491","1663.703413029452","1042.3435738856344","4149.142769604724","0.2512190184250842","0.013046692517675762","1","1","1","1","1","1","100","0.07922265831168428","80","20","0.5758217773110619","0.5103218605714688","0.8378214442694333","0.03729668849537806"
"1364","100","0.4","0.35","144","5","periodic","60","0.2","0.5","0.1","1","0.05","500","2000","0.5","0.01","true","false","all","5","8","1.5","0.3","1","mixed","0.8","0.5","0.2","3000","0","30.838043289039888","89.85026539891598","0.4991681411050888","86.16127875494186","103.65763038225514","0.4786737708607881","0.5758757243458619","3691.1933119752894","3696.1701810983823","3671.28583548292","1.0067781008427494","1508.4750666458692","984.9613441400082","3602.5299566693125","0.2734082314337355","0.016926576063871268","1","1","1","1","1","1","100","0.08810099940432689","80","20","0.5443600798361763","0.4869598920248914","0.7739608310813161","0.03700462045144712"
"1365","100","0.4","0.35","144","5","periodic","60","0.2","0.5","0.1","1","0.05","500","2000","0.5","0.01","true","false","all","5","8","1.5","0.3","1","mixed","0.8","0.5","0.2","3000","0","39.53649658752305","89.21170030626408","0.49562055725702264","92.88599691853904","42.82628203141738","0.5160333162141058","0.23792378906342987","5060.592350836616","5077.6336210507125","4992.42726998023","1.017067119151206","1552.4543816496903","961.8345184888318","3914.933834293125","0.24568346725647772","0.015692270756809013","1","1","1","1","1","1","100","0.0971832590766223","80","20","0.5579404702723384","0.5020186460110143","0.7816277673176368","0.036914331416414044"
"1366","100","0.4","0.35","144","5","periodic","60","0.2","0.5","0.1","1","0.05","500","2000","0.5","0.01","true","false","all","5","8","1.5","0.3","1","mixed","0.8","0.5","0.2","3000","0","34.19481415715509","76.50156655277388","0.425008703070966","83.49151985382301","28.7212128251163","0.46384177696568335","0.15956229347286832","6143.518425979415","6165.806900215975","6054.364529033164","1.0184069476901167","1583.3493816979724","831.2516256545217","4591.740405871777","0.181031929547137","0.014465565668470015","1","1","1","1","1","1","100","0.07821184377280715","80","20","0.553388707398243","0.4959144299035363","0.7832858173770687","0.03431910562856355"
"1369","100","0.4","0.35","144","5","periodic","60","0.2","0.5","0.1","1","0.05","500","2000","0.5","0.01","true","false","all","5","8","1.5","0.3","1","mixed","0.8","0.5","0.2","3000","-1","35.393848944265386","91.46202060065693","0.5081223366703163","93.3418547895075","65.52304563493635","0.5185658599417083","0.3640169201940908","21706.494298503563","21809.001930293016","21296.46377134579","1.024066819940165","1601.268819506247","1035.9881428837214","3862.391525996348","0.26822452770799204","0.010549254138003228","1","1","1","1","1","1","100","0.08519811769110217","80","20","0.5689332631482197","0.5192571538980534","0.7676377001488845","0.031738304931109095"
"1368","100","0.4","0.35","144","5","periodic","60","0.2","0.5","0.1","1","0.05","500","2000","0.5","0.01","true","false","all","5","8","1.5","0.3","1","mixed","0.8","0.5","0.2","3000","-1","36.070682113191076","79.69408240480566","0.4427449022489203","83.00198979130957","65.09138005771949","0.46112216550727536","0.3616187780984416","21663.950552024675","21748.191783273516","21326.985627029302","1.0197499151361735","1539.0238047696682","843.613711793648","4320.664176673754","0.19525093302740798","0.010986780955872133","1","1","1","1","1","1","100","0.07747840334871894","80","20","0.5828924941246797","0.5180881827526775","0.842109739612687","0.038003281950927295"
"1367","100","0.4","0.35","144","5","periodic","60","0.2","0.5","0.1","1","0.05","500","2000","0.5","0.01","true","false","all","5","8","1.5","0.3","1","mixed","0.8","0.5","0.2","3000","-1","37.08262041638293","65.80979120973996","0.365609951165222","73.75376581784094","31.536702622840426","0.40974314343244966","0.1752039034602246","21627.293714079446","21720.615322186826","21254.00728164993","1.021953885418104","1673.3392194139444","856.8910521498556","4939.131888470299","0.1734902147784606","0.011053867815543628","1","1","1","1","1","1","100","0.07508372527647117","80","20","0.5490928680313821","0.4881376097804764","0.792913901035003","0.031905380965282025"
"1370","100","0.4","0.35","144","5","periodic","60","0.2","0.5","0.1","1","0.05","500","2000","0.5","0.01","true","false","all","5","8","1.5","0.3","1","mixed","0.8","0.5","0.2","3000","56","34.03692947143632","102.83045617206433","0.571280312067024","97.2949104941795","104.72299346333133","0.5405272805232195","0.5817944081296186","5296.487467633585","5322.992405653207","5190.467715555091","1.0255323214324135","1514.2716592921795","978.1580516354716","3658.726089919009","0.26734935264233606","0.01571348567202513","1","1","1","1","1","1","100","0.07634905657070273","80","20","0.5534501091247287","0.4878579164127029","0.8158188799728319","0.03773785630667505"
"1371","100","0.4","0.35","144","5","periodic","60","0.2","0.5","0.1","1","0.05","500","2000","0.5","0.01","true","false","all","5","8","1.5","0.3","1","mixed","0.8","0.5","0.2","3000","0","40.899210435249515","92.03792706823268","0.5113218170457371","94.57117348281047","62.682597447604095","0.5253954082378359","0.34823665248668945","5768.509932291474","5778.039165423175","5730.3929997646865","1.0083146418858957","1432.3997962875144","987.721468041306","3211.113109272347","0.30759472943795746","0.01655586863485836","1","1","1","1","1","1","100","0.07045265304563121","80","20","0.5522789678486651","0.4831415126272738","0.828828788734231","0.04396339294696988"
"1372","100","0.4","0.35","144","5","periodic","60","0.2","0.5","0.1","1","0.05","500","2000","0.5","0.01","true","false","all","5","8","1.5","0.3","1","mixed","0.8","0.5","0.2","3000","56","40.53267838825178","84.39490240752387","0.46886056893068817","87.66449844408193","53.21610319431583","0.48702499135601074","0.29564501774619906","11832.59199117044","11906.270411324487","11537.878310554255","1.0319289292931135","1552.0206694912","1037.1360874777588","3611.558997544967","0.2871712986504645","0.014729007005677586","1","1","1","1","1","1","100","0.08079720684773077","80","20","0.5619759860940614","0.50554610398359","0.7876955145359477","0.03698883759612091"
"1373","100","0.4","0.35","144","5","periodic","60","0.2","0.5","0.1","1","0.05","500","2000","0.5","0.01","true","false","all","5","8","1.5","0.3","1","mixed","0.8","0.5","0.2","3000","-1","56.760070070963806","62.072348016805876","0.34484637787114375","67.67813465261727","31.604766749772416","0.37598963695898485","0.17558203749873563","21767.693974123613","21811.257157165455","21593.441241956276","1.0100871330682564","1529.6410202240909","975.9923651824136","3744.2356403908016","0.2606653156799035","0.009089833878905829","1","1","1","1","1","1","100","0.08473489197562195","80","20","0.5862360601691438","0.5326389562390169","0.80062447588965","0.03451234891015092"
"1374","100","0.4","0.35","144","5","periodic","60","0.2","0.5","0.1","1","0.05","500","2000","0.5","0.01","true","false","all","5","8","1.5","0.3","1","mixed","0.8","0.5","0.2","3000","78","40.77558849323208","106.20386228435717","0.5900214571353176","104.53439061072156","58.68793907737232","0.5807466145040087","0.3260441059854018","8338.168289919311","8365.758508606807","8227.807415169347","1.0167664465727675","1619.4861633031053","959.3724814155594","4259.940890853286","0.22520793269114892","0.01268567733068826","1","1","1","1","1","1","100","0.0822053625531402","80","20","0.5429431050395934","0.47253175799316","0.8245884932253276","0.03324435465160299"
"1375","100","0.4","0.35","144","5","periodic","60","0.2","0.5","0.1","1","0.05","500","2000","0.5","0.01","true","false","all","5","8","1.5","0.3","1","mixed","0.8","0.5","0.2","3000","36","46.561884700526264","114.78221944020049","0.6376789968900027","109.02909437967041","91.59257878000744","0.6057171909981689","0.5088476598889302","6835.970230106618","6852.552523165851","6769.6410578697005","1.0122475423124195","1437.004361988094","985.1335222636455","3244.487720885886","0.30363299448538544","0.011830508614588897","1","1","1","1","1","1","100","0.08948704680616555","80","20","0.5525606985608088","0.4796476617785251","0.8442128456899447","0.042177816686985926"
"1376","100","0.4","0.35","144","5","periodic","60","0.2","0.5","0.1","1","0.05","500","2000","0.5","0.01","true","false","all","5","8","1.5","0.3","1","mixed","0.8","0.5","0.2","3000","6","16.18190655276105","80.59762684563619","0.4477645935868677","83.79777012149148","42.599022292687756","0.4655431673416193","0.23666123495937644","708.6334411536371","711.6605382764188","696.5250526625093","1.021729994572418","1658.075400042322","1034.1737525856802","4153.681989868895","0.24897759508505904","0.018064643784624135","0.17637303497656937","0.17637303497656937","0.1618933978118455","0.13908896076909136","0.14110702551761267","0.13101670177500624","100","0.09845775824292621","80","20","0.5588303627744596","0.49195417280632964","0.8263351226469803","0.035555309025126526"
"1377","100","0.4","0.35","144","5","periodic","60","0.2","0.5","0.1","1","0.05","500","2000","0.5","0.01","true","false","all","5","8","1.5","0.3","1","mixed","0.8","0.5","0.2","3000","16","32.74134395372799","115.45713455372055","0.6414285252984475","113.45616542031112","120.62407336743756","0.6303120301128395","0.6701337409302087","3410.933593341534","3423.64835319366","3360.074553933036","1.018920353771975","1768.0814440296442","1106.0839743944248","4416.071322570524","0.25046786919885855","0.011618138767136577","1","1","1","1","1","1","100","0.09652302840890639","80","20","0.552580515180895","0.49640332617267535","0.7772892712137736","0.032608704585742956"
"1378","100","0.4","0.35","144","5","periodic","60","0.2","0.5","0.1","1","0.05","500","2000","0.5","0.01","true","false","all","5","8","1.5","0.3","1","mixed","0.8","0.5","0.2","3000","11","38.21950462795158","79.26395009632162","0.4403552783128979","86.99821475597997","48.513232928245245","0.48332341531099987","0.2695179607124736","19870.755737975975","19904.488751761364","19735.82368283439","1.0085461378069398","1540.3363630531014","1055.761228838396","3478.6368999119236","0.30349854245067287","0.009384054624143268","1","1","1","1","1","1","100","0.07147977918602459","80","20","0.5762412619604987","0.5170661065750137","0.8129418835024381","0.03530914367296559"
"1379","100","0.4","0.35","144","5","periodic","60","0.2","0.5","0.1","1","0.05","500","2000","0.5","0.01","true","false","all","5","8","1.5","0.3","1","mixed","0.8","0.5","0.2","3000","145","35.93921994994952","83.4205830455176","0.4634476835862089","87.77802943542619","60.241980600971544","0.48765571908570104","0.33467767000539744","20146.540428727563","20208.247894903547","19899.71056402363","1.0155046139936181","1515.5289866492833","1001.515459996953","3571.583093258602","0.2804121964535343","0.011935989984693585","1","1","1","1","1","1","100","0.08316687616202294","80","20","0.5540995213224152","0.49738019049882737","0.7809768446167664","0.03548170021547295"
"1380","100","0.4","0.35","144","5","periodic","60","0.2","0.5","0.1","1","0.05","500","2000","0.5","0.01","true","false","all","5","8","1.5","0.3","1","mixed","0.8","0.5","0.2","3000","21","49.86439750131204","83.22776982826439","0.46237649904591327","82.94901828350908","73.74324204791169","0.4608278793528282","0.40968467804395386","15969.342200144443","16057.06674890462","15618.444005103727","1.0280836390396866","1695.1727508696617","1043.964190797588","4300.006991157955","0.2427819752256862","0.013036915947988836","1","1","1","1","1","1","100","0.08809567094074017","80","20","0.5651160735714764","0.5043340260029093","0.8082442638457442","0.029662334580118445"
"1381","100","0.4","0.35","144","5","periodic","60","0.2","0.5","0.1","1","0.05","500","2000","0.5","0.01","true","false","all","5","8","1.5","0.3","1","mixed","0.8","0.5","0.2","3000","-1","53.00045031883961","110.89377885286517","0.6160765491825843","108.67008507525296","120.02677838495109","0.6037226948625164","0.6668154354719504","21744.6314324794","21815.38795773949","21461.605331439125","1.0164844437700147","1441.7533404152587","983.2226185418946","3275.876227908716","0.30014034418192087","0.011414614230085274","1","1","1","1","1","1","100","0.08481406000020787","80","20","0.5578168574122229","0.5069041533483432","0.7614676736677412","0.031021040197130614"
"1382","100","0.4","0.35","144","5","periodic","60","0.2","0.5","0.1","1","0.05","500","2000","0.5","0.01","true","false","all","5","8","1.5","0.3","1","mixed","0.8","0.5","0.2","3000","41","43.746769643268294","97.33930411261215","0.5407739117367342","98.71443483312551","65.66904148301097","0.5484135268506972","0.36482800823894984","6470.1362359836685","6495.1100546289135","6370.240961402679","1.0196019419018554","1686.4606236595314","898.2480512128162","4839.31091344639","0.18561486692598456","0.013842915919129561","1","1","1","1","1","1","100","0.08014322034854966","80","20","0.5493541961842064","0.49240930139894595","0.7771337753252491","0.03516421661332296"
"1383","100","0.4","0.35","144","5","periodic","60","0.2","0.5","0.1","1","0.05","500","2000","0.5","0.01","true","false","all","5","8","1.5","0.3","1","mixed","0.8","0.5","0.2","3000","6","30.06767214280147","81.85391467448255","0.45474397041379194","83.56291921197997","34.80036243226374","0.4642384400665554","0.19333534684590967","5114.545808088023","5129.257977607698","5055.6971300093055","1.0145500898702493","1298.48817274413","904.2920656337826","2875.272601185519","0.3145065498349371","0.012830092920247171","1","1","1","1","1","1","100","0.072997613289719","80","20","0.570994103096807","0.5093576828524562","0.8175397840742102","0.03229098240373765"
"1385","100","0.4","0.35","144","5","periodic","60","0.2","0.5","0.1","1","0.05","500","2000","0.5","0.01","true","false","all","5","8","1.5","0.3","1","mixed","0.8","0.5","0.2","3000","96","26.724334377957092","65.89050619035163","0.3660583677241757","72.86232164100714","38.87088048257072","0.404790675783373","0.21594933601428176","5077.530519945687","5104.47711249882","4969.744149733151","1.0271106436682265","1639.9593408428111","1086.1935347698568","3855.022565134624","0.2817606165508722","0.014141821007001676","1","1","1","1","1","1","100","0.07725427348900343","80","20","0.5644181886777703","0.5136529119251037","0.7674792956884373","0.03756150606492832"
"1386","100","0.4","0.35","144","5","periodic","60","0.2","0.5","0.1","1","0.05","500","2000","0.5","0.01","true","false","all","5","8","1.5","0.3","1","mixed","0.8","0.5","0.2","3000","136","29.771803126054635","94.76954710197994","0.5264974838998886","104.34685037252211","29.200338638981087","0.5797047242917895","0.16222410354989492","12438.288183307148","12522.178028268032","12102.728803463604","1.0346574092186869","1769.0067270419884","925.9051789882744","5141.412919256845","0.18008769058800045","0.012925951842128969","1","1","1","1","1","1","100","0.09300395234818548","80","20","0.5786282351856371","0.5305631719363013","0.7708884881829803","0.026597134157195043"
"1384","100","0.4","0.35","144","5","periodic","60","0.2","0.5","0.1","1","0.05","500","2000","0.5","0.01","true","false","all","5","8","1.5","0.3","1","mixed","0.8","0.5","0.2","3000","41","16.799873802856354","57.99978138843977","0.3222210077135543","65.96943512683413","24.663013717627514","0.36649686181574515","0.13701674287570842","2209.4024665219567","2215.255951512378","2185.9885265602716","1.013388645272608","1318.6284648741855","758.433432802066","3559.4085931626623","0.2130784968769687","0.014713770228589551","1","1","1","1","1","1","100","0.08535661058324243","80","20","0.5450378605647632","0.4816058127280579","0.7987660519115845","0.03377933517118141"
"1387","100","0.4","0.35","144","5","periodic","60","0.2","0.5","0.1","1","0.05","500","2000","0.5","0.01","true","false","all","5","8","1.5","0.3","1","mixed","0.8","0.5","0.2","3000","0","21.553818725520998","57.16435672955973","0.31757975960866514","64.7763172761847","27.319855831431717","0.3598684293121372","0.15177697684128733","1910.3992694327455","1919.0755677263992","1875.6940762581387","1.023128233978753","1596.156195816568","987.4306960152373","4031.058195021891","0.24495570350104434","0.014425453357034934","1","1","0.975272772458511","0.939557721127596","0.9451648053664725","0.9171293841720924","100","0.08215779341123469","80","20","0.5627982162914555","0.5037900690439127","0.7988308052816289","0.03379572775448274"
"1388","100","0.4","0.35","144","5","periodic","60","0.2","0.5","0.1","1","0.05","500","2000","0.5","0.01","true","false","all","5","8","1.5","0.3","1","mixed","0.8","0.5","0.2","3000","0","50.59767965785014","110.74367735164502","0.6152426519535834","101.94504245015119","123.84165227125757","0.5663613469452844","0.6880091792847642","5790.9812201725135","5807.177576944225","5726.195793085674","1.0141423358167976","1681.5412473715246","1133.7127638436439","3872.85518148305","0.2927330640361063","0.017240777397937945","1","1","1","1","1","1","100","0.074787470646222","80","20","0.5464035418269078","0.48572873720476195","0.7891027603154895","0.034332068224018304"
"1389","100","0.4","0.35","144","5","periodic","60","0.2","0.5","0.1","1","0.05","500","2000","0.5","0.01","true","false","all","5","8","1.5","0.3","1","mixed","0.8","0.5","0.2","3000","-1","54.50252681658661","72.40279802992727","0.4022377668329293","77.9975328204895","34.017114016267","0.4333196267804972","0.1889839667570389","21770.40934234259","21854.915242201583","21432.385742906677","1.0197145340870295","1473.5572851529353","1008.5610664721187","3333.542159876203","0.30254936584020065","0.011471450862718058","1","1","1","1","1","1","100","0.0870540883794942","80","20","0.5316219280958818","0.4597005715834606","0.8193073541455675","0.041970858347191095"
"1390","100","0.4","0.35","144","5","periodic","60","0.2","0.5","0.1","1","0.05","500","2000","0.5","0.01","true","false","all","5","8","1.5","0.3","1","mixed","0.8","0.5","0.2","3000","-1","52.623209542492226","90.98868881401603","0.5054927156334224","95.97578721692894","72.03480556492067","0.5331988178718274","0.4001933642495593","21658.421677401675","21777.870676407507","21180.625681378355","1.0281977031280165","1739.5635634983523","997.5490589356419","4707.621581749196","0.21190085940700995","0.012036678083871433","1","1","1","1","1","1","100","0.09466172267343008","80","20","0.5577083434440957","0.49489398624511427","0.8089657722400204","0.03685311857519982"
"1391","100","0.4","0.35","144","5","periodic","60","0.2","0.5","0.1","1","0.05","500","2000","0.5","0.01","true","false","all","5","8","1.5","0.3","1","mixed","0.8","0.5","0.2","3000","-1","40.28727373417978","81.37694192774705","0.452094121820817","87.99529481126372","53.737118580381846","0.4888627489514651","0.29853954766878804","21817.963167192236","21890.395285344384","21528.23469458361","1.0168225865194558","1294.823371820417","904.449047312851","2856.320669850683","0.3166482870286871","0.010244122994587546","1","1","1","1","1","1","100","0.08468920328739951","80","20","0.5520585573811201","0.49172401260412724","0.793396736489091","0.03960450957738371"
"1392","100","0.4","0.35","144","5","periodic","60","0.2","0.5","0.1","1","0.05","500","2000","0.5","0.01","true","false","all","5","8","1.5","0.3","1","mixed","0.8","0.5","0.2","3000","0","47.79245335833829","76.79511047284578","0.42663950262692096","83.19903868961254","49.27290268376415","0.4622168816089585","0.2737383482431342","10391.859483700497","10429.495186657754","10241.316671871462","1.0183744454756618","1627.4949300125386","1069.5070748951393","3859.4463504821347","0.2771141189102249","0.015157006222854541","1","1","1","1","1","1","100","0.08448161000774787","80","20","0.5769428447386824","0.51133547203092","0.8393723355697309","0.03087902891846149"
"1394","100","0.4","0.35","144","5","periodic","60","0.2","0.5","0.1","1","0.05","500","2000","0.5","0.01","true","false","all","5","8","1.5","0.3","1","mixed","0.8","0.5","0.2","3000","0","26.6305096903574","58.7036639277434","0.3261314662652411","65.89826711061188","30.11129410306816","0.3661014839478438","0.16728496723926756","1653.536327744888","1666.1724570870197","1602.9918103763607","1.0394142043032804","1908.6743856260289","1133.1087132945593","5010.937074951909","0.2261271088313225","0.015864018707906435","0.8299321904449705","0.8299321904449705","0.8108840192453448","0.7690242184965922","0.7774483047246803","0.7353278735842407","100","0.08132322310455992","80","20","0.5652173661894495","0.5063446693985323","0.8007081533531182","0.03388793085087768"
"1395","100","0.4","0.35","144","5","periodic","60","0.2","0.5","0.1","1","0.05","500","2000","0.5","0.01","true","false","all","5","8","1.5","0.3","1","mixed","0.8","0.5","0.2","3000","56","31.658014949053225","83.92282935398916","0.4662379408554953","93.63278901634104","46.11440129288811","0.5201821612018946","0.25619111829382285","12588.258662380002","12648.5353513898","12347.151906340818","1.0244091469300058","1607.3587162732356","1052.2467346111994","3827.806642921384","0.27489547742885045","0.01180117269212011","1","1","1","1","1","1","100","0.08324219466792987","80","20","0.549009539909718","0.4837181190508873","0.8101752233450414","0.037123760590748546"
"1393","100","0.4","0.35","144","5","periodic","60","0.2","0.5","0.1","1","0.05","500","2000","0.5","0.01","true","false","all","5","8","1.5","0.3","1","mixed","0.8","0.5","0.2","3000","113","31.626671742842404","83.31488291623353","0.4628604606457418","88.58792412827006","59.2182741661915","0.4921551340459448","0.3289904120343972","10872.882263225114","10912.244161793813","10715.434668950318","1.0183669164083262","1651.1250022726622","984.3880495836693","4318.072813028632","0.22796930302183452","0.012601475226876158","1","1","1","1","1","1","100","0.0870950266295947","80","20","0.5432766941853412","0.49079913640528494","0.7531869253055677","0.026598527575341372"
"1396","100","0.4","0.35","144","5","periodic","60","0.2","0.5","0.1","1","0.05","500","2000","0.5","0.01","true","false","all","5","8","1.5","0.3","1","mixed","0.8","0.5","0.2","3000","131","46.40286609244882","94.65188465897926","0.5258438036609958","97.25530754283507","46.01363793160433","0.5403072641268615","0.2556313218422463","14263.323467767032","14344.166794914912","13939.950159175472","1.0289969928962324","1641.0482414060461","892.0713654275817","4636.955745319907","0.19238298021885408","0.012130074206628372","1","1","1","1","1","1","100","0.08210461362497606","80","20","0.5746350137258203","0.5178273926023796","0.8018654982195818","0.03348859422532075"
"1397","100","0.4","0.35","144","5","periodic","60","0.2","0.5","0.1","1","0.05","500","2000","0.5","0.01","true","false","all","5","8","1.5","0.3","1","mixed","0.8","0.5","0.2","3000","0","24.507446679365316","79.84395562647616","0.4435775312582009","86.24026282777537","50.91227114971774","0.47911257126541873","0.2828459508317652","2780.7735885981024","2790.8825509467874","2740.3377392033644","1.0184447380409816","1708.6478154478061","1077.1013630970765","4234.833624850724","0.2543432537175635","0.012381324192719756","1","1","1","1","1","1","100","0.10075793315459634","80","20","0.5416270415865253","0.48160863675299426","0.7817006609206512","0.03612072655310386"
"1398","100","0.4","0.35","144","5","periodic","60","0.2","0.5","0.1","1","0.05","500","2000","0.5","0.01","true","false","all","5","8","1.5","0.3","1","mixed","0.8","0.5","0.2","3000","118","51.78709320599073","68.37205659361102","0.3798447588533946","75.94827002699434","39.121364660607846","0.42193483348330185","0.2173409147811547","17203.402917823212","17327.288610361175","16707.86014767135","1.0370740751487653","1819.0374235720974","997.2679530155098","5106.115305798451","0.19530854539908693","0.013008706025839256","1","1","1","1","1","1","100","0.08778274856440012","80","20","0.5686865441353036","0.5146870149806941","0.7846846607537424","0.031671554663833784"
"1399","100","0.4","0.35","144","5","periodic","60","0.2","0.5","0.1","1","0.05","500","2000","0.5","0.01","true","false","all","5","8","1.5","0.3","1","mixed","0.8","0.5","0.2","3000","81","27.759380324442546","73.32221023555347","0.4073456124197415","76.23550240998972","44.64034751664538","0.42353056894438734","0.24800193064802986","3511.7264511579533","3523.56108167428","3464.3879290926393","1.017080406060975","1497.5199134991528","912.5244560257339","3837.501743392832","0.23779128116276704","0.012112797717712898","1","1","1","1","1","1","100","0.0716942868102693","80","20","0.5467737179346648","0.47830331005906424","0.8206553494370656","0.03560845974348399"
"1400","100","0.4","0.35","144","5","periodic","60","0.2","0.5","0.1","1","0.05","500","2000","0.5","0.01","true","false","all","5","8","1.5","0.3","1","mixed","0.8","0.5","0.2","3000","-1","36.84772288369443","75.30823343468074","0.41837907463711527","79.75535628289884","57.52197227078161","0.44308531268277135","0.3195665126154534","21715.661505417527","21777.306692274018","21469.080757991545","1.0143567364507557","1518.3065064891405","1048.3836753411488","3397.9978310811066","0.3085298247549486","0.009176898156232127","1","1","1","1","1","1","100","0.09634669065103045","80","20","0.5534205063096413","0.4898974884258488","0.8075125778448118","0.036118383882705364"
