"BehaviorSpace results (NetLogo 7.0.3)","Spreadsheet version 2.0"
"coherence_model_tencon.nlogox"
"H001_batch1_proportion_sweep_exploratory"
"02/07/2026 16:06:38:168 +1100"
"min-pxcor","max-pxcor","min-pycor","max-pycor"
"-16","16","-16","16"
"[run number]","1","1","1","1","1","1","1","1","1","1","1","1","1","1","1","1","1","1","1","1","1","1","1","1","1","1","1","1","2","2","2","2","2","2","2","2","2","2","2","2","2","2","2","2","2","2","2","2","2","2","2","2","2","2","2","2","3","3","3","3","3","3","3","3","3","3","3","3","3","3","3","3","3","3","3","3","3","3","3","3","3","3","3","3","4","4","4","4","4","4","4","4","4","4","4","4","4","4","4","4","4","4","4","4","4","4","4","4","4","4","4","4","5","5","5","5","5","5","5","5","5","5","5","5","5","5","5","5","5","5","5","5","5","5","5","5","5","5","5","5","6","6","6","6","6","6","6","6","6","6","6","6","6","6","6","6","6","6","6","6","6","6","6","6","6","6","6","6","7","7","7","7","7","7","7","7","7","7","7","7","7","7","7","7","7","7","7","7","7","7","7","7","7","7","7","7","8","8","8","8","8","8","8","8","8","8","8","8","8","8","8","8","8","8","8","8","8","8","8","8","8","8","8","8","9","9","9","9","9","9","9","9","9","9","9","9","9","9","9","9","9","9","9","9","9","9","9","9","9","9","9","9","10","10","10","10","10","10","10","10","10","10","10","10","10","10","10","10","10","10","10","10","10","10","10","10","10","10","10","10","11","11","11","11","11","11","11","11","11","11","11","11","11","11","11","11","11","11","11","11","11","11","11","11","11","11","11","11","12","12","12","12","12","12","12","12","12","12","12","12","12","12","12","12","12","12","12","12","12","12","12","12","12","12","12","12","13","13","13","13","13","13","13","13","13","13","13","13","13","13","13","13","13","13","13","13","13","13","13","13","13","13","13","13","14","14","14","14","14","14","14","14","14","14","14","14","14","14","14","14","14","14","14","14","14","14","14","14","14","14","14","14","15","15","15","15","15","15","15","15","15","15","15","15","15","15","15","15","15","15","15","15","15","15","15","15","15","15","15","15","16","16","16","16","16","16","16","16","16","16","16","16","16","16","16","16","16","16","16","16","16","16","16","16","16","16","16","16","17","17","17","17","17","17","17","17","17","17","17","17","17","17","17","17","17","17","17","17","17","17","17","17","17","17","17","17","18","18","18","18","18","18","18","18","18","18","18","18","18","18","18","18","18","18","18","18","18","18","18","18","18","18","18","18","19","19","19","19","19","19","19","19","19","19","19","19","19","19","19","19","19","19","19","19","19","19","19","19","19","19","19","19","20","20","20","20","20","20","20","20","20","20","20","20","20","20","20","20","20","20","20","20","20","20","20","20","20","20","20","20","21","21","21","21","21","21","21","21","21","21","21","21","21","21","21","21","21","21","21","21","21","21","21","21","21","21","21","21","22","22","22","22","22","22","22","22","22","22","22","22","22","22","22","22","22","22","22","22","22","22","22","22","22","22","22","22","23","23","23","23","23","23","23","23","23","23","23","23","23","23","23","23","23","23","23","23","23","23","23","23","23","23","23","23","24","24","24","24","24","24","24","24","24","24","24","24","24","24","24","24","24","24","24","24","24","24","24","24","24","24","24","24","25","25","25","25","25","25","25","25","25","25","25","25","25","25","25","25","25","25","25","25","25","25","25","25","25","25","25","25","26","26","26","26","26","26","26","26","26","26","26","26","26","26","26","26","26","26","26","26","26","26","26","26","26","26","26","26","27","27","27","27","27","27","27","27","27","27","27","27","27","27","27","27","27","27","27","27","27","27","27","27","27","27","27","27","28","28","28","28","28","28","28","28","28","28","28","28","28","28","28","28","28","28","28","28","28","28","28","28","28","28","28","28","29","29","29","29","29","29","29","29","29","29","29","29","29","29","29","29","29","29","29","29","29","29","29","29","29","29","29","29","30","30","30","30","30","30","30","30","30","30","30","30","30","30","30","30","30","30","30","30","30","30","30","30","30","30","30","30","31","31","31","31","31","31","31","31","31","31","31","31","31","31","31","31","31","31","31","31","31","31","31","31","31","31","31","31","32","32","32","32","32","32","32","32","32","32","32","32","32","32","32","32","32","32","32","32","32","32","32","32","32","32","32","32","33","33","33","33","33","33","33","33","33","33","33","33","33","33","33","33","33","33","33","33","33","33","33","33","33","33","33","33","34","34","34","34","34","34","34","34","34","34","34","34","34","34","34","34","34","34","34","34","34","34","34","34","34","34","34","34","35","35","35","35","35","35","35","35","35","35","35","35","35","35","35","35","35","35","35","35","35","35","35","35","35","35","35","35","36","36","36","36","36","36","36","36","36","36","36","36","36","36","36","36","36","36","36","36","36","36","36","36","36","36","36","36","37","37","37","37","37","37","37","37","37","37","37","37","37","37","37","37","37","37","37","37","37","37","37","37","37","37","37","37","38","38","38","38","38","38","38","38","38","38","38","38","38","38","38","38","38","38","38","38","38","38","38","38","38","38","38","38","39","39","39","39","39","39","39","39","39","39","39","39","39","39","39","39","39","39","39","39","39","39","39","39","39","39","39","39","40","40","40","40","40","40","40","40","40","40","40","40","40","40","40","40","40","40","40","40","40","40","40","40","40","40","40","40","41","41","41","41","41","41","41","41","41","41","41","41","41","41","41","41","41","41","41","41","41","41","41","41","41","41","41","41","42","42","42","42","42","42","42","42","42","42","42","42","42","42","42","42","42","42","42","42","42","42","42","42","42","42","42","42","43","43","43","43","43","43","43","43","43","43","43","43","43","43","43","43","43","43","43","43","43","43","43","43","43","43","43","43","44","44","44","44","44","44","44","44","44","44","44","44","44","44","44","44","44","44","44","44","44","44","44","44","44","44","44","44","45","45","45","45","45","45","45","45","45","45","45","45","45","45","45","45","45","45","45","45","45","45","45","45","45","45","45","45","46","46","46","46","46","46","46","46","46","46","46","46","46","46","46","46","46","46","46","46","46","46","46","46","46","46","46","46","47","47","47","47","47","47","47","47","47","47","47","47","47","47","47","47","47","47","47","47","47","47","47","47","47","47","47","47","48","48","48","48","48","48","48","48","48","48","48","48","48","48","48","48","48","48","48","48","48","48","48","48","48","48","48","48","49","49","49","49","49","49","49","49","49","49","49","49","49","49","49","49","49","49","49","49","49","49","49","49","49","49","49","49","50","50","50","50","50","50","50","50","50","50","50","50","50","50","50","50","50","50","50","50","50","50","50","50","50","50","50","50","51","51","51","51","51","51","51","51","51","51","51","51","51","51","51","51","51","51","51","51","51","51","51","51","51","51","51","51","52","52","52","52","52","52","52","52","52","52","52","52","52","52","52","52","52","52","52","52","52","52","52","52","52","52","52","52","53","53","53","53","53","53","53","53","53","53","53","53","53","53","53","53","53","53","53","53","53","53","53","53","53","53","53","53","54","54","54","54","54","54","54","54","54","54","54","54","54","54","54","54","54","54","54","54","54","54","54","54","54","54","54","54","55","55","55","55","55","55","55","55","55","55","55","55","55","55","55","55","55","55","55","55","55","55","55","55","55","55","55","55","56","56","56","56","56","56","56","56","56","56","56","56","56","56","56","56","56","56","56","56","56","56","56","56","56","56","56","56","57","57","57","57","57","57","57","57","57","57","57","57","57","57","57","57","57","57","57","57","57","57","57","57","57","57","57","57","58","58","58","58","58","58","58","58","58","58","58","58","58","58","58","58","58","58","58","58","58","58","58","58","58","58","58","58","59","59","59","59","59","59","59","59","59","59","59","59","59","59","59","59","59","59","59","59","59","59","59","59","59","59","59","59","60","60","60","60","60","60","60","60","60","60","60","60","60","60","60","60","60","60","60","60","60","60","60","60","60","60","60","60","61","61","61","61","61","61","61","61","61","61","61","61","61","61","61","61","61","61","61","61","61","61","61","61","61","61","61","61","62","62","62","62","62","62","62","62","62","62","62","62","62","62","62","62","62","62","62","62","62","62","62","62","62","62","62","62","63","63","63","63","63","63","63","63","63","63","63","63","63","63","63","63","63","63","63","63","63","63","63","63","63","63","63","63","64","64","64","64","64","64","64","64","64","64","64","64","64","64","64","64","64","64","64","64","64","64","64","64","64","64","64","64","65","65","65","65","65","65","65","65","65","65","65","65","65","65","65","65","65","65","65","65","65","65","65","65","65","65","65","65","66","66","66","66","66","66","66","66","66","66","66","66","66","66","66","66","66","66","66","66","66","66","66","66","66","66","66","66","67","67","67","67","67","67","67","67","67","67","67","67","67","67","67","67","67","67","67","67","67","67","67","67","67","67","67","67","68","68","68","68","68","68","68","68","68","68","68","68","68","68","68","68","68","68","68","68","68","68","68","68","68","68","68","68","69","69","69","69","69","69","69","69","69","69","69","69","69","69","69","69","69","69","69","69","69","69","69","69","69","69","69","69","70","70","70","70","70","70","70","70","70","70","70","70","70","70","70","70","70","70","70","70","70","70","70","70","70","70","70","70","71","71","71","71","71","71","71","71","71","71","71","71","71","71","71","71","71","71","71","71","71","71","71","71","71","71","71","71","72","72","72","72","72","72","72","72","72","72","72","72","72","72","72","72","72","72","72","72","72","72","72","72","72","72","72","72","73","73","73","73","73","73","73","73","73","73","73","73","73","73","73","73","73","73","73","73","73","73","73","73","73","73","73","73","74","74","74","74","74","74","74","74","74","74","74","74","74","74","74","74","74","74","74","74","74","74","74","74","74","74","74","74","75","75","75","75","75","75","75","75","75","75","75","75","75","75","75","75","75","75","75","75","75","75","75","75","75","75","75","75","76","76","76","76","76","76","76","76","76","76","76","76","76","76","76","76","76","76","76","76","76","76","76","76","76","76","76","76","77","77","77","77","77","77","77","77","77","77","77","77","77","77","77","77","77","77","77","77","77","77","77","77","77","77","77","77","78","78","78","78","78","78","78","78","78","78","78","78","78","78","78","78","78","78","78","78","78","78","78","78","78","78","78","78","79","79","79","79","79","79","79","79","79","79","79","79","79","79","79","79","79","79","79","79","79","79","79","79","79","79","79","79","80","80","80","80","80","80","80","80","80","80","80","80","80","80","80","80","80","80","80","80","80","80","80","80","80","80","80","80"
"population","100",,,,,,,,,,,,,,,,,,,,,,,,,,,,"100",,,,,,,,,,,,,,,,,,,,,,,,,,,,"100",,,,,,,,,,,,,,,,,,,,,,,,,,,,"100",,,,,,,,,,,,,,,,,,,,,,,,,,,,"100",,,,,,,,,,,,,,,,,,,,,,,,,,,,"100",,,,,,,,,,,,,,,,,,,,,,,,,,,,"100",,,,,,,,,,,,,,,,,,,,,,,,,,,,"100",,,,,,,,,,,,,,,,,,,,,,,,,,,,"100",,,,,,,,,,,,,,,,,,,,,,,,,,,,"100",,,,,,,,,,,,,,,,,,,,,,,,,,,,"100",,,,,,,,,,,,,,,,,,,,,,,,,,,,"100",,,,,,,,,,,,,,,,,,,,,,,,,,,,"100",,,,,,,,,,,,,,,,,,,,,,,,,,,,"100",,,,,,,,,,,,,,,,,,,,,,,,,,,,"100",,,,,,,,,,,,,,,,,,,,,,,,,,,,"100",,,,,,,,,,,,,,,,,,,,,,,,,,,,"100",,,,,,,,,,,,,,,,,,,,,,,,,,,,"100",,,,,,,,,,,,,,,,,,,,,,,,,,,,"100",,,,,,,,,,,,,,,,,,,,,,,,,,,,"100",,,,,,,,,,,,,,,,,,,,,,,,,,,,"100",,,,,,,,,,,,,,,,,,,,,,,,,,,,"100",,,,,,,,,,,,,,,,,,,,,,,,,,,,"100",,,,,,,,,,,,,,,,,,,,,,,,,,,,"100",,,,,,,,,,,,,,,,,,,,,,,,,,,,"100",,,,,,,,,,,,,,,,,,,,,,,,,,,,"100",,,,,,,,,,,,,,,,,,,,,,,,,,,,"100",,,,,,,,,,,,,,,,,,,,,,,,,,,,"100",,,,,,,,,,,,,,,,,,,,,,,,,,,,"100",,,,,,,,,,,,,,,,,,,,,,,,,,,,"100",,,,,,,,,,,,,,,,,,,,,,,,,,,,"100",,,,,,,,,,,,,,,,,,,,,,,,,,,,"100",,,,,,,,,,,,,,,,,,,,,,,,,,,,"100",,,,,,,,,,,,,,,,,,,,,,,,,,,,"100",,,,,,,,,,,,,,,,,,,,,,,,,,,,"100",,,,,,,,,,,,,,,,,,,,,,,,,,,,"100",,,,,,,,,,,,,,,,,,,,,,,,,,,,"100",,,,,,,,,,,,,,,,,,,,,,,,,,,,"100",,,,,,,,,,,,,,,,,,,,,,,,,,,,"100",,,,,,,,,,,,,,,,,,,,,,,,,,,,"100",,,,,,,,,,,,,,,,,,,,,,,,,,,,"100",,,,,,,,,,,,,,,,,,,,,,,,,,,,"100",,,,,,,,,,,,,,,,,,,,,,,,,,,,"100",,,,,,,,,,,,,,,,,,,,,,,,,,,,"100",,,,,,,,,,,,,,,,,,,,,,,,,,,,"100",,,,,,,,,,,,,,,,,,,,,,,,,,,,"100",,,,,,,,,,,,,,,,,,,,,,,,,,,,"100",,,,,,,,,,,,,,,,,,,,,,,,,,,,"100",,,,,,,,,,,,,,,,,,,,,,,,,,,,"100",,,,,,,,,,,,,,,,,,,,,,,,,,,,"100",,,,,,,,,,,,,,,,,,,,,,,,,,,,"100",,,,,,,,,,,,,,,,,,,,,,,,,,,,"100",,,,,,,,,,,,,,,,,,,,,,,,,,,,"100",,,,,,,,,,,,,,,,,,,,,,,,,,,,"100",,,,,,,,,,,,,,,,,,,,,,,,,,,,"100",,,,,,,,,,,,,,,,,,,,,,,,,,,,"100",,,,,,,,,,,,,,,,,,,,,,,,,,,,"100",,,,,,,,,,,,,,,,,,,,,,,,,,,,"100",,,,,,,,,,,,,,,,,,,,,,,,,,,,"100",,,,,,,,,,,,,,,,,,,,,,,,,,,,"100",,,,,,,,,,,,,,,,,,,,,,,,,,,,"100",,,,,,,,,,,,,,,,,,,,,,,,,,,,"100",,,,,,,,,,,,,,,,,,,,,,,,,,,,"100",,,,,,,,,,,,,,,,,,,,,,,,,,,,"100",,,,,,,,,,,,,,,,,,,,,,,,,,,,"100",,,,,,,,,,,,,,,,,,,,,,,,,,,,"100",,,,,,,,,,,,,,,,,,,,,,,,,,,,"100",,,,,,,,,,,,,,,,,,,,,,,,,,,,"100",,,,,,,,,,,,,,,,,,,,,,,,,,,,"100",,,,,,,,,,,,,,,,,,,,,,,,,,,,"100",,,,,,,,,,,,,,,,,,,,,,,,,,,,"100",,,,,,,,,,,,,,,,,,,,,,,,,,,,"100",,,,,,,,,,,,,,,,,,,,,,,,,,,,"100",,,,,,,,,,,,,,,,,,,,,,,,,,,,"100",,,,,,,,,,,,,,,,,,,,,,,,,,,,"100",,,,,,,,,,,,,,,,,,,,,,,,,,,,"100",,,,,,,,,,,,,,,,,,,,,,,,,,,,"100",,,,,,,,,,,,,,,,,,,,,,,,,,,,"100",,,,,,,,,,,,,,,,,,,,,,,,,,,,"100",,,,,,,,,,,,,,,,,,,,,,,,,,,,"100",,,,,,,,,,,,,,,,,,,,,,,,,,,
"coupling-strength","0.4",,,,,,,,,,,,,,,,,,,,,,,,,,,,"0.4",,,,,,,,,,,,,,,,,,,,,,,,,,,,"0.4",,,,,,,,,,,,,,,,,,,,,,,,,,,,"0.4",,,,,,,,,,,,,,,,,,,,,,,,,,,,"0.4",,,,,,,,,,,,,,,,,,,,,,,,,,,,"0.4",,,,,,,,,,,,,,,,,,,,,,,,,,,,"0.4",,,,,,,,,,,,,,,,,,,,,,,,,,,,"0.4",,,,,,,,,,,,,,,,,,,,,,,,,,,,"0.4",,,,,,,,,,,,,,,,,,,,,,,,,,,,"0.4",,,,,,,,,,,,,,,,,,,,,,,,,,,,"0.4",,,,,,,,,,,,,,,,,,,,,,,,,,,,"0.4",,,,,,,,,,,,,,,,,,,,,,,,,,,,"0.4",,,,,,,,,,,,,,,,,,,,,,,,,,,,"0.4",,,,,,,,,,,,,,,,,,,,,,,,,,,,"0.4",,,,,,,,,,,,,,,,,,,,,,,,,,,,"0.4",,,,,,,,,,,,,,,,,,,,,,,,,,,,"0.4",,,,,,,,,,,,,,,,,,,,,,,,,,,,"0.4",,,,,,,,,,,,,,,,,,,,,,,,,,,,"0.4",,,,,,,,,,,,,,,,,,,,,,,,,,,,"0.4",,,,,,,,,,,,,,,,,,,,,,,,,,,,"0.4",,,,,,,,,,,,,,,,,,,,,,,,,,,,"0.4",,,,,,,,,,,,,,,,,,,,,,,,,,,,"0.4",,,,,,,,,,,,,,,,,,,,,,,,,,,,"0.4",,,,,,,,,,,,,,,,,,,,,,,,,,,,"0.4",,,,,,,,,,,,,,,,,,,,,,,,,,,,"0.4",,,,,,,,,,,,,,,,,,,,,,,,,,,,"0.4",,,,,,,,,,,,,,,,,,,,,,,,,,,,"0.4",,,,,,,,,,,,,,,,,,,,,,,,,,,,"0.4",,,,,,,,,,,,,,,,,,,,,,,,,,,,"0.4",,,,,,,,,,,,,,,,,,,,,,,,,,,,"0.4",,,,,,,,,,,,,,,,,,,,,,,,,,,,"0.4",,,,,,,,,,,,,,,,,,,,,,,,,,,,"0.4",,,,,,,,,,,,,,,,,,,,,,,,,,,,"0.4",,,,,,,,,,,,,,,,,,,,,,,,,,,,"0.4",,,,,,,,,,,,,,,,,,,,,,,,,,,,"0.4",,,,,,,,,,,,,,,,,,,,,,,,,,,,"0.4",,,,,,,,,,,,,,,,,,,,,,,,,,,,"0.4",,,,,,,,,,,,,,,,,,,,,,,,,,,,"0.4",,,,,,,,,,,,,,,,,,,,,,,,,,,,"0.4",,,,,,,,,,,,,,,,,,,,,,,,,,,,"0.4",,,,,,,,,,,,,,,,,,,,,,,,,,,,"0.4",,,,,,,,,,,,,,,,,,,,,,,,,,,,"0.4",,,,,,,,,,,,,,,,,,,,,,,,,,,,"0.4",,,,,,,,,,,,,,,,,,,,,,,,,,,,"0.4",,,,,,,,,,,,,,,,,,,,,,,,,,,,"0.4",,,,,,,,,,,,,,,,,,,,,,,,,,,,"0.4",,,,,,,,,,,,,,,,,,,,,,,,,,,,"0.4",,,,,,,,,,,,,,,,,,,,,,,,,,,,"0.4",,,,,,,,,,,,,,,,,,,,,,,,,,,,"0.4",,,,,,,,,,,,,,,,,,,,,,,,,,,,"0.4",,,,,,,,,,,,,,,,,,,,,,,,,,,,"0.4",,,,,,,,,,,,,,,,,,,,,,,,,,,,"0.4",,,,,,,,,,,,,,,,,,,,,,,,,,,,"0.4",,,,,,,,,,,,,,,,,,,,,,,,,,,,"0.4",,,,,,,,,,,,,,,,,,,,,,,,,,,,"0.4",,,,,,,,,,,,,,,,,,,,,,,,,,,,"0.4",,,,,,,,,,,,,,,,,,,,,,,,,,,,"0.4",,,,,,,,,,,,,,,,,,,,,,,,,,,,"0.4",,,,,,,,,,,,,,,,,,,,,,,,,,,,"0.4",,,,,,,,,,,,,,,,,,,,,,,,,,,,"0.4",,,,,,,,,,,,,,,,,,,,,,,,,,,,"0.4",,,,,,,,,,,,,,,,,,,,,,,,,,,,"0.4",,,,,,,,,,,,,,,,,,,,,,,,,,,,"0.4",,,,,,,,,,,,,,,,,,,,,,,,,,,,"0.4",,,,,,,,,,,,,,,,,,,,,,,,,,,,"0.4",,,,,,,,,,,,,,,,,,,,,,,,,,,,"0.4",,,,,,,,,,,,,,,,,,,,,,,,,,,,"0.4",,,,,,,,,,,,,,,,,,,,,,,,,,,,"0.4",,,,,,,,,,,,,,,,,,,,,,,,,,,,"0.4",,,,,,,,,,,,,,,,,,,,,,,,,,,,"0.4",,,,,,,,,,,,,,,,,,,,,,,,,,,,"0.4",,,,,,,,,,,,,,,,,,,,,,,,,,,,"0.4",,,,,,,,,,,,,,,,,,,,,,,,,,,,"0.4",,,,,,,,,,,,,,,,,,,,,,,,,,,,"0.4",,,,,,,,,,,,,,,,,,,,,,,,,,,,"0.4",,,,,,,,,,,,,,,,,,,,,,,,,,,,"0.4",,,,,,,,,,,,,,,,,,,,,,,,,,,,"0.4",,,,,,,,,,,,,,,,,,,,,,,,,,,,"0.4",,,,,,,,,,,,,,,,,,,,,,,,,,,,"0.4",,,,,,,,,,,,,,,,,,,,,,,,,,,
"noise-level","0.35",,,,,,,,,,,,,,,,,,,,,,,,,,,,"0.35",,,,,,,,,,,,,,,,,,,,,,,,,,,,"0.35",,,,,,,,,,,,,,,,,,,,,,,,,,,,"0.35",,,,,,,,,,,,,,,,,,,,,,,,,,,,"0.35",,,,,,,,,,,,,,,,,,,,,,,,,,,,"0.35",,,,,,,,,,,,,,,,,,,,,,,,,,,,"0.35",,,,,,,,,,,,,,,,,,,,,,,,,,,,"0.35",,,,,,,,,,,,,,,,,,,,,,,,,,,,"0.35",,,,,,,,,,,,,,,,,,,,,,,,,,,,"0.35",,,,,,,,,,,,,,,,,,,,,,,,,,,,"0.35",,,,,,,,,,,,,,,,,,,,,,,,,,,,"0.35",,,,,,,,,,,,,,,,,,,,,,,,,,,,"0.35",,,,,,,,,,,,,,,,,,,,,,,,,,,,"0.35",,,,,,,,,,,,,,,,,,,,,,,,,,,,"0.35",,,,,,,,,,,,,,,,,,,,,,,,,,,,"0.35",,,,,,,,,,,,,,,,,,,,,,,,,,,,"0.35",,,,,,,,,,,,,,,,,,,,,,,,,,,,"0.35",,,,,,,,,,,,,,,,,,,,,,,,,,,,"0.35",,,,,,,,,,,,,,,,,,,,,,,,,,,,"0.35",,,,,,,,,,,,,,,,,,,,,,,,,,,,"0.35",,,,,,,,,,,,,,,,,,,,,,,,,,,,"0.35",,,,,,,,,,,,,,,,,,,,,,,,,,,,"0.35",,,,,,,,,,,,,,,,,,,,,,,,,,,,"0.35",,,,,,,,,,,,,,,,,,,,,,,,,,,,"0.35",,,,,,,,,,,,,,,,,,,,,,,,,,,,"0.35",,,,,,,,,,,,,,,,,,,,,,,,,,,,"0.35",,,,,,,,,,,,,,,,,,,,,,,,,,,,"0.35",,,,,,,,,,,,,,,,,,,,,,,,,,,,"0.35",,,,,,,,,,,,,,,,,,,,,,,,,,,,"0.35",,,,,,,,,,,,,,,,,,,,,,,,,,,,"0.35",,,,,,,,,,,,,,,,,,,,,,,,,,,,"0.35",,,,,,,,,,,,,,,,,,,,,,,,,,,,"0.35",,,,,,,,,,,,,,,,,,,,,,,,,,,,"0.35",,,,,,,,,,,,,,,,,,,,,,,,,,,,"0.35",,,,,,,,,,,,,,,,,,,,,,,,,,,,"0.35",,,,,,,,,,,,,,,,,,,,,,,,,,,,"0.35",,,,,,,,,,,,,,,,,,,,,,,,,,,,"0.35",,,,,,,,,,,,,,,,,,,,,,,,,,,,"0.35",,,,,,,,,,,,,,,,,,,,,,,,,,,,"0.35",,,,,,,,,,,,,,,,,,,,,,,,,,,,"0.35",,,,,,,,,,,,,,,,,,,,,,,,,,,,"0.35",,,,,,,,,,,,,,,,,,,,,,,,,,,,"0.35",,,,,,,,,,,,,,,,,,,,,,,,,,,,"0.35",,,,,,,,,,,,,,,,,,,,,,,,,,,,"0.35",,,,,,,,,,,,,,,,,,,,,,,,,,,,"0.35",,,,,,,,,,,,,,,,,,,,,,,,,,,,"0.35",,,,,,,,,,,,,,,,,,,,,,,,,,,,"0.35",,,,,,,,,,,,,,,,,,,,,,,,,,,,"0.35",,,,,,,,,,,,,,,,,,,,,,,,,,,,"0.35",,,,,,,,,,,,,,,,,,,,,,,,,,,,"0.35",,,,,,,,,,,,,,,,,,,,,,,,,,,,"0.35",,,,,,,,,,,,,,,,,,,,,,,,,,,,"0.35",,,,,,,,,,,,,,,,,,,,,,,,,,,,"0.35",,,,,,,,,,,,,,,,,,,,,,,,,,,,"0.35",,,,,,,,,,,,,,,,,,,,,,,,,,,,"0.35",,,,,,,,,,,,,,,,,,,,,,,,,,,,"0.35",,,,,,,,,,,,,,,,,,,,,,,,,,,,"0.35",,,,,,,,,,,,,,,,,,,,,,,,,,,,"0.35",,,,,,,,,,,,,,,,,,,,,,,,,,,,"0.35",,,,,,,,,,,,,,,,,,,,,,,,,,,,"0.35",,,,,,,,,,,,,,,,,,,,,,,,,,,,"0.35",,,,,,,,,,,,,,,,,,,,,,,,,,,,"0.35",,,,,,,,,,,,,,,,,,,,,,,,,,,,"0.35",,,,,,,,,,,,,,,,,,,,,,,,,,,,"0.35",,,,,,,,,,,,,,,,,,,,,,,,,,,,"0.35",,,,,,,,,,,,,,,,,,,,,,,,,,,,"0.35",,,,,,,,,,,,,,,,,,,,,,,,,,,,"0.35",,,,,,,,,,,,,,,,,,,,,,,,,,,,"0.35",,,,,,,,,,,,,,,,,,,,,,,,,,,,"0.35",,,,,,,,,,,,,,,,,,,,,,,,,,,,"0.35",,,,,,,,,,,,,,,,,,,,,,,,,,,,"0.35",,,,,,,,,,,,,,,,,,,,,,,,,,,,"0.35",,,,,,,,,,,,,,,,,,,,,,,,,,,,"0.35",,,,,,,,,,,,,,,,,,,,,,,,,,,,"0.35",,,,,,,,,,,,,,,,,,,,,,,,,,,,"0.35",,,,,,,,,,,,,,,,,,,,,,,,,,,,"0.35",,,,,,,,,,,,,,,,,,,,,,,,,,,,"0.35",,,,,,,,,,,,,,,,,,,,,,,,,,,,"0.35",,,,,,,,,,,,,,,,,,,,,,,,,,,,"0.35",,,,,,,,,,,,,,,,,,,,,,,,,,,
"perturb-duration","144",,,,,,,,,,,,,,,,,,,,,,,,,,,,"144",,,,,,,,,,,,,,,,,,,,,,,,,,,,"144",,,,,,,,,,,,,,,,,,,,,,,,,,,,"144",,,,,,,,,,,,,,,,,,,,,,,,,,,,"144",,,,,,,,,,,,,,,,,,,,,,,,,,,,"144",,,,,,,,,,,,,,,,,,,,,,,,,,,,"144",,,,,,,,,,,,,,,,,,,,,,,,,,,,"144",,,,,,,,,,,,,,,,,,,,,,,,,,,,"144",,,,,,,,,,,,,,,,,,,,,,,,,,,,"144",,,,,,,,,,,,,,,,,,,,,,,,,,,,"144",,,,,,,,,,,,,,,,,,,,,,,,,,,,"144",,,,,,,,,,,,,,,,,,,,,,,,,,,,"144",,,,,,,,,,,,,,,,,,,,,,,,,,,,"144",,,,,,,,,,,,,,,,,,,,,,,,,,,,"144",,,,,,,,,,,,,,,,,,,,,,,,,,,,"144",,,,,,,,,,,,,,,,,,,,,,,,,,,,"144",,,,,,,,,,,,,,,,,,,,,,,,,,,,"144",,,,,,,,,,,,,,,,,,,,,,,,,,,,"144",,,,,,,,,,,,,,,,,,,,,,,,,,,,"144",,,,,,,,,,,,,,,,,,,,,,,,,,,,"144",,,,,,,,,,,,,,,,,,,,,,,,,,,,"144",,,,,,,,,,,,,,,,,,,,,,,,,,,,"144",,,,,,,,,,,,,,,,,,,,,,,,,,,,"144",,,,,,,,,,,,,,,,,,,,,,,,,,,,"144",,,,,,,,,,,,,,,,,,,,,,,,,,,,"144",,,,,,,,,,,,,,,,,,,,,,,,,,,,"144",,,,,,,,,,,,,,,,,,,,,,,,,,,,"144",,,,,,,,,,,,,,,,,,,,,,,,,,,,"144",,,,,,,,,,,,,,,,,,,,,,,,,,,,"144",,,,,,,,,,,,,,,,,,,,,,,,,,,,"144",,,,,,,,,,,,,,,,,,,,,,,,,,,,"144",,,,,,,,,,,,,,,,,,,,,,,,,,,,"144",,,,,,,,,,,,,,,,,,,,,,,,,,,,"144",,,,,,,,,,,,,,,,,,,,,,,,,,,,"144",,,,,,,,,,,,,,,,,,,,,,,,,,,,"144",,,,,,,,,,,,,,,,,,,,,,,,,,,,"144",,,,,,,,,,,,,,,,,,,,,,,,,,,,"144",,,,,,,,,,,,,,,,,,,,,,,,,,,,"144",,,,,,,,,,,,,,,,,,,,,,,,,,,,"144",,,,,,,,,,,,,,,,,,,,,,,,,,,,"144",,,,,,,,,,,,,,,,,,,,,,,,,,,,"144",,,,,,,,,,,,,,,,,,,,,,,,,,,,"144",,,,,,,,,,,,,,,,,,,,,,,,,,,,"144",,,,,,,,,,,,,,,,,,,,,,,,,,,,"144",,,,,,,,,,,,,,,,,,,,,,,,,,,,"144",,,,,,,,,,,,,,,,,,,,,,,,,,,,"144",,,,,,,,,,,,,,,,,,,,,,,,,,,,"144",,,,,,,,,,,,,,,,,,,,,,,,,,,,"144",,,,,,,,,,,,,,,,,,,,,,,,,,,,"144",,,,,,,,,,,,,,,,,,,,,,,,,,,,"144",,,,,,,,,,,,,,,,,,,,,,,,,,,,"144",,,,,,,,,,,,,,,,,,,,,,,,,,,,"144",,,,,,,,,,,,,,,,,,,,,,,,,,,,"144",,,,,,,,,,,,,,,,,,,,,,,,,,,,"144",,,,,,,,,,,,,,,,,,,,,,,,,,,,"144",,,,,,,,,,,,,,,,,,,,,,,,,,,,"144",,,,,,,,,,,,,,,,,,,,,,,,,,,,"144",,,,,,,,,,,,,,,,,,,,,,,,,,,,"144",,,,,,,,,,,,,,,,,,,,,,,,,,,,"144",,,,,,,,,,,,,,,,,,,,,,,,,,,,"144",,,,,,,,,,,,,,,,,,,,,,,,,,,,"144",,,,,,,,,,,,,,,,,,,,,,,,,,,,"144",,,,,,,,,,,,,,,,,,,,,,,,,,,,"144",,,,,,,,,,,,,,,,,,,,,,,,,,,,"144",,,,,,,,,,,,,,,,,,,,,,,,,,,,"144",,,,,,,,,,,,,,,,,,,,,,,,,,,,"144",,,,,,,,,,,,,,,,,,,,,,,,,,,,"144",,,,,,,,,,,,,,,,,,,,,,,,,,,,"144",,,,,,,,,,,,,,,,,,,,,,,,,,,,"144",,,,,,,,,,,,,,,,,,,,,,,,,,,,"144",,,,,,,,,,,,,,,,,,,,,,,,,,,,"144",,,,,,,,,,,,,,,,,,,,,,,,,,,,"144",,,,,,,,,,,,,,,,,,,,,,,,,,,,"144",,,,,,,,,,,,,,,,,,,,,,,,,,,,"144",,,,,,,,,,,,,,,,,,,,,,,,,,,,"144",,,,,,,,,,,,,,,,,,,,,,,,,,,,"144",,,,,,,,,,,,,,,,,,,,,,,,,,,,"144",,,,,,,,,,,,,,,,,,,,,,,,,,,,"144",,,,,,,,,,,,,,,,,,,,,,,,,,,,"144",,,,,,,,,,,,,,,,,,,,,,,,,,,
"recovery-tolerance","5",,,,,,,,,,,,,,,,,,,,,,,,,,,,"5",,,,,,,,,,,,,,,,,,,,,,,,,,,,"5",,,,,,,,,,,,,,,,,,,,,,,,,,,,"5",,,,,,,,,,,,,,,,,,,,,,,,,,,,"5",,,,,,,,,,,,,,,,,,,,,,,,,,,,"5",,,,,,,,,,,,,,,,,,,,,,,,,,,,"5",,,,,,,,,,,,,,,,,,,,,,,,,,,,"5",,,,,,,,,,,,,,,,,,,,,,,,,,,,"5",,,,,,,,,,,,,,,,,,,,,,,,,,,,"5",,,,,,,,,,,,,,,,,,,,,,,,,,,,"5",,,,,,,,,,,,,,,,,,,,,,,,,,,,"5",,,,,,,,,,,,,,,,,,,,,,,,,,,,"5",,,,,,,,,,,,,,,,,,,,,,,,,,,,"5",,,,,,,,,,,,,,,,,,,,,,,,,,,,"5",,,,,,,,,,,,,,,,,,,,,,,,,,,,"5",,,,,,,,,,,,,,,,,,,,,,,,,,,,"5",,,,,,,,,,,,,,,,,,,,,,,,,,,,"5",,,,,,,,,,,,,,,,,,,,,,,,,,,,"5",,,,,,,,,,,,,,,,,,,,,,,,,,,,"5",,,,,,,,,,,,,,,,,,,,,,,,,,,,"5",,,,,,,,,,,,,,,,,,,,,,,,,,,,"5",,,,,,,,,,,,,,,,,,,,,,,,,,,,"5",,,,,,,,,,,,,,,,,,,,,,,,,,,,"5",,,,,,,,,,,,,,,,,,,,,,,,,,,,"5",,,,,,,,,,,,,,,,,,,,,,,,,,,,"5",,,,,,,,,,,,,,,,,,,,,,,,,,,,"5",,,,,,,,,,,,,,,,,,,,,,,,,,,,"5",,,,,,,,,,,,,,,,,,,,,,,,,,,,"5",,,,,,,,,,,,,,,,,,,,,,,,,,,,"5",,,,,,,,,,,,,,,,,,,,,,,,,,,,"5",,,,,,,,,,,,,,,,,,,,,,,,,,,,"5",,,,,,,,,,,,,,,,,,,,,,,,,,,,"5",,,,,,,,,,,,,,,,,,,,,,,,,,,,"5",,,,,,,,,,,,,,,,,,,,,,,,,,,,"5",,,,,,,,,,,,,,,,,,,,,,,,,,,,"5",,,,,,,,,,,,,,,,,,,,,,,,,,,,"5",,,,,,,,,,,,,,,,,,,,,,,,,,,,"5",,,,,,,,,,,,,,,,,,,,,,,,,,,,"5",,,,,,,,,,,,,,,,,,,,,,,,,,,,"5",,,,,,,,,,,,,,,,,,,,,,,,,,,,"5",,,,,,,,,,,,,,,,,,,,,,,,,,,,"5",,,,,,,,,,,,,,,,,,,,,,,,,,,,"5",,,,,,,,,,,,,,,,,,,,,,,,,,,,"5",,,,,,,,,,,,,,,,,,,,,,,,,,,,"5",,,,,,,,,,,,,,,,,,,,,,,,,,,,"5",,,,,,,,,,,,,,,,,,,,,,,,,,,,"5",,,,,,,,,,,,,,,,,,,,,,,,,,,,"5",,,,,,,,,,,,,,,,,,,,,,,,,,,,"5",,,,,,,,,,,,,,,,,,,,,,,,,,,,"5",,,,,,,,,,,,,,,,,,,,,,,,,,,,"5",,,,,,,,,,,,,,,,,,,,,,,,,,,,"5",,,,,,,,,,,,,,,,,,,,,,,,,,,,"5",,,,,,,,,,,,,,,,,,,,,,,,,,,,"5",,,,,,,,,,,,,,,,,,,,,,,,,,,,"5",,,,,,,,,,,,,,,,,,,,,,,,,,,,"5",,,,,,,,,,,,,,,,,,,,,,,,,,,,"5",,,,,,,,,,,,,,,,,,,,,,,,,,,,"5",,,,,,,,,,,,,,,,,,,,,,,,,,,,"5",,,,,,,,,,,,,,,,,,,,,,,,,,,,"5",,,,,,,,,,,,,,,,,,,,,,,,,,,,"5",,,,,,,,,,,,,,,,,,,,,,,,,,,,"5",,,,,,,,,,,,,,,,,,,,,,,,,,,,"5",,,,,,,,,,,,,,,,,,,,,,,,,,,,"5",,,,,,,,,,,,,,,,,,,,,,,,,,,,"5",,,,,,,,,,,,,,,,,,,,,,,,,,,,"5",,,,,,,,,,,,,,,,,,,,,,,,,,,,"5",,,,,,,,,,,,,,,,,,,,,,,,,,,,"5",,,,,,,,,,,,,,,,,,,,,,,,,,,,"5",,,,,,,,,,,,,,,,,,,,,,,,,,,,"5",,,,,,,,,,,,,,,,,,,,,,,,,,,,"5",,,,,,,,,,,,,,,,,,,,,,,,,,,,"5",,,,,,,,,,,,,,,,,,,,,,,,,,,,"5",,,,,,,,,,,,,,,,,,,,,,,,,,,,"5",,,,,,,,,,,,,,,,,,,,,,,,,,,,"5",,,,,,,,,,,,,,,,,,,,,,,,,,,,"5",,,,,,,,,,,,,,,,,,,,,,,,,,,,"5",,,,,,,,,,,,,,,,,,,,,,,,,,,,"5",,,,,,,,,,,,,,,,,,,,,,,,,,,,"5",,,,,,,,,,,,,,,,,,,,,,,,,,,,"5",,,,,,,,,,,,,,,,,,,,,,,,,,,
"perturbation-regime","single",,,,,,,,,,,,,,,,,,,,,,,,,,,,"single",,,,,,,,,,,,,,,,,,,,,,,,,,,,"single",,,,,,,,,,,,,,,,,,,,,,,,,,,,"single",,,,,,,,,,,,,,,,,,,,,,,,,,,,"single",,,,,,,,,,,,,,,,,,,,,,,,,,,,"single",,,,,,,,,,,,,,,,,,,,,,,,,,,,"single",,,,,,,,,,,,,,,,,,,,,,,,,,,,"single",,,,,,,,,,,,,,,,,,,,,,,,,,,,"single",,,,,,,,,,,,,,,,,,,,,,,,,,,,"single",,,,,,,,,,,,,,,,,,,,,,,,,,,,"single",,,,,,,,,,,,,,,,,,,,,,,,,,,,"single",,,,,,,,,,,,,,,,,,,,,,,,,,,,"single",,,,,,,,,,,,,,,,,,,,,,,,,,,,"single",,,,,,,,,,,,,,,,,,,,,,,,,,,,"single",,,,,,,,,,,,,,,,,,,,,,,,,,,,"single",,,,,,,,,,,,,,,,,,,,,,,,,,,,"single",,,,,,,,,,,,,,,,,,,,,,,,,,,,"single",,,,,,,,,,,,,,,,,,,,,,,,,,,,"single",,,,,,,,,,,,,,,,,,,,,,,,,,,,"single",,,,,,,,,,,,,,,,,,,,,,,,,,,,"single",,,,,,,,,,,,,,,,,,,,,,,,,,,,"single",,,,,,,,,,,,,,,,,,,,,,,,,,,,"single",,,,,,,,,,,,,,,,,,,,,,,,,,,,"single",,,,,,,,,,,,,,,,,,,,,,,,,,,,"single",,,,,,,,,,,,,,,,,,,,,,,,,,,,"single",,,,,,,,,,,,,,,,,,,,,,,,,,,,"single",,,,,,,,,,,,,,,,,,,,,,,,,,,,"single",,,,,,,,,,,,,,,,,,,,,,,,,,,,"single",,,,,,,,,,,,,,,,,,,,,,,,,,,,"single",,,,,,,,,,,,,,,,,,,,,,,,,,,,"single",,,,,,,,,,,,,,,,,,,,,,,,,,,,"single",,,,,,,,,,,,,,,,,,,,,,,,,,,,"single",,,,,,,,,,,,,,,,,,,,,,,,,,,,"single",,,,,,,,,,,,,,,,,,,,,,,,,,,,"single",,,,,,,,,,,,,,,,,,,,,,,,,,,,"single",,,,,,,,,,,,,,,,,,,,,,,,,,,,"single",,,,,,,,,,,,,,,,,,,,,,,,,,,,"single",,,,,,,,,,,,,,,,,,,,,,,,,,,,"single",,,,,,,,,,,,,,,,,,,,,,,,,,,,"single",,,,,,,,,,,,,,,,,,,,,,,,,,,,"single",,,,,,,,,,,,,,,,,,,,,,,,,,,,"single",,,,,,,,,,,,,,,,,,,,,,,,,,,,"single",,,,,,,,,,,,,,,,,,,,,,,,,,,,"single",,,,,,,,,,,,,,,,,,,,,,,,,,,,"single",,,,,,,,,,,,,,,,,,,,,,,,,,,,"single",,,,,,,,,,,,,,,,,,,,,,,,,,,,"single",,,,,,,,,,,,,,,,,,,,,,,,,,,,"single",,,,,,,,,,,,,,,,,,,,,,,,,,,,"single",,,,,,,,,,,,,,,,,,,,,,,,,,,,"single",,,,,,,,,,,,,,,,,,,,,,,,,,,,"single",,,,,,,,,,,,,,,,,,,,,,,,,,,,"single",,,,,,,,,,,,,,,,,,,,,,,,,,,,"single",,,,,,,,,,,,,,,,,,,,,,,,,,,,"single",,,,,,,,,,,,,,,,,,,,,,,,,,,,"single",,,,,,,,,,,,,,,,,,,,,,,,,,,,"single",,,,,,,,,,,,,,,,,,,,,,,,,,,,"single",,,,,,,,,,,,,,,,,,,,,,,,,,,,"single",,,,,,,,,,,,,,,,,,,,,,,,,,,,"single",,,,,,,,,,,,,,,,,,,,,,,,,,,,"single",,,,,,,,,,,,,,,,,,,,,,,,,,,,"single",,,,,,,,,,,,,,,,,,,,,,,,,,,,"single",,,,,,,,,,,,,,,,,,,,,,,,,,,,"single",,,,,,,,,,,,,,,,,,,,,,,,,,,,"single",,,,,,,,,,,,,,,,,,,,,,,,,,,,"single",,,,,,,,,,,,,,,,,,,,,,,,,,,,"single",,,,,,,,,,,,,,,,,,,,,,,,,,,,"single",,,,,,,,,,,,,,,,,,,,,,,,,,,,"single",,,,,,,,,,,,,,,,,,,,,,,,,,,,"single",,,,,,,,,,,,,,,,,,,,,,,,,,,,"single",,,,,,,,,,,,,,,,,,,,,,,,,,,,"single",,,,,,,,,,,,,,,,,,,,,,,,,,,,"single",,,,,,,,,,,,,,,,,,,,,,,,,,,,"single",,,,,,,,,,,,,,,,,,,,,,,,,,,,"single",,,,,,,,,,,,,,,,,,,,,,,,,,,,"single",,,,,,,,,,,,,,,,,,,,,,,,,,,,"single",,,,,,,,,,,,,,,,,,,,,,,,,,,,"single",,,,,,,,,,,,,,,,,,,,,,,,,,,,"single",,,,,,,,,,,,,,,,,,,,,,,,,,,,"single",,,,,,,,,,,,,,,,,,,,,,,,,,,,"single",,,,,,,,,,,,,,,,,,,,,,,,,,,
"perturbation-strength","60",,,,,,,,,,,,,,,,,,,,,,,,,,,,"60",,,,,,,,,,,,,,,,,,,,,,,,,,,,"60",,,,,,,,,,,,,,,,,,,,,,,,,,,,"60",,,,,,,,,,,,,,,,,,,,,,,,,,,,"60",,,,,,,,,,,,,,,,,,,,,,,,,,,,"60",,,,,,,,,,,,,,,,,,,,,,,,,,,,"60",,,,,,,,,,,,,,,,,,,,,,,,,,,,"60",,,,,,,,,,,,,,,,,,,,,,,,,,,,"60",,,,,,,,,,,,,,,,,,,,,,,,,,,,"60",,,,,,,,,,,,,,,,,,,,,,,,,,,,"60",,,,,,,,,,,,,,,,,,,,,,,,,,,,"60",,,,,,,,,,,,,,,,,,,,,,,,,,,,"60",,,,,,,,,,,,,,,,,,,,,,,,,,,,"60",,,,,,,,,,,,,,,,,,,,,,,,,,,,"60",,,,,,,,,,,,,,,,,,,,,,,,,,,,"60",,,,,,,,,,,,,,,,,,,,,,,,,,,,"60",,,,,,,,,,,,,,,,,,,,,,,,,,,,"60",,,,,,,,,,,,,,,,,,,,,,,,,,,,"60",,,,,,,,,,,,,,,,,,,,,,,,,,,,"60",,,,,,,,,,,,,,,,,,,,,,,,,,,,"60",,,,,,,,,,,,,,,,,,,,,,,,,,,,"60",,,,,,,,,,,,,,,,,,,,,,,,,,,,"60",,,,,,,,,,,,,,,,,,,,,,,,,,,,"60",,,,,,,,,,,,,,,,,,,,,,,,,,,,"60",,,,,,,,,,,,,,,,,,,,,,,,,,,,"60",,,,,,,,,,,,,,,,,,,,,,,,,,,,"60",,,,,,,,,,,,,,,,,,,,,,,,,,,,"60",,,,,,,,,,,,,,,,,,,,,,,,,,,,"60",,,,,,,,,,,,,,,,,,,,,,,,,,,,"60",,,,,,,,,,,,,,,,,,,,,,,,,,,,"60",,,,,,,,,,,,,,,,,,,,,,,,,,,,"60",,,,,,,,,,,,,,,,,,,,,,,,,,,,"60",,,,,,,,,,,,,,,,,,,,,,,,,,,,"60",,,,,,,,,,,,,,,,,,,,,,,,,,,,"60",,,,,,,,,,,,,,,,,,,,,,,,,,,,"60",,,,,,,,,,,,,,,,,,,,,,,,,,,,"60",,,,,,,,,,,,,,,,,,,,,,,,,,,,"60",,,,,,,,,,,,,,,,,,,,,,,,,,,,"60",,,,,,,,,,,,,,,,,,,,,,,,,,,,"60",,,,,,,,,,,,,,,,,,,,,,,,,,,,"60",,,,,,,,,,,,,,,,,,,,,,,,,,,,"60",,,,,,,,,,,,,,,,,,,,,,,,,,,,"60",,,,,,,,,,,,,,,,,,,,,,,,,,,,"60",,,,,,,,,,,,,,,,,,,,,,,,,,,,"60",,,,,,,,,,,,,,,,,,,,,,,,,,,,"60",,,,,,,,,,,,,,,,,,,,,,,,,,,,"60",,,,,,,,,,,,,,,,,,,,,,,,,,,,"60",,,,,,,,,,,,,,,,,,,,,,,,,,,,"60",,,,,,,,,,,,,,,,,,,,,,,,,,,,"60",,,,,,,,,,,,,,,,,,,,,,,,,,,,"60",,,,,,,,,,,,,,,,,,,,,,,,,,,,"60",,,,,,,,,,,,,,,,,,,,,,,,,,,,"60",,,,,,,,,,,,,,,,,,,,,,,,,,,,"60",,,,,,,,,,,,,,,,,,,,,,,,,,,,"60",,,,,,,,,,,,,,,,,,,,,,,,,,,,"60",,,,,,,,,,,,,,,,,,,,,,,,,,,,"60",,,,,,,,,,,,,,,,,,,,,,,,,,,,"60",,,,,,,,,,,,,,,,,,,,,,,,,,,,"60",,,,,,,,,,,,,,,,,,,,,,,,,,,,"60",,,,,,,,,,,,,,,,,,,,,,,,,,,,"60",,,,,,,,,,,,,,,,,,,,,,,,,,,,"60",,,,,,,,,,,,,,,,,,,,,,,,,,,,"60",,,,,,,,,,,,,,,,,,,,,,,,,,,,"60",,,,,,,,,,,,,,,,,,,,,,,,,,,,"60",,,,,,,,,,,,,,,,,,,,,,,,,,,,"60",,,,,,,,,,,,,,,,,,,,,,,,,,,,"60",,,,,,,,,,,,,,,,,,,,,,,,,,,,"60",,,,,,,,,,,,,,,,,,,,,,,,,,,,"60",,,,,,,,,,,,,,,,,,,,,,,,,,,,"60",,,,,,,,,,,,,,,,,,,,,,,,,,,,"60",,,,,,,,,,,,,,,,,,,,,,,,,,,,"60",,,,,,,,,,,,,,,,,,,,,,,,,,,,"60",,,,,,,,,,,,,,,,,,,,,,,,,,,,"60",,,,,,,,,,,,,,,,,,,,,,,,,,,,"60",,,,,,,,,,,,,,,,,,,,,,,,,,,,"60",,,,,,,,,,,,,,,,,,,,,,,,,,,,"60",,,,,,,,,,,,,,,,,,,,,,,,,,,,"60",,,,,,,,,,,,,,,,,,,,,,,,,,,,"60",,,,,,,,,,,,,,,,,,,,,,,,,,,,"60",,,,,,,,,,,,,,,,,,,,,,,,,,,
"identity-pull-weight","0.2",,,,,,,,,,,,,,,,,,,,,,,,,,,,"0.2",,,,,,,,,,,,,,,,,,,,,,,,,,,,"0.2",,,,,,,,,,,,,,,,,,,,,,,,,,,,"0.2",,,,,,,,,,,,,,,,,,,,,,,,,,,,"0.2",,,,,,,,,,,,,,,,,,,,,,,,,,,,"0.2",,,,,,,,,,,,,,,,,,,,,,,,,,,,"0.2",,,,,,,,,,,,,,,,,,,,,,,,,,,,"0.2",,,,,,,,,,,,,,,,,,,,,,,,,,,,"0.2",,,,,,,,,,,,,,,,,,,,,,,,,,,,"0.2",,,,,,,,,,,,,,,,,,,,,,,,,,,,"0.2",,,,,,,,,,,,,,,,,,,,,,,,,,,,"0.2",,,,,,,,,,,,,,,,,,,,,,,,,,,,"0.2",,,,,,,,,,,,,,,,,,,,,,,,,,,,"0.2",,,,,,,,,,,,,,,,,,,,,,,,,,,,"0.2",,,,,,,,,,,,,,,,,,,,,,,,,,,,"0.2",,,,,,,,,,,,,,,,,,,,,,,,,,,,"0.2",,,,,,,,,,,,,,,,,,,,,,,,,,,,"0.2",,,,,,,,,,,,,,,,,,,,,,,,,,,,"0.2",,,,,,,,,,,,,,,,,,,,,,,,,,,,"0.2",,,,,,,,,,,,,,,,,,,,,,,,,,,,"0.2",,,,,,,,,,,,,,,,,,,,,,,,,,,,"0.2",,,,,,,,,,,,,,,,,,,,,,,,,,,,"0.2",,,,,,,,,,,,,,,,,,,,,,,,,,,,"0.2",,,,,,,,,,,,,,,,,,,,,,,,,,,,"0.2",,,,,,,,,,,,,,,,,,,,,,,,,,,,"0.2",,,,,,,,,,,,,,,,,,,,,,,,,,,,"0.2",,,,,,,,,,,,,,,,,,,,,,,,,,,,"0.2",,,,,,,,,,,,,,,,,,,,,,,,,,,,"0.2",,,,,,,,,,,,,,,,,,,,,,,,,,,,"0.2",,,,,,,,,,,,,,,,,,,,,,,,,,,,"0.2",,,,,,,,,,,,,,,,,,,,,,,,,,,,"0.2",,,,,,,,,,,,,,,,,,,,,,,,,,,,"0.2",,,,,,,,,,,,,,,,,,,,,,,,,,,,"0.2",,,,,,,,,,,,,,,,,,,,,,,,,,,,"0.2",,,,,,,,,,,,,,,,,,,,,,,,,,,,"0.2",,,,,,,,,,,,,,,,,,,,,,,,,,,,"0.2",,,,,,,,,,,,,,,,,,,,,,,,,,,,"0.2",,,,,,,,,,,,,,,,,,,,,,,,,,,,"0.2",,,,,,,,,,,,,,,,,,,,,,,,,,,,"0.2",,,,,,,,,,,,,,,,,,,,,,,,,,,,"0.2",,,,,,,,,,,,,,,,,,,,,,,,,,,,"0.2",,,,,,,,,,,,,,,,,,,,,,,,,,,,"0.2",,,,,,,,,,,,,,,,,,,,,,,,,,,,"0.2",,,,,,,,,,,,,,,,,,,,,,,,,,,,"0.2",,,,,,,,,,,,,,,,,,,,,,,,,,,,"0.2",,,,,,,,,,,,,,,,,,,,,,,,,,,,"0.2",,,,,,,,,,,,,,,,,,,,,,,,,,,,"0.2",,,,,,,,,,,,,,,,,,,,,,,,,,,,"0.2",,,,,,,,,,,,,,,,,,,,,,,,,,,,"0.2",,,,,,,,,,,,,,,,,,,,,,,,,,,,"0.2",,,,,,,,,,,,,,,,,,,,,,,,,,,,"0.2",,,,,,,,,,,,,,,,,,,,,,,,,,,,"0.2",,,,,,,,,,,,,,,,,,,,,,,,,,,,"0.2",,,,,,,,,,,,,,,,,,,,,,,,,,,,"0.2",,,,,,,,,,,,,,,,,,,,,,,,,,,,"0.2",,,,,,,,,,,,,,,,,,,,,,,,,,,,"0.2",,,,,,,,,,,,,,,,,,,,,,,,,,,,"0.2",,,,,,,,,,,,,,,,,,,,,,,,,,,,"0.2",,,,,,,,,,,,,,,,,,,,,,,,,,,,"0.2",,,,,,,,,,,,,,,,,,,,,,,,,,,,"0.2",,,,,,,,,,,,,,,,,,,,,,,,,,,,"0.2",,,,,,,,,,,,,,,,,,,,,,,,,,,,"0.2",,,,,,,,,,,,,,,,,,,,,,,,,,,,"0.2",,,,,,,,,,,,,,,,,,,,,,,,,,,,"0.2",,,,,,,,,,,,,,,,,,,,,,,,,,,,"0.2",,,,,,,,,,,,,,,,,,,,,,,,,,,,"0.2",,,,,,,,,,,,,,,,,,,,,,,,,,,,"0.2",,,,,,,,,,,,,,,,,,,,,,,,,,,,"0.2",,,,,,,,,,,,,,,,,,,,,,,,,,,,"0.2",,,,,,,,,,,,,,,,,,,,,,,,,,,,"0.2",,,,,,,,,,,,,,,,,,,,,,,,,,,,"0.2",,,,,,,,,,,,,,,,,,,,,,,,,,,,"0.2",,,,,,,,,,,,,,,,,,,,,,,,,,,,"0.2",,,,,,,,,,,,,,,,,,,,,,,,,,,,"0.2",,,,,,,,,,,,,,,,,,,,,,,,,,,,"0.2",,,,,,,,,,,,,,,,,,,,,,,,,,,,"0.2",,,,,,,,,,,,,,,,,,,,,,,,,,,,"0.2",,,,,,,,,,,,,,,,,,,,,,,,,,,,"0.2",,,,,,,,,,,,,,,,,,,,,,,,,,,,"0.2",,,,,,,,,,,,,,,,,,,,,,,,,,,
"social-pull-weight","0.5",,,,,,,,,,,,,,,,,,,,,,,,,,,,"0.5",,,,,,,,,,,,,,,,,,,,,,,,,,,,"0.5",,,,,,,,,,,,,,,,,,,,,,,,,,,,"0.5",,,,,,,,,,,,,,,,,,,,,,,,,,,,"0.5",,,,,,,,,,,,,,,,,,,,,,,,,,,,"0.5",,,,,,,,,,,,,,,,,,,,,,,,,,,,"0.5",,,,,,,,,,,,,,,,,,,,,,,,,,,,"0.5",,,,,,,,,,,,,,,,,,,,,,,,,,,,"0.5",,,,,,,,,,,,,,,,,,,,,,,,,,,,"0.5",,,,,,,,,,,,,,,,,,,,,,,,,,,,"0.5",,,,,,,,,,,,,,,,,,,,,,,,,,,,"0.5",,,,,,,,,,,,,,,,,,,,,,,,,,,,"0.5",,,,,,,,,,,,,,,,,,,,,,,,,,,,"0.5",,,,,,,,,,,,,,,,,,,,,,,,,,,,"0.5",,,,,,,,,,,,,,,,,,,,,,,,,,,,"0.5",,,,,,,,,,,,,,,,,,,,,,,,,,,,"0.5",,,,,,,,,,,,,,,,,,,,,,,,,,,,"0.5",,,,,,,,,,,,,,,,,,,,,,,,,,,,"0.5",,,,,,,,,,,,,,,,,,,,,,,,,,,,"0.5",,,,,,,,,,,,,,,,,,,,,,,,,,,,"0.5",,,,,,,,,,,,,,,,,,,,,,,,,,,,"0.5",,,,,,,,,,,,,,,,,,,,,,,,,,,,"0.5",,,,,,,,,,,,,,,,,,,,,,,,,,,,"0.5",,,,,,,,,,,,,,,,,,,,,,,,,,,,"0.5",,,,,,,,,,,,,,,,,,,,,,,,,,,,"0.5",,,,,,,,,,,,,,,,,,,,,,,,,,,,"0.5",,,,,,,,,,,,,,,,,,,,,,,,,,,,"0.5",,,,,,,,,,,,,,,,,,,,,,,,,,,,"0.5",,,,,,,,,,,,,,,,,,,,,,,,,,,,"0.5",,,,,,,,,,,,,,,,,,,,,,,,,,,,"0.5",,,,,,,,,,,,,,,,,,,,,,,,,,,,"0.5",,,,,,,,,,,,,,,,,,,,,,,,,,,,"0.5",,,,,,,,,,,,,,,,,,,,,,,,,,,,"0.5",,,,,,,,,,,,,,,,,,,,,,,,,,,,"0.5",,,,,,,,,,,,,,,,,,,,,,,,,,,,"0.5",,,,,,,,,,,,,,,,,,,,,,,,,,,,"0.5",,,,,,,,,,,,,,,,,,,,,,,,,,,,"0.5",,,,,,,,,,,,,,,,,,,,,,,,,,,,"0.5",,,,,,,,,,,,,,,,,,,,,,,,,,,,"0.5",,,,,,,,,,,,,,,,,,,,,,,,,,,,"0.5",,,,,,,,,,,,,,,,,,,,,,,,,,,,"0.5",,,,,,,,,,,,,,,,,,,,,,,,,,,,"0.5",,,,,,,,,,,,,,,,,,,,,,,,,,,,"0.5",,,,,,,,,,,,,,,,,,,,,,,,,,,,"0.5",,,,,,,,,,,,,,,,,,,,,,,,,,,,"0.5",,,,,,,,,,,,,,,,,,,,,,,,,,,,"0.5",,,,,,,,,,,,,,,,,,,,,,,,,,,,"0.5",,,,,,,,,,,,,,,,,,,,,,,,,,,,"0.5",,,,,,,,,,,,,,,,,,,,,,,,,,,,"0.5",,,,,,,,,,,,,,,,,,,,,,,,,,,,"0.5",,,,,,,,,,,,,,,,,,,,,,,,,,,,"0.5",,,,,,,,,,,,,,,,,,,,,,,,,,,,"0.5",,,,,,,,,,,,,,,,,,,,,,,,,,,,"0.5",,,,,,,,,,,,,,,,,,,,,,,,,,,,"0.5",,,,,,,,,,,,,,,,,,,,,,,,,,,,"0.5",,,,,,,,,,,,,,,,,,,,,,,,,,,,"0.5",,,,,,,,,,,,,,,,,,,,,,,,,,,,"0.5",,,,,,,,,,,,,,,,,,,,,,,,,,,,"0.5",,,,,,,,,,,,,,,,,,,,,,,,,,,,"0.5",,,,,,,,,,,,,,,,,,,,,,,,,,,,"0.5",,,,,,,,,,,,,,,,,,,,,,,,,,,,"0.5",,,,,,,,,,,,,,,,,,,,,,,,,,,,"0.5",,,,,,,,,,,,,,,,,,,,,,,,,,,,"0.5",,,,,,,,,,,,,,,,,,,,,,,,,,,,"0.5",,,,,,,,,,,,,,,,,,,,,,,,,,,,"0.5",,,,,,,,,,,,,,,,,,,,,,,,,,,,"0.5",,,,,,,,,,,,,,,,,,,,,,,,,,,,"0.5",,,,,,,,,,,,,,,,,,,,,,,,,,,,"0.5",,,,,,,,,,,,,,,,,,,,,,,,,,,,"0.5",,,,,,,,,,,,,,,,,,,,,,,,,,,,"0.5",,,,,,,,,,,,,,,,,,,,,,,,,,,,"0.5",,,,,,,,,,,,,,,,,,,,,,,,,,,,"0.5",,,,,,,,,,,,,,,,,,,,,,,,,,,,"0.5",,,,,,,,,,,,,,,,,,,,,,,,,,,,"0.5",,,,,,,,,,,,,,,,,,,,,,,,,,,,"0.5",,,,,,,,,,,,,,,,,,,,,,,,,,,,"0.5",,,,,,,,,,,,,,,,,,,,,,,,,,,,"0.5",,,,,,,,,,,,,,,,,,,,,,,,,,,,"0.5",,,,,,,,,,,,,,,,,,,,,,,,,,,,"0.5",,,,,,,,,,,,,,,,,,,,,,,,,,,
"metabolic-rate","0.1",,,,,,,,,,,,,,,,,,,,,,,,,,,,"0.1",,,,,,,,,,,,,,,,,,,,,,,,,,,,"0.1",,,,,,,,,,,,,,,,,,,,,,,,,,,,"0.1",,,,,,,,,,,,,,,,,,,,,,,,,,,,"0.1",,,,,,,,,,,,,,,,,,,,,,,,,,,,"0.1",,,,,,,,,,,,,,,,,,,,,,,,,,,,"0.1",,,,,,,,,,,,,,,,,,,,,,,,,,,,"0.1",,,,,,,,,,,,,,,,,,,,,,,,,,,,"0.1",,,,,,,,,,,,,,,,,,,,,,,,,,,,"0.1",,,,,,,,,,,,,,,,,,,,,,,,,,,,"0.1",,,,,,,,,,,,,,,,,,,,,,,,,,,,"0.1",,,,,,,,,,,,,,,,,,,,,,,,,,,,"0.1",,,,,,,,,,,,,,,,,,,,,,,,,,,,"0.1",,,,,,,,,,,,,,,,,,,,,,,,,,,,"0.1",,,,,,,,,,,,,,,,,,,,,,,,,,,,"0.1",,,,,,,,,,,,,,,,,,,,,,,,,,,,"0.1",,,,,,,,,,,,,,,,,,,,,,,,,,,,"0.1",,,,,,,,,,,,,,,,,,,,,,,,,,,,"0.1",,,,,,,,,,,,,,,,,,,,,,,,,,,,"0.1",,,,,,,,,,,,,,,,,,,,,,,,,,,,"0.1",,,,,,,,,,,,,,,,,,,,,,,,,,,,"0.1",,,,,,,,,,,,,,,,,,,,,,,,,,,,"0.1",,,,,,,,,,,,,,,,,,,,,,,,,,,,"0.1",,,,,,,,,,,,,,,,,,,,,,,,,,,,"0.1",,,,,,,,,,,,,,,,,,,,,,,,,,,,"0.1",,,,,,,,,,,,,,,,,,,,,,,,,,,,"0.1",,,,,,,,,,,,,,,,,,,,,,,,,,,,"0.1",,,,,,,,,,,,,,,,,,,,,,,,,,,,"0.1",,,,,,,,,,,,,,,,,,,,,,,,,,,,"0.1",,,,,,,,,,,,,,,,,,,,,,,,,,,,"0.1",,,,,,,,,,,,,,,,,,,,,,,,,,,,"0.1",,,,,,,,,,,,,,,,,,,,,,,,,,,,"0.1",,,,,,,,,,,,,,,,,,,,,,,,,,,,"0.1",,,,,,,,,,,,,,,,,,,,,,,,,,,,"0.1",,,,,,,,,,,,,,,,,,,,,,,,,,,,"0.1",,,,,,,,,,,,,,,,,,,,,,,,,,,,"0.1",,,,,,,,,,,,,,,,,,,,,,,,,,,,"0.1",,,,,,,,,,,,,,,,,,,,,,,,,,,,"0.1",,,,,,,,,,,,,,,,,,,,,,,,,,,,"0.1",,,,,,,,,,,,,,,,,,,,,,,,,,,,"0.1",,,,,,,,,,,,,,,,,,,,,,,,,,,,"0.1",,,,,,,,,,,,,,,,,,,,,,,,,,,,"0.1",,,,,,,,,,,,,,,,,,,,,,,,,,,,"0.1",,,,,,,,,,,,,,,,,,,,,,,,,,,,"0.1",,,,,,,,,,,,,,,,,,,,,,,,,,,,"0.1",,,,,,,,,,,,,,,,,,,,,,,,,,,,"0.1",,,,,,,,,,,,,,,,,,,,,,,,,,,,"0.1",,,,,,,,,,,,,,,,,,,,,,,,,,,,"0.1",,,,,,,,,,,,,,,,,,,,,,,,,,,,"0.1",,,,,,,,,,,,,,,,,,,,,,,,,,,,"0.1",,,,,,,,,,,,,,,,,,,,,,,,,,,,"0.1",,,,,,,,,,,,,,,,,,,,,,,,,,,,"0.1",,,,,,,,,,,,,,,,,,,,,,,,,,,,"0.1",,,,,,,,,,,,,,,,,,,,,,,,,,,,"0.1",,,,,,,,,,,,,,,,,,,,,,,,,,,,"0.1",,,,,,,,,,,,,,,,,,,,,,,,,,,,"0.1",,,,,,,,,,,,,,,,,,,,,,,,,,,,"0.1",,,,,,,,,,,,,,,,,,,,,,,,,,,,"0.1",,,,,,,,,,,,,,,,,,,,,,,,,,,,"0.1",,,,,,,,,,,,,,,,,,,,,,,,,,,,"0.1",,,,,,,,,,,,,,,,,,,,,,,,,,,,"0.1",,,,,,,,,,,,,,,,,,,,,,,,,,,,"0.1",,,,,,,,,,,,,,,,,,,,,,,,,,,,"0.1",,,,,,,,,,,,,,,,,,,,,,,,,,,,"0.1",,,,,,,,,,,,,,,,,,,,,,,,,,,,"0.1",,,,,,,,,,,,,,,,,,,,,,,,,,,,"0.1",,,,,,,,,,,,,,,,,,,,,,,,,,,,"0.1",,,,,,,,,,,,,,,,,,,,,,,,,,,,"0.1",,,,,,,,,,,,,,,,,,,,,,,,,,,,"0.1",,,,,,,,,,,,,,,,,,,,,,,,,,,,"0.1",,,,,,,,,,,,,,,,,,,,,,,,,,,,"0.1",,,,,,,,,,,,,,,,,,,,,,,,,,,,"0.1",,,,,,,,,,,,,,,,,,,,,,,,,,,,"0.1",,,,,,,,,,,,,,,,,,,,,,,,,,,,"0.1",,,,,,,,,,,,,,,,,,,,,,,,,,,,"0.1",,,,,,,,,,,,,,,,,,,,,,,,,,,,"0.1",,,,,,,,,,,,,,,,,,,,,,,,,,,,"0.1",,,,,,,,,,,,,,,,,,,,,,,,,,,,"0.1",,,,,,,,,,,,,,,,,,,,,,,,,,,,"0.1",,,,,,,,,,,,,,,,,,,,,,,,,,,
"shock-multiplier","1",,,,,,,,,,,,,,,,,,,,,,,,,,,,"1",,,,,,,,,,,,,,,,,,,,,,,,,,,,"1",,,,,,,,,,,,,,,,,,,,,,,,,,,,"1",,,,,,,,,,,,,,,,,,,,,,,,,,,,"1",,,,,,,,,,,,,,,,,,,,,,,,,,,,"1",,,,,,,,,,,,,,,,,,,,,,,,,,,,"1",,,,,,,,,,,,,,,,,,,,,,,,,,,,"1",,,,,,,,,,,,,,,,,,,,,,,,,,,,"1",,,,,,,,,,,,,,,,,,,,,,,,,,,,"1",,,,,,,,,,,,,,,,,,,,,,,,,,,,"1",,,,,,,,,,,,,,,,,,,,,,,,,,,,"1",,,,,,,,,,,,,,,,,,,,,,,,,,,,"1",,,,,,,,,,,,,,,,,,,,,,,,,,,,"1",,,,,,,,,,,,,,,,,,,,,,,,,,,,"1",,,,,,,,,,,,,,,,,,,,,,,,,,,,"1",,,,,,,,,,,,,,,,,,,,,,,,,,,,"1",,,,,,,,,,,,,,,,,,,,,,,,,,,,"1",,,,,,,,,,,,,,,,,,,,,,,,,,,,"1",,,,,,,,,,,,,,,,,,,,,,,,,,,,"1",,,,,,,,,,,,,,,,,,,,,,,,,,,,"1",,,,,,,,,,,,,,,,,,,,,,,,,,,,"1",,,,,,,,,,,,,,,,,,,,,,,,,,,,"1",,,,,,,,,,,,,,,,,,,,,,,,,,,,"1",,,,,,,,,,,,,,,,,,,,,,,,,,,,"1",,,,,,,,,,,,,,,,,,,,,,,,,,,,"1",,,,,,,,,,,,,,,,,,,,,,,,,,,,"1",,,,,,,,,,,,,,,,,,,,,,,,,,,,"1",,,,,,,,,,,,,,,,,,,,,,,,,,,,"1",,,,,,,,,,,,,,,,,,,,,,,,,,,,"1",,,,,,,,,,,,,,,,,,,,,,,,,,,,"1",,,,,,,,,,,,,,,,,,,,,,,,,,,,"1",,,,,,,,,,,,,,,,,,,,,,,,,,,,"1",,,,,,,,,,,,,,,,,,,,,,,,,,,,"1",,,,,,,,,,,,,,,,,,,,,,,,,,,,"1",,,,,,,,,,,,,,,,,,,,,,,,,,,,"1",,,,,,,,,,,,,,,,,,,,,,,,,,,,"1",,,,,,,,,,,,,,,,,,,,,,,,,,,,"1",,,,,,,,,,,,,,,,,,,,,,,,,,,,"1",,,,,,,,,,,,,,,,,,,,,,,,,,,,"1",,,,,,,,,,,,,,,,,,,,,,,,,,,,"1",,,,,,,,,,,,,,,,,,,,,,,,,,,,"1",,,,,,,,,,,,,,,,,,,,,,,,,,,,"1",,,,,,,,,,,,,,,,,,,,,,,,,,,,"1",,,,,,,,,,,,,,,,,,,,,,,,,,,,"1",,,,,,,,,,,,,,,,,,,,,,,,,,,,"1",,,,,,,,,,,,,,,,,,,,,,,,,,,,"1",,,,,,,,,,,,,,,,,,,,,,,,,,,,"1",,,,,,,,,,,,,,,,,,,,,,,,,,,,"1",,,,,,,,,,,,,,,,,,,,,,,,,,,,"1",,,,,,,,,,,,,,,,,,,,,,,,,,,,"1",,,,,,,,,,,,,,,,,,,,,,,,,,,,"1",,,,,,,,,,,,,,,,,,,,,,,,,,,,"1",,,,,,,,,,,,,,,,,,,,,,,,,,,,"1",,,,,,,,,,,,,,,,,,,,,,,,,,,,"1",,,,,,,,,,,,,,,,,,,,,,,,,,,,"1",,,,,,,,,,,,,,,,,,,,,,,,,,,,"1",,,,,,,,,,,,,,,,,,,,,,,,,,,,"1",,,,,,,,,,,,,,,,,,,,,,,,,,,,"1",,,,,,,,,,,,,,,,,,,,,,,,,,,,"1",,,,,,,,,,,,,,,,,,,,,,,,,,,,"1",,,,,,,,,,,,,,,,,,,,,,,,,,,,"1",,,,,,,,,,,,,,,,,,,,,,,,,,,,"1",,,,,,,,,,,,,,,,,,,,,,,,,,,,"1",,,,,,,,,,,,,,,,,,,,,,,,,,,,"1",,,,,,,,,,,,,,,,,,,,,,,,,,,,"1",,,,,,,,,,,,,,,,,,,,,,,,,,,,"1",,,,,,,,,,,,,,,,,,,,,,,,,,,,"1",,,,,,,,,,,,,,,,,,,,,,,,,,,,"1",,,,,,,,,,,,,,,,,,,,,,,,,,,,"1",,,,,,,,,,,,,,,,,,,,,,,,,,,,"1",,,,,,,,,,,,,,,,,,,,,,,,,,,,"1",,,,,,,,,,,,,,,,,,,,,,,,,,,,"1",,,,,,,,,,,,,,,,,,,,,,,,,,,,"1",,,,,,,,,,,,,,,,,,,,,,,,,,,,"1",,,,,,,,,,,,,,,,,,,,,,,,,,,,"1",,,,,,,,,,,,,,,,,,,,,,,,,,,,"1",,,,,,,,,,,,,,,,,,,,,,,,,,,,"1",,,,,,,,,,,,,,,,,,,,,,,,,,,,"1",,,,,,,,,,,,,,,,,,,,,,,,,,,,"1",,,,,,,,,,,,,,,,,,,,,,,,,,,
"recovery-rate","0.05",,,,,,,,,,,,,,,,,,,,,,,,,,,,"0.05",,,,,,,,,,,,,,,,,,,,,,,,,,,,"0.05",,,,,,,,,,,,,,,,,,,,,,,,,,,,"0.05",,,,,,,,,,,,,,,,,,,,,,,,,,,,"0.05",,,,,,,,,,,,,,,,,,,,,,,,,,,,"0.05",,,,,,,,,,,,,,,,,,,,,,,,,,,,"0.05",,,,,,,,,,,,,,,,,,,,,,,,,,,,"0.05",,,,,,,,,,,,,,,,,,,,,,,,,,,,"0.05",,,,,,,,,,,,,,,,,,,,,,,,,,,,"0.05",,,,,,,,,,,,,,,,,,,,,,,,,,,,"0.05",,,,,,,,,,,,,,,,,,,,,,,,,,,,"0.05",,,,,,,,,,,,,,,,,,,,,,,,,,,,"0.05",,,,,,,,,,,,,,,,,,,,,,,,,,,,"0.05",,,,,,,,,,,,,,,,,,,,,,,,,,,,"0.05",,,,,,,,,,,,,,,,,,,,,,,,,,,,"0.05",,,,,,,,,,,,,,,,,,,,,,,,,,,,"0.05",,,,,,,,,,,,,,,,,,,,,,,,,,,,"0.05",,,,,,,,,,,,,,,,,,,,,,,,,,,,"0.05",,,,,,,,,,,,,,,,,,,,,,,,,,,,"0.05",,,,,,,,,,,,,,,,,,,,,,,,,,,,"0.05",,,,,,,,,,,,,,,,,,,,,,,,,,,,"0.05",,,,,,,,,,,,,,,,,,,,,,,,,,,,"0.05",,,,,,,,,,,,,,,,,,,,,,,,,,,,"0.05",,,,,,,,,,,,,,,,,,,,,,,,,,,,"0.05",,,,,,,,,,,,,,,,,,,,,,,,,,,,"0.05",,,,,,,,,,,,,,,,,,,,,,,,,,,,"0.05",,,,,,,,,,,,,,,,,,,,,,,,,,,,"0.05",,,,,,,,,,,,,,,,,,,,,,,,,,,,"0.05",,,,,,,,,,,,,,,,,,,,,,,,,,,,"0.05",,,,,,,,,,,,,,,,,,,,,,,,,,,,"0.05",,,,,,,,,,,,,,,,,,,,,,,,,,,,"0.05",,,,,,,,,,,,,,,,,,,,,,,,,,,,"0.05",,,,,,,,,,,,,,,,,,,,,,,,,,,,"0.05",,,,,,,,,,,,,,,,,,,,,,,,,,,,"0.05",,,,,,,,,,,,,,,,,,,,,,,,,,,,"0.05",,,,,,,,,,,,,,,,,,,,,,,,,,,,"0.05",,,,,,,,,,,,,,,,,,,,,,,,,,,,"0.05",,,,,,,,,,,,,,,,,,,,,,,,,,,,"0.05",,,,,,,,,,,,,,,,,,,,,,,,,,,,"0.05",,,,,,,,,,,,,,,,,,,,,,,,,,,,"0.05",,,,,,,,,,,,,,,,,,,,,,,,,,,,"0.05",,,,,,,,,,,,,,,,,,,,,,,,,,,,"0.05",,,,,,,,,,,,,,,,,,,,,,,,,,,,"0.05",,,,,,,,,,,,,,,,,,,,,,,,,,,,"0.05",,,,,,,,,,,,,,,,,,,,,,,,,,,,"0.05",,,,,,,,,,,,,,,,,,,,,,,,,,,,"0.05",,,,,,,,,,,,,,,,,,,,,,,,,,,,"0.05",,,,,,,,,,,,,,,,,,,,,,,,,,,,"0.05",,,,,,,,,,,,,,,,,,,,,,,,,,,,"0.05",,,,,,,,,,,,,,,,,,,,,,,,,,,,"0.05",,,,,,,,,,,,,,,,,,,,,,,,,,,,"0.05",,,,,,,,,,,,,,,,,,,,,,,,,,,,"0.05",,,,,,,,,,,,,,,,,,,,,,,,,,,,"0.05",,,,,,,,,,,,,,,,,,,,,,,,,,,,"0.05",,,,,,,,,,,,,,,,,,,,,,,,,,,,"0.05",,,,,,,,,,,,,,,,,,,,,,,,,,,,"0.05",,,,,,,,,,,,,,,,,,,,,,,,,,,,"0.05",,,,,,,,,,,,,,,,,,,,,,,,,,,,"0.05",,,,,,,,,,,,,,,,,,,,,,,,,,,,"0.05",,,,,,,,,,,,,,,,,,,,,,,,,,,,"0.05",,,,,,,,,,,,,,,,,,,,,,,,,,,,"0.05",,,,,,,,,,,,,,,,,,,,,,,,,,,,"0.05",,,,,,,,,,,,,,,,,,,,,,,,,,,,"0.05",,,,,,,,,,,,,,,,,,,,,,,,,,,,"0.05",,,,,,,,,,,,,,,,,,,,,,,,,,,,"0.05",,,,,,,,,,,,,,,,,,,,,,,,,,,,"0.05",,,,,,,,,,,,,,,,,,,,,,,,,,,,"0.05",,,,,,,,,,,,,,,,,,,,,,,,,,,,"0.05",,,,,,,,,,,,,,,,,,,,,,,,,,,,"0.05",,,,,,,,,,,,,,,,,,,,,,,,,,,,"0.05",,,,,,,,,,,,,,,,,,,,,,,,,,,,"0.05",,,,,,,,,,,,,,,,,,,,,,,,,,,,"0.05",,,,,,,,,,,,,,,,,,,,,,,,,,,,"0.05",,,,,,,,,,,,,,,,,,,,,,,,,,,,"0.05",,,,,,,,,,,,,,,,,,,,,,,,,,,,"0.05",,,,,,,,,,,,,,,,,,,,,,,,,,,,"0.05",,,,,,,,,,,,,,,,,,,,,,,,,,,,"0.05",,,,,,,,,,,,,,,,,,,,,,,,,,,,"0.05",,,,,,,,,,,,,,,,,,,,,,,,,,,,"0.05",,,,,,,,,,,,,,,,,,,,,,,,,,,
"fatigue-threshold","500",,,,,,,,,,,,,,,,,,,,,,,,,,,,"500",,,,,,,,,,,,,,,,,,,,,,,,,,,,"500",,,,,,,,,,,,,,,,,,,,,,,,,,,,"500",,,,,,,,,,,,,,,,,,,,,,,,,,,,"500",,,,,,,,,,,,,,,,,,,,,,,,,,,,"500",,,,,,,,,,,,,,,,,,,,,,,,,,,,"500",,,,,,,,,,,,,,,,,,,,,,,,,,,,"500",,,,,,,,,,,,,,,,,,,,,,,,,,,,"500",,,,,,,,,,,,,,,,,,,,,,,,,,,,"500",,,,,,,,,,,,,,,,,,,,,,,,,,,,"500",,,,,,,,,,,,,,,,,,,,,,,,,,,,"500",,,,,,,,,,,,,,,,,,,,,,,,,,,,"500",,,,,,,,,,,,,,,,,,,,,,,,,,,,"500",,,,,,,,,,,,,,,,,,,,,,,,,,,,"500",,,,,,,,,,,,,,,,,,,,,,,,,,,,"500",,,,,,,,,,,,,,,,,,,,,,,,,,,,"500",,,,,,,,,,,,,,,,,,,,,,,,,,,,"500",,,,,,,,,,,,,,,,,,,,,,,,,,,,"500",,,,,,,,,,,,,,,,,,,,,,,,,,,,"500",,,,,,,,,,,,,,,,,,,,,,,,,,,,"500",,,,,,,,,,,,,,,,,,,,,,,,,,,,"500",,,,,,,,,,,,,,,,,,,,,,,,,,,,"500",,,,,,,,,,,,,,,,,,,,,,,,,,,,"500",,,,,,,,,,,,,,,,,,,,,,,,,,,,"500",,,,,,,,,,,,,,,,,,,,,,,,,,,,"500",,,,,,,,,,,,,,,,,,,,,,,,,,,,"500",,,,,,,,,,,,,,,,,,,,,,,,,,,,"500",,,,,,,,,,,,,,,,,,,,,,,,,,,,"500",,,,,,,,,,,,,,,,,,,,,,,,,,,,"500",,,,,,,,,,,,,,,,,,,,,,,,,,,,"500",,,,,,,,,,,,,,,,,,,,,,,,,,,,"500",,,,,,,,,,,,,,,,,,,,,,,,,,,,"500",,,,,,,,,,,,,,,,,,,,,,,,,,,,"500",,,,,,,,,,,,,,,,,,,,,,,,,,,,"500",,,,,,,,,,,,,,,,,,,,,,,,,,,,"500",,,,,,,,,,,,,,,,,,,,,,,,,,,,"500",,,,,,,,,,,,,,,,,,,,,,,,,,,,"500",,,,,,,,,,,,,,,,,,,,,,,,,,,,"500",,,,,,,,,,,,,,,,,,,,,,,,,,,,"500",,,,,,,,,,,,,,,,,,,,,,,,,,,,"500",,,,,,,,,,,,,,,,,,,,,,,,,,,,"500",,,,,,,,,,,,,,,,,,,,,,,,,,,,"500",,,,,,,,,,,,,,,,,,,,,,,,,,,,"500",,,,,,,,,,,,,,,,,,,,,,,,,,,,"500",,,,,,,,,,,,,,,,,,,,,,,,,,,,"500",,,,,,,,,,,,,,,,,,,,,,,,,,,,"500",,,,,,,,,,,,,,,,,,,,,,,,,,,,"500",,,,,,,,,,,,,,,,,,,,,,,,,,,,"500",,,,,,,,,,,,,,,,,,,,,,,,,,,,"500",,,,,,,,,,,,,,,,,,,,,,,,,,,,"500",,,,,,,,,,,,,,,,,,,,,,,,,,,,"500",,,,,,,,,,,,,,,,,,,,,,,,,,,,"500",,,,,,,,,,,,,,,,,,,,,,,,,,,,"500",,,,,,,,,,,,,,,,,,,,,,,,,,,,"500",,,,,,,,,,,,,,,,,,,,,,,,,,,,"500",,,,,,,,,,,,,,,,,,,,,,,,,,,,"500",,,,,,,,,,,,,,,,,,,,,,,,,,,,"500",,,,,,,,,,,,,,,,,,,,,,,,,,,,"500",,,,,,,,,,,,,,,,,,,,,,,,,,,,"500",,,,,,,,,,,,,,,,,,,,,,,,,,,,"500",,,,,,,,,,,,,,,,,,,,,,,,,,,,"500",,,,,,,,,,,,,,,,,,,,,,,,,,,,"500",,,,,,,,,,,,,,,,,,,,,,,,,,,,"500",,,,,,,,,,,,,,,,,,,,,,,,,,,,"500",,,,,,,,,,,,,,,,,,,,,,,,,,,,"500",,,,,,,,,,,,,,,,,,,,,,,,,,,,"500",,,,,,,,,,,,,,,,,,,,,,,,,,,,"500",,,,,,,,,,,,,,,,,,,,,,,,,,,,"500",,,,,,,,,,,,,,,,,,,,,,,,,,,,"500",,,,,,,,,,,,,,,,,,,,,,,,,,,,"500",,,,,,,,,,,,,,,,,,,,,,,,,,,,"500",,,,,,,,,,,,,,,,,,,,,,,,,,,,"500",,,,,,,,,,,,,,,,,,,,,,,,,,,,"500",,,,,,,,,,,,,,,,,,,,,,,,,,,,"500",,,,,,,,,,,,,,,,,,,,,,,,,,,,"500",,,,,,,,,,,,,,,,,,,,,,,,,,,,"500",,,,,,,,,,,,,,,,,,,,,,,,,,,,"500",,,,,,,,,,,,,,,,,,,,,,,,,,,,"500",,,,,,,,,,,,,,,,,,,,,,,,,,,,"500",,,,,,,,,,,,,,,,,,,,,,,,,,,
"fatigue-saturation","2000",,,,,,,,,,,,,,,,,,,,,,,,,,,,"2000",,,,,,,,,,,,,,,,,,,,,,,,,,,,"2000",,,,,,,,,,,,,,,,,,,,,,,,,,,,"2000",,,,,,,,,,,,,,,,,,,,,,,,,,,,"2000",,,,,,,,,,,,,,,,,,,,,,,,,,,,"2000",,,,,,,,,,,,,,,,,,,,,,,,,,,,"2000",,,,,,,,,,,,,,,,,,,,,,,,,,,,"2000",,,,,,,,,,,,,,,,,,,,,,,,,,,,"2000",,,,,,,,,,,,,,,,,,,,,,,,,,,,"2000",,,,,,,,,,,,,,,,,,,,,,,,,,,,"2000",,,,,,,,,,,,,,,,,,,,,,,,,,,,"2000",,,,,,,,,,,,,,,,,,,,,,,,,,,,"2000",,,,,,,,,,,,,,,,,,,,,,,,,,,,"2000",,,,,,,,,,,,,,,,,,,,,,,,,,,,"2000",,,,,,,,,,,,,,,,,,,,,,,,,,,,"2000",,,,,,,,,,,,,,,,,,,,,,,,,,,,"2000",,,,,,,,,,,,,,,,,,,,,,,,,,,,"2000",,,,,,,,,,,,,,,,,,,,,,,,,,,,"2000",,,,,,,,,,,,,,,,,,,,,,,,,,,,"2000",,,,,,,,,,,,,,,,,,,,,,,,,,,,"2000",,,,,,,,,,,,,,,,,,,,,,,,,,,,"2000",,,,,,,,,,,,,,,,,,,,,,,,,,,,"2000",,,,,,,,,,,,,,,,,,,,,,,,,,,,"2000",,,,,,,,,,,,,,,,,,,,,,,,,,,,"2000",,,,,,,,,,,,,,,,,,,,,,,,,,,,"2000",,,,,,,,,,,,,,,,,,,,,,,,,,,,"2000",,,,,,,,,,,,,,,,,,,,,,,,,,,,"2000",,,,,,,,,,,,,,,,,,,,,,,,,,,,"2000",,,,,,,,,,,,,,,,,,,,,,,,,,,,"2000",,,,,,,,,,,,,,,,,,,,,,,,,,,,"2000",,,,,,,,,,,,,,,,,,,,,,,,,,,,"2000",,,,,,,,,,,,,,,,,,,,,,,,,,,,"2000",,,,,,,,,,,,,,,,,,,,,,,,,,,,"2000",,,,,,,,,,,,,,,,,,,,,,,,,,,,"2000",,,,,,,,,,,,,,,,,,,,,,,,,,,,"2000",,,,,,,,,,,,,,,,,,,,,,,,,,,,"2000",,,,,,,,,,,,,,,,,,,,,,,,,,,,"2000",,,,,,,,,,,,,,,,,,,,,,,,,,,,"2000",,,,,,,,,,,,,,,,,,,,,,,,,,,,"2000",,,,,,,,,,,,,,,,,,,,,,,,,,,,"2000",,,,,,,,,,,,,,,,,,,,,,,,,,,,"2000",,,,,,,,,,,,,,,,,,,,,,,,,,,,"2000",,,,,,,,,,,,,,,,,,,,,,,,,,,,"2000",,,,,,,,,,,,,,,,,,,,,,,,,,,,"2000",,,,,,,,,,,,,,,,,,,,,,,,,,,,"2000",,,,,,,,,,,,,,,,,,,,,,,,,,,,"2000",,,,,,,,,,,,,,,,,,,,,,,,,,,,"2000",,,,,,,,,,,,,,,,,,,,,,,,,,,,"2000",,,,,,,,,,,,,,,,,,,,,,,,,,,,"2000",,,,,,,,,,,,,,,,,,,,,,,,,,,,"2000",,,,,,,,,,,,,,,,,,,,,,,,,,,,"2000",,,,,,,,,,,,,,,,,,,,,,,,,,,,"2000",,,,,,,,,,,,,,,,,,,,,,,,,,,,"2000",,,,,,,,,,,,,,,,,,,,,,,,,,,,"2000",,,,,,,,,,,,,,,,,,,,,,,,,,,,"2000",,,,,,,,,,,,,,,,,,,,,,,,,,,,"2000",,,,,,,,,,,,,,,,,,,,,,,,,,,,"2000",,,,,,,,,,,,,,,,,,,,,,,,,,,,"2000",,,,,,,,,,,,,,,,,,,,,,,,,,,,"2000",,,,,,,,,,,,,,,,,,,,,,,,,,,,"2000",,,,,,,,,,,,,,,,,,,,,,,,,,,,"2000",,,,,,,,,,,,,,,,,,,,,,,,,,,,"2000",,,,,,,,,,,,,,,,,,,,,,,,,,,,"2000",,,,,,,,,,,,,,,,,,,,,,,,,,,,"2000",,,,,,,,,,,,,,,,,,,,,,,,,,,,"2000",,,,,,,,,,,,,,,,,,,,,,,,,,,,"2000",,,,,,,,,,,,,,,,,,,,,,,,,,,,"2000",,,,,,,,,,,,,,,,,,,,,,,,,,,,"2000",,,,,,,,,,,,,,,,,,,,,,,,,,,,"2000",,,,,,,,,,,,,,,,,,,,,,,,,,,,"2000",,,,,,,,,,,,,,,,,,,,,,,,,,,,"2000",,,,,,,,,,,,,,,,,,,,,,,,,,,,"2000",,,,,,,,,,,,,,,,,,,,,,,,,,,,"2000",,,,,,,,,,,,,,,,,,,,,,,,,,,,"2000",,,,,,,,,,,,,,,,,,,,,,,,,,,,"2000",,,,,,,,,,,,,,,,,,,,,,,,,,,,"2000",,,,,,,,,,,,,,,,,,,,,,,,,,,,"2000",,,,,,,,,,,,,,,,,,,,,,,,,,,,"2000",,,,,,,,,,,,,,,,,,,,,,,,,,,,"2000",,,,,,,,,,,,,,,,,,,,,,,,,,,
"fatigue-intensity","0.5",,,,,,,,,,,,,,,,,,,,,,,,,,,,"0.5",,,,,,,,,,,,,,,,,,,,,,,,,,,,"0.5",,,,,,,,,,,,,,,,,,,,,,,,,,,,"0.5",,,,,,,,,,,,,,,,,,,,,,,,,,,,"0.5",,,,,,,,,,,,,,,,,,,,,,,,,,,,"0.5",,,,,,,,,,,,,,,,,,,,,,,,,,,,"0.5",,,,,,,,,,,,,,,,,,,,,,,,,,,,"0.5",,,,,,,,,,,,,,,,,,,,,,,,,,,,"0.5",,,,,,,,,,,,,,,,,,,,,,,,,,,,"0.5",,,,,,,,,,,,,,,,,,,,,,,,,,,,"0.5",,,,,,,,,,,,,,,,,,,,,,,,,,,,"0.5",,,,,,,,,,,,,,,,,,,,,,,,,,,,"0.5",,,,,,,,,,,,,,,,,,,,,,,,,,,,"0.5",,,,,,,,,,,,,,,,,,,,,,,,,,,,"0.5",,,,,,,,,,,,,,,,,,,,,,,,,,,,"0.5",,,,,,,,,,,,,,,,,,,,,,,,,,,,"0.5",,,,,,,,,,,,,,,,,,,,,,,,,,,,"0.5",,,,,,,,,,,,,,,,,,,,,,,,,,,,"0.5",,,,,,,,,,,,,,,,,,,,,,,,,,,,"0.5",,,,,,,,,,,,,,,,,,,,,,,,,,,,"0.5",,,,,,,,,,,,,,,,,,,,,,,,,,,,"0.5",,,,,,,,,,,,,,,,,,,,,,,,,,,,"0.5",,,,,,,,,,,,,,,,,,,,,,,,,,,,"0.5",,,,,,,,,,,,,,,,,,,,,,,,,,,,"0.5",,,,,,,,,,,,,,,,,,,,,,,,,,,,"0.5",,,,,,,,,,,,,,,,,,,,,,,,,,,,"0.5",,,,,,,,,,,,,,,,,,,,,,,,,,,,"0.5",,,,,,,,,,,,,,,,,,,,,,,,,,,,"0.5",,,,,,,,,,,,,,,,,,,,,,,,,,,,"0.5",,,,,,,,,,,,,,,,,,,,,,,,,,,,"0.5",,,,,,,,,,,,,,,,,,,,,,,,,,,,"0.5",,,,,,,,,,,,,,,,,,,,,,,,,,,,"0.5",,,,,,,,,,,,,,,,,,,,,,,,,,,,"0.5",,,,,,,,,,,,,,,,,,,,,,,,,,,,"0.5",,,,,,,,,,,,,,,,,,,,,,,,,,,,"0.5",,,,,,,,,,,,,,,,,,,,,,,,,,,,"0.5",,,,,,,,,,,,,,,,,,,,,,,,,,,,"0.5",,,,,,,,,,,,,,,,,,,,,,,,,,,,"0.5",,,,,,,,,,,,,,,,,,,,,,,,,,,,"0.5",,,,,,,,,,,,,,,,,,,,,,,,,,,,"0.5",,,,,,,,,,,,,,,,,,,,,,,,,,,,"0.5",,,,,,,,,,,,,,,,,,,,,,,,,,,,"0.5",,,,,,,,,,,,,,,,,,,,,,,,,,,,"0.5",,,,,,,,,,,,,,,,,,,,,,,,,,,,"0.5",,,,,,,,,,,,,,,,,,,,,,,,,,,,"0.5",,,,,,,,,,,,,,,,,,,,,,,,,,,,"0.5",,,,,,,,,,,,,,,,,,,,,,,,,,,,"0.5",,,,,,,,,,,,,,,,,,,,,,,,,,,,"0.5",,,,,,,,,,,,,,,,,,,,,,,,,,,,"0.5",,,,,,,,,,,,,,,,,,,,,,,,,,,,"0.5",,,,,,,,,,,,,,,,,,,,,,,,,,,,"0.5",,,,,,,,,,,,,,,,,,,,,,,,,,,,"0.5",,,,,,,,,,,,,,,,,,,,,,,,,,,,"0.5",,,,,,,,,,,,,,,,,,,,,,,,,,,,"0.5",,,,,,,,,,,,,,,,,,,,,,,,,,,,"0.5",,,,,,,,,,,,,,,,,,,,,,,,,,,,"0.5",,,,,,,,,,,,,,,,,,,,,,,,,,,,"0.5",,,,,,,,,,,,,,,,,,,,,,,,,,,,"0.5",,,,,,,,,,,,,,,,,,,,,,,,,,,,"0.5",,,,,,,,,,,,,,,,,,,,,,,,,,,,"0.5",,,,,,,,,,,,,,,,,,,,,,,,,,,,"0.5",,,,,,,,,,,,,,,,,,,,,,,,,,,,"0.5",,,,,,,,,,,,,,,,,,,,,,,,,,,,"0.5",,,,,,,,,,,,,,,,,,,,,,,,,,,,"0.5",,,,,,,,,,,,,,,,,,,,,,,,,,,,"0.5",,,,,,,,,,,,,,,,,,,,,,,,,,,,"0.5",,,,,,,,,,,,,,,,,,,,,,,,,,,,"0.5",,,,,,,,,,,,,,,,,,,,,,,,,,,,"0.5",,,,,,,,,,,,,,,,,,,,,,,,,,,,"0.5",,,,,,,,,,,,,,,,,,,,,,,,,,,,"0.5",,,,,,,,,,,,,,,,,,,,,,,,,,,,"0.5",,,,,,,,,,,,,,,,,,,,,,,,,,,,"0.5",,,,,,,,,,,,,,,,,,,,,,,,,,,,"0.5",,,,,,,,,,,,,,,,,,,,,,,,,,,,"0.5",,,,,,,,,,,,,,,,,,,,,,,,,,,,"0.5",,,,,,,,,,,,,,,,,,,,,,,,,,,,"0.5",,,,,,,,,,,,,,,,,,,,,,,,,,,,"0.5",,,,,,,,,,,,,,,,,,,,,,,,,,,,"0.5",,,,,,,,,,,,,,,,,,,,,,,,,,,,"0.5",,,,,,,,,,,,,,,,,,,,,,,,,,,
"cost-decay-rate","0.01",,,,,,,,,,,,,,,,,,,,,,,,,,,,"0.01",,,,,,,,,,,,,,,,,,,,,,,,,,,,"0.01",,,,,,,,,,,,,,,,,,,,,,,,,,,,"0.01",,,,,,,,,,,,,,,,,,,,,,,,,,,,"0.01",,,,,,,,,,,,,,,,,,,,,,,,,,,,"0.01",,,,,,,,,,,,,,,,,,,,,,,,,,,,"0.01",,,,,,,,,,,,,,,,,,,,,,,,,,,,"0.01",,,,,,,,,,,,,,,,,,,,,,,,,,,,"0.01",,,,,,,,,,,,,,,,,,,,,,,,,,,,"0.01",,,,,,,,,,,,,,,,,,,,,,,,,,,,"0.01",,,,,,,,,,,,,,,,,,,,,,,,,,,,"0.01",,,,,,,,,,,,,,,,,,,,,,,,,,,,"0.01",,,,,,,,,,,,,,,,,,,,,,,,,,,,"0.01",,,,,,,,,,,,,,,,,,,,,,,,,,,,"0.01",,,,,,,,,,,,,,,,,,,,,,,,,,,,"0.01",,,,,,,,,,,,,,,,,,,,,,,,,,,,"0.01",,,,,,,,,,,,,,,,,,,,,,,,,,,,"0.01",,,,,,,,,,,,,,,,,,,,,,,,,,,,"0.01",,,,,,,,,,,,,,,,,,,,,,,,,,,,"0.01",,,,,,,,,,,,,,,,,,,,,,,,,,,,"0.01",,,,,,,,,,,,,,,,,,,,,,,,,,,,"0.01",,,,,,,,,,,,,,,,,,,,,,,,,,,,"0.01",,,,,,,,,,,,,,,,,,,,,,,,,,,,"0.01",,,,,,,,,,,,,,,,,,,,,,,,,,,,"0.01",,,,,,,,,,,,,,,,,,,,,,,,,,,,"0.01",,,,,,,,,,,,,,,,,,,,,,,,,,,,"0.01",,,,,,,,,,,,,,,,,,,,,,,,,,,,"0.01",,,,,,,,,,,,,,,,,,,,,,,,,,,,"0.01",,,,,,,,,,,,,,,,,,,,,,,,,,,,"0.01",,,,,,,,,,,,,,,,,,,,,,,,,,,,"0.01",,,,,,,,,,,,,,,,,,,,,,,,,,,,"0.01",,,,,,,,,,,,,,,,,,,,,,,,,,,,"0.01",,,,,,,,,,,,,,,,,,,,,,,,,,,,"0.01",,,,,,,,,,,,,,,,,,,,,,,,,,,,"0.01",,,,,,,,,,,,,,,,,,,,,,,,,,,,"0.01",,,,,,,,,,,,,,,,,,,,,,,,,,,,"0.01",,,,,,,,,,,,,,,,,,,,,,,,,,,,"0.01",,,,,,,,,,,,,,,,,,,,,,,,,,,,"0.01",,,,,,,,,,,,,,,,,,,,,,,,,,,,"0.01",,,,,,,,,,,,,,,,,,,,,,,,,,,,"0.01",,,,,,,,,,,,,,,,,,,,,,,,,,,,"0.01",,,,,,,,,,,,,,,,,,,,,,,,,,,,"0.01",,,,,,,,,,,,,,,,,,,,,,,,,,,,"0.01",,,,,,,,,,,,,,,,,,,,,,,,,,,,"0.01",,,,,,,,,,,,,,,,,,,,,,,,,,,,"0.01",,,,,,,,,,,,,,,,,,,,,,,,,,,,"0.01",,,,,,,,,,,,,,,,,,,,,,,,,,,,"0.01",,,,,,,,,,,,,,,,,,,,,,,,,,,,"0.01",,,,,,,,,,,,,,,,,,,,,,,,,,,,"0.01",,,,,,,,,,,,,,,,,,,,,,,,,,,,"0.01",,,,,,,,,,,,,,,,,,,,,,,,,,,,"0.01",,,,,,,,,,,,,,,,,,,,,,,,,,,,"0.01",,,,,,,,,,,,,,,,,,,,,,,,,,,,"0.01",,,,,,,,,,,,,,,,,,,,,,,,,,,,"0.01",,,,,,,,,,,,,,,,,,,,,,,,,,,,"0.01",,,,,,,,,,,,,,,,,,,,,,,,,,,,"0.01",,,,,,,,,,,,,,,,,,,,,,,,,,,,"0.01",,,,,,,,,,,,,,,,,,,,,,,,,,,,"0.01",,,,,,,,,,,,,,,,,,,,,,,,,,,,"0.01",,,,,,,,,,,,,,,,,,,,,,,,,,,,"0.01",,,,,,,,,,,,,,,,,,,,,,,,,,,,"0.01",,,,,,,,,,,,,,,,,,,,,,,,,,,,"0.01",,,,,,,,,,,,,,,,,,,,,,,,,,,,"0.01",,,,,,,,,,,,,,,,,,,,,,,,,,,,"0.01",,,,,,,,,,,,,,,,,,,,,,,,,,,,"0.01",,,,,,,,,,,,,,,,,,,,,,,,,,,,"0.01",,,,,,,,,,,,,,,,,,,,,,,,,,,,"0.01",,,,,,,,,,,,,,,,,,,,,,,,,,,,"0.01",,,,,,,,,,,,,,,,,,,,,,,,,,,,"0.01",,,,,,,,,,,,,,,,,,,,,,,,,,,,"0.01",,,,,,,,,,,,,,,,,,,,,,,,,,,,"0.01",,,,,,,,,,,,,,,,,,,,,,,,,,,,"0.01",,,,,,,,,,,,,,,,,,,,,,,,,,,,"0.01",,,,,,,,,,,,,,,,,,,,,,,,,,,,"0.01",,,,,,,,,,,,,,,,,,,,,,,,,,,,"0.01",,,,,,,,,,,,,,,,,,,,,,,,,,,,"0.01",,,,,,,,,,,,,,,,,,,,,,,,,,,,"0.01",,,,,,,,,,,,,,,,,,,,,,,,,,,,"0.01",,,,,,,,,,,,,,,,,,,,,,,,,,,,"0.01",,,,,,,,,,,,,,,,,,,,,,,,,,,
"fatigue-enabled?","true",,,,,,,,,,,,,,,,,,,,,,,,,,,,"true",,,,,,,,,,,,,,,,,,,,,,,,,,,,"true",,,,,,,,,,,,,,,,,,,,,,,,,,,,"true",,,,,,,,,,,,,,,,,,,,,,,,,,,,"true",,,,,,,,,,,,,,,,,,,,,,,,,,,,"true",,,,,,,,,,,,,,,,,,,,,,,,,,,,"true",,,,,,,,,,,,,,,,,,,,,,,,,,,,"true",,,,,,,,,,,,,,,,,,,,,,,,,,,,"true",,,,,,,,,,,,,,,,,,,,,,,,,,,,"true",,,,,,,,,,,,,,,,,,,,,,,,,,,,"true",,,,,,,,,,,,,,,,,,,,,,,,,,,,"true",,,,,,,,,,,,,,,,,,,,,,,,,,,,"true",,,,,,,,,,,,,,,,,,,,,,,,,,,,"true",,,,,,,,,,,,,,,,,,,,,,,,,,,,"true",,,,,,,,,,,,,,,,,,,,,,,,,,,,"true",,,,,,,,,,,,,,,,,,,,,,,,,,,,"true",,,,,,,,,,,,,,,,,,,,,,,,,,,,"true",,,,,,,,,,,,,,,,,,,,,,,,,,,,"true",,,,,,,,,,,,,,,,,,,,,,,,,,,,"true",,,,,,,,,,,,,,,,,,,,,,,,,,,,"true",,,,,,,,,,,,,,,,,,,,,,,,,,,,"true",,,,,,,,,,,,,,,,,,,,,,,,,,,,"true",,,,,,,,,,,,,,,,,,,,,,,,,,,,"true",,,,,,,,,,,,,,,,,,,,,,,,,,,,"true",,,,,,,,,,,,,,,,,,,,,,,,,,,,"true",,,,,,,,,,,,,,,,,,,,,,,,,,,,"true",,,,,,,,,,,,,,,,,,,,,,,,,,,,"true",,,,,,,,,,,,,,,,,,,,,,,,,,,,"true",,,,,,,,,,,,,,,,,,,,,,,,,,,,"true",,,,,,,,,,,,,,,,,,,,,,,,,,,,"true",,,,,,,,,,,,,,,,,,,,,,,,,,,,"true",,,,,,,,,,,,,,,,,,,,,,,,,,,,"true",,,,,,,,,,,,,,,,,,,,,,,,,,,,"true",,,,,,,,,,,,,,,,,,,,,,,,,,,,"true",,,,,,,,,,,,,,,,,,,,,,,,,,,,"true",,,,,,,,,,,,,,,,,,,,,,,,,,,,"true",,,,,,,,,,,,,,,,,,,,,,,,,,,,"true",,,,,,,,,,,,,,,,,,,,,,,,,,,,"true",,,,,,,,,,,,,,,,,,,,,,,,,,,,"true",,,,,,,,,,,,,,,,,,,,,,,,,,,,"true",,,,,,,,,,,,,,,,,,,,,,,,,,,,"true",,,,,,,,,,,,,,,,,,,,,,,,,,,,"true",,,,,,,,,,,,,,,,,,,,,,,,,,,,"true",,,,,,,,,,,,,,,,,,,,,,,,,,,,"true",,,,,,,,,,,,,,,,,,,,,,,,,,,,"true",,,,,,,,,,,,,,,,,,,,,,,,,,,,"true",,,,,,,,,,,,,,,,,,,,,,,,,,,,"true",,,,,,,,,,,,,,,,,,,,,,,,,,,,"true",,,,,,,,,,,,,,,,,,,,,,,,,,,,"true",,,,,,,,,,,,,,,,,,,,,,,,,,,,"true",,,,,,,,,,,,,,,,,,,,,,,,,,,,"true",,,,,,,,,,,,,,,,,,,,,,,,,,,,"true",,,,,,,,,,,,,,,,,,,,,,,,,,,,"true",,,,,,,,,,,,,,,,,,,,,,,,,,,,"true",,,,,,,,,,,,,,,,,,,,,,,,,,,,"true",,,,,,,,,,,,,,,,,,,,,,,,,,,,"true",,,,,,,,,,,,,,,,,,,,,,,,,,,,"true",,,,,,,,,,,,,,,,,,,,,,,,,,,,"true",,,,,,,,,,,,,,,,,,,,,,,,,,,,"true",,,,,,,,,,,,,,,,,,,,,,,,,,,,"true",,,,,,,,,,,,,,,,,,,,,,,,,,,,"true",,,,,,,,,,,,,,,,,,,,,,,,,,,,"true",,,,,,,,,,,,,,,,,,,,,,,,,,,,"true",,,,,,,,,,,,,,,,,,,,,,,,,,,,"true",,,,,,,,,,,,,,,,,,,,,,,,,,,,"true",,,,,,,,,,,,,,,,,,,,,,,,,,,,"true",,,,,,,,,,,,,,,,,,,,,,,,,,,,"true",,,,,,,,,,,,,,,,,,,,,,,,,,,,"true",,,,,,,,,,,,,,,,,,,,,,,,,,,,"true",,,,,,,,,,,,,,,,,,,,,,,,,,,,"true",,,,,,,,,,,,,,,,,,,,,,,,,,,,"true",,,,,,,,,,,,,,,,,,,,,,,,,,,,"true",,,,,,,,,,,,,,,,,,,,,,,,,,,,"true",,,,,,,,,,,,,,,,,,,,,,,,,,,,"true",,,,,,,,,,,,,,,,,,,,,,,,,,,,"true",,,,,,,,,,,,,,,,,,,,,,,,,,,,"true",,,,,,,,,,,,,,,,,,,,,,,,,,,,"true",,,,,,,,,,,,,,,,,,,,,,,,,,,,"true",,,,,,,,,,,,,,,,,,,,,,,,,,,,"true",,,,,,,,,,,,,,,,,,,,,,,,,,,
"controlled-variance?","false",,,,,,,,,,,,,,,,,,,,,,,,,,,,"false",,,,,,,,,,,,,,,,,,,,,,,,,,,,"false",,,,,,,,,,,,,,,,,,,,,,,,,,,,"false",,,,,,,,,,,,,,,,,,,,,,,,,,,,"false",,,,,,,,,,,,,,,,,,,,,,,,,,,,"false",,,,,,,,,,,,,,,,,,,,,,,,,,,,"false",,,,,,,,,,,,,,,,,,,,,,,,,,,,"false",,,,,,,,,,,,,,,,,,,,,,,,,,,,"false",,,,,,,,,,,,,,,,,,,,,,,,,,,,"false",,,,,,,,,,,,,,,,,,,,,,,,,,,,"false",,,,,,,,,,,,,,,,,,,,,,,,,,,,"false",,,,,,,,,,,,,,,,,,,,,,,,,,,,"false",,,,,,,,,,,,,,,,,,,,,,,,,,,,"false",,,,,,,,,,,,,,,,,,,,,,,,,,,,"false",,,,,,,,,,,,,,,,,,,,,,,,,,,,"false",,,,,,,,,,,,,,,,,,,,,,,,,,,,"false",,,,,,,,,,,,,,,,,,,,,,,,,,,,"false",,,,,,,,,,,,,,,,,,,,,,,,,,,,"false",,,,,,,,,,,,,,,,,,,,,,,,,,,,"false",,,,,,,,,,,,,,,,,,,,,,,,,,,,"false",,,,,,,,,,,,,,,,,,,,,,,,,,,,"false",,,,,,,,,,,,,,,,,,,,,,,,,,,,"false",,,,,,,,,,,,,,,,,,,,,,,,,,,,"false",,,,,,,,,,,,,,,,,,,,,,,,,,,,"false",,,,,,,,,,,,,,,,,,,,,,,,,,,,"false",,,,,,,,,,,,,,,,,,,,,,,,,,,,"false",,,,,,,,,,,,,,,,,,,,,,,,,,,,"false",,,,,,,,,,,,,,,,,,,,,,,,,,,,"false",,,,,,,,,,,,,,,,,,,,,,,,,,,,"false",,,,,,,,,,,,,,,,,,,,,,,,,,,,"false",,,,,,,,,,,,,,,,,,,,,,,,,,,,"false",,,,,,,,,,,,,,,,,,,,,,,,,,,,"false",,,,,,,,,,,,,,,,,,,,,,,,,,,,"false",,,,,,,,,,,,,,,,,,,,,,,,,,,,"false",,,,,,,,,,,,,,,,,,,,,,,,,,,,"false",,,,,,,,,,,,,,,,,,,,,,,,,,,,"false",,,,,,,,,,,,,,,,,,,,,,,,,,,,"false",,,,,,,,,,,,,,,,,,,,,,,,,,,,"false",,,,,,,,,,,,,,,,,,,,,,,,,,,,"false",,,,,,,,,,,,,,,,,,,,,,,,,,,,"false",,,,,,,,,,,,,,,,,,,,,,,,,,,,"false",,,,,,,,,,,,,,,,,,,,,,,,,,,,"false",,,,,,,,,,,,,,,,,,,,,,,,,,,,"false",,,,,,,,,,,,,,,,,,,,,,,,,,,,"false",,,,,,,,,,,,,,,,,,,,,,,,,,,,"false",,,,,,,,,,,,,,,,,,,,,,,,,,,,"false",,,,,,,,,,,,,,,,,,,,,,,,,,,,"false",,,,,,,,,,,,,,,,,,,,,,,,,,,,"false",,,,,,,,,,,,,,,,,,,,,,,,,,,,"false",,,,,,,,,,,,,,,,,,,,,,,,,,,,"false",,,,,,,,,,,,,,,,,,,,,,,,,,,,"false",,,,,,,,,,,,,,,,,,,,,,,,,,,,"false",,,,,,,,,,,,,,,,,,,,,,,,,,,,"false",,,,,,,,,,,,,,,,,,,,,,,,,,,,"false",,,,,,,,,,,,,,,,,,,,,,,,,,,,"false",,,,,,,,,,,,,,,,,,,,,,,,,,,,"false",,,,,,,,,,,,,,,,,,,,,,,,,,,,"false",,,,,,,,,,,,,,,,,,,,,,,,,,,,"false",,,,,,,,,,,,,,,,,,,,,,,,,,,,"false",,,,,,,,,,,,,,,,,,,,,,,,,,,,"false",,,,,,,,,,,,,,,,,,,,,,,,,,,,"false",,,,,,,,,,,,,,,,,,,,,,,,,,,,"false",,,,,,,,,,,,,,,,,,,,,,,,,,,,"false",,,,,,,,,,,,,,,,,,,,,,,,,,,,"false",,,,,,,,,,,,,,,,,,,,,,,,,,,,"false",,,,,,,,,,,,,,,,,,,,,,,,,,,,"false",,,,,,,,,,,,,,,,,,,,,,,,,,,,"false",,,,,,,,,,,,,,,,,,,,,,,,,,,,"false",,,,,,,,,,,,,,,,,,,,,,,,,,,,"false",,,,,,,,,,,,,,,,,,,,,,,,,,,,"false",,,,,,,,,,,,,,,,,,,,,,,,,,,,"false",,,,,,,,,,,,,,,,,,,,,,,,,,,,"false",,,,,,,,,,,,,,,,,,,,,,,,,,,,"false",,,,,,,,,,,,,,,,,,,,,,,,,,,,"false",,,,,,,,,,,,,,,,,,,,,,,,,,,,"false",,,,,,,,,,,,,,,,,,,,,,,,,,,,"false",,,,,,,,,,,,,,,,,,,,,,,,,,,,"false",,,,,,,,,,,,,,,,,,,,,,,,,,,,"false",,,,,,,,,,,,,,,,,,,,,,,,,,,,"false",,,,,,,,,,,,,,,,,,,,,,,,,,,
"selective-identity-pull","all",,,,,,,,,,,,,,,,,,,,,,,,,,,,"all",,,,,,,,,,,,,,,,,,,,,,,,,,,,"all",,,,,,,,,,,,,,,,,,,,,,,,,,,,"all",,,,,,,,,,,,,,,,,,,,,,,,,,,,"all",,,,,,,,,,,,,,,,,,,,,,,,,,,,"all",,,,,,,,,,,,,,,,,,,,,,,,,,,,"all",,,,,,,,,,,,,,,,,,,,,,,,,,,,"all",,,,,,,,,,,,,,,,,,,,,,,,,,,,"all",,,,,,,,,,,,,,,,,,,,,,,,,,,,"all",,,,,,,,,,,,,,,,,,,,,,,,,,,,"all",,,,,,,,,,,,,,,,,,,,,,,,,,,,"all",,,,,,,,,,,,,,,,,,,,,,,,,,,,"all",,,,,,,,,,,,,,,,,,,,,,,,,,,,"all",,,,,,,,,,,,,,,,,,,,,,,,,,,,"all",,,,,,,,,,,,,,,,,,,,,,,,,,,,"all",,,,,,,,,,,,,,,,,,,,,,,,,,,,"all",,,,,,,,,,,,,,,,,,,,,,,,,,,,"all",,,,,,,,,,,,,,,,,,,,,,,,,,,,"all",,,,,,,,,,,,,,,,,,,,,,,,,,,,"all",,,,,,,,,,,,,,,,,,,,,,,,,,,,"all",,,,,,,,,,,,,,,,,,,,,,,,,,,,"all",,,,,,,,,,,,,,,,,,,,,,,,,,,,"all",,,,,,,,,,,,,,,,,,,,,,,,,,,,"all",,,,,,,,,,,,,,,,,,,,,,,,,,,,"all",,,,,,,,,,,,,,,,,,,,,,,,,,,,"all",,,,,,,,,,,,,,,,,,,,,,,,,,,,"all",,,,,,,,,,,,,,,,,,,,,,,,,,,,"all",,,,,,,,,,,,,,,,,,,,,,,,,,,,"all",,,,,,,,,,,,,,,,,,,,,,,,,,,,"all",,,,,,,,,,,,,,,,,,,,,,,,,,,,"all",,,,,,,,,,,,,,,,,,,,,,,,,,,,"all",,,,,,,,,,,,,,,,,,,,,,,,,,,,"all",,,,,,,,,,,,,,,,,,,,,,,,,,,,"all",,,,,,,,,,,,,,,,,,,,,,,,,,,,"all",,,,,,,,,,,,,,,,,,,,,,,,,,,,"all",,,,,,,,,,,,,,,,,,,,,,,,,,,,"all",,,,,,,,,,,,,,,,,,,,,,,,,,,,"all",,,,,,,,,,,,,,,,,,,,,,,,,,,,"all",,,,,,,,,,,,,,,,,,,,,,,,,,,,"all",,,,,,,,,,,,,,,,,,,,,,,,,,,,"all",,,,,,,,,,,,,,,,,,,,,,,,,,,,"all",,,,,,,,,,,,,,,,,,,,,,,,,,,,"all",,,,,,,,,,,,,,,,,,,,,,,,,,,,"all",,,,,,,,,,,,,,,,,,,,,,,,,,,,"all",,,,,,,,,,,,,,,,,,,,,,,,,,,,"all",,,,,,,,,,,,,,,,,,,,,,,,,,,,"all",,,,,,,,,,,,,,,,,,,,,,,,,,,,"all",,,,,,,,,,,,,,,,,,,,,,,,,,,,"all",,,,,,,,,,,,,,,,,,,,,,,,,,,,"all",,,,,,,,,,,,,,,,,,,,,,,,,,,,"all",,,,,,,,,,,,,,,,,,,,,,,,,,,,"all",,,,,,,,,,,,,,,,,,,,,,,,,,,,"all",,,,,,,,,,,,,,,,,,,,,,,,,,,,"all",,,,,,,,,,,,,,,,,,,,,,,,,,,,"all",,,,,,,,,,,,,,,,,,,,,,,,,,,,"all",,,,,,,,,,,,,,,,,,,,,,,,,,,,"all",,,,,,,,,,,,,,,,,,,,,,,,,,,,"all",,,,,,,,,,,,,,,,,,,,,,,,,,,,"all",,,,,,,,,,,,,,,,,,,,,,,,,,,,"all",,,,,,,,,,,,,,,,,,,,,,,,,,,,"all",,,,,,,,,,,,,,,,,,,,,,,,,,,,"all",,,,,,,,,,,,,,,,,,,,,,,,,,,,"all",,,,,,,,,,,,,,,,,,,,,,,,,,,,"all",,,,,,,,,,,,,,,,,,,,,,,,,,,,"all",,,,,,,,,,,,,,,,,,,,,,,,,,,,"all",,,,,,,,,,,,,,,,,,,,,,,,,,,,"all",,,,,,,,,,,,,,,,,,,,,,,,,,,,"all",,,,,,,,,,,,,,,,,,,,,,,,,,,,"all",,,,,,,,,,,,,,,,,,,,,,,,,,,,"all",,,,,,,,,,,,,,,,,,,,,,,,,,,,"all",,,,,,,,,,,,,,,,,,,,,,,,,,,,"all",,,,,,,,,,,,,,,,,,,,,,,,,,,,"all",,,,,,,,,,,,,,,,,,,,,,,,,,,,"all",,,,,,,,,,,,,,,,,,,,,,,,,,,,"all",,,,,,,,,,,,,,,,,,,,,,,,,,,,"all",,,,,,,,,,,,,,,,,,,,,,,,,,,,"all",,,,,,,,,,,,,,,,,,,,,,,,,,,,"all",,,,,,,,,,,,,,,,,,,,,,,,,,,,"all",,,,,,,,,,,,,,,,,,,,,,,,,,,,"all",,,,,,,,,,,,,,,,,,,,,,,,,,,
"human-update-rate","5",,,,,,,,,,,,,,,,,,,,,,,,,,,,"5",,,,,,,,,,,,,,,,,,,,,,,,,,,,"5",,,,,,,,,,,,,,,,,,,,,,,,,,,,"5",,,,,,,,,,,,,,,,,,,,,,,,,,,,"5",,,,,,,,,,,,,,,,,,,,,,,,,,,,"5",,,,,,,,,,,,,,,,,,,,,,,,,,,,"5",,,,,,,,,,,,,,,,,,,,,,,,,,,,"5",,,,,,,,,,,,,,,,,,,,,,,,,,,,"5",,,,,,,,,,,,,,,,,,,,,,,,,,,,"5",,,,,,,,,,,,,,,,,,,,,,,,,,,,"5",,,,,,,,,,,,,,,,,,,,,,,,,,,,"5",,,,,,,,,,,,,,,,,,,,,,,,,,,,"5",,,,,,,,,,,,,,,,,,,,,,,,,,,,"5",,,,,,,,,,,,,,,,,,,,,,,,,,,,"5",,,,,,,,,,,,,,,,,,,,,,,,,,,,"5",,,,,,,,,,,,,,,,,,,,,,,,,,,,"5",,,,,,,,,,,,,,,,,,,,,,,,,,,,"5",,,,,,,,,,,,,,,,,,,,,,,,,,,,"5",,,,,,,,,,,,,,,,,,,,,,,,,,,,"5",,,,,,,,,,,,,,,,,,,,,,,,,,,,"5",,,,,,,,,,,,,,,,,,,,,,,,,,,,"5",,,,,,,,,,,,,,,,,,,,,,,,,,,,"5",,,,,,,,,,,,,,,,,,,,,,,,,,,,"5",,,,,,,,,,,,,,,,,,,,,,,,,,,,"5",,,,,,,,,,,,,,,,,,,,,,,,,,,,"5",,,,,,,,,,,,,,,,,,,,,,,,,,,,"5",,,,,,,,,,,,,,,,,,,,,,,,,,,,"5",,,,,,,,,,,,,,,,,,,,,,,,,,,,"5",,,,,,,,,,,,,,,,,,,,,,,,,,,,"5",,,,,,,,,,,,,,,,,,,,,,,,,,,,"5",,,,,,,,,,,,,,,,,,,,,,,,,,,,"5",,,,,,,,,,,,,,,,,,,,,,,,,,,,"5",,,,,,,,,,,,,,,,,,,,,,,,,,,,"5",,,,,,,,,,,,,,,,,,,,,,,,,,,,"5",,,,,,,,,,,,,,,,,,,,,,,,,,,,"5",,,,,,,,,,,,,,,,,,,,,,,,,,,,"5",,,,,,,,,,,,,,,,,,,,,,,,,,,,"5",,,,,,,,,,,,,,,,,,,,,,,,,,,,"5",,,,,,,,,,,,,,,,,,,,,,,,,,,,"5",,,,,,,,,,,,,,,,,,,,,,,,,,,,"5",,,,,,,,,,,,,,,,,,,,,,,,,,,,"5",,,,,,,,,,,,,,,,,,,,,,,,,,,,"5",,,,,,,,,,,,,,,,,,,,,,,,,,,,"5",,,,,,,,,,,,,,,,,,,,,,,,,,,,"5",,,,,,,,,,,,,,,,,,,,,,,,,,,,"5",,,,,,,,,,,,,,,,,,,,,,,,,,,,"5",,,,,,,,,,,,,,,,,,,,,,,,,,,,"5",,,,,,,,,,,,,,,,,,,,,,,,,,,,"5",,,,,,,,,,,,,,,,,,,,,,,,,,,,"5",,,,,,,,,,,,,,,,,,,,,,,,,,,,"5",,,,,,,,,,,,,,,,,,,,,,,,,,,,"5",,,,,,,,,,,,,,,,,,,,,,,,,,,,"5",,,,,,,,,,,,,,,,,,,,,,,,,,,,"5",,,,,,,,,,,,,,,,,,,,,,,,,,,,"5",,,,,,,,,,,,,,,,,,,,,,,,,,,,"5",,,,,,,,,,,,,,,,,,,,,,,,,,,,"5",,,,,,,,,,,,,,,,,,,,,,,,,,,,"5",,,,,,,,,,,,,,,,,,,,,,,,,,,,"5",,,,,,,,,,,,,,,,,,,,,,,,,,,,"5",,,,,,,,,,,,,,,,,,,,,,,,,,,,"5",,,,,,,,,,,,,,,,,,,,,,,,,,,,"5",,,,,,,,,,,,,,,,,,,,,,,,,,,,"5",,,,,,,,,,,,,,,,,,,,,,,,,,,,"5",,,,,,,,,,,,,,,,,,,,,,,,,,,,"5",,,,,,,,,,,,,,,,,,,,,,,,,,,,"5",,,,,,,,,,,,,,,,,,,,,,,,,,,,"5",,,,,,,,,,,,,,,,,,,,,,,,,,,,"5",,,,,,,,,,,,,,,,,,,,,,,,,,,,"5",,,,,,,,,,,,,,,,,,,,,,,,,,,,"5",,,,,,,,,,,,,,,,,,,,,,,,,,,,"5",,,,,,,,,,,,,,,,,,,,,,,,,,,,"5",,,,,,,,,,,,,,,,,,,,,,,,,,,,"5",,,,,,,,,,,,,,,,,,,,,,,,,,,,"5",,,,,,,,,,,,,,,,,,,,,,,,,,,,"5",,,,,,,,,,,,,,,,,,,,,,,,,,,,"5",,,,,,,,,,,,,,,,,,,,,,,,,,,,"5",,,,,,,,,,,,,,,,,,,,,,,,,,,,"5",,,,,,,,,,,,,,,,,,,,,,,,,,,,"5",,,,,,,,,,,,,,,,,,,,,,,,,,,,"5",,,,,,,,,,,,,,,,,,,,,,,,,,,
"ai-influence-radius","8",,,,,,,,,,,,,,,,,,,,,,,,,,,,"8",,,,,,,,,,,,,,,,,,,,,,,,,,,,"8",,,,,,,,,,,,,,,,,,,,,,,,,,,,"8",,,,,,,,,,,,,,,,,,,,,,,,,,,,"8",,,,,,,,,,,,,,,,,,,,,,,,,,,,"8",,,,,,,,,,,,,,,,,,,,,,,,,,,,"8",,,,,,,,,,,,,,,,,,,,,,,,,,,,"8",,,,,,,,,,,,,,,,,,,,,,,,,,,,"8",,,,,,,,,,,,,,,,,,,,,,,,,,,,"8",,,,,,,,,,,,,,,,,,,,,,,,,,,,"8",,,,,,,,,,,,,,,,,,,,,,,,,,,,"8",,,,,,,,,,,,,,,,,,,,,,,,,,,,"8",,,,,,,,,,,,,,,,,,,,,,,,,,,,"8",,,,,,,,,,,,,,,,,,,,,,,,,,,,"8",,,,,,,,,,,,,,,,,,,,,,,,,,,,"8",,,,,,,,,,,,,,,,,,,,,,,,,,,,"8",,,,,,,,,,,,,,,,,,,,,,,,,,,,"8",,,,,,,,,,,,,,,,,,,,,,,,,,,,"8",,,,,,,,,,,,,,,,,,,,,,,,,,,,"8",,,,,,,,,,,,,,,,,,,,,,,,,,,,"8",,,,,,,,,,,,,,,,,,,,,,,,,,,,"8",,,,,,,,,,,,,,,,,,,,,,,,,,,,"8",,,,,,,,,,,,,,,,,,,,,,,,,,,,"8",,,,,,,,,,,,,,,,,,,,,,,,,,,,"8",,,,,,,,,,,,,,,,,,,,,,,,,,,,"8",,,,,,,,,,,,,,,,,,,,,,,,,,,,"8",,,,,,,,,,,,,,,,,,,,,,,,,,,,"8",,,,,,,,,,,,,,,,,,,,,,,,,,,,"8",,,,,,,,,,,,,,,,,,,,,,,,,,,,"8",,,,,,,,,,,,,,,,,,,,,,,,,,,,"8",,,,,,,,,,,,,,,,,,,,,,,,,,,,"8",,,,,,,,,,,,,,,,,,,,,,,,,,,,"8",,,,,,,,,,,,,,,,,,,,,,,,,,,,"8",,,,,,,,,,,,,,,,,,,,,,,,,,,,"8",,,,,,,,,,,,,,,,,,,,,,,,,,,,"8",,,,,,,,,,,,,,,,,,,,,,,,,,,,"8",,,,,,,,,,,,,,,,,,,,,,,,,,,,"8",,,,,,,,,,,,,,,,,,,,,,,,,,,,"8",,,,,,,,,,,,,,,,,,,,,,,,,,,,"8",,,,,,,,,,,,,,,,,,,,,,,,,,,,"8",,,,,,,,,,,,,,,,,,,,,,,,,,,,"8",,,,,,,,,,,,,,,,,,,,,,,,,,,,"8",,,,,,,,,,,,,,,,,,,,,,,,,,,,"8",,,,,,,,,,,,,,,,,,,,,,,,,,,,"8",,,,,,,,,,,,,,,,,,,,,,,,,,,,"8",,,,,,,,,,,,,,,,,,,,,,,,,,,,"8",,,,,,,,,,,,,,,,,,,,,,,,,,,,"8",,,,,,,,,,,,,,,,,,,,,,,,,,,,"8",,,,,,,,,,,,,,,,,,,,,,,,,,,,"8",,,,,,,,,,,,,,,,,,,,,,,,,,,,"8",,,,,,,,,,,,,,,,,,,,,,,,,,,,"8",,,,,,,,,,,,,,,,,,,,,,,,,,,,"8",,,,,,,,,,,,,,,,,,,,,,,,,,,,"8",,,,,,,,,,,,,,,,,,,,,,,,,,,,"8",,,,,,,,,,,,,,,,,,,,,,,,,,,,"8",,,,,,,,,,,,,,,,,,,,,,,,,,,,"8",,,,,,,,,,,,,,,,,,,,,,,,,,,,"8",,,,,,,,,,,,,,,,,,,,,,,,,,,,"8",,,,,,,,,,,,,,,,,,,,,,,,,,,,"8",,,,,,,,,,,,,,,,,,,,,,,,,,,,"8",,,,,,,,,,,,,,,,,,,,,,,,,,,,"8",,,,,,,,,,,,,,,,,,,,,,,,,,,,"8",,,,,,,,,,,,,,,,,,,,,,,,,,,,"8",,,,,,,,,,,,,,,,,,,,,,,,,,,,"8",,,,,,,,,,,,,,,,,,,,,,,,,,,,"8",,,,,,,,,,,,,,,,,,,,,,,,,,,,"8",,,,,,,,,,,,,,,,,,,,,,,,,,,,"8",,,,,,,,,,,,,,,,,,,,,,,,,,,,"8",,,,,,,,,,,,,,,,,,,,,,,,,,,,"8",,,,,,,,,,,,,,,,,,,,,,,,,,,,"8",,,,,,,,,,,,,,,,,,,,,,,,,,,,"8",,,,,,,,,,,,,,,,,,,,,,,,,,,,"8",,,,,,,,,,,,,,,,,,,,,,,,,,,,"8",,,,,,,,,,,,,,,,,,,,,,,,,,,,"8",,,,,,,,,,,,,,,,,,,,,,,,,,,,"8",,,,,,,,,,,,,,,,,,,,,,,,,,,,"8",,,,,,,,,,,,,,,,,,,,,,,,,,,,"8",,,,,,,,,,,,,,,,,,,,,,,,,,,,"8",,,,,,,,,,,,,,,,,,,,,,,,,,,,"8",,,,,,,,,,,,,,,,,,,,,,,,,,,
"ai-tie-strength-multiplier","1.5",,,,,,,,,,,,,,,,,,,,,,,,,,,,"1.5",,,,,,,,,,,,,,,,,,,,,,,,,,,,"1.5",,,,,,,,,,,,,,,,,,,,,,,,,,,,"1.5",,,,,,,,,,,,,,,,,,,,,,,,,,,,"1.5",,,,,,,,,,,,,,,,,,,,,,,,,,,,"1.5",,,,,,,,,,,,,,,,,,,,,,,,,,,,"1.5",,,,,,,,,,,,,,,,,,,,,,,,,,,,"1.5",,,,,,,,,,,,,,,,,,,,,,,,,,,,"1.5",,,,,,,,,,,,,,,,,,,,,,,,,,,,"1.5",,,,,,,,,,,,,,,,,,,,,,,,,,,,"1.5",,,,,,,,,,,,,,,,,,,,,,,,,,,,"1.5",,,,,,,,,,,,,,,,,,,,,,,,,,,,"1.5",,,,,,,,,,,,,,,,,,,,,,,,,,,,"1.5",,,,,,,,,,,,,,,,,,,,,,,,,,,,"1.5",,,,,,,,,,,,,,,,,,,,,,,,,,,,"1.5",,,,,,,,,,,,,,,,,,,,,,,,,,,,"1.5",,,,,,,,,,,,,,,,,,,,,,,,,,,,"1.5",,,,,,,,,,,,,,,,,,,,,,,,,,,,"1.5",,,,,,,,,,,,,,,,,,,,,,,,,,,,"1.5",,,,,,,,,,,,,,,,,,,,,,,,,,,,"1.5",,,,,,,,,,,,,,,,,,,,,,,,,,,,"1.5",,,,,,,,,,,,,,,,,,,,,,,,,,,,"1.5",,,,,,,,,,,,,,,,,,,,,,,,,,,,"1.5",,,,,,,,,,,,,,,,,,,,,,,,,,,,"1.5",,,,,,,,,,,,,,,,,,,,,,,,,,,,"1.5",,,,,,,,,,,,,,,,,,,,,,,,,,,,"1.5",,,,,,,,,,,,,,,,,,,,,,,,,,,,"1.5",,,,,,,,,,,,,,,,,,,,,,,,,,,,"1.5",,,,,,,,,,,,,,,,,,,,,,,,,,,,"1.5",,,,,,,,,,,,,,,,,,,,,,,,,,,,"1.5",,,,,,,,,,,,,,,,,,,,,,,,,,,,"1.5",,,,,,,,,,,,,,,,,,,,,,,,,,,,"1.5",,,,,,,,,,,,,,,,,,,,,,,,,,,,"1.5",,,,,,,,,,,,,,,,,,,,,,,,,,,,"1.5",,,,,,,,,,,,,,,,,,,,,,,,,,,,"1.5",,,,,,,,,,,,,,,,,,,,,,,,,,,,"1.5",,,,,,,,,,,,,,,,,,,,,,,,,,,,"1.5",,,,,,,,,,,,,,,,,,,,,,,,,,,,"1.5",,,,,,,,,,,,,,,,,,,,,,,,,,,,"1.5",,,,,,,,,,,,,,,,,,,,,,,,,,,,"1.5",,,,,,,,,,,,,,,,,,,,,,,,,,,,"1.5",,,,,,,,,,,,,,,,,,,,,,,,,,,,"1.5",,,,,,,,,,,,,,,,,,,,,,,,,,,,"1.5",,,,,,,,,,,,,,,,,,,,,,,,,,,,"1.5",,,,,,,,,,,,,,,,,,,,,,,,,,,,"1.5",,,,,,,,,,,,,,,,,,,,,,,,,,,,"1.5",,,,,,,,,,,,,,,,,,,,,,,,,,,,"1.5",,,,,,,,,,,,,,,,,,,,,,,,,,,,"1.5",,,,,,,,,,,,,,,,,,,,,,,,,,,,"1.5",,,,,,,,,,,,,,,,,,,,,,,,,,,,"1.5",,,,,,,,,,,,,,,,,,,,,,,,,,,,"1.5",,,,,,,,,,,,,,,,,,,,,,,,,,,,"1.5",,,,,,,,,,,,,,,,,,,,,,,,,,,,"1.5",,,,,,,,,,,,,,,,,,,,,,,,,,,,"1.5",,,,,,,,,,,,,,,,,,,,,,,,,,,,"1.5",,,,,,,,,,,,,,,,,,,,,,,,,,,,"1.5",,,,,,,,,,,,,,,,,,,,,,,,,,,,"1.5",,,,,,,,,,,,,,,,,,,,,,,,,,,,"1.5",,,,,,,,,,,,,,,,,,,,,,,,,,,,"1.5",,,,,,,,,,,,,,,,,,,,,,,,,,,,"1.5",,,,,,,,,,,,,,,,,,,,,,,,,,,,"1.5",,,,,,,,,,,,,,,,,,,,,,,,,,,,"1.5",,,,,,,,,,,,,,,,,,,,,,,,,,,,"1.5",,,,,,,,,,,,,,,,,,,,,,,,,,,,"1.5",,,,,,,,,,,,,,,,,,,,,,,,,,,,"1.5",,,,,,,,,,,,,,,,,,,,,,,,,,,,"1.5",,,,,,,,,,,,,,,,,,,,,,,,,,,,"1.5",,,,,,,,,,,,,,,,,,,,,,,,,,,,"1.5",,,,,,,,,,,,,,,,,,,,,,,,,,,,"1.5",,,,,,,,,,,,,,,,,,,,,,,,,,,,"1.5",,,,,,,,,,,,,,,,,,,,,,,,,,,,"1.5",,,,,,,,,,,,,,,,,,,,,,,,,,,,"1.5",,,,,,,,,,,,,,,,,,,,,,,,,,,,"1.5",,,,,,,,,,,,,,,,,,,,,,,,,,,,"1.5",,,,,,,,,,,,,,,,,,,,,,,,,,,,"1.5",,,,,,,,,,,,,,,,,,,,,,,,,,,,"1.5",,,,,,,,,,,,,,,,,,,,,,,,,,,,"1.5",,,,,,,,,,,,,,,,,,,,,,,,,,,,"1.5",,,,,,,,,,,,,,,,,,,,,,,,,,,,"1.5",,,,,,,,,,,,,,,,,,,,,,,,,,,
"ai-noise-multiplier","0.3",,,,,,,,,,,,,,,,,,,,,,,,,,,,"0.3",,,,,,,,,,,,,,,,,,,,,,,,,,,,"0.3",,,,,,,,,,,,,,,,,,,,,,,,,,,,"0.3",,,,,,,,,,,,,,,,,,,,,,,,,,,,"0.3",,,,,,,,,,,,,,,,,,,,,,,,,,,,"0.3",,,,,,,,,,,,,,,,,,,,,,,,,,,,"0.3",,,,,,,,,,,,,,,,,,,,,,,,,,,,"0.3",,,,,,,,,,,,,,,,,,,,,,,,,,,,"0.3",,,,,,,,,,,,,,,,,,,,,,,,,,,,"0.3",,,,,,,,,,,,,,,,,,,,,,,,,,,,"0.3",,,,,,,,,,,,,,,,,,,,,,,,,,,,"0.3",,,,,,,,,,,,,,,,,,,,,,,,,,,,"0.3",,,,,,,,,,,,,,,,,,,,,,,,,,,,"0.3",,,,,,,,,,,,,,,,,,,,,,,,,,,,"0.3",,,,,,,,,,,,,,,,,,,,,,,,,,,,"0.3",,,,,,,,,,,,,,,,,,,,,,,,,,,,"0.3",,,,,,,,,,,,,,,,,,,,,,,,,,,,"0.3",,,,,,,,,,,,,,,,,,,,,,,,,,,,"0.3",,,,,,,,,,,,,,,,,,,,,,,,,,,,"0.3",,,,,,,,,,,,,,,,,,,,,,,,,,,,"0.3",,,,,,,,,,,,,,,,,,,,,,,,,,,,"0.3",,,,,,,,,,,,,,,,,,,,,,,,,,,,"0.3",,,,,,,,,,,,,,,,,,,,,,,,,,,,"0.3",,,,,,,,,,,,,,,,,,,,,,,,,,,,"0.3",,,,,,,,,,,,,,,,,,,,,,,,,,,,"0.3",,,,,,,,,,,,,,,,,,,,,,,,,,,,"0.3",,,,,,,,,,,,,,,,,,,,,,,,,,,,"0.3",,,,,,,,,,,,,,,,,,,,,,,,,,,,"0.3",,,,,,,,,,,,,,,,,,,,,,,,,,,,"0.3",,,,,,,,,,,,,,,,,,,,,,,,,,,,"0.3",,,,,,,,,,,,,,,,,,,,,,,,,,,,"0.3",,,,,,,,,,,,,,,,,,,,,,,,,,,,"0.3",,,,,,,,,,,,,,,,,,,,,,,,,,,,"0.3",,,,,,,,,,,,,,,,,,,,,,,,,,,,"0.3",,,,,,,,,,,,,,,,,,,,,,,,,,,,"0.3",,,,,,,,,,,,,,,,,,,,,,,,,,,,"0.3",,,,,,,,,,,,,,,,,,,,,,,,,,,,"0.3",,,,,,,,,,,,,,,,,,,,,,,,,,,,"0.3",,,,,,,,,,,,,,,,,,,,,,,,,,,,"0.3",,,,,,,,,,,,,,,,,,,,,,,,,,,,"0.3",,,,,,,,,,,,,,,,,,,,,,,,,,,,"0.3",,,,,,,,,,,,,,,,,,,,,,,,,,,,"0.3",,,,,,,,,,,,,,,,,,,,,,,,,,,,"0.3",,,,,,,,,,,,,,,,,,,,,,,,,,,,"0.3",,,,,,,,,,,,,,,,,,,,,,,,,,,,"0.3",,,,,,,,,,,,,,,,,,,,,,,,,,,,"0.3",,,,,,,,,,,,,,,,,,,,,,,,,,,,"0.3",,,,,,,,,,,,,,,,,,,,,,,,,,,,"0.3",,,,,,,,,,,,,,,,,,,,,,,,,,,,"0.3",,,,,,,,,,,,,,,,,,,,,,,,,,,,"0.3",,,,,,,,,,,,,,,,,,,,,,,,,,,,"0.3",,,,,,,,,,,,,,,,,,,,,,,,,,,,"0.3",,,,,,,,,,,,,,,,,,,,,,,,,,,,"0.3",,,,,,,,,,,,,,,,,,,,,,,,,,,,"0.3",,,,,,,,,,,,,,,,,,,,,,,,,,,,"0.3",,,,,,,,,,,,,,,,,,,,,,,,,,,,"0.3",,,,,,,,,,,,,,,,,,,,,,,,,,,,"0.3",,,,,,,,,,,,,,,,,,,,,,,,,,,,"0.3",,,,,,,,,,,,,,,,,,,,,,,,,,,,"0.3",,,,,,,,,,,,,,,,,,,,,,,,,,,,"0.3",,,,,,,,,,,,,,,,,,,,,,,,,,,,"0.3",,,,,,,,,,,,,,,,,,,,,,,,,,,,"0.3",,,,,,,,,,,,,,,,,,,,,,,,,,,,"0.3",,,,,,,,,,,,,,,,,,,,,,,,,,,,"0.3",,,,,,,,,,,,,,,,,,,,,,,,,,,,"0.3",,,,,,,,,,,,,,,,,,,,,,,,,,,,"0.3",,,,,,,,,,,,,,,,,,,,,,,,,,,,"0.3",,,,,,,,,,,,,,,,,,,,,,,,,,,,"0.3",,,,,,,,,,,,,,,,,,,,,,,,,,,,"0.3",,,,,,,,,,,,,,,,,,,,,,,,,,,,"0.3",,,,,,,,,,,,,,,,,,,,,,,,,,,,"0.3",,,,,,,,,,,,,,,,,,,,,,,,,,,,"0.3",,,,,,,,,,,,,,,,,,,,,,,,,,,,"0.3",,,,,,,,,,,,,,,,,,,,,,,,,,,,"0.3",,,,,,,,,,,,,,,,,,,,,,,,,,,,"0.3",,,,,,,,,,,,,,,,,,,,,,,,,,,,"0.3",,,,,,,,,,,,,,,,,,,,,,,,,,,,"0.3",,,,,,,,,,,,,,,,,,,,,,,,,,,,"0.3",,,,,,,,,,,,,,,,,,,,,,,,,,,,"0.3",,,,,,,,,,,,,,,,,,,,,,,,,,,
"human-noise-multiplier","1",,,,,,,,,,,,,,,,,,,,,,,,,,,,"1",,,,,,,,,,,,,,,,,,,,,,,,,,,,"1",,,,,,,,,,,,,,,,,,,,,,,,,,,,"1",,,,,,,,,,,,,,,,,,,,,,,,,,,,"1",,,,,,,,,,,,,,,,,,,,,,,,,,,,"1",,,,,,,,,,,,,,,,,,,,,,,,,,,,"1",,,,,,,,,,,,,,,,,,,,,,,,,,,,"1",,,,,,,,,,,,,,,,,,,,,,,,,,,,"1",,,,,,,,,,,,,,,,,,,,,,,,,,,,"1",,,,,,,,,,,,,,,,,,,,,,,,,,,,"1",,,,,,,,,,,,,,,,,,,,,,,,,,,,"1",,,,,,,,,,,,,,,,,,,,,,,,,,,,"1",,,,,,,,,,,,,,,,,,,,,,,,,,,,"1",,,,,,,,,,,,,,,,,,,,,,,,,,,,"1",,,,,,,,,,,,,,,,,,,,,,,,,,,,"1",,,,,,,,,,,,,,,,,,,,,,,,,,,,"1",,,,,,,,,,,,,,,,,,,,,,,,,,,,"1",,,,,,,,,,,,,,,,,,,,,,,,,,,,"1",,,,,,,,,,,,,,,,,,,,,,,,,,,,"1",,,,,,,,,,,,,,,,,,,,,,,,,,,,"1",,,,,,,,,,,,,,,,,,,,,,,,,,,,"1",,,,,,,,,,,,,,,,,,,,,,,,,,,,"1",,,,,,,,,,,,,,,,,,,,,,,,,,,,"1",,,,,,,,,,,,,,,,,,,,,,,,,,,,"1",,,,,,,,,,,,,,,,,,,,,,,,,,,,"1",,,,,,,,,,,,,,,,,,,,,,,,,,,,"1",,,,,,,,,,,,,,,,,,,,,,,,,,,,"1",,,,,,,,,,,,,,,,,,,,,,,,,,,,"1",,,,,,,,,,,,,,,,,,,,,,,,,,,,"1",,,,,,,,,,,,,,,,,,,,,,,,,,,,"1",,,,,,,,,,,,,,,,,,,,,,,,,,,,"1",,,,,,,,,,,,,,,,,,,,,,,,,,,,"1",,,,,,,,,,,,,,,,,,,,,,,,,,,,"1",,,,,,,,,,,,,,,,,,,,,,,,,,,,"1",,,,,,,,,,,,,,,,,,,,,,,,,,,,"1",,,,,,,,,,,,,,,,,,,,,,,,,,,,"1",,,,,,,,,,,,,,,,,,,,,,,,,,,,"1",,,,,,,,,,,,,,,,,,,,,,,,,,,,"1",,,,,,,,,,,,,,,,,,,,,,,,,,,,"1",,,,,,,,,,,,,,,,,,,,,,,,,,,,"1",,,,,,,,,,,,,,,,,,,,,,,,,,,,"1",,,,,,,,,,,,,,,,,,,,,,,,,,,,"1",,,,,,,,,,,,,,,,,,,,,,,,,,,,"1",,,,,,,,,,,,,,,,,,,,,,,,,,,,"1",,,,,,,,,,,,,,,,,,,,,,,,,,,,"1",,,,,,,,,,,,,,,,,,,,,,,,,,,,"1",,,,,,,,,,,,,,,,,,,,,,,,,,,,"1",,,,,,,,,,,,,,,,,,,,,,,,,,,,"1",,,,,,,,,,,,,,,,,,,,,,,,,,,,"1",,,,,,,,,,,,,,,,,,,,,,,,,,,,"1",,,,,,,,,,,,,,,,,,,,,,,,,,,,"1",,,,,,,,,,,,,,,,,,,,,,,,,,,,"1",,,,,,,,,,,,,,,,,,,,,,,,,,,,"1",,,,,,,,,,,,,,,,,,,,,,,,,,,,"1",,,,,,,,,,,,,,,,,,,,,,,,,,,,"1",,,,,,,,,,,,,,,,,,,,,,,,,,,,"1",,,,,,,,,,,,,,,,,,,,,,,,,,,,"1",,,,,,,,,,,,,,,,,,,,,,,,,,,,"1",,,,,,,,,,,,,,,,,,,,,,,,,,,,"1",,,,,,,,,,,,,,,,,,,,,,,,,,,,"1",,,,,,,,,,,,,,,,,,,,,,,,,,,,"1",,,,,,,,,,,,,,,,,,,,,,,,,,,,"1",,,,,,,,,,,,,,,,,,,,,,,,,,,,"1",,,,,,,,,,,,,,,,,,,,,,,,,,,,"1",,,,,,,,,,,,,,,,,,,,,,,,,,,,"1",,,,,,,,,,,,,,,,,,,,,,,,,,,,"1",,,,,,,,,,,,,,,,,,,,,,,,,,,,"1",,,,,,,,,,,,,,,,,,,,,,,,,,,,"1",,,,,,,,,,,,,,,,,,,,,,,,,,,,"1",,,,,,,,,,,,,,,,,,,,,,,,,,,,"1",,,,,,,,,,,,,,,,,,,,,,,,,,,,"1",,,,,,,,,,,,,,,,,,,,,,,,,,,,"1",,,,,,,,,,,,,,,,,,,,,,,,,,,,"1",,,,,,,,,,,,,,,,,,,,,,,,,,,,"1",,,,,,,,,,,,,,,,,,,,,,,,,,,,"1",,,,,,,,,,,,,,,,,,,,,,,,,,,,"1",,,,,,,,,,,,,,,,,,,,,,,,,,,,"1",,,,,,,,,,,,,,,,,,,,,,,,,,,,"1",,,,,,,,,,,,,,,,,,,,,,,,,,,,"1",,,,,,,,,,,,,,,,,,,,,,,,,,,
"entrainment-mode?","false",,,,,,,,,,,,,,,,,,,,,,,,,,,,"false",,,,,,,,,,,,,,,,,,,,,,,,,,,,"false",,,,,,,,,,,,,,,,,,,,,,,,,,,,"false",,,,,,,,,,,,,,,,,,,,,,,,,,,,"false",,,,,,,,,,,,,,,,,,,,,,,,,,,,"false",,,,,,,,,,,,,,,,,,,,,,,,,,,,"false",,,,,,,,,,,,,,,,,,,,,,,,,,,,"false",,,,,,,,,,,,,,,,,,,,,,,,,,,,"false",,,,,,,,,,,,,,,,,,,,,,,,,,,,"false",,,,,,,,,,,,,,,,,,,,,,,,,,,,"false",,,,,,,,,,,,,,,,,,,,,,,,,,,,"false",,,,,,,,,,,,,,,,,,,,,,,,,,,,"false",,,,,,,,,,,,,,,,,,,,,,,,,,,,"false",,,,,,,,,,,,,,,,,,,,,,,,,,,,"false",,,,,,,,,,,,,,,,,,,,,,,,,,,,"false",,,,,,,,,,,,,,,,,,,,,,,,,,,,"false",,,,,,,,,,,,,,,,,,,,,,,,,,,,"false",,,,,,,,,,,,,,,,,,,,,,,,,,,,"false",,,,,,,,,,,,,,,,,,,,,,,,,,,,"false",,,,,,,,,,,,,,,,,,,,,,,,,,,,"false",,,,,,,,,,,,,,,,,,,,,,,,,,,,"false",,,,,,,,,,,,,,,,,,,,,,,,,,,,"false",,,,,,,,,,,,,,,,,,,,,,,,,,,,"false",,,,,,,,,,,,,,,,,,,,,,,,,,,,"false",,,,,,,,,,,,,,,,,,,,,,,,,,,,"false",,,,,,,,,,,,,,,,,,,,,,,,,,,,"false",,,,,,,,,,,,,,,,,,,,,,,,,,,,"false",,,,,,,,,,,,,,,,,,,,,,,,,,,,"false",,,,,,,,,,,,,,,,,,,,,,,,,,,,"false",,,,,,,,,,,,,,,,,,,,,,,,,,,,"false",,,,,,,,,,,,,,,,,,,,,,,,,,,,"false",,,,,,,,,,,,,,,,,,,,,,,,,,,,"false",,,,,,,,,,,,,,,,,,,,,,,,,,,,"false",,,,,,,,,,,,,,,,,,,,,,,,,,,,"false",,,,,,,,,,,,,,,,,,,,,,,,,,,,"false",,,,,,,,,,,,,,,,,,,,,,,,,,,,"false",,,,,,,,,,,,,,,,,,,,,,,,,,,,"false",,,,,,,,,,,,,,,,,,,,,,,,,,,,"false",,,,,,,,,,,,,,,,,,,,,,,,,,,,"false",,,,,,,,,,,,,,,,,,,,,,,,,,,,"true",,,,,,,,,,,,,,,,,,,,,,,,,,,,"true",,,,,,,,,,,,,,,,,,,,,,,,,,,,"true",,,,,,,,,,,,,,,,,,,,,,,,,,,,"true",,,,,,,,,,,,,,,,,,,,,,,,,,,,"true",,,,,,,,,,,,,,,,,,,,,,,,,,,,"true",,,,,,,,,,,,,,,,,,,,,,,,,,,,"true",,,,,,,,,,,,,,,,,,,,,,,,,,,,"true",,,,,,,,,,,,,,,,,,,,,,,,,,,,"true",,,,,,,,,,,,,,,,,,,,,,,,,,,,"true",,,,,,,,,,,,,,,,,,,,,,,,,,,,"true",,,,,,,,,,,,,,,,,,,,,,,,,,,,"true",,,,,,,,,,,,,,,,,,,,,,,,,,,,"true",,,,,,,,,,,,,,,,,,,,,,,,,,,,"true",,,,,,,,,,,,,,,,,,,,,,,,,,,,"true",,,,,,,,,,,,,,,,,,,,,,,,,,,,"true",,,,,,,,,,,,,,,,,,,,,,,,,,,,"true",,,,,,,,,,,,,,,,,,,,,,,,,,,,"true",,,,,,,,,,,,,,,,,,,,,,,,,,,,"true",,,,,,,,,,,,,,,,,,,,,,,,,,,,"true",,,,,,,,,,,,,,,,,,,,,,,,,,,,"true",,,,,,,,,,,,,,,,,,,,,,,,,,,,"true",,,,,,,,,,,,,,,,,,,,,,,,,,,,"true",,,,,,,,,,,,,,,,,,,,,,,,,,,,"true",,,,,,,,,,,,,,,,,,,,,,,,,,,,"true",,,,,,,,,,,,,,,,,,,,,,,,,,,,"true",,,,,,,,,,,,,,,,,,,,,,,,,,,,"true",,,,,,,,,,,,,,,,,,,,,,,,,,,,"true",,,,,,,,,,,,,,,,,,,,,,,,,,,,"true",,,,,,,,,,,,,,,,,,,,,,,,,,,,"true",,,,,,,,,,,,,,,,,,,,,,,,,,,,"true",,,,,,,,,,,,,,,,,,,,,,,,,,,,"true",,,,,,,,,,,,,,,,,,,,,,,,,,,,"true",,,,,,,,,,,,,,,,,,,,,,,,,,,,"true",,,,,,,,,,,,,,,,,,,,,,,,,,,,"true",,,,,,,,,,,,,,,,,,,,,,,,,,,,"true",,,,,,,,,,,,,,,,,,,,,,,,,,,,"true",,,,,,,,,,,,,,,,,,,,,,,,,,,,"true",,,,,,,,,,,,,,,,,,,,,,,,,,,,"true",,,,,,,,,,,,,,,,,,,,,,,,,,,,"true",,,,,,,,,,,,,,,,,,,,,,,,,,,
"ai-proportion","0",,,,,,,,,,,,,,,,,,,,,,,,,,,,"0",,,,,,,,,,,,,,,,,,,,,,,,,,,,"0",,,,,,,,,,,,,,,,,,,,,,,,,,,,"0",,,,,,,,,,,,,,,,,,,,,,,,,,,,"0",,,,,,,,,,,,,,,,,,,,,,,,,,,,"0",,,,,,,,,,,,,,,,,,,,,,,,,,,,"0",,,,,,,,,,,,,,,,,,,,,,,,,,,,"0",,,,,,,,,,,,,,,,,,,,,,,,,,,,"0",,,,,,,,,,,,,,,,,,,,,,,,,,,,"0",,,,,,,,,,,,,,,,,,,,,,,,,,,,"0.2",,,,,,,,,,,,,,,,,,,,,,,,,,,,"0.2",,,,,,,,,,,,,,,,,,,,,,,,,,,,"0.2",,,,,,,,,,,,,,,,,,,,,,,,,,,,"0.2",,,,,,,,,,,,,,,,,,,,,,,,,,,,"0.2",,,,,,,,,,,,,,,,,,,,,,,,,,,,"0.2",,,,,,,,,,,,,,,,,,,,,,,,,,,,"0.2",,,,,,,,,,,,,,,,,,,,,,,,,,,,"0.2",,,,,,,,,,,,,,,,,,,,,,,,,,,,"0.2",,,,,,,,,,,,,,,,,,,,,,,,,,,,"0.2",,,,,,,,,,,,,,,,,,,,,,,,,,,,"0.5",,,,,,,,,,,,,,,,,,,,,,,,,,,,"0.5",,,,,,,,,,,,,,,,,,,,,,,,,,,,"0.5",,,,,,,,,,,,,,,,,,,,,,,,,,,,"0.5",,,,,,,,,,,,,,,,,,,,,,,,,,,,"0.5",,,,,,,,,,,,,,,,,,,,,,,,,,,,"0.5",,,,,,,,,,,,,,,,,,,,,,,,,,,,"0.5",,,,,,,,,,,,,,,,,,,,,,,,,,,,"0.5",,,,,,,,,,,,,,,,,,,,,,,,,,,,"0.5",,,,,,,,,,,,,,,,,,,,,,,,,,,,"0.5",,,,,,,,,,,,,,,,,,,,,,,,,,,,"0.9",,,,,,,,,,,,,,,,,,,,,,,,,,,,"0.9",,,,,,,,,,,,,,,,,,,,,,,,,,,,"0.9",,,,,,,,,,,,,,,,,,,,,,,,,,,,"0.9",,,,,,,,,,,,,,,,,,,,,,,,,,,,"0.9",,,,,,,,,,,,,,,,,,,,,,,,,,,,"0.9",,,,,,,,,,,,,,,,,,,,,,,,,,,,"0.9",,,,,,,,,,,,,,,,,,,,,,,,,,,,"0.9",,,,,,,,,,,,,,,,,,,,,,,,,,,,"0.9",,,,,,,,,,,,,,,,,,,,,,,,,,,,"0.9",,,,,,,,,,,,,,,,,,,,,,,,,,,,"0",,,,,,,,,,,,,,,,,,,,,,,,,,,,"0",,,,,,,,,,,,,,,,,,,,,,,,,,,,"0",,,,,,,,,,,,,,,,,,,,,,,,,,,,"0",,,,,,,,,,,,,,,,,,,,,,,,,,,,"0",,,,,,,,,,,,,,,,,,,,,,,,,,,,"0",,,,,,,,,,,,,,,,,,,,,,,,,,,,"0",,,,,,,,,,,,,,,,,,,,,,,,,,,,"0",,,,,,,,,,,,,,,,,,,,,,,,,,,,"0",,,,,,,,,,,,,,,,,,,,,,,,,,,,"0",,,,,,,,,,,,,,,,,,,,,,,,,,,,"0.2",,,,,,,,,,,,,,,,,,,,,,,,,,,,"0.2",,,,,,,,,,,,,,,,,,,,,,,,,,,,"0.2",,,,,,,,,,,,,,,,,,,,,,,,,,,,"0.2",,,,,,,,,,,,,,,,,,,,,,,,,,,,"0.2",,,,,,,,,,,,,,,,,,,,,,,,,,,,"0.2",,,,,,,,,,,,,,,,,,,,,,,,,,,,"0.2",,,,,,,,,,,,,,,,,,,,,,,,,,,,"0.2",,,,,,,,,,,,,,,,,,,,,,,,,,,,"0.2",,,,,,,,,,,,,,,,,,,,,,,,,,,,"0.2",,,,,,,,,,,,,,,,,,,,,,,,,,,,"0.5",,,,,,,,,,,,,,,,,,,,,,,,,,,,"0.5",,,,,,,,,,,,,,,,,,,,,,,,,,,,"0.5",,,,,,,,,,,,,,,,,,,,,,,,,,,,"0.5",,,,,,,,,,,,,,,,,,,,,,,,,,,,"0.5",,,,,,,,,,,,,,,,,,,,,,,,,,,,"0.5",,,,,,,,,,,,,,,,,,,,,,,,,,,,"0.5",,,,,,,,,,,,,,,,,,,,,,,,,,,,"0.5",,,,,,,,,,,,,,,,,,,,,,,,,,,,"0.5",,,,,,,,,,,,,,,,,,,,,,,,,,,,"0.5",,,,,,,,,,,,,,,,,,,,,,,,,,,,"0.9",,,,,,,,,,,,,,,,,,,,,,,,,,,,"0.9",,,,,,,,,,,,,,,,,,,,,,,,,,,,"0.9",,,,,,,,,,,,,,,,,,,,,,,,,,,,"0.9",,,,,,,,,,,,,,,,,,,,,,,,,,,,"0.9",,,,,,,,,,,,,,,,,,,,,,,,,,,,"0.9",,,,,,,,,,,,,,,,,,,,,,,,,,,,"0.9",,,,,,,,,,,,,,,,,,,,,,,,,,,,"0.9",,,,,,,,,,,,,,,,,,,,,,,,,,,,"0.9",,,,,,,,,,,,,,,,,,,,,,,,,,,,"0.9",,,,,,,,,,,,,,,,,,,,,,,,,,,
"[total steps]","3000","3000","3000","3000","3000","3000","3000","3000","3000","3000","3000","3000","3000","3000","3000","3000","3000","3000","3000","3000","3000","3000","3000","3000","3000","3000","3000","3000","3000","3000","3000","3000","3000","3000","3000","3000","3000","3000","3000","3000","3000","3000","3000","3000","3000","3000","3000","3000","3000","3000","3000","3000","3000","3000","3000","3000","3000","3000","3000","3000","3000","3000","3000","3000","3000","3000","3000","3000","3000","3000","3000","3000","3000","3000","3000","3000","3000","3000","3000","3000","3000","3000","3000","3000","3000","3000","3000","3000","3000","3000","3000","3000","3000","3000","3000","3000","3000","3000","3000","3000","3000","3000","3000","3000","3000","3000","3000","3000","3000","3000","3000","3000","3000","3000","3000","3000","3000","3000","3000","3000","3000","3000","3000","3000","3000","3000","3000","3000","3000","3000","3000","3000","3000","3000","3000","3000","3000","3000","3000","3000","3000","3000","3000","3000","3000","3000","3000","3000","3000","3000","3000","3000","3000","3000","3000","3000","3000","3000","3000","3000","3000","3000","3000","3000","3000","3000","3000","3000","3000","3000","3000","3000","3000","3000","3000","3000","3000","3000","3000","3000","3000","3000","3000","3000","3000","3000","3000","3000","3000","3000","3000","3000","3000","3000","3000","3000","3000","3000","3000","3000","3000","3000","3000","3000","3000","3000","3000","3000","3000","3000","3000","3000","3000","3000","3000","3000","3000","3000","3000","3000","3000","3000","3000","3000","3000","3000","3000","3000","3000","3000","3000","3000","3000","3000","3000","3000","3000","3000","3000","3000","3000","3000","3000","3000","3000","3000","3000","3000","3000","3000","3000","3000","3000","3000","3000","3000","3000","3000","3000","3000","3000","3000","3000","3000","3000","3000","3000","3000","3000","3000","3000","3000","3000","3000","3000","3000","3000","3000","3000","3000","3000","3000","3000","3000","3000","3000","3000","3000","3000","3000","3000","3000","3000","3000","3000","3000","3000","3000","3000","3000","3000","3000","3000","3000","3000","3000","3000","3000","3000","3000","3000","3000","3000","3000","3000","3000","3000","3000","3000","3000","3000","3000","3000","3000","3000","3000","3000","3000","3000","3000","3000","3000","3000","3000","3000","3000","3000","3000","3000","3000","3000","3000","3000","3000","3000","3000","3000","3000","3000","3000","3000","3000","3000","3000","3000","3000","3000","3000","3000","3000","3000","3000","3000","3000","3000","3000","3000","3000","3000","3000","3000","3000","3000","3000","3000","3000","3000","3000","3000","3000","3000","3000","3000","3000","3000","3000","3000","3000","3000","3000","3000","3000","3000","3000","3000","3000","3000","3000","3000","3000","3000","3000","3000","3000","3000","3000","3000","3000","3000","3000","3000","3000","3000","3000","3000","3000","3000","3000","3000","3000","3000","3000","3000","3000","3000","3000","3000","3000","3000","3000","3000","3000","3000","3000","3000","3000","3000","3000","3000","3000","3000","3000","3000","3000","3000","3000","3000","3000","3000","3000","3000","3000","3000","3000","3000","3000","3000","3000","3000","3000","3000","3000","3000","3000","3000","3000","3000","3000","3000","3000","3000","3000","3000","3000","3000","3000","3000","3000","3000","3000","3000","3000","3000","3000","3000","3000","3000","3000","3000","3000","3000","3000","3000","3000","3000","3000","3000","3000","3000","3000","3000","3000","3000","3000","3000","3000","3000","3000","3000","3000","3000","3000","3000","3000","3000","3000","3000","3000","3000","3000","3000","3000","3000","3000","3000","3000","3000","3000","3000","3000","3000","3000","3000","3000","3000","3000","3000","3000","3000","3000","3000","3000","3000","3000","3000","3000","3000","3000","3000","3000","3000","3000","3000","3000","3000","3000","3000","3000","3000","3000","3000","3000","3000","3000","3000","3000","3000","3000","3000","3000","3000","3000","3000","3000","3000","3000","3000","3000","3000","3000","3000","3000","3000","3000","3000","3000","3000","3000","3000","3000","3000","3000","3000","3000","3000","3000","3000","3000","3000","3000","3000","3000","3000","3000","3000","3000","3000","3000","3000","3000","3000","3000","3000","3000","3000","3000","3000","3000","3000","3000","3000","3000","3000","3000","3000","3000","3000","3000","3000","3000","3000","3000","3000","3000","3000","3000","3000","3000","3000","3000","3000","3000","3000","3000","3000","3000","3000","3000","3000","3000","3000","3000","3000","3000","3000","3000","3000","3000","3000","3000","3000","3000","3000","3000","3000","3000","3000","3000","3000","3000","3000","3000","3000","3000","3000","3000","3000","3000","3000","3000","3000","3000","3000","3000","3000","3000","3000","3000","3000","3000","3000","3000","3000","3000","3000","3000","3000","3000","3000","3000","3000","3000","3000","3000","3000","3000","3000","3000","3000","3000","3000","3000","3000","3000","3000","3000","3000","3000","3000","3000","3000","3000","3000","3000","3000","3000","3000","3000","3000","3000","3000","3000","3000","3000","3000","3000","3000","3000","3000","3000","3000","3000","3000","3000","3000","3000","3000","3000","3000","3000","3000","3000","3000","3000","3000","3000","3000","3000","3000","3000","3000","3000","3000","3000","3000","3000","3000","3000","3000","3000","3000","3000","3000","3000","3000","3000","3000","3000","3000","3000","3000","3000","3000","3000","3000","3000","3000","3000","3000","3000","3000","3000","3000","3000","3000","3000","3000","3000","3000","3000","3000","3000","3000","3000","3000","3000","3000","3000","3000","3000","3000","3000","3000","3000","3000","3000","3000","3000","3000","3000","3000","3000","3000","3000","3000","3000","3000","3000","3000","3000","3000","3000","3000","3000","3000","3000","3000","3000","3000","3000","3000","3000","3000","3000","3000","3000","3000","3000","3000","3000","3000","3000","3000","3000","3000","3000","3000","3000","3000","3000","3000","3000","3000","3000","3000","3000","3000","3000","3000","3000","3000","3000","3000","3000","3000","3000","3000","3000","3000","3000","3000","3000","3000","3000","3000","3000","3000","3000","3000","3000","3000","3000","3000","3000","3000","3000","3000","3000","3000","3000","3000","3000","3000","3000","3000","3000","3000","3000","3000","3000","3000","3000","3000","3000","3000","3000","3000","3000","3000","3000","3000","3000","3000","3000","3000","3000","3000","3000","3000","3000","3000","3000","3000","3000","3000","3000","3000","3000","3000","3000","3000","3000","3000","3000","3000","3000","3000","3000","3000","3000","3000","3000","3000","3000","3000","3000","3000","3000","3000","3000","3000","3000","3000","3000","3000","3000","3000","3000","3000","3000","3000","3000","3000","3000","3000","3000","3000","3000","3000","3000","3000","3000","3000","3000","3000","3000","3000","3000","3000","3000","3000","3000","3000","3000","3000","3000","3000","3000","3000","3000","3000","3000","3000","3000","3000","3000","3000","3000","3000","3000","3000","3000","3000","3000","3000","3000","3000","3000","3000","3000","3000","3000","3000","3000","3000","3000","3000","3000","3000","3000","3000","3000","3000","3000","3000","3000","3000","3000","3000","3000","3000","3000","3000","3000","3000","3000","3000","3000","3000","3000","3000","3000","3000","3000","3000","3000","3000","3000","3000","3000","3000","3000","3000","3000","3000","3000","3000","3000","3000","3000","3000","3000","3000","3000","3000","3000","3000","3000","3000","3000","3000","3000","3000","3000","3000","3000","3000","3000","3000","3000","3000","3000","3000","3000","3000","3000","3000","3000","3000","3000","3000","3000","3000","3000","3000","3000","3000","3000","3000","3000","3000","3000","3000","3000","3000","3000","3000","3000","3000","3000","3000","3000","3000","3000","3000","3000","3000","3000","3000","3000","3000","3000","3000","3000","3000","3000","3000","3000","3000","3000","3000","3000","3000","3000","3000","3000","3000","3000","3000","3000","3000","3000","3000","3000","3000","3000","3000","3000","3000","3000","3000","3000","3000","3000","3000","3000","3000","3000","3000","3000","3000","3000","3000","3000","3000","3000","3000","3000","3000","3000","3000","3000","3000","3000","3000","3000","3000","3000","3000","3000","3000","3000","3000","3000","3000","3000","3000","3000","3000","3000","3000","3000","3000","3000","3000","3000","3000","3000","3000","3000","3000","3000","3000","3000","3000","3000","3000","3000","3000","3000","3000","3000","3000","3000","3000","3000","3000","3000","3000","3000","3000","3000","3000","3000","3000","3000","3000","3000","3000","3000","3000","3000","3000","3000","3000","3000","3000","3000","3000","3000","3000","3000","3000","3000","3000","3000","3000","3000","3000","3000","3000","3000","3000","3000","3000","3000","3000","3000","3000","3000","3000","3000","3000","3000","3000","3000","3000","3000","3000","3000","3000","3000","3000","3000","3000","3000","3000","3000","3000","3000","3000","3000","3000","3000","3000","3000","3000","3000","3000","3000","3000","3000","3000","3000","3000","3000","3000","3000","3000","3000","3000","3000","3000","3000","3000","3000","3000","3000","3000","3000","3000","3000","3000","3000","3000","3000","3000","3000","3000","3000","3000","3000","3000","3000","3000","3000","3000","3000","3000","3000","3000","3000","3000","3000","3000","3000","3000","3000","3000","3000","3000","3000","3000","3000","3000","3000","3000","3000","3000","3000","3000","3000","3000","3000","3000","3000","3000","3000","3000","3000","3000","3000","3000","3000","3000","3000","3000","3000","3000","3000","3000","3000","3000","3000","3000","3000","3000","3000","3000","3000","3000","3000","3000","3000","3000","3000","3000","3000","3000","3000","3000","3000","3000","3000","3000","3000","3000","3000","3000","3000","3000","3000","3000","3000","3000","3000","3000","3000","3000","3000","3000","3000","3000","3000","3000","3000","3000","3000","3000","3000","3000","3000","3000","3000","3000","3000","3000","3000","3000","3000","3000","3000","3000","3000","3000","3000","3000","3000","3000","3000","3000","3000","3000","3000","3000","3000","3000","3000","3000","3000","3000","3000","3000","3000","3000","3000","3000","3000","3000","3000","3000","3000","3000","3000","3000","3000","3000","3000","3000","3000","3000","3000","3000","3000","3000","3000","3000","3000","3000","3000","3000","3000","3000","3000","3000","3000","3000","3000","3000","3000","3000","3000","3000","3000","3000","3000","3000","3000","3000","3000","3000","3000","3000","3000","3000","3000","3000","3000","3000","3000","3000","3000","3000","3000","3000","3000","3000","3000","3000","3000","3000","3000","3000","3000","3000","3000","3000","3000","3000","3000","3000","3000","3000","3000","3000","3000","3000","3000","3000","3000","3000","3000","3000","3000","3000","3000","3000","3000","3000","3000","3000","3000","3000","3000","3000","3000","3000","3000","3000","3000","3000","3000","3000","3000","3000","3000","3000","3000","3000","3000","3000","3000","3000","3000","3000","3000","3000","3000","3000","3000","3000","3000","3000","3000","3000","3000","3000","3000","3000","3000","3000","3000","3000","3000","3000","3000","3000","3000","3000","3000","3000","3000","3000","3000","3000","3000","3000","3000","3000","3000","3000","3000","3000","3000","3000","3000","3000","3000","3000","3000","3000","3000","3000","3000","3000","3000","3000","3000","3000","3000","3000","3000","3000","3000","3000","3000","3000","3000","3000","3000","3000","3000","3000","3000","3000","3000","3000","3000","3000","3000","3000","3000","3000","3000","3000","3000","3000","3000","3000","3000","3000","3000","3000","3000","3000","3000","3000","3000","3000","3000","3000","3000","3000","3000","3000","3000","3000","3000","3000","3000","3000","3000","3000","3000","3000","3000","3000","3000","3000","3000","3000","3000","3000","3000","3000","3000","3000","3000","3000","3000","3000","3000","3000","3000","3000","3000","3000","3000","3000","3000","3000","3000","3000","3000","3000","3000","3000","3000","3000","3000","3000","3000","3000","3000","3000","3000","3000","3000","3000","3000","3000","3000","3000","3000","3000","3000","3000","3000","3000","3000","3000","3000","3000","3000","3000","3000","3000","3000","3000","3000","3000","3000","3000","3000","3000","3000","3000","3000","3000","3000","3000","3000","3000","3000","3000","3000","3000","3000","3000","3000","3000","3000","3000","3000","3000","3000","3000","3000","3000","3000","3000","3000","3000","3000","3000","3000","3000","3000","3000","3000","3000","3000","3000","3000","3000","3000","3000","3000","3000","3000","3000","3000","3000","3000","3000","3000","3000","3000","3000","3000","3000","3000","3000","3000","3000","3000","3000","3000","3000","3000","3000","3000","3000","3000","3000","3000","3000","3000","3000","3000","3000","3000","3000","3000","3000","3000","3000","3000","3000","3000","3000","3000","3000","3000","3000","3000","3000","3000","3000","3000","3000","3000","3000","3000","3000","3000","3000","3000","3000","3000","3000","3000","3000","3000","3000","3000","3000","3000","3000","3000","3000","3000","3000","3000","3000","3000","3000","3000","3000","3000","3000","3000","3000","3000","3000","3000","3000","3000","3000","3000","3000","3000","3000","3000","3000","3000","3000","3000","3000","3000","3000","3000","3000","3000","3000","3000","3000","3000","3000","3000","3000","3000","3000","3000","3000","3000","3000","3000","3000","3000","3000","3000","3000","3000","3000","3000","3000","3000","3000","3000","3000","3000","3000","3000","3000","3000","3000","3000","3000","3000","3000","3000","3000","3000","3000","3000","3000","3000","3000","3000","3000","3000","3000","3000","3000","3000","3000","3000","3000","3000","3000","3000","3000","3000","3000","3000","3000","3000","3000","3000","3000","3000","3000","3000","3000","3000","3000","3000","3000","3000","3000","3000","3000","3000","3000","3000","3000","3000","3000","3000","3000","3000","3000","3000","3000","3000","3000","3000","3000","3000","3000","3000","3000","3000","3000","3000","3000","3000","3000","3000","3000","3000","3000","3000","3000","3000","3000","3000","3000","3000","3000","3000","3000","3000","3000","3000","3000","3000","3000","3000","3000","3000","3000","3000","3000","3000","3000","3000","3000","3000","3000","3000","3000","3000","3000","3000","3000","3000","3000","3000","3000","3000","3000","3000","3000","3000","3000","3000","3000","3000","3000","3000","3000","3000","3000","3000","3000","3000","3000","3000","3000","3000","3000","3000","3000","3000","3000","3000","3000","3000","3000","3000","3000","3000","3000","3000","3000","3000","3000","3000","3000","3000","3000","3000","3000","3000","3000","3000","3000","3000","3000","3000","3000","3000","3000","3000","3000","3000","3000","3000","3000","3000","3000","3000","3000","3000","3000","3000","3000","3000","3000","3000","3000","3000","3000","3000","3000","3000","3000","3000","3000","3000","3000","3000","3000","3000","3000","3000","3000","3000","3000","3000","3000","3000","3000","3000","3000","3000","3000","3000","3000","3000","3000","3000","3000","3000","3000","3000","3000","3000","3000","3000","3000","3000","3000","3000","3000","3000","3000","3000","3000","3000","3000","3000","3000","3000","3000","3000","3000","3000","3000","3000","3000","3000","3000","3000","3000","3000","3000","3000","3000","3000","3000","3000","3000","3000","3000","3000","3000","3000","3000","3000","3000","3000","3000","3000","3000","3000","3000","3000","3000","3000","3000","3000","3000","3000","3000","3000","3000","3000","3000","3000","3000","3000","3000","3000","3000","3000","3000","3000"

"[final value]","[step]","recovery-time","max-deviation","heading-variance","diversity-index","human-heading-variance","ai-heading-variance","human-diversity-index","ai-diversity-index","mean-cumulative-cost","human-mean-cost","ai-mean-cost","human-ai-cost-ratio","mean-alignment-work","human-mean-alignment-work","ai-mean-alignment-work","human-ai-work-ratio","cost-gini","max-fatigue-level","human-max-fatigue","ai-max-fatigue","mean-fatigue-level","human-mean-fatigue","ai-mean-fatigue","agents-fatigued","initial-coupling-bias-variance","num-humans","num-ais","[step]","recovery-time","max-deviation","heading-variance","diversity-index","human-heading-variance","ai-heading-variance","human-diversity-index","ai-diversity-index","mean-cumulative-cost","human-mean-cost","ai-mean-cost","human-ai-cost-ratio","mean-alignment-work","human-mean-alignment-work","ai-mean-alignment-work","human-ai-work-ratio","cost-gini","max-fatigue-level","human-max-fatigue","ai-max-fatigue","mean-fatigue-level","human-mean-fatigue","ai-mean-fatigue","agents-fatigued","initial-coupling-bias-variance","num-humans","num-ais","[step]","recovery-time","max-deviation","heading-variance","diversity-index","human-heading-variance","ai-heading-variance","human-diversity-index","ai-diversity-index","mean-cumulative-cost","human-mean-cost","ai-mean-cost","human-ai-cost-ratio","mean-alignment-work","human-mean-alignment-work","ai-mean-alignment-work","human-ai-work-ratio","cost-gini","max-fatigue-level","human-max-fatigue","ai-max-fatigue","mean-fatigue-level","human-mean-fatigue","ai-mean-fatigue","agents-fatigued","initial-coupling-bias-variance","num-humans","num-ais","[step]","recovery-time","max-deviation","heading-variance","diversity-index","human-heading-variance","ai-heading-variance","human-diversity-index","ai-diversity-index","mean-cumulative-cost","human-mean-cost","ai-mean-cost","human-ai-cost-ratio","mean-alignment-work","human-mean-alignment-work","ai-mean-alignment-work","human-ai-work-ratio","cost-gini","max-fatigue-level","human-max-fatigue","ai-max-fatigue","mean-fatigue-level","human-mean-fatigue","ai-mean-fatigue","agents-fatigued","initial-coupling-bias-variance","num-humans","num-ais","[step]","recovery-time","max-deviation","heading-variance","diversity-index","human-heading-variance","ai-heading-variance","human-diversity-index","ai-diversity-index","mean-cumulative-cost","human-mean-cost","ai-mean-cost","human-ai-cost-ratio","mean-alignment-work","human-mean-alignment-work","ai-mean-alignment-work","human-ai-work-ratio","cost-gini","max-fatigue-level","human-max-fatigue","ai-max-fatigue","mean-fatigue-level","human-mean-fatigue","ai-mean-fatigue","agents-fatigued","initial-coupling-bias-variance","num-humans","num-ais","[step]","recovery-time","max-deviation","heading-variance","diversity-index","human-heading-variance","ai-heading-variance","human-diversity-index","ai-diversity-index","mean-cumulative-cost","human-mean-cost","ai-mean-cost","human-ai-cost-ratio","mean-alignment-work","human-mean-alignment-work","ai-mean-alignment-work","human-ai-work-ratio","cost-gini","max-fatigue-level","human-max-fatigue","ai-max-fatigue","mean-fatigue-level","human-mean-fatigue","ai-mean-fatigue","agents-fatigued","initial-coupling-bias-variance","num-humans","num-ais","[step]","recovery-time","max-deviation","heading-variance","diversity-index","human-heading-variance","ai-heading-variance","human-diversity-index","ai-diversity-index","mean-cumulative-cost","human-mean-cost","ai-mean-cost","human-ai-cost-ratio","mean-alignment-work","human-mean-alignment-work","ai-mean-alignment-work","human-ai-work-ratio","cost-gini","max-fatigue-level","human-max-fatigue","ai-max-fatigue","mean-fatigue-level","human-mean-fatigue","ai-mean-fatigue","agents-fatigued","initial-coupling-bias-variance","num-humans","num-ais","[step]","recovery-time","max-deviation","heading-variance","diversity-index","human-heading-variance","ai-heading-variance","human-diversity-index","ai-diversity-index","mean-cumulative-cost","human-mean-cost","ai-mean-cost","human-ai-cost-ratio","mean-alignment-work","human-mean-alignment-work","ai-mean-alignment-work","human-ai-work-ratio","cost-gini","max-fatigue-level","human-max-fatigue","ai-max-fatigue","mean-fatigue-level","human-mean-fatigue","ai-mean-fatigue","agents-fatigued","initial-coupling-bias-variance","num-humans","num-ais","[step]","recovery-time","max-deviation","heading-variance","diversity-index","human-heading-variance","ai-heading-variance","human-diversity-index","ai-diversity-index","mean-cumulative-cost","human-mean-cost","ai-mean-cost","human-ai-cost-ratio","mean-alignment-work","human-mean-alignment-work","ai-mean-alignment-work","human-ai-work-ratio","cost-gini","max-fatigue-level","human-max-fatigue","ai-max-fatigue","mean-fatigue-level","human-mean-fatigue","ai-mean-fatigue","agents-fatigued","initial-coupling-bias-variance","num-humans","num-ais","[step]","recovery-time","max-deviation","heading-variance","diversity-index","human-heading-variance","ai-heading-variance","human-diversity-index","ai-diversity-index","mean-cumulative-cost","human-mean-cost","ai-mean-cost","human-ai-cost-ratio","mean-alignment-work","human-mean-alignment-work","ai-mean-alignment-work","human-ai-work-ratio","cost-gini","max-fatigue-level","human-max-fatigue","ai-max-fatigue","mean-fatigue-level","human-mean-fatigue","ai-mean-fatigue","agents-fatigued","initial-coupling-bias-variance","num-humans","num-ais","[step]","recovery-time","max-deviation","heading-variance","diversity-index","human-heading-variance","ai-heading-variance","human-diversity-index","ai-diversity-index","mean-cumulative-cost","human-mean-cost","ai-mean-cost","human-ai-cost-ratio","mean-alignment-work","human-mean-alignment-work","ai-mean-alignment-work","human-ai-work-ratio","cost-gini","max-fatigue-level","human-max-fatigue","ai-max-fatigue","mean-fatigue-level","human-mean-fatigue","ai-mean-fatigue","agents-fatigued","initial-coupling-bias-variance","num-humans","num-ais","[step]","recovery-time","max-deviation","heading-variance","diversity-index","human-heading-variance","ai-heading-variance","human-diversity-index","ai-diversity-index","mean-cumulative-cost","human-mean-cost","ai-mean-cost","human-ai-cost-ratio","mean-alignment-work","human-mean-alignment-work","ai-mean-alignment-work","human-ai-work-ratio","cost-gini","max-fatigue-level","human-max-fatigue","ai-max-fatigue","mean-fatigue-level","human-mean-fatigue","ai-mean-fatigue","agents-fatigued","initial-coupling-bias-variance","num-humans","num-ais","[step]","recovery-time","max-deviation","heading-variance","diversity-index","human-heading-variance","ai-heading-variance","human-diversity-index","ai-diversity-index","mean-cumulative-cost","human-mean-cost","ai-mean-cost","human-ai-cost-ratio","mean-alignment-work","human-mean-alignment-work","ai-mean-alignment-work","human-ai-work-ratio","cost-gini","max-fatigue-level","human-max-fatigue","ai-max-fatigue","mean-fatigue-level","human-mean-fatigue","ai-mean-fatigue","agents-fatigued","initial-coupling-bias-variance","num-humans","num-ais","[step]","recovery-time","max-deviation","heading-variance","diversity-index","human-heading-variance","ai-heading-variance","human-diversity-index","ai-diversity-index","mean-cumulative-cost","human-mean-cost","ai-mean-cost","human-ai-cost-ratio","mean-alignment-work","human-mean-alignment-work","ai-mean-alignment-work","human-ai-work-ratio","cost-gini","max-fatigue-level","human-max-fatigue","ai-max-fatigue","mean-fatigue-level","human-mean-fatigue","ai-mean-fatigue","agents-fatigued","initial-coupling-bias-variance","num-humans","num-ais","[step]","recovery-time","max-deviation","heading-variance","diversity-index","human-heading-variance","ai-heading-variance","human-diversity-index","ai-diversity-index","mean-cumulative-cost","human-mean-cost","ai-mean-cost","human-ai-cost-ratio","mean-alignment-work","human-mean-alignment-work","ai-mean-alignment-work","human-ai-work-ratio","cost-gini","max-fatigue-level","human-max-fatigue","ai-max-fatigue","mean-fatigue-level","human-mean-fatigue","ai-mean-fatigue","agents-fatigued","initial-coupling-bias-variance","num-humans","num-ais","[step]","recovery-time","max-deviation","heading-variance","diversity-index","human-heading-variance","ai-heading-variance","human-diversity-index","ai-diversity-index","mean-cumulative-cost","human-mean-cost","ai-mean-cost","human-ai-cost-ratio","mean-alignment-work","human-mean-alignment-work","ai-mean-alignment-work","human-ai-work-ratio","cost-gini","max-fatigue-level","human-max-fatigue","ai-max-fatigue","mean-fatigue-level","human-mean-fatigue","ai-mean-fatigue","agents-fatigued","initial-coupling-bias-variance","num-humans","num-ais","[step]","recovery-time","max-deviation","heading-variance","diversity-index","human-heading-variance","ai-heading-variance","human-diversity-index","ai-diversity-index","mean-cumulative-cost","human-mean-cost","ai-mean-cost","human-ai-cost-ratio","mean-alignment-work","human-mean-alignment-work","ai-mean-alignment-work","human-ai-work-ratio","cost-gini","max-fatigue-level","human-max-fatigue","ai-max-fatigue","mean-fatigue-level","human-mean-fatigue","ai-mean-fatigue","agents-fatigued","initial-coupling-bias-variance","num-humans","num-ais","[step]","recovery-time","max-deviation","heading-variance","diversity-index","human-heading-variance","ai-heading-variance","human-diversity-index","ai-diversity-index","mean-cumulative-cost","human-mean-cost","ai-mean-cost","human-ai-cost-ratio","mean-alignment-work","human-mean-alignment-work","ai-mean-alignment-work","human-ai-work-ratio","cost-gini","max-fatigue-level","human-max-fatigue","ai-max-fatigue","mean-fatigue-level","human-mean-fatigue","ai-mean-fatigue","agents-fatigued","initial-coupling-bias-variance","num-humans","num-ais","[step]","recovery-time","max-deviation","heading-variance","diversity-index","human-heading-variance","ai-heading-variance","human-diversity-index","ai-diversity-index","mean-cumulative-cost","human-mean-cost","ai-mean-cost","human-ai-cost-ratio","mean-alignment-work","human-mean-alignment-work","ai-mean-alignment-work","human-ai-work-ratio","cost-gini","max-fatigue-level","human-max-fatigue","ai-max-fatigue","mean-fatigue-level","human-mean-fatigue","ai-mean-fatigue","agents-fatigued","initial-coupling-bias-variance","num-humans","num-ais","[step]","recovery-time","max-deviation","heading-variance","diversity-index","human-heading-variance","ai-heading-variance","human-diversity-index","ai-diversity-index","mean-cumulative-cost","human-mean-cost","ai-mean-cost","human-ai-cost-ratio","mean-alignment-work","human-mean-alignment-work","ai-mean-alignment-work","human-ai-work-ratio","cost-gini","max-fatigue-level","human-max-fatigue","ai-max-fatigue","mean-fatigue-level","human-mean-fatigue","ai-mean-fatigue","agents-fatigued","initial-coupling-bias-variance","num-humans","num-ais","[step]","recovery-time","max-deviation","heading-variance","diversity-index","human-heading-variance","ai-heading-variance","human-diversity-index","ai-diversity-index","mean-cumulative-cost","human-mean-cost","ai-mean-cost","human-ai-cost-ratio","mean-alignment-work","human-mean-alignment-work","ai-mean-alignment-work","human-ai-work-ratio","cost-gini","max-fatigue-level","human-max-fatigue","ai-max-fatigue","mean-fatigue-level","human-mean-fatigue","ai-mean-fatigue","agents-fatigued","initial-coupling-bias-variance","num-humans","num-ais","[step]","recovery-time","max-deviation","heading-variance","diversity-index","human-heading-variance","ai-heading-variance","human-diversity-index","ai-diversity-index","mean-cumulative-cost","human-mean-cost","ai-mean-cost","human-ai-cost-ratio","mean-alignment-work","human-mean-alignment-work","ai-mean-alignment-work","human-ai-work-ratio","cost-gini","max-fatigue-level","human-max-fatigue","ai-max-fatigue","mean-fatigue-level","human-mean-fatigue","ai-mean-fatigue","agents-fatigued","initial-coupling-bias-variance","num-humans","num-ais","[step]","recovery-time","max-deviation","heading-variance","diversity-index","human-heading-variance","ai-heading-variance","human-diversity-index","ai-diversity-index","mean-cumulative-cost","human-mean-cost","ai-mean-cost","human-ai-cost-ratio","mean-alignment-work","human-mean-alignment-work","ai-mean-alignment-work","human-ai-work-ratio","cost-gini","max-fatigue-level","human-max-fatigue","ai-max-fatigue","mean-fatigue-level","human-mean-fatigue","ai-mean-fatigue","agents-fatigued","initial-coupling-bias-variance","num-humans","num-ais","[step]","recovery-time","max-deviation","heading-variance","diversity-index","human-heading-variance","ai-heading-variance","human-diversity-index","ai-diversity-index","mean-cumulative-cost","human-mean-cost","ai-mean-cost","human-ai-cost-ratio","mean-alignment-work","human-mean-alignment-work","ai-mean-alignment-work","human-ai-work-ratio","cost-gini","max-fatigue-level","human-max-fatigue","ai-max-fatigue","mean-fatigue-level","human-mean-fatigue","ai-mean-fatigue","agents-fatigued","initial-coupling-bias-variance","num-humans","num-ais","[step]","recovery-time","max-deviation","heading-variance","diversity-index","human-heading-variance","ai-heading-variance","human-diversity-index","ai-diversity-index","mean-cumulative-cost","human-mean-cost","ai-mean-cost","human-ai-cost-ratio","mean-alignment-work","human-mean-alignment-work","ai-mean-alignment-work","human-ai-work-ratio","cost-gini","max-fatigue-level","human-max-fatigue","ai-max-fatigue","mean-fatigue-level","human-mean-fatigue","ai-mean-fatigue","agents-fatigued","initial-coupling-bias-variance","num-humans","num-ais","[step]","recovery-time","max-deviation","heading-variance","diversity-index","human-heading-variance","ai-heading-variance","human-diversity-index","ai-diversity-index","mean-cumulative-cost","human-mean-cost","ai-mean-cost","human-ai-cost-ratio","mean-alignment-work","human-mean-alignment-work","ai-mean-alignment-work","human-ai-work-ratio","cost-gini","max-fatigue-level","human-max-fatigue","ai-max-fatigue","mean-fatigue-level","human-mean-fatigue","ai-mean-fatigue","agents-fatigued","initial-coupling-bias-variance","num-humans","num-ais","[step]","recovery-time","max-deviation","heading-variance","diversity-index","human-heading-variance","ai-heading-variance","human-diversity-index","ai-diversity-index","mean-cumulative-cost","human-mean-cost","ai-mean-cost","human-ai-cost-ratio","mean-alignment-work","human-mean-alignment-work","ai-mean-alignment-work","human-ai-work-ratio","cost-gini","max-fatigue-level","human-max-fatigue","ai-max-fatigue","mean-fatigue-level","human-mean-fatigue","ai-mean-fatigue","agents-fatigued","initial-coupling-bias-variance","num-humans","num-ais","[step]","recovery-time","max-deviation","heading-variance","diversity-index","human-heading-variance","ai-heading-variance","human-diversity-index","ai-diversity-index","mean-cumulative-cost","human-mean-cost","ai-mean-cost","human-ai-cost-ratio","mean-alignment-work","human-mean-alignment-work","ai-mean-alignment-work","human-ai-work-ratio","cost-gini","max-fatigue-level","human-max-fatigue","ai-max-fatigue","mean-fatigue-level","human-mean-fatigue","ai-mean-fatigue","agents-fatigued","initial-coupling-bias-variance","num-humans","num-ais","[step]","recovery-time","max-deviation","heading-variance","diversity-index","human-heading-variance","ai-heading-variance","human-diversity-index","ai-diversity-index","mean-cumulative-cost","human-mean-cost","ai-mean-cost","human-ai-cost-ratio","mean-alignment-work","human-mean-alignment-work","ai-mean-alignment-work","human-ai-work-ratio","cost-gini","max-fatigue-level","human-max-fatigue","ai-max-fatigue","mean-fatigue-level","human-mean-fatigue","ai-mean-fatigue","agents-fatigued","initial-coupling-bias-variance","num-humans","num-ais","[step]","recovery-time","max-deviation","heading-variance","diversity-index","human-heading-variance","ai-heading-variance","human-diversity-index","ai-diversity-index","mean-cumulative-cost","human-mean-cost","ai-mean-cost","human-ai-cost-ratio","mean-alignment-work","human-mean-alignment-work","ai-mean-alignment-work","human-ai-work-ratio","cost-gini","max-fatigue-level","human-max-fatigue","ai-max-fatigue","mean-fatigue-level","human-mean-fatigue","ai-mean-fatigue","agents-fatigued","initial-coupling-bias-variance","num-humans","num-ais","[step]","recovery-time","max-deviation","heading-variance","diversity-index","human-heading-variance","ai-heading-variance","human-diversity-index","ai-diversity-index","mean-cumulative-cost","human-mean-cost","ai-mean-cost","human-ai-cost-ratio","mean-alignment-work","human-mean-alignment-work","ai-mean-alignment-work","human-ai-work-ratio","cost-gini","max-fatigue-level","human-max-fatigue","ai-max-fatigue","mean-fatigue-level","human-mean-fatigue","ai-mean-fatigue","agents-fatigued","initial-coupling-bias-variance","num-humans","num-ais","[step]","recovery-time","max-deviation","heading-variance","diversity-index","human-heading-variance","ai-heading-variance","human-diversity-index","ai-diversity-index","mean-cumulative-cost","human-mean-cost","ai-mean-cost","human-ai-cost-ratio","mean-alignment-work","human-mean-alignment-work","ai-mean-alignment-work","human-ai-work-ratio","cost-gini","max-fatigue-level","human-max-fatigue","ai-max-fatigue","mean-fatigue-level","human-mean-fatigue","ai-mean-fatigue","agents-fatigued","initial-coupling-bias-variance","num-humans","num-ais","[step]","recovery-time","max-deviation","heading-variance","diversity-index","human-heading-variance","ai-heading-variance","human-diversity-index","ai-diversity-index","mean-cumulative-cost","human-mean-cost","ai-mean-cost","human-ai-cost-ratio","mean-alignment-work","human-mean-alignment-work","ai-mean-alignment-work","human-ai-work-ratio","cost-gini","max-fatigue-level","human-max-fatigue","ai-max-fatigue","mean-fatigue-level","human-mean-fatigue","ai-mean-fatigue","agents-fatigued","initial-coupling-bias-variance","num-humans","num-ais","[step]","recovery-time","max-deviation","heading-variance","diversity-index","human-heading-variance","ai-heading-variance","human-diversity-index","ai-diversity-index","mean-cumulative-cost","human-mean-cost","ai-mean-cost","human-ai-cost-ratio","mean-alignment-work","human-mean-alignment-work","ai-mean-alignment-work","human-ai-work-ratio","cost-gini","max-fatigue-level","human-max-fatigue","ai-max-fatigue","mean-fatigue-level","human-mean-fatigue","ai-mean-fatigue","agents-fatigued","initial-coupling-bias-variance","num-humans","num-ais","[step]","recovery-time","max-deviation","heading-variance","diversity-index","human-heading-variance","ai-heading-variance","human-diversity-index","ai-diversity-index","mean-cumulative-cost","human-mean-cost","ai-mean-cost","human-ai-cost-ratio","mean-alignment-work","human-mean-alignment-work","ai-mean-alignment-work","human-ai-work-ratio","cost-gini","max-fatigue-level","human-max-fatigue","ai-max-fatigue","mean-fatigue-level","human-mean-fatigue","ai-mean-fatigue","agents-fatigued","initial-coupling-bias-variance","num-humans","num-ais","[step]","recovery-time","max-deviation","heading-variance","diversity-index","human-heading-variance","ai-heading-variance","human-diversity-index","ai-diversity-index","mean-cumulative-cost","human-mean-cost","ai-mean-cost","human-ai-cost-ratio","mean-alignment-work","human-mean-alignment-work","ai-mean-alignment-work","human-ai-work-ratio","cost-gini","max-fatigue-level","human-max-fatigue","ai-max-fatigue","mean-fatigue-level","human-mean-fatigue","ai-mean-fatigue","agents-fatigued","initial-coupling-bias-variance","num-humans","num-ais","[step]","recovery-time","max-deviation","heading-variance","diversity-index","human-heading-variance","ai-heading-variance","human-diversity-index","ai-diversity-index","mean-cumulative-cost","human-mean-cost","ai-mean-cost","human-ai-cost-ratio","mean-alignment-work","human-mean-alignment-work","ai-mean-alignment-work","human-ai-work-ratio","cost-gini","max-fatigue-level","human-max-fatigue","ai-max-fatigue","mean-fatigue-level","human-mean-fatigue","ai-mean-fatigue","agents-fatigued","initial-coupling-bias-variance","num-humans","num-ais","[step]","recovery-time","max-deviation","heading-variance","diversity-index","human-heading-variance","ai-heading-variance","human-diversity-index","ai-diversity-index","mean-cumulative-cost","human-mean-cost","ai-mean-cost","human-ai-cost-ratio","mean-alignment-work","human-mean-alignment-work","ai-mean-alignment-work","human-ai-work-ratio","cost-gini","max-fatigue-level","human-max-fatigue","ai-max-fatigue","mean-fatigue-level","human-mean-fatigue","ai-mean-fatigue","agents-fatigued","initial-coupling-bias-variance","num-humans","num-ais","[step]","recovery-time","max-deviation","heading-variance","diversity-index","human-heading-variance","ai-heading-variance","human-diversity-index","ai-diversity-index","mean-cumulative-cost","human-mean-cost","ai-mean-cost","human-ai-cost-ratio","mean-alignment-work","human-mean-alignment-work","ai-mean-alignment-work","human-ai-work-ratio","cost-gini","max-fatigue-level","human-max-fatigue","ai-max-fatigue","mean-fatigue-level","human-mean-fatigue","ai-mean-fatigue","agents-fatigued","initial-coupling-bias-variance","num-humans","num-ais","[step]","recovery-time","max-deviation","heading-variance","diversity-index","human-heading-variance","ai-heading-variance","human-diversity-index","ai-diversity-index","mean-cumulative-cost","human-mean-cost","ai-mean-cost","human-ai-cost-ratio","mean-alignment-work","human-mean-alignment-work","ai-mean-alignment-work","human-ai-work-ratio","cost-gini","max-fatigue-level","human-max-fatigue","ai-max-fatigue","mean-fatigue-level","human-mean-fatigue","ai-mean-fatigue","agents-fatigued","initial-coupling-bias-variance","num-humans","num-ais","[step]","recovery-time","max-deviation","heading-variance","diversity-index","human-heading-variance","ai-heading-variance","human-diversity-index","ai-diversity-index","mean-cumulative-cost","human-mean-cost","ai-mean-cost","human-ai-cost-ratio","mean-alignment-work","human-mean-alignment-work","ai-mean-alignment-work","human-ai-work-ratio","cost-gini","max-fatigue-level","human-max-fatigue","ai-max-fatigue","mean-fatigue-level","human-mean-fatigue","ai-mean-fatigue","agents-fatigued","initial-coupling-bias-variance","num-humans","num-ais","[step]","recovery-time","max-deviation","heading-variance","diversity-index","human-heading-variance","ai-heading-variance","human-diversity-index","ai-diversity-index","mean-cumulative-cost","human-mean-cost","ai-mean-cost","human-ai-cost-ratio","mean-alignment-work","human-mean-alignment-work","ai-mean-alignment-work","human-ai-work-ratio","cost-gini","max-fatigue-level","human-max-fatigue","ai-max-fatigue","mean-fatigue-level","human-mean-fatigue","ai-mean-fatigue","agents-fatigued","initial-coupling-bias-variance","num-humans","num-ais","[step]","recovery-time","max-deviation","heading-variance","diversity-index","human-heading-variance","ai-heading-variance","human-diversity-index","ai-diversity-index","mean-cumulative-cost","human-mean-cost","ai-mean-cost","human-ai-cost-ratio","mean-alignment-work","human-mean-alignment-work","ai-mean-alignment-work","human-ai-work-ratio","cost-gini","max-fatigue-level","human-max-fatigue","ai-max-fatigue","mean-fatigue-level","human-mean-fatigue","ai-mean-fatigue","agents-fatigued","initial-coupling-bias-variance","num-humans","num-ais","[step]","recovery-time","max-deviation","heading-variance","diversity-index","human-heading-variance","ai-heading-variance","human-diversity-index","ai-diversity-index","mean-cumulative-cost","human-mean-cost","ai-mean-cost","human-ai-cost-ratio","mean-alignment-work","human-mean-alignment-work","ai-mean-alignment-work","human-ai-work-ratio","cost-gini","max-fatigue-level","human-max-fatigue","ai-max-fatigue","mean-fatigue-level","human-mean-fatigue","ai-mean-fatigue","agents-fatigued","initial-coupling-bias-variance","num-humans","num-ais","[step]","recovery-time","max-deviation","heading-variance","diversity-index","human-heading-variance","ai-heading-variance","human-diversity-index","ai-diversity-index","mean-cumulative-cost","human-mean-cost","ai-mean-cost","human-ai-cost-ratio","mean-alignment-work","human-mean-alignment-work","ai-mean-alignment-work","human-ai-work-ratio","cost-gini","max-fatigue-level","human-max-fatigue","ai-max-fatigue","mean-fatigue-level","human-mean-fatigue","ai-mean-fatigue","agents-fatigued","initial-coupling-bias-variance","num-humans","num-ais","[step]","recovery-time","max-deviation","heading-variance","diversity-index","human-heading-variance","ai-heading-variance","human-diversity-index","ai-diversity-index","mean-cumulative-cost","human-mean-cost","ai-mean-cost","human-ai-cost-ratio","mean-alignment-work","human-mean-alignment-work","ai-mean-alignment-work","human-ai-work-ratio","cost-gini","max-fatigue-level","human-max-fatigue","ai-max-fatigue","mean-fatigue-level","human-mean-fatigue","ai-mean-fatigue","agents-fatigued","initial-coupling-bias-variance","num-humans","num-ais","[step]","recovery-time","max-deviation","heading-variance","diversity-index","human-heading-variance","ai-heading-variance","human-diversity-index","ai-diversity-index","mean-cumulative-cost","human-mean-cost","ai-mean-cost","human-ai-cost-ratio","mean-alignment-work","human-mean-alignment-work","ai-mean-alignment-work","human-ai-work-ratio","cost-gini","max-fatigue-level","human-max-fatigue","ai-max-fatigue","mean-fatigue-level","human-mean-fatigue","ai-mean-fatigue","agents-fatigued","initial-coupling-bias-variance","num-humans","num-ais","[step]","recovery-time","max-deviation","heading-variance","diversity-index","human-heading-variance","ai-heading-variance","human-diversity-index","ai-diversity-index","mean-cumulative-cost","human-mean-cost","ai-mean-cost","human-ai-cost-ratio","mean-alignment-work","human-mean-alignment-work","ai-mean-alignment-work","human-ai-work-ratio","cost-gini","max-fatigue-level","human-max-fatigue","ai-max-fatigue","mean-fatigue-level","human-mean-fatigue","ai-mean-fatigue","agents-fatigued","initial-coupling-bias-variance","num-humans","num-ais","[step]","recovery-time","max-deviation","heading-variance","diversity-index","human-heading-variance","ai-heading-variance","human-diversity-index","ai-diversity-index","mean-cumulative-cost","human-mean-cost","ai-mean-cost","human-ai-cost-ratio","mean-alignment-work","human-mean-alignment-work","ai-mean-alignment-work","human-ai-work-ratio","cost-gini","max-fatigue-level","human-max-fatigue","ai-max-fatigue","mean-fatigue-level","human-mean-fatigue","ai-mean-fatigue","agents-fatigued","initial-coupling-bias-variance","num-humans","num-ais","[step]","recovery-time","max-deviation","heading-variance","diversity-index","human-heading-variance","ai-heading-variance","human-diversity-index","ai-diversity-index","mean-cumulative-cost","human-mean-cost","ai-mean-cost","human-ai-cost-ratio","mean-alignment-work","human-mean-alignment-work","ai-mean-alignment-work","human-ai-work-ratio","cost-gini","max-fatigue-level","human-max-fatigue","ai-max-fatigue","mean-fatigue-level","human-mean-fatigue","ai-mean-fatigue","agents-fatigued","initial-coupling-bias-variance","num-humans","num-ais","[step]","recovery-time","max-deviation","heading-variance","diversity-index","human-heading-variance","ai-heading-variance","human-diversity-index","ai-diversity-index","mean-cumulative-cost","human-mean-cost","ai-mean-cost","human-ai-cost-ratio","mean-alignment-work","human-mean-alignment-work","ai-mean-alignment-work","human-ai-work-ratio","cost-gini","max-fatigue-level","human-max-fatigue","ai-max-fatigue","mean-fatigue-level","human-mean-fatigue","ai-mean-fatigue","agents-fatigued","initial-coupling-bias-variance","num-humans","num-ais","[step]","recovery-time","max-deviation","heading-variance","diversity-index","human-heading-variance","ai-heading-variance","human-diversity-index","ai-diversity-index","mean-cumulative-cost","human-mean-cost","ai-mean-cost","human-ai-cost-ratio","mean-alignment-work","human-mean-alignment-work","ai-mean-alignment-work","human-ai-work-ratio","cost-gini","max-fatigue-level","human-max-fatigue","ai-max-fatigue","mean-fatigue-level","human-mean-fatigue","ai-mean-fatigue","agents-fatigued","initial-coupling-bias-variance","num-humans","num-ais","[step]","recovery-time","max-deviation","heading-variance","diversity-index","human-heading-variance","ai-heading-variance","human-diversity-index","ai-diversity-index","mean-cumulative-cost","human-mean-cost","ai-mean-cost","human-ai-cost-ratio","mean-alignment-work","human-mean-alignment-work","ai-mean-alignment-work","human-ai-work-ratio","cost-gini","max-fatigue-level","human-max-fatigue","ai-max-fatigue","mean-fatigue-level","human-mean-fatigue","ai-mean-fatigue","agents-fatigued","initial-coupling-bias-variance","num-humans","num-ais","[step]","recovery-time","max-deviation","heading-variance","diversity-index","human-heading-variance","ai-heading-variance","human-diversity-index","ai-diversity-index","mean-cumulative-cost","human-mean-cost","ai-mean-cost","human-ai-cost-ratio","mean-alignment-work","human-mean-alignment-work","ai-mean-alignment-work","human-ai-work-ratio","cost-gini","max-fatigue-level","human-max-fatigue","ai-max-fatigue","mean-fatigue-level","human-mean-fatigue","ai-mean-fatigue","agents-fatigued","initial-coupling-bias-variance","num-humans","num-ais","[step]","recovery-time","max-deviation","heading-variance","diversity-index","human-heading-variance","ai-heading-variance","human-diversity-index","ai-diversity-index","mean-cumulative-cost","human-mean-cost","ai-mean-cost","human-ai-cost-ratio","mean-alignment-work","human-mean-alignment-work","ai-mean-alignment-work","human-ai-work-ratio","cost-gini","max-fatigue-level","human-max-fatigue","ai-max-fatigue","mean-fatigue-level","human-mean-fatigue","ai-mean-fatigue","agents-fatigued","initial-coupling-bias-variance","num-humans","num-ais","[step]","recovery-time","max-deviation","heading-variance","diversity-index","human-heading-variance","ai-heading-variance","human-diversity-index","ai-diversity-index","mean-cumulative-cost","human-mean-cost","ai-mean-cost","human-ai-cost-ratio","mean-alignment-work","human-mean-alignment-work","ai-mean-alignment-work","human-ai-work-ratio","cost-gini","max-fatigue-level","human-max-fatigue","ai-max-fatigue","mean-fatigue-level","human-mean-fatigue","ai-mean-fatigue","agents-fatigued","initial-coupling-bias-variance","num-humans","num-ais","[step]","recovery-time","max-deviation","heading-variance","diversity-index","human-heading-variance","ai-heading-variance","human-diversity-index","ai-diversity-index","mean-cumulative-cost","human-mean-cost","ai-mean-cost","human-ai-cost-ratio","mean-alignment-work","human-mean-alignment-work","ai-mean-alignment-work","human-ai-work-ratio","cost-gini","max-fatigue-level","human-max-fatigue","ai-max-fatigue","mean-fatigue-level","human-mean-fatigue","ai-mean-fatigue","agents-fatigued","initial-coupling-bias-variance","num-humans","num-ais","[step]","recovery-time","max-deviation","heading-variance","diversity-index","human-heading-variance","ai-heading-variance","human-diversity-index","ai-diversity-index","mean-cumulative-cost","human-mean-cost","ai-mean-cost","human-ai-cost-ratio","mean-alignment-work","human-mean-alignment-work","ai-mean-alignment-work","human-ai-work-ratio","cost-gini","max-fatigue-level","human-max-fatigue","ai-max-fatigue","mean-fatigue-level","human-mean-fatigue","ai-mean-fatigue","agents-fatigued","initial-coupling-bias-variance","num-humans","num-ais","[step]","recovery-time","max-deviation","heading-variance","diversity-index","human-heading-variance","ai-heading-variance","human-diversity-index","ai-diversity-index","mean-cumulative-cost","human-mean-cost","ai-mean-cost","human-ai-cost-ratio","mean-alignment-work","human-mean-alignment-work","ai-mean-alignment-work","human-ai-work-ratio","cost-gini","max-fatigue-level","human-max-fatigue","ai-max-fatigue","mean-fatigue-level","human-mean-fatigue","ai-mean-fatigue","agents-fatigued","initial-coupling-bias-variance","num-humans","num-ais","[step]","recovery-time","max-deviation","heading-variance","diversity-index","human-heading-variance","ai-heading-variance","human-diversity-index","ai-diversity-index","mean-cumulative-cost","human-mean-cost","ai-mean-cost","human-ai-cost-ratio","mean-alignment-work","human-mean-alignment-work","ai-mean-alignment-work","human-ai-work-ratio","cost-gini","max-fatigue-level","human-max-fatigue","ai-max-fatigue","mean-fatigue-level","human-mean-fatigue","ai-mean-fatigue","agents-fatigued","initial-coupling-bias-variance","num-humans","num-ais","[step]","recovery-time","max-deviation","heading-variance","diversity-index","human-heading-variance","ai-heading-variance","human-diversity-index","ai-diversity-index","mean-cumulative-cost","human-mean-cost","ai-mean-cost","human-ai-cost-ratio","mean-alignment-work","human-mean-alignment-work","ai-mean-alignment-work","human-ai-work-ratio","cost-gini","max-fatigue-level","human-max-fatigue","ai-max-fatigue","mean-fatigue-level","human-mean-fatigue","ai-mean-fatigue","agents-fatigued","initial-coupling-bias-variance","num-humans","num-ais","[step]","recovery-time","max-deviation","heading-variance","diversity-index","human-heading-variance","ai-heading-variance","human-diversity-index","ai-diversity-index","mean-cumulative-cost","human-mean-cost","ai-mean-cost","human-ai-cost-ratio","mean-alignment-work","human-mean-alignment-work","ai-mean-alignment-work","human-ai-work-ratio","cost-gini","max-fatigue-level","human-max-fatigue","ai-max-fatigue","mean-fatigue-level","human-mean-fatigue","ai-mean-fatigue","agents-fatigued","initial-coupling-bias-variance","num-humans","num-ais","[step]","recovery-time","max-deviation","heading-variance","diversity-index","human-heading-variance","ai-heading-variance","human-diversity-index","ai-diversity-index","mean-cumulative-cost","human-mean-cost","ai-mean-cost","human-ai-cost-ratio","mean-alignment-work","human-mean-alignment-work","ai-mean-alignment-work","human-ai-work-ratio","cost-gini","max-fatigue-level","human-max-fatigue","ai-max-fatigue","mean-fatigue-level","human-mean-fatigue","ai-mean-fatigue","agents-fatigued","initial-coupling-bias-variance","num-humans","num-ais","[step]","recovery-time","max-deviation","heading-variance","diversity-index","human-heading-variance","ai-heading-variance","human-diversity-index","ai-diversity-index","mean-cumulative-cost","human-mean-cost","ai-mean-cost","human-ai-cost-ratio","mean-alignment-work","human-mean-alignment-work","ai-mean-alignment-work","human-ai-work-ratio","cost-gini","max-fatigue-level","human-max-fatigue","ai-max-fatigue","mean-fatigue-level","human-mean-fatigue","ai-mean-fatigue","agents-fatigued","initial-coupling-bias-variance","num-humans","num-ais","[step]","recovery-time","max-deviation","heading-variance","diversity-index","human-heading-variance","ai-heading-variance","human-diversity-index","ai-diversity-index","mean-cumulative-cost","human-mean-cost","ai-mean-cost","human-ai-cost-ratio","mean-alignment-work","human-mean-alignment-work","ai-mean-alignment-work","human-ai-work-ratio","cost-gini","max-fatigue-level","human-max-fatigue","ai-max-fatigue","mean-fatigue-level","human-mean-fatigue","ai-mean-fatigue","agents-fatigued","initial-coupling-bias-variance","num-humans","num-ais","[step]","recovery-time","max-deviation","heading-variance","diversity-index","human-heading-variance","ai-heading-variance","human-diversity-index","ai-diversity-index","mean-cumulative-cost","human-mean-cost","ai-mean-cost","human-ai-cost-ratio","mean-alignment-work","human-mean-alignment-work","ai-mean-alignment-work","human-ai-work-ratio","cost-gini","max-fatigue-level","human-max-fatigue","ai-max-fatigue","mean-fatigue-level","human-mean-fatigue","ai-mean-fatigue","agents-fatigued","initial-coupling-bias-variance","num-humans","num-ais","[step]","recovery-time","max-deviation","heading-variance","diversity-index","human-heading-variance","ai-heading-variance","human-diversity-index","ai-diversity-index","mean-cumulative-cost","human-mean-cost","ai-mean-cost","human-ai-cost-ratio","mean-alignment-work","human-mean-alignment-work","ai-mean-alignment-work","human-ai-work-ratio","cost-gini","max-fatigue-level","human-max-fatigue","ai-max-fatigue","mean-fatigue-level","human-mean-fatigue","ai-mean-fatigue","agents-fatigued","initial-coupling-bias-variance","num-humans","num-ais","[step]","recovery-time","max-deviation","heading-variance","diversity-index","human-heading-variance","ai-heading-variance","human-diversity-index","ai-diversity-index","mean-cumulative-cost","human-mean-cost","ai-mean-cost","human-ai-cost-ratio","mean-alignment-work","human-mean-alignment-work","ai-mean-alignment-work","human-ai-work-ratio","cost-gini","max-fatigue-level","human-max-fatigue","ai-max-fatigue","mean-fatigue-level","human-mean-fatigue","ai-mean-fatigue","agents-fatigued","initial-coupling-bias-variance","num-humans","num-ais","[step]","recovery-time","max-deviation","heading-variance","diversity-index","human-heading-variance","ai-heading-variance","human-diversity-index","ai-diversity-index","mean-cumulative-cost","human-mean-cost","ai-mean-cost","human-ai-cost-ratio","mean-alignment-work","human-mean-alignment-work","ai-mean-alignment-work","human-ai-work-ratio","cost-gini","max-fatigue-level","human-max-fatigue","ai-max-fatigue","mean-fatigue-level","human-mean-fatigue","ai-mean-fatigue","agents-fatigued","initial-coupling-bias-variance","num-humans","num-ais","[step]","recovery-time","max-deviation","heading-variance","diversity-index","human-heading-variance","ai-heading-variance","human-diversity-index","ai-diversity-index","mean-cumulative-cost","human-mean-cost","ai-mean-cost","human-ai-cost-ratio","mean-alignment-work","human-mean-alignment-work","ai-mean-alignment-work","human-ai-work-ratio","cost-gini","max-fatigue-level","human-max-fatigue","ai-max-fatigue","mean-fatigue-level","human-mean-fatigue","ai-mean-fatigue","agents-fatigued","initial-coupling-bias-variance","num-humans","num-ais","[step]","recovery-time","max-deviation","heading-variance","diversity-index","human-heading-variance","ai-heading-variance","human-diversity-index","ai-diversity-index","mean-cumulative-cost","human-mean-cost","ai-mean-cost","human-ai-cost-ratio","mean-alignment-work","human-mean-alignment-work","ai-mean-alignment-work","human-ai-work-ratio","cost-gini","max-fatigue-level","human-max-fatigue","ai-max-fatigue","mean-fatigue-level","human-mean-fatigue","ai-mean-fatigue","agents-fatigued","initial-coupling-bias-variance","num-humans","num-ais","[step]","recovery-time","max-deviation","heading-variance","diversity-index","human-heading-variance","ai-heading-variance","human-diversity-index","ai-diversity-index","mean-cumulative-cost","human-mean-cost","ai-mean-cost","human-ai-cost-ratio","mean-alignment-work","human-mean-alignment-work","ai-mean-alignment-work","human-ai-work-ratio","cost-gini","max-fatigue-level","human-max-fatigue","ai-max-fatigue","mean-fatigue-level","human-mean-fatigue","ai-mean-fatigue","agents-fatigued","initial-coupling-bias-variance","num-humans","num-ais","[step]","recovery-time","max-deviation","heading-variance","diversity-index","human-heading-variance","ai-heading-variance","human-diversity-index","ai-diversity-index","mean-cumulative-cost","human-mean-cost","ai-mean-cost","human-ai-cost-ratio","mean-alignment-work","human-mean-alignment-work","ai-mean-alignment-work","human-ai-work-ratio","cost-gini","max-fatigue-level","human-max-fatigue","ai-max-fatigue","mean-fatigue-level","human-mean-fatigue","ai-mean-fatigue","agents-fatigued","initial-coupling-bias-variance","num-humans","num-ais","[step]","recovery-time","max-deviation","heading-variance","diversity-index","human-heading-variance","ai-heading-variance","human-diversity-index","ai-diversity-index","mean-cumulative-cost","human-mean-cost","ai-mean-cost","human-ai-cost-ratio","mean-alignment-work","human-mean-alignment-work","ai-mean-alignment-work","human-ai-work-ratio","cost-gini","max-fatigue-level","human-max-fatigue","ai-max-fatigue","mean-fatigue-level","human-mean-fatigue","ai-mean-fatigue","agents-fatigued","initial-coupling-bias-variance","num-humans","num-ais","[step]","recovery-time","max-deviation","heading-variance","diversity-index","human-heading-variance","ai-heading-variance","human-diversity-index","ai-diversity-index","mean-cumulative-cost","human-mean-cost","ai-mean-cost","human-ai-cost-ratio","mean-alignment-work","human-mean-alignment-work","ai-mean-alignment-work","human-ai-work-ratio","cost-gini","max-fatigue-level","human-max-fatigue","ai-max-fatigue","mean-fatigue-level","human-mean-fatigue","ai-mean-fatigue","agents-fatigued","initial-coupling-bias-variance","num-humans","num-ais","[step]","recovery-time","max-deviation","heading-variance","diversity-index","human-heading-variance","ai-heading-variance","human-diversity-index","ai-diversity-index","mean-cumulative-cost","human-mean-cost","ai-mean-cost","human-ai-cost-ratio","mean-alignment-work","human-mean-alignment-work","ai-mean-alignment-work","human-ai-work-ratio","cost-gini","max-fatigue-level","human-max-fatigue","ai-max-fatigue","mean-fatigue-level","human-mean-fatigue","ai-mean-fatigue","agents-fatigued","initial-coupling-bias-variance","num-humans","num-ais","[step]","recovery-time","max-deviation","heading-variance","diversity-index","human-heading-variance","ai-heading-variance","human-diversity-index","ai-diversity-index","mean-cumulative-cost","human-mean-cost","ai-mean-cost","human-ai-cost-ratio","mean-alignment-work","human-mean-alignment-work","ai-mean-alignment-work","human-ai-work-ratio","cost-gini","max-fatigue-level","human-max-fatigue","ai-max-fatigue","mean-fatigue-level","human-mean-fatigue","ai-mean-fatigue","agents-fatigued","initial-coupling-bias-variance","num-humans","num-ais","[step]","recovery-time","max-deviation","heading-variance","diversity-index","human-heading-variance","ai-heading-variance","human-diversity-index","ai-diversity-index","mean-cumulative-cost","human-mean-cost","ai-mean-cost","human-ai-cost-ratio","mean-alignment-work","human-mean-alignment-work","ai-mean-alignment-work","human-ai-work-ratio","cost-gini","max-fatigue-level","human-max-fatigue","ai-max-fatigue","mean-fatigue-level","human-mean-fatigue","ai-mean-fatigue","agents-fatigued","initial-coupling-bias-variance","num-humans","num-ais","[step]","recovery-time","max-deviation","heading-variance","diversity-index","human-heading-variance","ai-heading-variance","human-diversity-index","ai-diversity-index","mean-cumulative-cost","human-mean-cost","ai-mean-cost","human-ai-cost-ratio","mean-alignment-work","human-mean-alignment-work","ai-mean-alignment-work","human-ai-work-ratio","cost-gini","max-fatigue-level","human-max-fatigue","ai-max-fatigue","mean-fatigue-level","human-mean-fatigue","ai-mean-fatigue","agents-fatigued","initial-coupling-bias-variance","num-humans","num-ais","[step]","recovery-time","max-deviation","heading-variance","diversity-index","human-heading-variance","ai-heading-variance","human-diversity-index","ai-diversity-index","mean-cumulative-cost","human-mean-cost","ai-mean-cost","human-ai-cost-ratio","mean-alignment-work","human-mean-alignment-work","ai-mean-alignment-work","human-ai-work-ratio","cost-gini","max-fatigue-level","human-max-fatigue","ai-max-fatigue","mean-fatigue-level","human-mean-fatigue","ai-mean-fatigue","agents-fatigued","initial-coupling-bias-variance","num-humans","num-ais"
,"3000","71","23.450170875051654","80.77077683831678","0.44872653799064877","80.77077683831678","0","0.44872653799064877","0","11.138347635281818","11.138347635281818","0","0","1026.364810682914","1026.364810682914","0","0","0.08172241569757621","0","0","0","0","0","0","0","0.0727010983575725","100","0","3000","96","18.962464989843895","80.20666343001311","0.44559257461118396","80.20666343001311","0","0.44559257461118396","0","11.368611264494609","11.368611264494609","0","0","1079.945398954155","1079.945398954155","0","0","0.08306916664317487","0","0","0","0","0","0","0","0.05841974014434525","100","0","3000","0","14.843744154307217","87.21289133218487","0.4845160629565826","87.21289133218487","0","0.4845160629565826","0","11.171989564546681","11.171989564546681","0","0","1015.276481024232","1015.276481024232","0","0","0.07436022224917993","0","0","0","0","0","0","0","0.07665065716571261","100","0","3000","281","30.230487825457615","72.38271402554847","0.4021261890308248","72.38271402554847","0","0.4021261890308248","0","11.091653618169628","11.091653618169628","0","0","990.506139648416","990.506139648416","0","0","0.07864464096352797","0","0","0","0","0","0","0","0.08577412211442598","100","0","3000","0","16.135486270172066","83.19506032624635","0.4621947795902575","83.19506032624635","0","0.4621947795902575","0","11.21921068087498","11.21921068087498","0","0","1210.7735815517765","1210.7735815517765","0","0","0.090965941234874","0","0","0","0","0","0","0","0.08849547796659829","100","0","3000","361","17.57108664082402","84.93174649530252","0.471843036085014","84.93174649530252","0","0.471843036085014","0","11.010128005559086","11.010128005559086","0","0","1027.5400952374878","1027.5400952374878","0","0","0.08245671987983316","0","0","0","0","0","0","0","0.0835014576734523","100","0","3000","0","10.316401414234463","88.00265007022125","0.4889036115012292","88.00265007022125","0","0.4889036115012292","0","11.515483849848419","11.515483849848419","0","0","1210.5589622647394","1210.5589622647394","0","0","0.09233862387183511","0","0","0","0","0","0","0","0.0788426756990144","100","0","3000","181","17.849070656481942","86.24375371630326","0.47913196509057365","86.24375371630326","0","0.47913196509057365","0","10.921581906885184","10.921581906885184","0","0","867.7744525444745","867.7744525444745","0","0","0.07427499814743865","0","0","0","0","0","0","0","0.07311562100483894","100","0","3000","0","13.807791247624976","88.73140406775487","0.49295224482086036","88.73140406775487","0","0.49295224482086036","0","11.14360417028626","11.14360417028626","0","0","1195.1697195233935","1195.1697195233935","0","0","0.08869747795942784","0","0","0","0","0","0","0","0.0852247383227514","100","0","3000","271","20.36888073001913","81.27296403468344","0.4515164668593524","81.27296403468344","0","0.4515164668593524","0","10.853862517484878","10.853862517484878","0","0","837.1032943846368","837.1032943846368","0","0","0.08174178932102127","0","0","0","0","0","0","0","0.0832510986657357","100","0","3000","46","14.786246830952933","106.60571141964623","0.5922539523313679","100.95391712402161","107.58579498518311","0.5608550951334534","0.5976988610287951","12.834545159194548","11.438541862395798","18.418558346389524","0.6210335058410271","2330.2948998495153","1231.734056268023","6724.53827417548","0.18317005659679297","0.14651843317329538","0","0","0","0","0","0","0","0.08461412550572095","80","20","3000","256","23.481195494466732","75.42124579619173","0.419006921089954","78.7258319797101","61.3356730977046","0.4373657332206116","0.34075373943169224","12.903078068020568","11.539764702904776","18.356331528483736","0.6286530990682089","1946.4471081563024","1205.2027240789312","4911.424644465791","0.24538760366342116","0.145033986527068","0","0","0","0","0","0","0","0.09336457801504225","80","20","3000","0","20.167820615757833","79.12623998292648","0.4395902221273693","82.7996024364368","66.71584004109044","0.4599977913135378","0.3706435557838358","13.002861414220947","11.411331367135762","19.368981602561682","0.5891549489430322","2041.7047774858781","1163.2679005171744","5555.452285360684","0.2093921144066941","0.15583170475316677","0","0","0","0","0","0","0","0.07733535375172644","80","20","3000","283","24.828047914753142","69.07120626691328","0.3837289237050738","68.40177262950832","70.60978351164971","0.3800098479417129","0.39227657506472063","12.372611081220326","10.934018980083858","18.126979485766224","0.6031903433591644","1964.3431824877905","897.8877067577399","6230.165085407996","0.14411940846651577","0.1432392143536878","0","0","0","0","0","0","0","0.09396886617946368","80","20","3000","539","26.85038833810161","107.00914379493686","0.5944952433052048","105.38650626325773","112.39994230982776","0.5854805903514319","0.6244441239434876","12.393812689476444","11.019936832046517","17.88931611919616","0.6160066018522391","2012.2259036835064","894.6693915010976","6482.451952413145","0.1380140413023887","0.1389060352523539","0","0","0","0","0","0","0","0.09292260784451284","80","20","3000","93","14.073655654664066","89.92799197117496","0.49959995539541646","91.45284194957945","82.1974675924837","0.5080713441643303","0.45665259773602057","13.162101905199236","11.16228005518821","21.161389305243347","0.5274833279695124","2226.302824613144","985.4118419645245","7189.86675520762","0.13705564727618783","0.16989874667403937","0","0","0","0","0","0","0","0.08817362712835168","80","20","3000","213","19.107084074641392","108.58810159318926","0.6032672310732737","108.35264524753354","109.60290906528037","0.6019591402640753","0.6089050503626687","13.211452124042394","11.686768843244732","19.310185247233036","0.605212673706449","2105.101721846546","1229.4099732703596","5607.868716151294","0.21922944981388756","0.15923924884146912","0","0","0","0","0","0","0","0.08595297991237265","80","20","3000","291","16.542542136096344","78.98535809125018","0.43880754495138985","79.93510310125775","75.8410623690814","0.4440839061180986","0.42133923538378554","12.314585569786995","11.265673213766501","16.510234993868984","0.6823448132597735","1698.525546010123","1148.0430376096724","3900.455579611923","0.29433562674335007","0.11257351489086243","0","0","0","0","0","0","0","0.10425515925288965","80","20","3000","45","17.177529463825607","90.41664777853237","0.5023147098807353","91.7799576575453","85.53747104911892","0.5098886536530294","0.4752081724951051","12.89490760651804","11.414869567538593","18.815059762435816","0.6066879250805428","2160.7099048730206","1219.178766004626","5926.8344603465985","0.20570487908199964","0.14990915693595364","0","0","0","0","0","0","0","0.07305353217014514","80","20","3000","0","13.189546784873173","88.3409885550702","0.49078326975039","87.90339497003684","89.27597094267578","0.48835219427798243","0.4959776163481988","12.781385734819441","11.312602014214153","18.656520617240606","0.6063618316783091","1944.3533262516803","1245.561216995059","4739.5217632781705","0.26280314327189525","0.1542543768308573","0","0","0","0","0","0","0","0.07911760579554818","80","20","3000","0","22.02898072403559","85.4564491207014","0.4747580506705633","88.80217687315044","82.10210356432675","0.493345427073058","0.45612279757959306","14.745459707878137","11.306544659169129","18.184374756587143","0.6217725278166868","3327.432311177933","1008.549976220314","5646.314646135553","0.17862093054105388","0.1540620341788812","0","0","0","0","0","0","0","0.07674792168861248","50","50","3000","21","25.98458579628595","64.7259531686325","0.359588628714625","73.64121405108801","54.373797771727816","0.4091178558393779","0.30207665428737673","14.107508929712754","11.347262387652288","16.867755471773215","0.672719165667358","3076.058226977845","1202.641231978204","4949.4752219774855","0.24298358473198037","0.1315134957718207","0","0","0","0","0","0","0","0.09841776612816243","50","50","3000","129","20.647516776954845","67.91407342339414","0.3773004079077452","71.65406310037861","62.47938768857717","0.3980781283354367","0.3471077093809843","14.18242212468075","11.279475506934638","17.08536874242687","0.6601833227587957","3347.57257339607","1246.1307397695182","5449.014407022621","0.22868919894275197","0.13832582211055877","0","0","0","0","0","0","0","0.07888996744743083","50","50","3000","0","13.302185368750926","94.22524811673553","0.5234736006485308","80.34756197044315","107.53810678468149","0.4463753442802397","0.5974339265815638","15.003741497194994","11.057187288868466","18.950295705521523","0.5834836279439557","3585.7197763031254","1179.435684658795","5992.003867947458","0.19683493379699815","0.17826364913521897","0","0","0","0","0","0","0","0.07691476890718432","50","50","3000","0","13.314730211242818","97.41583103239365","0.5411990612910759","107.11332437743685","87.39849809122336","0.5950740243190936","0.48554721161790754","14.627292663841388","11.063477942187708","18.191107385495062","0.6081805635983067","3564.426912731902","1031.2491553217633","6097.604670142038","0.16912364954905182","0.16256860869386358","0","0","0","0","0","0","0","0.0765240148812349","50","50","3000","12","11.139562573011347","66.95243123911325","0.371957951328407","66.43614102883532","64.28599125498235","0.36908967238241847","0.35714439586101304","14.188943456927886","11.05262714850031","17.325259765355458","0.6379487117764174","3013.9978633066326","1005.7774897683561","5022.218236844909","0.2002655882991282","0.1407373495822073","0","0","0","0","0","0","0","0.08218596714524093","50","50","3000","57","16.177436113339724","91.91386147694092","0.5106325637607829","83.36789472547123","98.44320802817958","0.4631549706970624","0.5469067112676643","14.486769256125827","11.463023247390879","17.51051526486076","0.6546365468978694","3335.353037156005","1105.179201141634","5565.526873170377","0.1985758448978746","0.14397885264625665","0","0","0","0","0","0","0","0.09191010620518555","50","50","3000","25","23.124160578939154","63.36455942153966","0.3520253301196648","70.59580825191921","54.61202741045744","0.3921989347328845","0.30340015228031914","14.267853526636975","11.17485726877738","17.360849784496573","0.6436814676408668","3192.4555618092627","1312.274950064771","5072.636173553756","0.2586968402950581","0.14996018966292035","0","0","0","0","0","0","0","0.08239907262648459","50","50","3000","6","18.172138948799287","78.47763174240076","0.43598684301333757","80.28959530187836","75.85348133608053","0.44605330723265757","0.4214082296448919","14.934331052131492","11.622135545514316","18.24652655874866","0.6369505729265417","3482.100606579517","1430.6764872153203","5533.524725943713","0.25854704877483425","0.15545312744775708","0","0","0","0","0","0","0","0.0892172221272005","50","50","3000","37","15.881268775704513","87.49119427818913","0.48606219043438403","76.3928891918245","93.50830181629722","0.4244049399545805","0.5194905656460956","15.201470391079607","11.327083527202545","19.07585725495665","0.5937915856577994","3405.6833007011287","1250.5194786861102","5560.847122716143","0.22487931264603916","0.1819805734978035","0","0","0","0","0","0","0","0.08939537856088528","50","50","3000","183","28.772837810938626","66.73029262493918","0.3707238479163288","59.29772101248189","66.38539176070034","0.32943178340267715","0.3688077320038908","15.845582482542314","10.546370609219313","16.434383801800426","0.6417259531242013","5500.253012104177","1098.9663041438562","5989.284868544215","0.18348873501002405","0.06387963340635827","0","0","0","0","0","0","0","0.09094886864733975","10","90","3000","436","35.58250352975661","67.61614846166272","0.3756452692314595","72.44852668414612","66.54669165279225","0.4024918149119229","0.36970384251551247","16.291146639169693","11.872100023524585","16.78215181868581","0.7074241820590486","5318.251765356105","1416.5081811546413","5751.778830267378","0.24627306142242492","0.06275518610237474","0","0","0","0","0","0","0","0.09232585907393841","10","90","3000","450","28.40087734431586","88.35520136060688","0.49086222978114935","57.97745327456549","91.50517177957829","0.32209696263647497","0.5083620654421016","16.478824061870117","11.133468076295532","17.072752504711747","0.652119104592122","5067.108090325454","869.6561483077136","5533.491639438536","0.15716227745054553","0.07966819559529958","0","0","0","0","0","0","0","0.09133412541404035","10","90","3000","18","23.65389064996863","78.45774460695132","0.43587635892750737","78.70007096492878","78.48205514247365","0.4372226164718266","0.43601141745818695","18.260836781204727","11.16512994279303","19.04924865213935","0.5861191770174683","5523.936959553076","971.8020506118162","6029.7297272132155","0.16116842621086397","0.12043990651152048","0","0","0","0","0","0","0","0.07396760303471528","10","90","3000","0","13.671571710023002","61.05248324479502","0.33918046247108347","81.97449372530409","58.708252284746415","0.45541385402946716","0.3261569571374801","16.239267767353656","10.86167529628808","16.836778041916492","0.6451160233417035","5908.772566462533","1357.3621773417353","6414.484831920396","0.21160891527673356","0.0681472744687972","0","0","0","0","0","0","0","0.07319393649702415","10","90","3000","63","15.06687132590865","95.58498373489856","0.5310276874161031","94.42718814964769","95.297182287435","0.5245954897202649","0.5294287904857501","16.835117530181268","12.155693042667242","17.35505358434949","0.7004123025946201","5805.153690574317","1383.9967004148734","6296.393356147591","0.21980785223076718","0.08516239445775642","0","0","0","0","0","0","0","0.0762924604035717","10","90","3000","15","26.5925382271639","62.721590978362684","0.348453283213126","75.75298646505134","61.42001430052374","0.42084992480584077","0.34122230166957634","16.06506542896352","10.962537215888476","16.632013008194082","0.6591226937164835","5540.220578991539","993.5162101933214","6045.40995330245","0.16434223946228646","0.0675550601984094","0","0","0","0","0","0","0","0.08408375953645769","10","90","3000","157","37.01884675017456","93.05743114178279","0.5169857285654599","73.94599187901737","95.44711211241514","0.4108110659945409","0.5302617339578619","17.98190517197639","10.819344017447808","18.77774530025734","0.5761790803126685","5071.999633633111","1088.2317914953446","5514.640504981753","0.19733503761709764","0.12249436917017986","0","0","0","0","0","0","0","0.1004454736261394","10","90","3000","102","12.167341738204144","68.35905948356532","0.379772552686474","66.5403614856643","68.5126877371681","0.36966867492035727","0.38062604298426717","16.168079631530162","11.209362008067126","16.71904825635939","0.6704545519690958","4784.615539156275","1082.2763340369816","5195.9865619473085","0.20829082622403378","0.06697663396268716","0","0","0","0","0","0","0","0.08341233541860543","10","90","3000","311","27.506633492806117","101.56216169612907","0.5642342316451615","48.64066011870075","107.47722255510429","0.2702258895483375","0.5970956808616905","16.72253900469715","12.61750770344662","17.17865359372499","0.7344875798680484","4657.80231900218","2230.5260191386665","4927.499685653681","0.45266893179776324","0.0779527750424025","0","0","0","0","0","0","0","0.08125393905589928","10","90","3000","0","13.332731978088944","22.94183336044632","0.12745462978025734","22.94183336044632","0","0.12745462978025734","0","10.47680839646588","10.47680839646588","0","0","930.746312609553","930.746312609553","0","0","0.052972282883793964","0","0","0","0","0","0","0","0.08034141756709866","100","0","3000","0","17.336695152723195","27.388859224593784","0.152160329025521","27.388859224593784","0","0.152160329025521","0","10.534152261289519","10.534152261289519","0","0","815.965164231575","815.965164231575","0","0","0.05611614632867834","0","0","0","0","0","0","0","0.08153168346835872","100","0","3000","-1","71.60960468359265","35.8241959214038","0.19902331067446555","35.8241959214038","0","0.19902331067446555","0","2881.594848026862","2881.594848026862","0","0","794.1428060466964","794.1428060466964","0","0","0.02329438645382842","1","1","0","1","1","0","100","0.07948869692623814","100","0","3000","686","40.858269911456176","30.627816912803905","0.17015453840446615","30.627816912803905","0","0.17015453840446615","0","10.443397243870333","10.443397243870333","0","0","890.1485131446537","890.1485131446537","0","0","0.056164120298383136","0","0","0","0","0","0","0","0.08107756871217763","100","0","3000","-1","106.88935967987015","133.17316867409227","0.7398509370782904","133.17316867409227","0","0.7398509370782904","0","2900.953608751665","2900.953608751665","0","0","735.2928028924771","735.2928028924771","0","0","0.023294297337637104","1","1","0","1","1","0","100","0.08852424820041566","100","0","3000","-1","75.24654491401081","31.71470819744299","0.17619282331912772","31.71470819744299","0","0.17619282331912772","0","2884.167888907557","2884.167888907557","0","0","709.6166905250087","709.6166905250087","0","0","0.024873212069282058","1","1","0","1","1","0","100","0.08642958817023953","100","0","3000","701","47.35408647043709","48.64612354577267","0.27025624192095926","48.64612354577267","0","0.27025624192095926","0","10.623020080832985","10.623020080832985","0","0","988.0384615008575","988.0384615008575","0","0","0.07170035722442547","0","0","0","0","0","0","0","0.07676611247051122","100","0","3000","786","44.373541692438764","25.294215618408202","0.1405234201022678","25.294215618408202","0","0.1405234201022678","0","10.529768967268117","10.529768967268117","0","0","837.370306905257","837.370306905257","0","0","0.05856001922568144","0","0","0","0","0","0","0","0.0853808035994872","100","0","3000","606","50.4591657964679","28.372717498927837","0.15762620832737687","28.372717498927837","0","0.15762620832737687","0","10.452565601362641","10.452565601362641","0","0","800.0395768363197","800.0395768363197","0","0","0.05847064396248003","0","0","0","0","0","0","0","0.08321400244059249","100","0","3000","-1","101.06585632373631","105.91536133509618","0.5884186740838676","105.91536133509618","0","0.5884186740838676","0","2900.5514973487407","2900.5514973487407","0","0","786.8886697917151","786.8886697917151","0","0","0.022836658310548374","1","1","0","1","1","0","100","0.07725551466413892","100","0","3000","531","57.26236834975942","20.702121623909132","0.11501178679949518","23.996287355561492","6.401758704219866","0.1333127075308972","0.035565326134554806","11.51728114261077","10.407931263706812","15.95468065822659","0.6523434399384389","981.704453879329","817.5052086722708","1638.5014347075617","0.498934692002988","0.11146123157414789","0","0","0","0","0","0","0","0.06787044534898388","80","20","3000","506","57.11875390821657","28.38345005662441","0.1576858336479134","31.696414741805665","15.690549347464563","0.17609119301003148","0.08716971859702535","11.550603292191997","10.47891464683158","15.837357873633692","0.6616580070010957","923.1477700624625","835.8033337719256","1272.5255152246111","0.65680673886087","0.11138440322316234","0","0","0","0","0","0","0","0.09217652886873683","80","20","3000","781","73.38439867723437","26.516003024226414","0.14731112791236897","30.758834169231925","9.478842636178781","0.17088241205128846","0.052660236867659894","11.533244194476952","10.362936898082031","16.214473380056624","0.6391164643575887","937.4991057740241","775.9452778128514","1583.7144176187153","0.48995277758446387","0.11304911901070991","0","0","0","0","0","0","0","0.07867137181680617","80","20","3000","366","51.70559804521952","20.56501556070109","0.1142500864483394","23.489984543937084","8.930680726458082","0.13049991413298379","0.049614892924767125","11.397005160710142","10.304828885270046","15.76571026247053","0.6536228760844458","875.0715052164305","742.7870017086956","1404.20951924737","0.5289716324575376","0.10966936099570224","0","0","0","0","0","0","0","0.09574140612838196","80","20","3000","521","58.039386227873905","30.152858528081296","0.16751588071156276","34.96476969513934","7.6403386748236475","0.19424872052855188","0.04244632597124249","11.666035513790812","10.595047904206618","15.949985952127625","0.6642669113318752","987.6756388576389","831.0904654485505","1614.0163324939906","0.5149207283202288","0.11026825324647516","0","0","0","0","0","0","0","0.08726202094436654","80","20","3000","481","52.60940913947363","24.201121838777564","0.13445067688209758","28.017725485506965","9.134739333072423","0.1556540304750387","0.05074855185040235","11.64246403811771","10.560949890898108","15.968520626996135","0.6613605691840938","989.4893216515705","845.200785883742","1566.6434647228855","0.5394978531591069","0.10802599311744077","0","0","0","0","0","0","0","0.0879692407729807","80","20","3000","341","57.980567415429064","19.908941412565607","0.11060523006980892","21.92813572403465","10.476362466088869","0.12182297624463695","0.058202013700493715","11.597761521761454","10.508725628230595","15.953905095884888","0.6586930011850946","901.249083734144","772.395420848695","1416.6637352759399","0.5452214252511002","0.10595497871926707","0","0","0","0","0","0","0","0.08529441524121723","80","20","3000","-1","119.71121981028742","23.469392551549603","0.13038551417527558","23.373991966185717","20.07464384173929","0.12985551092325398","0.11152579912077384","2913.912731547164","2888.4741185096136","3015.667183697368","0.9578225787396705","819.9117759809596","721.579104103521","1213.2424634907136","0.5947525954765955","0.024187860874075318","1","1","1","1","1","1","100","0.08850887283551954","80","20","3000","301","53.266454752673894","17.698119669194426","0.09832288705108015","21.02320795423337","4.28997612452494","0.11679559974574096","0.023833200691805223","11.499380030902298","10.39689614581365","15.909315571256865","0.6535099576877824","932.4620265834341","813.2802687608253","1409.1890578738683","0.5771264431955441","0.11108563569651819","0","0","0","0","0","0","0","0.08277473971829313","80","20","3000","-1","116.1229188767511","98.49923369946731","0.5472179649970406","108.20743011152967","54","0.6011523895084981","0.3","2920.9171709294565","2880.7179357489335","3081.7141116515536","0.9347777994257543","715.3286571401943","658.30087213766","943.4397971503328","0.697766698125374","0.027402137199777687","1","1","1","1","1","1","100","0.09014978902579504","80","20","3000","291","67.65908448192852","19.636057255840264","0.10908920697689035","33.43112976722979","5.106504521166671","0.18572849870683217","0.02836946956203706","13.16438672783971","10.230317121776366","16.098456333903062","0.6354843538775518","1035.0279264583132","655.3163019406217","1414.739550976005","0.4632063205475029","0.1289514957531266","0","0","0","0","0","0","0","0.08060328065019641","50","50","3000","-1","129.22474071934155","63.89684498291902","0.3549824721273279","97.06800984479224","22.53116187489687","0.5392667213599569","0.12517312152720483","2937.4210570240602","2869.5527509739577","3005.2893630741623","0.9548340955889325","872.9598405251324","601.4364811604396","1144.483199889826","0.5255092265385258","0.02843361172969172","1","1","1","1","1","1","100","0.07966578882810658","50","50","3000","286","55.04263366354704","20.366332260365517","0.11314629033536398","32.9237979195698","6.811724245150745","0.18290998844205444","0.037842912473059695","13.226660204387398","10.474505230929601","15.978815177845188","0.6555245250882323","1028.2673203580607","817.6466161507279","1238.8880245653927","0.659984276171821","0.125251956998377","0","0","0","0","0","0","0","0.0788500123322014","50","50","3000","284","56.82944405231702","19.72300518519398","0.10957225102885544","29.686099841058304","9.792447896218045","0.16492277689476836","0.05440248831232247","13.130233996200703","10.307271043030967","15.953196949370458","0.6460943894657873","994.2691891744104","628.0795728216035","1360.4588055272177","0.46166746855536295","0.125073876771568","0","0","0","0","0","0","0","0.07499286141597176","50","50","3000","387","51.89508158911696","29.5276406412873","0.16404244800715165","51.77912050582934","10.726526073793456","0.2876617805879408","0.05959181152107476","13.218106271791989","10.510404815151306","15.925807728432686","0.6599605492151494","1050.7297872821014","688.7072931167651","1412.7522814474366","0.48749331511335414","0.11954394877798147","0","0","0","0","0","0","0","0.08410980138936651","50","50","3000","591","60.24866115109556","21.573458639493534","0.1198525479971863","33.01267578786197","9.857062844285958","0.18340375437701095","0.054761460246033095","12.912610656126798","10.057178134972276","15.768043177281323","0.6378203066733549","1039.0412409843693","752.0497330999668","1326.032748868771","0.5671426544642544","0.12857489279958156","0","0","0","0","0","0","0","0.08421988130379263","50","50","3000","350","65.3313259169748","13.048012639083773","0.07248895910602096","15.353506279796225","11.908133332702869","0.08529725710997903","0.06615629629279372","13.022048438057878","10.288579539834114","15.755517336281633","0.6530143898316615","982.279139779311","720.293007987541","1244.2652715710815","0.5788902289927752","0.12045908998878896","0","0","0","0","0","0","0","0.07811775495856986","50","50","3000","366","56.81154477276017","18.893821960423523","0.10496567755790846","26.4463794690928","11.625353547316186","0.1469243303838489","0.06458529748508993","13.197081559270185","10.47937271533995","15.914790403200405","0.6584675292508149","1101.6730386301629","806.2776725899438","1397.068404670382","0.5771211129638087","0.12005418249196853","0","0","0","0","0","0","0","0.07046985017310152","50","50","3000","732","71.30839680144429","57.59999999999998","0.3199999999999999","86.39999999999996","28.82713134899358","0.4799999999999998","0.160150729716631","13.062637059460974","10.340678609663701","15.78459550925824","0.655112042852065","962.5796854419357","739.4049118192416","1185.7544590646294","0.6235733765677874","0.12285716480582698","0","0","0","0","0","0","0","0.08566274908345799","50","50","3000","513","56.583565267394974","15.71134119095312","0.08728522883862845","20.86430957377415","9.384020792770968","0.11591283096541195","0.0521334488487276","13.137839185311277","10.373385825048024","15.902292545574538","0.6523201478855224","1049.5325630316793","779.3160588075636","1319.749067255794","0.5905032086349766","0.12285983082412866","0","0","0","0","0","0","0","0.08010287315564654","50","50","3000","196","53.93588306555782","9.481159983244345","0.05267311101802414","11.923018175816718","9.142734512952199","0.06623898986564844","0.0507929695164011","15.357719976763487","10.65768084236163","15.879946547252578","0.6711408511765765","1118.1573566182058","676.4670286816303","1167.2340597222699","0.5795470266199978","0.05129931099856022","0","0","0","0","0","0","0","0.08783117257559599","10","90","3000","240","48.78093019982501","10.544397287151444","0.058579984928619135","16.48379959262662","9.856026455308077","0.09157666440348122","0.05475570252948932","15.379465199789058","10.897629966359553","15.877446892392335","0.6863590878443526","1248.2776055966406","740.921913712895","1304.65046025039","0.5679083680165924","0.05290534314098139","0","0","0","0","0","0","0","0.09971575725877735","10","90","3000","225","114.15263198519159","12.411583734281336","0.06895324296822965","71.99999999999999","8.058856142239504","0.3999999999999999","0.04477142301244169","15.369307026070123","10.607316957113557","15.898417033731963","0.6671932768279898","1140.3328612650812","431.54448235558067","1219.087125588359","0.3539898611818311","0.04987514922588554","0","0","0","0","0","0","0","0.0788887636175024","10","90","3000","68","73.96185919001655","9.098159479668197","0.050545330442601094","18.820665532238756","7.989263454002667","0.10455925295688198","0.04438479696668148","15.25038103272238","10.576303579661934","15.769722971951325","0.6706714885526766","1119.6012092963058","564.939931989251","1181.2302401082009","0.4782640274579345","0.05379651286760634","0","0","0","0","0","0","0","0.0798024849503903","10","90","3000","-1","119.14523892878678","36.53877881294183","0.2029932156274546","108","28.835297742731246","0.6","0.16019609857072914","2973.1612421028344","2884.831205914988","2982.9756905681525","0.9670984631341493","982.120589023621","584.3171577901128","1026.3209702717886","0.5693317926022448","0.026102005554087926","1","1","1","1","1","1","100","0.07895623284250855","10","90","3000","208","53.30352864196273","9.9415737970799","0.05523096553933278","27.626479629340906","7.895639986417591","0.15348044238522726","0.04386466659120884","15.389963541219077","10.344007093319073","15.950625368763529","0.648501663989675","1209.8281666380985","511.2993926556957","1287.4424748583658","0.3971434861289199","0.051633922721747716","0","0","0","0","0","0","0","0.07852661967339537","10","90","3000","281","52.00895954908157","10.307483829340372","0.057263799051890954","29.072696524788533","8.19947169499208","0.16151498069326964","0.04555262052773378","15.324792781677543","10.588395579339506","15.851059137492891","0.6679929389888226","1094.7919976475164","733.6887499988306","1134.9145807195932","0.6464704590662981","0.0488971712392503","0","0","0","0","0","0","0","0.08063826880915705","10","90","3000","17","52.04326648252443","9.219558369369993","0.051219768718722185","28.461670309433394","6.4447007282658815","0.1581203906079633","0.035803892934810455","15.145814640577816","10.113645283637608","15.704944569126726","0.6439784132393139","1121.00484898967","702.3401392250546","1167.5231500746268","0.6015642081102731","0.054907043600718186","0","0","0","0","0","0","0","0.07338834096684728","10","90","3000","90","87.69766608973802","11.618678825227256","0.06454821569570698","71.99999999999999","8.301117097532815","0.3999999999999999","0.04611731720851564","15.281307270471748","10.158283091913251","15.850532179200465","0.6408796232875543","1142.942765471335","608.4435769242504","1202.331564198789","0.5060530680900037","0.05370928658152985","0","0","0","0","0","0","0","0.08394521418727963","10","90","3000","121","56.604096215280094","8.29381967238063","0.046076775957670166","30.105720797348773","5.86080869740333","0.1672540044297154","0.03256004831890739","15.299783864614508","10.42695309424658","15.841209505766498","0.658216980872008","1158.719882852423","622.9427703306585","1218.2506731326189","0.5113420284257416","0.05139555694210873","0","0","0","0","0","0","0","0.08554762725300745","10","90"
